# Blender 5.2.0 LTS
# www.blender.org
mtllib hande_finger_visual.mtl
o Finger.001
v 0.011764 -0.014250 0.126699
v 0.011764 -0.014250 0.126699
v 0.011807 -0.014574 0.126699
v 0.011807 -0.014574 0.126699
v 0.011931 -0.014875 0.126699
v 0.011931 -0.014875 0.126699
v 0.012130 -0.015134 0.126699
v 0.012130 -0.015134 0.126699
v 0.012389 -0.015333 0.126699
v 0.012389 -0.015333 0.126699
v 0.012690 -0.015457 0.126699
v 0.012690 -0.015457 0.126699
v 0.013014 -0.015500 0.126699
v 0.013014 -0.015500 0.126699
v 0.013337 -0.015457 0.126699
v 0.013337 -0.015457 0.126699
v 0.013639 -0.015333 0.126699
v 0.013639 -0.015333 0.126699
v 0.013898 -0.015134 0.126699
v 0.013898 -0.015134 0.126699
v 0.014096 -0.014875 0.126699
v 0.014096 -0.014875 0.126699
v 0.014221 -0.014574 0.126699
v 0.014221 -0.014574 0.126699
v 0.014264 -0.014250 0.126699
v 0.014264 -0.014250 0.126699
v 0.014221 -0.013927 0.126699
v 0.014221 -0.013927 0.126699
v 0.014096 -0.013625 0.126699
v 0.014096 -0.013625 0.126699
v 0.013898 -0.013366 0.126699
v 0.013898 -0.013366 0.126699
v 0.013639 -0.013168 0.126699
v 0.013639 -0.013168 0.126699
v 0.013337 -0.013043 0.126699
v 0.013337 -0.013043 0.126699
v 0.013014 -0.013000 0.126699
v 0.013014 -0.013000 0.126699
v 0.012690 -0.013043 0.126699
v 0.012690 -0.013043 0.126699
v 0.012389 -0.013168 0.126699
v 0.012389 -0.013168 0.126699
v 0.012130 -0.013366 0.126699
v 0.012130 -0.013366 0.126699
v 0.011931 -0.013625 0.126699
v 0.011931 -0.013625 0.126699
v 0.011807 -0.013927 0.126699
v 0.011807 -0.013927 0.126699
v 0.011764 -0.014250 0.119199
v 0.011764 -0.014250 0.119199
v 0.011807 -0.013927 0.119199
v 0.011807 -0.013927 0.119199
v 0.011931 -0.013625 0.119199
v 0.011931 -0.013625 0.119199
v 0.012130 -0.013366 0.119199
v 0.012130 -0.013366 0.119199
v 0.012389 -0.013168 0.119199
v 0.012389 -0.013168 0.119199
v 0.012690 -0.013043 0.119199
v 0.012690 -0.013043 0.119199
v 0.013014 -0.013000 0.119199
v 0.013014 -0.013000 0.119199
v 0.013337 -0.013043 0.119199
v 0.013337 -0.013043 0.119199
v 0.013639 -0.013168 0.119199
v 0.013639 -0.013168 0.119199
v 0.013898 -0.013366 0.119199
v 0.013898 -0.013366 0.119199
v 0.014096 -0.013625 0.119199
v 0.014096 -0.013625 0.119199
v 0.014221 -0.013927 0.119199
v 0.014221 -0.013927 0.119199
v 0.014264 -0.014250 0.119199
v 0.014264 -0.014250 0.119199
v 0.014221 -0.014574 0.119199
v 0.014221 -0.014574 0.119199
v 0.014096 -0.014875 0.119199
v 0.014096 -0.014875 0.119199
v 0.013898 -0.015134 0.119199
v 0.013898 -0.015134 0.119199
v 0.013639 -0.015333 0.119199
v 0.013639 -0.015333 0.119199
v 0.013337 -0.015457 0.119199
v 0.013337 -0.015457 0.119199
v 0.013014 -0.015500 0.119199
v 0.013014 -0.015500 0.119199
v 0.012690 -0.015457 0.119199
v 0.012690 -0.015457 0.119199
v 0.012389 -0.015333 0.119199
v 0.012389 -0.015333 0.119199
v 0.012130 -0.015134 0.119199
v 0.012130 -0.015134 0.119199
v 0.011931 -0.014875 0.119199
v 0.011931 -0.014875 0.119199
v 0.011807 -0.014574 0.119199
v 0.011807 -0.014574 0.119199
v 0.016514 -0.014250 0.126449
v 0.016514 -0.014250 0.126449
v 0.016548 -0.014509 0.126449
v 0.016548 -0.014509 0.126449
v 0.016648 -0.014750 0.126449
v 0.016648 -0.014750 0.126449
v 0.016807 -0.014957 0.126449
v 0.016807 -0.014957 0.126449
v 0.017014 -0.015116 0.126449
v 0.017014 -0.015116 0.126449
v 0.017255 -0.015216 0.126449
v 0.017255 -0.015216 0.126449
v 0.017514 -0.015250 0.126449
v 0.017514 -0.015250 0.126449
v 0.017773 -0.015216 0.126449
v 0.017773 -0.015216 0.126449
v 0.018014 -0.015116 0.126449
v 0.018014 -0.015116 0.126449
v 0.018221 -0.014957 0.126449
v 0.018221 -0.014957 0.126449
v 0.018380 -0.014750 0.126449
v 0.018380 -0.014750 0.126449
v 0.018480 -0.014509 0.126449
v 0.018480 -0.014509 0.126449
v 0.018514 -0.014250 0.126449
v 0.018514 -0.014250 0.126449
v 0.018480 -0.013991 0.126449
v 0.018480 -0.013991 0.126449
v 0.018380 -0.013750 0.126449
v 0.018380 -0.013750 0.126449
v 0.018221 -0.013543 0.126449
v 0.018221 -0.013543 0.126449
v 0.018014 -0.013384 0.126449
v 0.018014 -0.013384 0.126449
v 0.017773 -0.013284 0.126449
v 0.017773 -0.013284 0.126449
v 0.017514 -0.013250 0.126449
v 0.017514 -0.013250 0.126449
v 0.017255 -0.013284 0.126449
v 0.017255 -0.013284 0.126449
v 0.017014 -0.013384 0.126449
v 0.017014 -0.013384 0.126449
v 0.016807 -0.013543 0.126449
v 0.016807 -0.013543 0.126449
v 0.016648 -0.013750 0.126449
v 0.016648 -0.013750 0.126449
v 0.016548 -0.013991 0.126449
v 0.016548 -0.013991 0.126449
v 0.016514 -0.014250 0.122699
v 0.016514 -0.014250 0.122699
v 0.016548 -0.013991 0.122699
v 0.016548 -0.013991 0.122699
v 0.016648 -0.013750 0.122699
v 0.016648 -0.013750 0.122699
v 0.016807 -0.013543 0.122699
v 0.016807 -0.013543 0.122699
v 0.017014 -0.013384 0.122699
v 0.017014 -0.013384 0.122699
v 0.017255 -0.013284 0.122699
v 0.017255 -0.013284 0.122699
v 0.017514 -0.013250 0.122699
v 0.017514 -0.013250 0.122699
v 0.017773 -0.013284 0.122699
v 0.017773 -0.013284 0.122699
v 0.018014 -0.013384 0.122699
v 0.018014 -0.013384 0.122699
v 0.018221 -0.013543 0.122699
v 0.018221 -0.013543 0.122699
v 0.018380 -0.013750 0.122699
v 0.018380 -0.013750 0.122699
v 0.018480 -0.013991 0.122699
v 0.018480 -0.013991 0.122699
v 0.018514 -0.014250 0.122699
v 0.018514 -0.014250 0.122699
v 0.018480 -0.014509 0.122699
v 0.018480 -0.014509 0.122699
v 0.018380 -0.014750 0.122699
v 0.018380 -0.014750 0.122699
v 0.018221 -0.014957 0.122699
v 0.018221 -0.014957 0.122699
v 0.018014 -0.015116 0.122699
v 0.018014 -0.015116 0.122699
v 0.017773 -0.015216 0.122699
v 0.017773 -0.015216 0.122699
v 0.017514 -0.015250 0.122699
v 0.017514 -0.015250 0.122699
v 0.017255 -0.015216 0.122699
v 0.017255 -0.015216 0.122699
v 0.017014 -0.015116 0.122699
v 0.017014 -0.015116 0.122699
v 0.016807 -0.014957 0.122699
v 0.016807 -0.014957 0.122699
v 0.016648 -0.014750 0.122699
v 0.016648 -0.014750 0.122699
v 0.016548 -0.014509 0.122699
v 0.016548 -0.014509 0.122699
v 0.018762 -0.014173 0.126699
v 0.018762 -0.014173 0.126699
v 0.018762 -0.014173 0.126699
v 0.018762 -0.014173 0.126699
v 0.018700 -0.013856 0.126699
v 0.018700 -0.013856 0.126699
v 0.018559 -0.013565 0.126699
v 0.018559 -0.013565 0.126699
v 0.018348 -0.013319 0.126699
v 0.018348 -0.013319 0.126699
v 0.018082 -0.013136 0.126699
v 0.018082 -0.013136 0.126699
v 0.017777 -0.013028 0.126699
v 0.017777 -0.013028 0.126699
v 0.017455 -0.013001 0.126699
v 0.017455 -0.013001 0.126699
v 0.017136 -0.013059 0.126699
v 0.017136 -0.013059 0.126699
v 0.016843 -0.013195 0.126699
v 0.016843 -0.013195 0.126699
v 0.016595 -0.013403 0.126699
v 0.016595 -0.013403 0.126699
v 0.016408 -0.013667 0.126699
v 0.016408 -0.013667 0.126699
v 0.016296 -0.013970 0.126699
v 0.016296 -0.013970 0.126699
v 0.016265 -0.014292 0.126699
v 0.016265 -0.014292 0.126699
v 0.016317 -0.014611 0.126699
v 0.016317 -0.014611 0.126699
v 0.016450 -0.014906 0.126699
v 0.016450 -0.014906 0.126699
v 0.016654 -0.015157 0.126699
v 0.016654 -0.015157 0.126699
v 0.016915 -0.015347 0.126699
v 0.016915 -0.015347 0.126699
v 0.017217 -0.015464 0.126699
v 0.017217 -0.015464 0.126699
v 0.017538 -0.015500 0.126699
v 0.017538 -0.015500 0.126699
v 0.017858 -0.015452 0.126699
v 0.017858 -0.015452 0.126699
v 0.018155 -0.015323 0.126699
v 0.018155 -0.015323 0.126699
v 0.018409 -0.015123 0.126699
v 0.018409 -0.015123 0.126699
v 0.018409 -0.015123 0.126699
v 0.018409 -0.015123 0.126699
v 0.018570 -0.014918 0.126699
v 0.018570 -0.014918 0.126699
v 0.018686 -0.014685 0.126699
v 0.018686 -0.014685 0.126699
v 0.018750 -0.014433 0.126699
v 0.018750 -0.014433 0.126699
v 0.032939 -0.017550 0.125699
v 0.032939 -0.017550 0.125699
v 0.032939 -0.017550 0.125699
v 0.032959 -0.017502 0.125747
v 0.032959 -0.017502 0.125747
v 0.032966 -0.017450 0.125799
v 0.032966 -0.017450 0.125799
v 0.032959 -0.017398 0.125851
v 0.032959 -0.017398 0.125851
v 0.032939 -0.017350 0.125899
v 0.032939 -0.017350 0.125899
v 0.032908 -0.017309 0.125940
v 0.032908 -0.017309 0.125940
v 0.032888 -0.017291 0.125958
v 0.032888 -0.017291 0.125958
v 0.032866 -0.017277 0.125972
v 0.032866 -0.017277 0.125972
v 0.032843 -0.017265 0.125984
v 0.032843 -0.017265 0.125984
v 0.032818 -0.017257 0.125992
v 0.032818 -0.017257 0.125992
v 0.032792 -0.017252 0.125997
v 0.032792 -0.017252 0.125997
v 0.032766 -0.017250 0.125999
v 0.032766 -0.017250 0.125999
v 0.032766 -0.017250 0.126699
v 0.032766 -0.017250 0.126699
v 0.032813 -0.017256 0.126699
v 0.032813 -0.017256 0.126699
v 0.032857 -0.017272 0.126699
v 0.032857 -0.017272 0.126699
v 0.032896 -0.017298 0.126699
v 0.032896 -0.017298 0.126699
v 0.032928 -0.017332 0.126699
v 0.032928 -0.017332 0.126699
v 0.032951 -0.017373 0.126699
v 0.032951 -0.017373 0.126699
v 0.032964 -0.017419 0.126699
v 0.032964 -0.017419 0.126699
v 0.032966 -0.017466 0.126699
v 0.032966 -0.017466 0.126699
v 0.032957 -0.017512 0.126699
v 0.032957 -0.017512 0.126699
v 0.032937 -0.017554 0.126699
v 0.032937 -0.017554 0.126699
v 0.032937 -0.017554 0.125699
v 0.032937 -0.017554 0.125699
v 0.032938 -0.017553 0.125699
v 0.032938 -0.017553 0.125699
v 0.032939 -0.017552 0.125699
v 0.032939 -0.017552 0.125699
v 0.022716 -0.009510 0.133699
v 0.022716 -0.009510 0.133699
v 0.022593 -0.009495 0.133699
v 0.022593 -0.009495 0.133699
v 0.022477 -0.009449 0.133699
v 0.022477 -0.009449 0.133699
v 0.022376 -0.009377 0.133699
v 0.022376 -0.009377 0.133699
v 0.022296 -0.009282 0.133699
v 0.022296 -0.009282 0.133699
v 0.022242 -0.009170 0.133699
v 0.022242 -0.009170 0.133699
v 0.022217 -0.009049 0.133699
v 0.022217 -0.009049 0.133699
v 0.022223 -0.008925 0.133699
v 0.022223 -0.008925 0.133699
v 0.022259 -0.008806 0.133699
v 0.022259 -0.008806 0.133699
v 0.021347 -0.008397 0.132699
v 0.021347 -0.008397 0.132699
v 0.021238 -0.008754 0.132699
v 0.021238 -0.008754 0.132699
v 0.021220 -0.009126 0.132699
v 0.021220 -0.009126 0.132699
v 0.021295 -0.009490 0.132699
v 0.021295 -0.009490 0.132699
v 0.021457 -0.009826 0.132699
v 0.021457 -0.009826 0.132699
v 0.021697 -0.010111 0.132699
v 0.021697 -0.010111 0.132699
v 0.021999 -0.010328 0.132699
v 0.021999 -0.010328 0.132699
v 0.022346 -0.010464 0.132699
v 0.022346 -0.010464 0.132699
v 0.022716 -0.010510 0.132699
v 0.022716 -0.010510 0.132699
v 0.021347 -0.008397 0.130499
v 0.021347 -0.008397 0.130499
v 0.021238 -0.008754 0.130499
v 0.021238 -0.008754 0.130499
v 0.021220 -0.009126 0.130499
v 0.021220 -0.009126 0.130499
v 0.021295 -0.009490 0.130499
v 0.021295 -0.009490 0.130499
v 0.021457 -0.009826 0.130499
v 0.021457 -0.009826 0.130499
v 0.021697 -0.010111 0.130499
v 0.021697 -0.010111 0.130499
v 0.021999 -0.010328 0.130499
v 0.021999 -0.010328 0.130499
v 0.022346 -0.010464 0.130499
v 0.022346 -0.010464 0.130499
v 0.022716 -0.010510 0.130499
v 0.022716 -0.010510 0.130499
v 0.034494 -0.013996 0.121199
v 0.034494 -0.013996 0.121199
v 0.034611 -0.013579 0.121199
v 0.034611 -0.013579 0.121199
v 0.034636 -0.013147 0.121199
v 0.034636 -0.013147 0.121199
v 0.034567 -0.012719 0.121199
v 0.034567 -0.012719 0.121199
v 0.034407 -0.012316 0.121199
v 0.034407 -0.012316 0.121199
v 0.034165 -0.011957 0.121199
v 0.034165 -0.011957 0.121199
v 0.033851 -0.011659 0.121199
v 0.033851 -0.011659 0.121199
v 0.033480 -0.011436 0.121199
v 0.033480 -0.011436 0.121199
v 0.033069 -0.011297 0.121199
v 0.033069 -0.011297 0.121199
v 0.032639 -0.011250 0.121199
v 0.032639 -0.011250 0.121199
v 0.032639 -0.011250 0.125999
v 0.032639 -0.011250 0.125999
v 0.032639 -0.011250 0.125999
v 0.032639 -0.011250 0.126699
v 0.032639 -0.011250 0.126699
v 0.032639 -0.011250 0.126699
v 0.033069 -0.011297 0.126699
v 0.033069 -0.011297 0.126699
v 0.033480 -0.011436 0.126699
v 0.033480 -0.011436 0.126699
v 0.033851 -0.011659 0.126699
v 0.033851 -0.011659 0.126699
v 0.034165 -0.011957 0.126699
v 0.034165 -0.011957 0.126699
v 0.034407 -0.012316 0.126699
v 0.034407 -0.012316 0.126699
v 0.034567 -0.012719 0.126699
v 0.034567 -0.012719 0.126699
v 0.034636 -0.013147 0.126699
v 0.034636 -0.013147 0.126699
v 0.034611 -0.013579 0.126699
v 0.034611 -0.013579 0.126699
v 0.034494 -0.013996 0.126699
v 0.034494 -0.013996 0.126699
v -0.007648 -0.011250 0.113199
v -0.007648 -0.011250 0.113199
v -0.007648 -0.011250 0.113199
v -0.007859 -0.010554 0.113199
v -0.007859 -0.010554 0.113199
v -0.008057 -0.009854 0.113199
v -0.008057 -0.009854 0.113199
v -0.008241 -0.009150 0.113199
v -0.008241 -0.009150 0.113199
v -0.008241 -0.009150 0.113199
v 0.036069 -0.009150 0.113199
v 0.036069 -0.009150 0.113199
v 0.035885 -0.009854 0.113199
v 0.035885 -0.009854 0.113199
v 0.035687 -0.010554 0.113199
v 0.035687 -0.010554 0.113199
v 0.035476 -0.011250 0.113199
v 0.035476 -0.011250 0.113199
v 0.035476 -0.011250 0.113199
v 0.033002 -0.017250 0.113199
v 0.033002 -0.017250 0.113199
v 0.033002 -0.017250 0.113199
v 0.032799 -0.017637 0.113199
v 0.032799 -0.017637 0.113199
v 0.032592 -0.018021 0.113199
v 0.032592 -0.018021 0.113199
v 0.032380 -0.018402 0.113199
v 0.032380 -0.018402 0.113199
v 0.032018 -0.018956 0.113199
v 0.032018 -0.018956 0.113199
v 0.031587 -0.019456 0.113199
v 0.031587 -0.019456 0.113199
v 0.031093 -0.019896 0.113199
v 0.031093 -0.019896 0.113199
v 0.030546 -0.020266 0.113199
v 0.030546 -0.020266 0.113199
v 0.029955 -0.020562 0.113199
v 0.029955 -0.020562 0.113199
v 0.029330 -0.020776 0.113199
v 0.029330 -0.020776 0.113199
v 0.028682 -0.020906 0.113199
v 0.028682 -0.020906 0.113199
v 0.028022 -0.020950 0.113199
v 0.028022 -0.020950 0.113199
v -0.000195 -0.020950 0.113199
v -0.000195 -0.020950 0.113199
v -0.000854 -0.020906 0.113199
v -0.000854 -0.020906 0.113199
v -0.001502 -0.020776 0.113199
v -0.001502 -0.020776 0.113199
v -0.002127 -0.020561 0.113199
v -0.002127 -0.020561 0.113199
v -0.002718 -0.020266 0.113199
v -0.002718 -0.020266 0.113199
v -0.003266 -0.019896 0.113199
v -0.003266 -0.019896 0.113199
v -0.003759 -0.019456 0.113199
v -0.003759 -0.019456 0.113199
v -0.004190 -0.018956 0.113199
v -0.004190 -0.018956 0.113199
v -0.004552 -0.018402 0.113199
v -0.004552 -0.018402 0.113199
v -0.004764 -0.018021 0.113199
v -0.004764 -0.018021 0.113199
v -0.004971 -0.017636 0.113199
v -0.004971 -0.017636 0.113199
v -0.005174 -0.017250 0.113199
v -0.005174 -0.017250 0.113199
v -0.005174 -0.017250 0.113199
v -0.000195 -0.020950 0.121199
v -0.000195 -0.020950 0.121199
v 0.028022 -0.020950 0.121199
v 0.028022 -0.020950 0.121199
v 0.028682 -0.020906 0.121199
v 0.028682 -0.020906 0.121199
v 0.029330 -0.020776 0.121199
v 0.029330 -0.020776 0.121199
v 0.029955 -0.020562 0.121199
v 0.029955 -0.020562 0.121199
v 0.030546 -0.020266 0.121199
v 0.030546 -0.020266 0.121199
v 0.031093 -0.019896 0.121199
v 0.031093 -0.019896 0.121199
v 0.031587 -0.019456 0.121199
v 0.031587 -0.019456 0.121199
v 0.032018 -0.018956 0.121199
v 0.032018 -0.018956 0.121199
v 0.032380 -0.018402 0.121199
v 0.032380 -0.018402 0.121199
v 0.032794 -0.017647 0.121199
v 0.032794 -0.017647 0.121199
v 0.033190 -0.016882 0.121199
v 0.033190 -0.016882 0.121199
v 0.033569 -0.016109 0.121199
v 0.033569 -0.016109 0.121199
v 0.033331 -0.016491 0.121199
v 0.033331 -0.016491 0.121199
v 0.033014 -0.016810 0.121199
v 0.033014 -0.016810 0.121199
v 0.032634 -0.017050 0.121199
v 0.032634 -0.017050 0.121199
v 0.032209 -0.017200 0.121199
v 0.032209 -0.017200 0.121199
v 0.031762 -0.017250 0.121199
v 0.031762 -0.017250 0.121199
v -0.005174 -0.017250 0.121199
v -0.005174 -0.017250 0.121199
v -0.005174 -0.017250 0.121199
v -0.004971 -0.017637 0.121199
v -0.004971 -0.017637 0.121199
v -0.004764 -0.018021 0.121199
v -0.004764 -0.018021 0.121199
v -0.004552 -0.018402 0.121199
v -0.004552 -0.018402 0.121199
v -0.004190 -0.018956 0.121199
v -0.004190 -0.018956 0.121199
v -0.003759 -0.019456 0.121199
v -0.003759 -0.019456 0.121199
v -0.003266 -0.019896 0.121199
v -0.003266 -0.019896 0.121199
v -0.002718 -0.020266 0.121199
v -0.002718 -0.020266 0.121199
v -0.002127 -0.020561 0.121199
v -0.002127 -0.020561 0.121199
v -0.001502 -0.020776 0.121199
v -0.001502 -0.020776 0.121199
v -0.000854 -0.020906 0.121199
v -0.000854 -0.020906 0.121199
v -0.008241 -0.009150 0.121199
v -0.008241 -0.009150 0.121199
v -0.008241 -0.009150 0.121199
v -0.008057 -0.009854 0.121199
v -0.008057 -0.009854 0.121199
v -0.007859 -0.010554 0.121199
v -0.007859 -0.010554 0.121199
v -0.007648 -0.011250 0.121199
v -0.007648 -0.011250 0.121199
v -0.007648 -0.011250 0.121199
v 0.035092 -0.012405 0.121199
v 0.035092 -0.012405 0.121199
v 0.035618 -0.010789 0.121199
v 0.035618 -0.010789 0.121199
v 0.036069 -0.009150 0.121199
v 0.036069 -0.009150 0.121199
v -0.008686 -0.007150 0.121024
v -0.008686 -0.007150 0.121024
v -0.008686 -0.007150 0.121024
v -0.008550 -0.007819 0.121083
v -0.008550 -0.007819 0.121083
v -0.008402 -0.008486 0.121141
v -0.008402 -0.008486 0.121141
v 0.036229 -0.008486 0.121141
v 0.036229 -0.008486 0.121141
v 0.036378 -0.007819 0.121083
v 0.036378 -0.007819 0.121083
v 0.036514 -0.007150 0.121024
v 0.036514 -0.007150 0.121024
v 0.036514 -0.007150 0.121024
v -0.003686 -0.009080 0.121193
v -0.003777 -0.009069 0.121192
v -0.008402 -0.008486 0.113257
v -0.008402 -0.008486 0.113257
v -0.008550 -0.007819 0.113315
v -0.008550 -0.007819 0.113315
v -0.008686 -0.007150 0.113374
v -0.008686 -0.007150 0.113374
v -0.008686 -0.007150 0.113374
v -0.003777 -0.009069 0.113206
v -0.003686 -0.009080 0.113205
v 0.036514 -0.007150 0.113374
v 0.036514 -0.007150 0.113374
v 0.036514 -0.007150 0.113374
v 0.036378 -0.007819 0.113315
v 0.036378 -0.007819 0.113315
v 0.036229 -0.008486 0.113257
v 0.036229 -0.008486 0.113257
v 0.020070 -0.011250 0.126699
v 0.020070 -0.011250 0.126699
v 0.020070 -0.011250 0.126699
v 0.020070 -0.011250 0.125999
v 0.020070 -0.011250 0.125999
v 0.020070 -0.011250 0.125999
v -0.007648 -0.011250 0.124699
v -0.007648 -0.011250 0.124699
v -0.007603 -0.011250 0.125098
v -0.007603 -0.011250 0.125098
v -0.007481 -0.011250 0.125480
v -0.007481 -0.011250 0.125480
v -0.007278 -0.011250 0.125829
v -0.007278 -0.011250 0.125829
v -0.007016 -0.011250 0.126130
v -0.007016 -0.011250 0.126130
v -0.006693 -0.011250 0.126373
v -0.006693 -0.011250 0.126373
v -0.006335 -0.011250 0.126553
v -0.006335 -0.011250 0.126553
v -0.005946 -0.011250 0.126660
v -0.005946 -0.011250 0.126660
v -0.005546 -0.011250 0.126699
v -0.005546 -0.011250 0.126699
v 0.031762 -0.017250 0.125999
v 0.031762 -0.017250 0.125999
v 0.031762 -0.017250 0.125999
v 0.019118 -0.017250 0.125999
v 0.019118 -0.017250 0.125999
v 0.019118 -0.017250 0.125999
v 0.019118 -0.017250 0.126699
v 0.019118 -0.017250 0.126699
v 0.019118 -0.017250 0.126699
v 0.018744 -0.017250 0.126699
v 0.018744 -0.017250 0.126699
v 0.018744 -0.017250 0.126699
v 0.018744 -0.017250 0.126699
v -0.002905 -0.017250 0.126699
v -0.002905 -0.017250 0.126699
v -0.003321 -0.017250 0.126663
v -0.003321 -0.017250 0.126663
v -0.003734 -0.017250 0.126562
v -0.003734 -0.017250 0.126562
v -0.004110 -0.017250 0.126393
v -0.004110 -0.017250 0.126393
v -0.004464 -0.017250 0.126155
v -0.004464 -0.017250 0.126155
v -0.004752 -0.017250 0.125861
v -0.004752 -0.017250 0.125861
v -0.004983 -0.017250 0.125505
v -0.004983 -0.017250 0.125505
v -0.005063 -0.017250 0.125319
v -0.005063 -0.017250 0.125319
v -0.005122 -0.017250 0.125115
v -0.005122 -0.017250 0.125115
v -0.005174 -0.017250 0.124699
v -0.005174 -0.017250 0.124699
v 0.018514 -0.016751 0.126699
v 0.018514 -0.016751 0.126699
v 0.018379 -0.016218 0.126699
v 0.018379 -0.016218 0.126699
v 0.018344 -0.015669 0.126699
v 0.018344 -0.015669 0.126699
v -0.004990 -0.012794 0.126699
v -0.004364 -0.014311 0.126699
v -0.003668 -0.015797 0.126699
v -0.005174 -0.017250 0.110299
v -0.005174 -0.017250 0.110299
v -0.005174 -0.017250 0.110299
v 0.033002 -0.017250 0.110299
v 0.033002 -0.017250 0.110299
v 0.033002 -0.017250 0.110299
v -0.007648 -0.011250 0.110299
v -0.007648 -0.011250 0.110299
v -0.007648 -0.011250 0.110299
v 0.035476 -0.011250 0.110299
v 0.035476 -0.011250 0.110299
v 0.035476 -0.011250 0.110299
v -0.005890 -0.015792 0.110299
v -0.005890 -0.015792 0.110299
v -0.006541 -0.014304 0.110299
v -0.006541 -0.014304 0.110299
v -0.007128 -0.012789 0.110299
v -0.007128 -0.012789 0.110299
v 0.034955 -0.012789 0.110299
v 0.034955 -0.012789 0.110299
v 0.034369 -0.014304 0.110299
v 0.034369 -0.014304 0.110299
v 0.033717 -0.015792 0.110299
v 0.033717 -0.015792 0.110299
v 0.034200 -0.014707 0.126699
v 0.034200 -0.014707 0.126699
v 0.033892 -0.015411 0.126699
v 0.033892 -0.015411 0.126699
v 0.033569 -0.016109 0.126699
v 0.033569 -0.016109 0.126699
v -0.005890 -0.015792 0.124699
v -0.006541 -0.014304 0.124699
v -0.007128 -0.012789 0.124699
v -0.004517 -0.016039 0.126501
v -0.004858 -0.016206 0.126263
v -0.005356 -0.016450 0.125567
v -0.005142 -0.016345 0.125946
v -0.004138 -0.015852 0.126649
v -0.004899 -0.014198 0.126649
v -0.005287 -0.014365 0.126501
v -0.005635 -0.014514 0.126263
v -0.005926 -0.014639 0.125946
v -0.006145 -0.014733 0.125567
v -0.006281 -0.014792 0.125144
v -0.005488 -0.016516 0.125144
v -0.006327 -0.012786 0.126263
v -0.006624 -0.012896 0.125946
v -0.006847 -0.012979 0.125567
v -0.006986 -0.013030 0.125144
v -0.005971 -0.012654 0.126501
v -0.005575 -0.012507 0.126649
v 0.033331 -0.016491 0.126699
v 0.033331 -0.016491 0.126699
v 0.033014 -0.016810 0.126699
v 0.033014 -0.016810 0.126699
v 0.032634 -0.017050 0.126699
v 0.032634 -0.017050 0.126699
v 0.032209 -0.017200 0.126699
v 0.032209 -0.017200 0.126699
v 0.031762 -0.017250 0.126699
v 0.031762 -0.017250 0.126699
v 0.031762 -0.017250 0.126699
v 0.035576 -0.011250 0.126699
v 0.035576 -0.011250 0.126699
v 0.035576 -0.011250 0.126699
v 0.035576 -0.011250 0.125999
v 0.035576 -0.011250 0.125999
v 0.035576 -0.011250 0.125999
v 0.018959 -0.017571 0.126699
v 0.018959 -0.017571 0.126699
v 0.018883 -0.017467 0.126699
v 0.018883 -0.017467 0.126699
v 0.018811 -0.017360 0.126699
v 0.018811 -0.017360 0.126699
v 0.019069 -0.017256 0.126699
v 0.019069 -0.017256 0.126699
v 0.019023 -0.017274 0.126699
v 0.019023 -0.017274 0.126699
v 0.018983 -0.017303 0.126699
v 0.018983 -0.017303 0.126699
v 0.018951 -0.017340 0.126699
v 0.018951 -0.017340 0.126699
v 0.018929 -0.017384 0.126699
v 0.018929 -0.017384 0.126699
v 0.018919 -0.017432 0.126699
v 0.018919 -0.017432 0.126699
v 0.018920 -0.017482 0.126699
v 0.018920 -0.017482 0.126699
v 0.018934 -0.017529 0.126699
v 0.018934 -0.017529 0.126699
v 0.035800 -0.010147 0.131684
v 0.035800 -0.010147 0.131684
v 0.035800 -0.010147 0.126199
v 0.035800 -0.010147 0.126199
v 0.035800 0.009990 0.126199
v 0.035800 0.009990 0.126199
v 0.035800 0.009990 0.126199
v 0.035800 0.009990 0.142009
v 0.035800 0.009990 0.142009
v 0.035800 -0.010010 0.142009
v 0.035800 -0.010010 0.142009
v 0.035800 -0.010010 0.132499
v 0.035800 -0.010010 0.132499
v 0.035800 -0.010025 0.132223
v 0.035800 -0.010025 0.132223
v 0.035800 -0.010071 0.131950
v 0.035800 -0.010071 0.131950
v 0.030800 0.010490 0.125699
v 0.030800 0.010490 0.125699
v 0.030800 0.010490 0.125699
v 0.035300 0.010490 0.125699
v 0.035300 0.010490 0.125699
v 0.035300 0.010490 0.125699
v 0.035300 0.010490 0.125699
v 0.035300 -0.010950 0.125699
v 0.035300 -0.010950 0.125699
v 0.035300 -0.010950 0.125699
v 0.020204 -0.010950 0.125699
v 0.020204 -0.010950 0.125699
v 0.020204 -0.010950 0.125699
v 0.028990 0.008680 0.125699
v 0.028990 0.008680 0.125699
v 0.033019 -0.017410 0.130499
v 0.033019 -0.017410 0.130499
v 0.033019 -0.017410 0.126699
v 0.033019 -0.017410 0.126699
v 0.033760 -0.015914 0.126699
v 0.033760 -0.015914 0.126699
v 0.034434 -0.014387 0.126699
v 0.034434 -0.014387 0.126699
v 0.035040 -0.012831 0.126699
v 0.035040 -0.012831 0.126699
v 0.035582 -0.011232 0.125981
v 0.035582 -0.011232 0.125981
v 0.035582 -0.011232 0.125981
v 0.035619 -0.011112 0.126018
v 0.035619 -0.011112 0.126018
v 0.035656 -0.010991 0.126055
v 0.035656 -0.010991 0.126055
v 0.035693 -0.010871 0.126092
v 0.035693 -0.010871 0.126092
v 0.035693 -0.010871 0.130499
v 0.035693 -0.010871 0.130499
v 0.035141 -0.012551 0.130499
v 0.035141 -0.012551 0.130499
v 0.034510 -0.014204 0.130499
v 0.034510 -0.014204 0.130499
v 0.033802 -0.015824 0.130499
v 0.033802 -0.015824 0.130499
v 0.035726 -0.010752 0.130499
v 0.035726 -0.010752 0.130499
v 0.035752 -0.010632 0.130499
v 0.035752 -0.010632 0.130499
v 0.035773 -0.010510 0.130499
v 0.035773 -0.010510 0.130499
v 0.035773 -0.010510 0.130499
v 0.018604 -0.014525 0.130499
v 0.018604 -0.014525 0.130499
v 0.018428 -0.015038 0.130499
v 0.018428 -0.015038 0.130499
v 0.018348 -0.015574 0.130499
v 0.018348 -0.015574 0.130499
v 0.018365 -0.016116 0.130499
v 0.018365 -0.016116 0.130499
v 0.018480 -0.016646 0.130499
v 0.018480 -0.016646 0.130499
v 0.018688 -0.017147 0.130499
v 0.018688 -0.017147 0.130499
v 0.018983 -0.017602 0.130499
v 0.018983 -0.017602 0.130499
v 0.019355 -0.017997 0.130499
v 0.019355 -0.017997 0.130499
v 0.019792 -0.018318 0.130499
v 0.019792 -0.018318 0.130499
v 0.020280 -0.018556 0.130499
v 0.020280 -0.018556 0.130499
v 0.020802 -0.018701 0.130499
v 0.020802 -0.018701 0.130499
v 0.021343 -0.018750 0.130499
v 0.021343 -0.018750 0.130499
v 0.030804 -0.018750 0.130499
v 0.030804 -0.018750 0.130499
v 0.031255 -0.018709 0.130499
v 0.031255 -0.018709 0.130499
v 0.031691 -0.018587 0.130499
v 0.031691 -0.018587 0.130499
v 0.032098 -0.018389 0.130499
v 0.032098 -0.018389 0.130499
v 0.032463 -0.018120 0.130499
v 0.032463 -0.018120 0.130499
v 0.032773 -0.017791 0.130499
v 0.032773 -0.017791 0.130499
v 0.035773 -0.010510 0.131044
v 0.035773 -0.010510 0.131044
v 0.035773 -0.010510 0.131044
v 0.035553 -0.010510 0.131461
v 0.035553 -0.010510 0.131461
v 0.035409 -0.010510 0.131831
v 0.035409 -0.010510 0.131831
v 0.035327 -0.010510 0.132171
v 0.035327 -0.010510 0.132171
v 0.035300 -0.010510 0.132499
v 0.035300 -0.010510 0.132499
v 0.035300 -0.010510 0.142009
v 0.035300 -0.010510 0.142009
v 0.035251 -0.010510 0.142950
v 0.035251 -0.010510 0.142950
v 0.035103 -0.010510 0.143881
v 0.035103 -0.010510 0.143881
v 0.034859 -0.010510 0.144791
v 0.034859 -0.010510 0.144791
v 0.034522 -0.010510 0.145670
v 0.034522 -0.010510 0.145670
v 0.034094 -0.010510 0.146509
v 0.034094 -0.010510 0.146509
v 0.031036 -0.010510 0.151807
v 0.031036 -0.010510 0.151807
v 0.030804 -0.010510 0.152276
v 0.030804 -0.010510 0.152276
v 0.030636 -0.010510 0.152771
v 0.030636 -0.010510 0.152771
v 0.030534 -0.010510 0.153285
v 0.030534 -0.010510 0.153285
v 0.030500 -0.010510 0.153807
v 0.030500 -0.010510 0.153807
v 0.030500 -0.010510 0.169199
v 0.030500 -0.010510 0.169199
v 0.026000 -0.010510 0.169199
v 0.026000 -0.010510 0.169199
v 0.026000 -0.010510 0.152199
v 0.026000 -0.010510 0.152199
v 0.026038 -0.010510 0.151765
v 0.026038 -0.010510 0.151765
v 0.026151 -0.010510 0.151344
v 0.026151 -0.010510 0.151344
v 0.026335 -0.010510 0.150949
v 0.026335 -0.010510 0.150949
v 0.030197 -0.010510 0.144259
v 0.030197 -0.010510 0.144259
v 0.030457 -0.010510 0.143732
v 0.030457 -0.010510 0.143732
v 0.030647 -0.010510 0.143174
v 0.030647 -0.010510 0.143174
v 0.030761 -0.010510 0.142597
v 0.030761 -0.010510 0.142597
v 0.030800 -0.010510 0.142009
v 0.030800 -0.010510 0.142009
v 0.030800 -0.010510 0.137199
v 0.030800 -0.010510 0.137199
v 0.030754 -0.010510 0.136559
v 0.030754 -0.010510 0.136559
v 0.030618 -0.010510 0.135931
v 0.030618 -0.010510 0.135931
v 0.030393 -0.010510 0.135330
v 0.030393 -0.010510 0.135330
v 0.030086 -0.010510 0.134766
v 0.030086 -0.010510 0.134766
v 0.029701 -0.010510 0.134252
v 0.029701 -0.010510 0.134252
v 0.029247 -0.010510 0.133798
v 0.029247 -0.010510 0.133798
v 0.028733 -0.010510 0.133413
v 0.028733 -0.010510 0.133413
v 0.028169 -0.010510 0.133106
v 0.028169 -0.010510 0.133106
v 0.027568 -0.010510 0.132881
v 0.027568 -0.010510 0.132881
v 0.026940 -0.010510 0.132745
v 0.026940 -0.010510 0.132745
v 0.026300 -0.010510 0.132699
v 0.026300 -0.010510 0.132699
v 0.030500 -0.007510 0.172199
v 0.030500 -0.007510 0.172199
v 0.030500 0.007490 0.172199
v 0.030500 0.007490 0.172199
v 0.025000 0.007490 0.172199
v 0.025000 0.007490 0.172199
v 0.025000 -0.007510 0.172199
v 0.025000 -0.007510 0.172199
v 0.035300 0.010490 0.142009
v 0.035300 0.010490 0.142009
v 0.030800 0.010490 0.137199
v 0.030800 0.010490 0.137199
v 0.030800 0.010490 0.142009
v 0.030800 0.010490 0.142009
v 0.030762 0.010490 0.142597
v 0.030762 0.010490 0.142597
v 0.030647 0.010490 0.143174
v 0.030647 0.010490 0.143174
v 0.030457 0.010490 0.143732
v 0.030457 0.010490 0.143732
v 0.030197 0.010490 0.144259
v 0.030197 0.010490 0.144259
v 0.026335 0.010490 0.150949
v 0.026335 0.010490 0.150949
v 0.026151 0.010490 0.151344
v 0.026151 0.010490 0.151344
v 0.026038 0.010490 0.151765
v 0.026038 0.010490 0.151765
v 0.026000 0.010490 0.152199
v 0.026000 0.010490 0.152199
v 0.026000 0.010490 0.169199
v 0.026000 0.010490 0.169199
v 0.030500 0.010490 0.169199
v 0.030500 0.010490 0.169199
v 0.030500 0.010490 0.153807
v 0.030500 0.010490 0.153807
v 0.030534 0.010490 0.153285
v 0.030534 0.010490 0.153285
v 0.030636 0.010490 0.152771
v 0.030636 0.010490 0.152771
v 0.030804 0.010490 0.152276
v 0.030804 0.010490 0.152276
v 0.031036 0.010490 0.151807
v 0.031036 0.010490 0.151807
v 0.034094 0.010490 0.146509
v 0.034094 0.010490 0.146509
v 0.034522 0.010490 0.145670
v 0.034522 0.010490 0.145670
v 0.034860 0.010490 0.144791
v 0.034860 0.010490 0.144791
v 0.035103 0.010490 0.143881
v 0.035103 0.010490 0.143881
v 0.035251 0.010490 0.142950
v 0.035251 0.010490 0.142950
v 0.035748 0.009990 0.143003
v 0.035748 0.009990 0.143003
v 0.035592 0.009990 0.143985
v 0.035592 0.009990 0.143985
v 0.035335 0.009990 0.144945
v 0.035335 0.009990 0.144945
v 0.034979 0.009990 0.145873
v 0.034979 0.009990 0.145873
v 0.034527 0.009990 0.146759
v 0.034527 0.009990 0.146759
v 0.034527 -0.010010 0.146759
v 0.034527 -0.010010 0.146759
v 0.034979 -0.010010 0.145873
v 0.034979 -0.010010 0.145873
v 0.035335 -0.010010 0.144945
v 0.035335 -0.010010 0.144945
v 0.035592 -0.010010 0.143985
v 0.035592 -0.010010 0.143985
v 0.035748 -0.010010 0.143003
v 0.035748 -0.010010 0.143003
v 0.031469 0.009990 0.152057
v 0.031469 0.009990 0.152057
v 0.031266 0.009990 0.152467
v 0.031266 0.009990 0.152467
v 0.031119 0.009990 0.152901
v 0.031119 0.009990 0.152901
v 0.031030 0.009990 0.153350
v 0.031030 0.009990 0.153350
v 0.031000 0.009990 0.153807
v 0.031000 0.009990 0.153807
v 0.031000 -0.010010 0.153807
v 0.031000 -0.010010 0.153807
v 0.031030 -0.010010 0.153350
v 0.031030 -0.010010 0.153350
v 0.031119 -0.010010 0.152901
v 0.031119 -0.010010 0.152901
v 0.031266 -0.010010 0.152467
v 0.031266 -0.010010 0.152467
v 0.031469 -0.010010 0.152057
v 0.031469 -0.010010 0.152057
v 0.031211 -0.000010 0.152610
v 0.031053 -0.000010 0.153199
v 0.030500 0.008011 0.172153
v 0.030500 0.008011 0.172153
v 0.030500 0.008516 0.172018
v 0.030500 0.008516 0.172018
v 0.030500 0.008990 0.171797
v 0.030500 0.008990 0.171797
v 0.030500 0.009418 0.171497
v 0.030500 0.009418 0.171497
v 0.030500 0.009788 0.171127
v 0.030500 0.009788 0.171127
v 0.030500 0.010088 0.170699
v 0.030500 0.010088 0.170699
v 0.030500 0.010309 0.170225
v 0.030500 0.010309 0.170225
v 0.030500 0.010444 0.169720
v 0.030500 0.010444 0.169720
v 0.025983 0.010473 0.169514
v 0.025983 0.010473 0.169514
v 0.025934 0.010424 0.169825
v 0.025934 0.010424 0.169825
v 0.025852 0.010342 0.170130
v 0.025852 0.010342 0.170130
v 0.025739 0.010229 0.170424
v 0.025739 0.010229 0.170424
v 0.025595 0.010085 0.170704
v 0.025595 0.010085 0.170704
v 0.025423 0.009913 0.170968
v 0.025423 0.009913 0.170968
v 0.025224 0.009714 0.171213
v 0.025224 0.009714 0.171213
v 0.025000 0.009490 0.171435
v 0.025000 0.009490 0.171435
v 0.025000 0.009490 0.171435
v 0.025000 0.009051 0.171761
v 0.025000 0.009051 0.171761
v 0.025000 0.008560 0.172001
v 0.025000 0.008560 0.172001
v 0.025000 0.008034 0.172149
v 0.025000 0.008034 0.172149
v 0.030500 -0.010465 0.169720
v 0.030500 -0.010465 0.169720
v 0.030500 -0.010329 0.170225
v 0.030500 -0.010329 0.170225
v 0.030500 -0.010108 0.170699
v 0.030500 -0.010108 0.170699
v 0.030500 -0.009808 0.171127
v 0.030500 -0.009808 0.171127
v 0.030500 -0.009438 0.171497
v 0.030500 -0.009438 0.171497
v 0.030500 -0.009010 0.171797
v 0.030500 -0.009010 0.171797
v 0.030500 -0.008536 0.172018
v 0.030500 -0.008536 0.172018
v 0.030500 -0.008031 0.172153
v 0.030500 -0.008031 0.172153
v 0.025000 -0.008054 0.172149
v 0.025000 -0.008054 0.172149
v 0.025000 -0.008581 0.172001
v 0.025000 -0.008581 0.172001
v 0.025000 -0.009071 0.171761
v 0.025000 -0.009071 0.171761
v 0.025000 -0.009510 0.171435
v 0.025000 -0.009510 0.171435
v 0.025000 -0.009510 0.171435
v 0.025224 -0.009734 0.171213
v 0.025224 -0.009734 0.171213
v 0.025423 -0.009933 0.170968
v 0.025423 -0.009933 0.170968
v 0.025595 -0.010105 0.170704
v 0.025595 -0.010105 0.170704
v 0.025739 -0.010249 0.170424
v 0.025739 -0.010249 0.170424
v 0.025852 -0.010362 0.170130
v 0.025852 -0.010362 0.170130
v 0.025934 -0.010444 0.169825
v 0.025934 -0.010444 0.169825
v 0.025983 -0.010494 0.169514
v 0.025983 -0.010494 0.169514
v 0.018945 -0.017550 0.125699
v 0.018945 -0.017550 0.125699
v 0.018945 -0.017550 0.125699
v 0.032628 -0.017960 0.125699
v 0.032628 -0.017960 0.125699
v 0.032243 -0.018295 0.125699
v 0.032243 -0.018295 0.125699
v 0.031798 -0.018544 0.125699
v 0.031798 -0.018544 0.125699
v 0.031312 -0.018698 0.125699
v 0.031312 -0.018698 0.125699
v 0.030804 -0.018750 0.125699
v 0.030804 -0.018750 0.125699
v 0.021343 -0.018750 0.125699
v 0.021343 -0.018750 0.125699
v 0.020795 -0.018700 0.125699
v 0.020795 -0.018700 0.125699
v 0.020265 -0.018550 0.125699
v 0.020265 -0.018550 0.125699
v 0.019772 -0.018306 0.125699
v 0.019772 -0.018306 0.125699
v 0.019332 -0.017976 0.125699
v 0.019332 -0.017976 0.125699
v 0.018959 -0.017571 0.125699
v 0.018959 -0.017571 0.125699
v 0.018954 -0.017565 0.125699
v 0.018954 -0.017565 0.125699
v 0.018949 -0.017557 0.125699
v 0.018949 -0.017557 0.125699
v 0.026300 -0.009510 0.133699
v 0.026300 -0.009510 0.133699
v 0.026300 0.000222 0.133699
v 0.026300 0.000222 0.133699
v 0.018604 -0.014525 0.126699
v 0.018604 -0.014525 0.126699
v 0.025387 0.000630 0.132699
v 0.025387 0.000630 0.132699
v 0.026021 0.002046 0.132744
v 0.026021 0.002046 0.132744
v 0.026641 0.003432 0.132877
v 0.026641 0.003432 0.132877
v 0.026943 0.004107 0.132977
v 0.026943 0.004107 0.132977
v 0.027237 0.004764 0.133097
v 0.027237 0.004764 0.133097
v 0.027660 0.005709 0.133315
v 0.027660 0.005709 0.133315
v 0.028058 0.006598 0.133577
v 0.028426 0.007420 0.133880
v 0.028760 0.008166 0.134220
v 0.028990 0.008680 0.134502
v 0.025000 0.009490 0.152199
v 0.025000 0.009490 0.152199
v 0.025000 -0.009510 0.152199
v 0.025000 -0.009510 0.152199
v 0.029800 0.009490 0.137199
v 0.029800 0.009490 0.137199
v 0.029773 0.009463 0.136767
v 0.029773 0.009463 0.136767
v 0.029693 0.009383 0.136342
v 0.029693 0.009383 0.136342
v 0.029562 0.009252 0.135929
v 0.029562 0.009252 0.135929
v 0.029380 0.009070 0.135537
v 0.029380 0.009070 0.135537
v 0.029223 0.008619 0.135274
v 0.029045 0.008107 0.135027
v 0.028864 0.007589 0.134817
v 0.028493 0.006522 0.134471
v 0.028118 0.005444 0.134208
v 0.028118 0.005444 0.134208
v 0.027739 0.004355 0.134008
v 0.027739 0.004355 0.134008
v 0.027275 0.003024 0.133838
v 0.027275 0.003024 0.133838
v 0.026788 0.001625 0.133733
v 0.026788 0.001625 0.133733
v 0.026847 -0.009510 0.133742
v 0.026847 -0.009510 0.133742
v 0.027382 -0.009510 0.133870
v 0.027382 -0.009510 0.133870
v 0.027889 -0.009510 0.134080
v 0.027889 -0.009510 0.134080
v 0.028357 -0.009510 0.134367
v 0.028357 -0.009510 0.134367
v 0.028775 -0.009510 0.134724
v 0.028775 -0.009510 0.134724
v 0.029132 -0.009510 0.135142
v 0.029132 -0.009510 0.135142
v 0.029418 -0.009510 0.135610
v 0.029418 -0.009510 0.135610
v 0.029629 -0.009510 0.136117
v 0.029629 -0.009510 0.136117
v 0.029757 -0.009510 0.136651
v 0.029757 -0.009510 0.136651
v 0.029800 -0.009510 0.137199
v 0.029800 -0.009510 0.137199
v 0.029589 -0.000010 0.136002
v 0.029747 -0.000010 0.136591
v 0.029331 -0.000010 0.135449
v 0.028981 -0.000010 0.134949
v 0.028550 -0.000010 0.134518
v 0.028050 -0.000010 0.134168
v 0.027497 -0.000010 0.133910
v 0.026908 -0.000010 0.133752
v 0.029800 -0.009510 0.142009
v 0.029800 -0.009510 0.142009
v 0.029800 0.009490 0.142009
v 0.029800 0.009490 0.142009
v 0.029770 -0.009510 0.142466
v 0.029770 -0.009510 0.142466
v 0.029681 -0.009510 0.142915
v 0.029681 -0.009510 0.142915
v 0.029534 -0.009510 0.143349
v 0.029534 -0.009510 0.143349
v 0.029331 -0.009510 0.143759
v 0.029331 -0.009510 0.143759
v 0.029331 0.009490 0.143759
v 0.029331 0.009490 0.143759
v 0.029534 0.009490 0.143349
v 0.029534 0.009490 0.143349
v 0.029681 0.009490 0.142915
v 0.029681 0.009490 0.142915
v 0.029770 0.009490 0.142466
v 0.029770 0.009490 0.142466
v 0.029747 -0.000010 0.142617
v 0.029589 -0.000010 0.143207
v 0.025469 -0.009510 0.150449
v 0.025469 -0.009510 0.150449
v 0.025469 0.009490 0.150449
v 0.025469 0.009490 0.150449
v 0.025266 -0.009510 0.150860
v 0.025266 -0.009510 0.150860
v 0.025119 -0.009510 0.151293
v 0.025119 -0.009510 0.151293
v 0.025030 -0.009510 0.151742
v 0.025030 -0.009510 0.151742
v 0.025030 0.009490 0.151742
v 0.025030 0.009490 0.151742
v 0.025119 0.009490 0.151293
v 0.025119 0.009490 0.151293
v 0.025266 0.009490 0.150860
v 0.025266 0.009490 0.150860
v 0.025053 -0.000010 0.151591
v 0.025211 -0.000010 0.151002
v 0.031000 0.009990 0.169199
v 0.031000 0.009990 0.169199
v 0.031000 0.009942 0.169687
v 0.031000 0.009942 0.169687
v 0.031000 0.009800 0.170156
v 0.031000 0.009800 0.170156
v 0.031000 0.009569 0.170588
v 0.031000 0.009569 0.170588
v 0.031000 0.009258 0.170967
v 0.031000 0.009258 0.170967
v 0.031000 0.008879 0.171278
v 0.031000 0.008879 0.171278
v 0.031000 0.008447 0.171509
v 0.031000 0.008447 0.171509
v 0.031000 0.007978 0.171651
v 0.031000 0.007978 0.171651
v 0.031000 0.007490 0.171699
v 0.031000 0.007490 0.171699
v 0.031000 -0.007510 0.171699
v 0.031000 -0.007510 0.171699
v 0.031000 -0.007998 0.171651
v 0.031000 -0.007998 0.171651
v 0.031000 -0.008467 0.171509
v 0.031000 -0.008467 0.171509
v 0.031000 -0.008899 0.171278
v 0.031000 -0.008899 0.171278
v 0.031000 -0.009278 0.170967
v 0.031000 -0.009278 0.170967
v 0.031000 -0.009589 0.170588
v 0.031000 -0.009589 0.170588
v 0.031000 -0.009820 0.170156
v 0.031000 -0.009820 0.170156
v 0.031000 -0.009962 0.169687
v 0.031000 -0.009962 0.169687
v 0.031000 -0.010010 0.169199
v 0.031000 -0.010010 0.169199
v 0.029207 0.008897 0.135021
v 0.029207 0.008897 0.135021
v 0.018525 -0.014719 0.126699
v 0.018525 -0.014719 0.126699
v 0.018460 -0.014919 0.126699
v 0.018460 -0.014919 0.126699
v 0.032965 -0.017507 0.126699
v 0.032965 -0.017507 0.126699
v 0.032993 -0.017459 0.126699
v 0.032993 -0.017459 0.126699
v 0.035795 -0.010299 0.131342
v 0.035795 -0.010299 0.131342
v 0.035773 -0.010513 0.126172
v 0.035773 -0.010513 0.126172
v 0.018925 -0.017502 0.125747
v 0.018925 -0.017502 0.125747
v 0.018918 -0.017450 0.125799
v 0.018918 -0.017450 0.125799
v 0.018925 -0.017398 0.125851
v 0.018925 -0.017398 0.125851
v 0.018945 -0.017350 0.125899
v 0.018945 -0.017350 0.125899
v 0.018976 -0.017309 0.125940
v 0.018976 -0.017309 0.125940
v 0.018996 -0.017291 0.125958
v 0.018996 -0.017291 0.125958
v 0.019018 -0.017277 0.125972
v 0.019018 -0.017277 0.125972
v 0.019041 -0.017265 0.125984
v 0.019041 -0.017265 0.125984
v 0.019066 -0.017257 0.125992
v 0.019066 -0.017257 0.125992
v 0.019092 -0.017252 0.125997
v 0.019092 -0.017252 0.125997
v 0.030148 -0.015193 0.132199
v 0.030148 -0.015193 0.132199
v 0.030148 -0.015193 0.132199
v 0.030148 -0.015193 0.132199
v 0.030522 -0.015432 0.132199
v 0.030522 -0.015432 0.132199
v 0.030956 -0.015529 0.132199
v 0.030956 -0.015529 0.132199
v 0.031397 -0.015471 0.132199
v 0.031397 -0.015471 0.132199
v 0.031397 -0.015471 0.132199
v 0.031397 -0.015471 0.132199
v 0.031792 -0.015267 0.132199
v 0.031792 -0.015267 0.132199
v 0.032093 -0.014939 0.132199
v 0.032093 -0.014939 0.132199
v 0.032263 -0.014529 0.132199
v 0.032263 -0.014529 0.132199
v 0.032263 -0.014529 0.132199
v 0.032263 -0.014529 0.132199
v 0.032283 -0.014085 0.132199
v 0.032283 -0.014085 0.132199
v 0.032150 -0.013661 0.132199
v 0.032150 -0.013661 0.132199
v 0.031880 -0.013308 0.132199
v 0.031880 -0.013308 0.132199
v 0.031880 -0.013308 0.132199
v 0.031880 -0.013308 0.132199
v 0.031505 -0.013068 0.132199
v 0.031505 -0.013068 0.132199
v 0.031071 -0.012971 0.132199
v 0.031071 -0.012971 0.132199
v 0.030631 -0.013029 0.132199
v 0.030631 -0.013029 0.132199
v 0.030631 -0.013029 0.132199
v 0.030236 -0.013234 0.132199
v 0.030236 -0.013234 0.132199
v 0.029935 -0.013561 0.132199
v 0.029935 -0.013561 0.132199
v 0.029765 -0.013971 0.132199
v 0.029765 -0.013971 0.132199
v 0.029765 -0.013971 0.132199
v 0.029745 -0.014415 0.132199
v 0.029745 -0.014415 0.132199
v 0.029878 -0.014840 0.132199
v 0.029878 -0.014840 0.132199
v 0.031014 -0.014250 0.131460
v 0.029153 -0.016275 0.133349
v 0.029670 -0.016650 0.133349
v 0.030260 -0.016895 0.133349
v 0.030890 -0.016997 0.133349
v 0.031527 -0.016952 0.133349
v 0.032136 -0.016761 0.133349
v 0.032685 -0.016434 0.133349
v 0.032685 -0.016434 0.133349
v 0.032685 -0.016434 0.133349
v 0.033144 -0.015990 0.133349
v 0.033144 -0.015990 0.133349
v 0.033144 -0.015990 0.133349
v 0.033144 -0.015990 0.133349
v 0.033487 -0.015452 0.133349
v 0.033487 -0.015452 0.133349
v 0.033487 -0.015452 0.133349
v 0.033487 -0.015452 0.133349
v 0.033698 -0.014849 0.133349
v 0.033698 -0.014849 0.133349
v 0.033698 -0.014849 0.133349
v 0.033698 -0.014849 0.133349
v 0.033764 -0.014214 0.133349
v 0.033764 -0.014214 0.133349
v 0.033764 -0.014214 0.133349
v 0.033764 -0.014214 0.133349
v 0.033681 -0.013581 0.133349
v 0.033681 -0.013581 0.133349
v 0.033681 -0.013581 0.133349
v 0.033681 -0.013581 0.133349
v 0.033455 -0.012984 0.133349
v 0.033455 -0.012984 0.133349
v 0.033455 -0.012984 0.133349
v 0.033455 -0.012984 0.133349
v 0.033097 -0.012455 0.133349
v 0.033097 -0.012455 0.133349
v 0.032627 -0.012023 0.133349
v 0.032627 -0.012023 0.133349
v 0.032070 -0.011711 0.133349
v 0.032070 -0.011711 0.133349
v 0.032070 -0.011711 0.133349
v 0.032070 -0.011711 0.133349
v 0.031456 -0.011536 0.133349
v 0.031456 -0.011536 0.133349
v 0.031456 -0.011536 0.133349
v 0.031456 -0.011536 0.133349
v 0.030818 -0.011507 0.133349
v 0.030818 -0.011507 0.133349
v 0.030818 -0.011507 0.133349
v 0.030818 -0.011507 0.133349
v 0.030191 -0.011626 0.133349
v 0.030191 -0.011626 0.133349
v 0.030191 -0.011626 0.133349
v 0.030191 -0.011626 0.133349
v 0.029608 -0.011887 0.133349
v 0.029608 -0.011887 0.133349
v 0.029608 -0.011887 0.133349
v 0.029608 -0.011887 0.133349
v 0.029101 -0.012275 0.133349
v 0.029101 -0.012275 0.133349
v 0.029101 -0.012275 0.133349
v 0.029101 -0.012275 0.133349
v 0.028697 -0.012769 0.133349
v 0.028697 -0.012769 0.133349
v 0.028697 -0.012769 0.133349
v 0.028418 -0.013344 0.133349
v 0.028279 -0.013967 0.133349
v 0.028287 -0.014605 0.133349
v 0.028442 -0.015225 0.133349
v 0.028736 -0.015791 0.133349
v 0.029255 -0.016165 0.133499
v 0.029255 -0.016165 0.133499
v 0.028848 -0.015688 0.133499
v 0.028848 -0.015688 0.133499
v 0.028567 -0.015128 0.133499
v 0.028567 -0.015128 0.133499
v 0.028428 -0.014517 0.133499
v 0.028428 -0.014517 0.133499
v 0.028439 -0.013890 0.133499
v 0.028439 -0.013890 0.133499
v 0.028600 -0.013284 0.133499
v 0.028600 -0.013284 0.133499
v 0.028901 -0.012735 0.133499
v 0.028901 -0.012735 0.133499
v 0.029325 -0.012273 0.133499
v 0.029325 -0.012273 0.133499
v 0.029848 -0.011926 0.133499
v 0.029848 -0.011926 0.133499
v 0.030438 -0.011715 0.133499
v 0.030438 -0.011715 0.133499
v 0.030438 -0.011715 0.133499
v 0.031061 -0.011651 0.133499
v 0.031061 -0.011651 0.133499
v 0.031061 -0.011651 0.133499
v 0.031682 -0.011737 0.133499
v 0.031682 -0.011737 0.133499
v 0.032264 -0.011970 0.133499
v 0.032264 -0.011970 0.133499
v 0.032773 -0.012336 0.133499
v 0.032773 -0.012336 0.133499
v 0.033180 -0.012812 0.133499
v 0.033180 -0.012812 0.133499
v 0.033461 -0.013372 0.133499
v 0.033461 -0.013372 0.133499
v 0.033600 -0.013984 0.133499
v 0.033600 -0.013984 0.133499
v 0.033589 -0.014610 0.133499
v 0.033589 -0.014610 0.133499
v 0.033428 -0.015216 0.133499
v 0.033428 -0.015216 0.133499
v 0.033127 -0.015766 0.133499
v 0.033127 -0.015766 0.133499
v 0.032702 -0.016227 0.133499
v 0.032702 -0.016227 0.133499
v 0.032180 -0.016574 0.133499
v 0.032180 -0.016574 0.133499
v 0.032180 -0.016574 0.133499
v 0.031590 -0.016785 0.133499
v 0.031590 -0.016785 0.133499
v 0.031590 -0.016785 0.133499
v 0.030967 -0.016850 0.133499
v 0.030967 -0.016850 0.133499
v 0.030346 -0.016763 0.133499
v 0.030346 -0.016763 0.133499
v 0.029764 -0.016530 0.133499
v 0.029764 -0.016530 0.133499
v 0.029167 -0.016260 0.133424
v 0.029204 -0.016220 0.133479
v 0.029204 -0.016220 0.133479
v 0.029702 -0.016644 0.133424
v 0.029728 -0.016596 0.133479
v 0.029728 -0.016596 0.133479
v 0.030313 -0.016888 0.133424
v 0.030313 -0.016888 0.133424
v 0.030327 -0.016835 0.133479
v 0.030327 -0.016835 0.133479
v 0.030964 -0.016980 0.133424
v 0.030964 -0.016980 0.133424
v 0.030965 -0.016925 0.133479
v 0.030965 -0.016925 0.133479
v 0.031619 -0.016912 0.133424
v 0.031619 -0.016912 0.133424
v 0.031607 -0.016859 0.133479
v 0.031607 -0.016859 0.133479
v 0.032239 -0.016690 0.133424
v 0.032239 -0.016690 0.133424
v 0.032214 -0.016641 0.133479
v 0.032214 -0.016641 0.133479
v 0.032787 -0.016326 0.133424
v 0.032787 -0.016326 0.133424
v 0.032787 -0.016326 0.133424
v 0.032751 -0.016284 0.133479
v 0.032751 -0.016284 0.133479
v 0.033232 -0.015841 0.133424
v 0.033232 -0.015841 0.133424
v 0.033232 -0.015841 0.133424
v 0.033232 -0.015841 0.133424
v 0.033187 -0.015809 0.133479
v 0.033187 -0.015809 0.133479
v 0.033548 -0.015264 0.133424
v 0.033548 -0.015264 0.133424
v 0.033548 -0.015264 0.133424
v 0.033548 -0.015264 0.133424
v 0.033497 -0.015244 0.133479
v 0.033497 -0.015244 0.133479
v 0.033718 -0.014628 0.133424
v 0.033718 -0.014628 0.133424
v 0.033718 -0.014628 0.133424
v 0.033718 -0.014628 0.133424
v 0.033663 -0.014621 0.133479
v 0.033663 -0.014621 0.133479
v 0.033729 -0.013970 0.133424
v 0.033729 -0.013970 0.133424
v 0.033729 -0.013970 0.133424
v 0.033729 -0.013970 0.133424
v 0.033675 -0.013976 0.133479
v 0.033675 -0.013976 0.133479
v 0.033584 -0.013329 0.133424
v 0.033584 -0.013329 0.133424
v 0.033584 -0.013329 0.133424
v 0.033584 -0.013329 0.133424
v 0.033532 -0.013347 0.133479
v 0.033532 -0.013347 0.133479
v 0.033288 -0.012740 0.133424
v 0.033288 -0.012740 0.133424
v 0.033288 -0.012740 0.133424
v 0.033288 -0.012740 0.133424
v 0.033243 -0.012771 0.133479
v 0.033243 -0.012771 0.133479
v 0.032861 -0.012240 0.133424
v 0.032861 -0.012240 0.133424
v 0.032861 -0.012240 0.133424
v 0.032861 -0.012240 0.133424
v 0.032861 -0.012240 0.133424
v 0.032861 -0.012240 0.133424
v 0.032824 -0.012280 0.133479
v 0.032824 -0.012280 0.133479
v 0.032326 -0.011856 0.133424
v 0.032326 -0.011856 0.133424
v 0.032326 -0.011856 0.133424
v 0.032326 -0.011856 0.133424
v 0.032300 -0.011904 0.133479
v 0.032300 -0.011904 0.133479
v 0.031715 -0.011612 0.133424
v 0.031715 -0.011612 0.133424
v 0.031715 -0.011612 0.133424
v 0.031715 -0.011612 0.133424
v 0.031701 -0.011665 0.133479
v 0.031701 -0.011665 0.133479
v 0.031063 -0.011521 0.133424
v 0.031063 -0.011521 0.133424
v 0.031063 -0.011521 0.133424
v 0.031063 -0.011521 0.133424
v 0.031062 -0.011576 0.133479
v 0.031062 -0.011576 0.133479
v 0.030409 -0.011588 0.133424
v 0.030409 -0.011588 0.133424
v 0.030409 -0.011588 0.133424
v 0.030409 -0.011588 0.133424
v 0.030421 -0.011642 0.133479
v 0.030421 -0.011642 0.133479
v 0.029789 -0.011810 0.133424
v 0.029789 -0.011810 0.133424
v 0.029789 -0.011810 0.133424
v 0.029789 -0.011810 0.133424
v 0.029814 -0.011859 0.133479
v 0.029814 -0.011859 0.133479
v 0.029241 -0.012174 0.133424
v 0.029241 -0.012174 0.133424
v 0.029241 -0.012174 0.133424
v 0.029241 -0.012174 0.133424
v 0.029277 -0.012216 0.133479
v 0.029277 -0.012216 0.133479
v 0.028796 -0.012659 0.133424
v 0.028796 -0.012659 0.133424
v 0.028796 -0.012659 0.133424
v 0.028840 -0.012691 0.133479
v 0.028840 -0.012691 0.133479
v 0.028479 -0.013236 0.133424
v 0.028479 -0.013236 0.133424
v 0.028530 -0.013256 0.133479
v 0.028530 -0.013256 0.133479
v 0.028310 -0.013872 0.133424
v 0.028310 -0.013872 0.133424
v 0.028365 -0.013880 0.133479
v 0.028365 -0.013880 0.133479
v 0.028298 -0.014530 0.133424
v 0.028298 -0.014530 0.133424
v 0.028353 -0.014524 0.133479
v 0.028353 -0.014524 0.133479
v 0.028444 -0.015172 0.133424
v 0.028444 -0.015172 0.133424
v 0.028496 -0.015153 0.133479
v 0.028496 -0.015153 0.133479
v 0.028740 -0.015760 0.133424
v 0.028785 -0.015729 0.133479
v 0.028785 -0.015729 0.133479
v 0.032096 -0.013072 0.130499
v 0.032408 -0.013464 0.130499
v 0.032582 -0.013933 0.130499
v 0.032603 -0.014433 0.130499
v 0.032469 -0.014916 0.130499
v 0.032192 -0.015333 0.130499
v 0.031800 -0.015644 0.130499
v 0.031331 -0.015818 0.130499
v 0.030831 -0.015840 0.130499
v 0.030348 -0.015705 0.130499
v 0.029931 -0.015428 0.130499
v 0.029931 -0.015428 0.130499
v 0.029620 -0.015036 0.130499
v 0.029620 -0.015036 0.130499
v 0.029446 -0.014567 0.130499
v 0.029446 -0.014567 0.130499
v 0.029424 -0.014067 0.130499
v 0.029424 -0.014067 0.130499
v 0.029559 -0.013585 0.130499
v 0.029836 -0.013168 0.130499
v 0.030228 -0.012856 0.130499
v 0.030697 -0.012682 0.130499
v 0.031197 -0.012661 0.130499
v 0.031679 -0.012795 0.130499
v 0.029999 -0.015355 0.130399
v 0.029999 -0.015355 0.130399
v 0.029999 -0.015355 0.130399
v 0.029999 -0.015355 0.130399
v 0.029999 -0.015355 0.130399
v 0.030390 -0.015614 0.130399
v 0.030390 -0.015614 0.130399
v 0.030390 -0.015614 0.130399
v 0.030842 -0.015740 0.130399
v 0.030842 -0.015740 0.130399
v 0.031311 -0.015720 0.130399
v 0.031311 -0.015720 0.130399
v 0.031751 -0.015557 0.130399
v 0.031751 -0.015557 0.130399
v 0.032118 -0.015265 0.130399
v 0.032118 -0.015265 0.130399
v 0.032378 -0.014874 0.130399
v 0.032504 -0.014422 0.130399
v 0.032484 -0.013953 0.130399
v 0.032320 -0.013513 0.130399
v 0.032029 -0.013146 0.130399
v 0.031638 -0.012886 0.130399
v 0.031186 -0.012760 0.130399
v 0.030717 -0.012780 0.130399
v 0.030277 -0.012944 0.130399
v 0.029909 -0.013235 0.130399
v 0.029650 -0.013626 0.130399
v 0.029650 -0.013626 0.130399
v 0.029650 -0.013626 0.130399
v 0.029524 -0.014078 0.130399
v 0.029524 -0.014078 0.130399
v 0.029524 -0.014078 0.130399
v 0.029524 -0.014078 0.130399
v 0.029544 -0.014547 0.130399
v 0.029544 -0.014547 0.130399
v 0.029544 -0.014547 0.130399
v 0.029544 -0.014547 0.130399
v 0.029707 -0.014987 0.130399
v 0.029707 -0.014987 0.130399
v 0.029707 -0.014987 0.130399
v 0.029707 -0.014987 0.130399
v 0.032063 -0.013109 0.130486
v 0.032063 -0.013109 0.130486
v 0.032038 -0.013136 0.130449
v 0.032352 -0.013469 0.130486
v 0.032352 -0.013469 0.130486
v 0.032321 -0.013487 0.130449
v 0.032523 -0.013898 0.130486
v 0.032523 -0.013898 0.130486
v 0.032488 -0.013906 0.130449
v 0.032560 -0.014358 0.130486
v 0.032560 -0.014358 0.130486
v 0.032524 -0.014356 0.130449
v 0.032460 -0.014809 0.130486
v 0.032460 -0.014809 0.130486
v 0.032425 -0.014796 0.130449
v 0.032425 -0.014796 0.130449
v 0.032230 -0.015211 0.130486
v 0.032230 -0.015211 0.130486
v 0.032202 -0.015188 0.130449
v 0.032202 -0.015188 0.130449
v 0.031893 -0.015526 0.130486
v 0.031893 -0.015526 0.130486
v 0.031873 -0.015496 0.130449
v 0.031873 -0.015496 0.130449
v 0.031478 -0.015729 0.130486
v 0.031478 -0.015729 0.130486
v 0.031467 -0.015694 0.130449
v 0.031467 -0.015694 0.130449
v 0.031021 -0.015800 0.130486
v 0.031021 -0.015800 0.130486
v 0.031021 -0.015763 0.130449
v 0.031021 -0.015763 0.130449
v 0.030564 -0.015733 0.130486
v 0.030564 -0.015733 0.130486
v 0.030575 -0.015698 0.130449
v 0.030575 -0.015698 0.130449
v 0.030147 -0.015535 0.130486
v 0.030147 -0.015535 0.130486
v 0.030168 -0.015505 0.130449
v 0.030168 -0.015505 0.130449
v 0.029807 -0.015222 0.130486
v 0.029807 -0.015222 0.130486
v 0.029807 -0.015222 0.130486
v 0.029835 -0.015199 0.130449
v 0.029835 -0.015199 0.130449
v 0.029835 -0.015199 0.130449
v 0.029835 -0.015199 0.130449
v 0.029574 -0.014823 0.130486
v 0.029574 -0.014823 0.130486
v 0.029574 -0.014823 0.130486
v 0.029574 -0.014823 0.130486
v 0.029608 -0.014810 0.130449
v 0.029608 -0.014810 0.130449
v 0.029608 -0.014810 0.130449
v 0.029608 -0.014810 0.130449
v 0.029469 -0.014373 0.130486
v 0.029469 -0.014373 0.130486
v 0.029469 -0.014373 0.130486
v 0.029505 -0.014371 0.130449
v 0.029505 -0.014371 0.130449
v 0.029505 -0.014371 0.130449
v 0.029505 -0.014371 0.130449
v 0.029501 -0.013913 0.130486
v 0.029501 -0.013913 0.130486
v 0.029537 -0.013921 0.130449
v 0.029537 -0.013921 0.130449
v 0.029537 -0.013921 0.130449
v 0.029537 -0.013921 0.130449
v 0.029668 -0.013482 0.130486
v 0.029700 -0.013500 0.130449
v 0.029700 -0.013500 0.130449
v 0.029700 -0.013500 0.130449
v 0.029954 -0.013119 0.130486
v 0.029979 -0.013146 0.130449
v 0.029979 -0.013146 0.130449
v 0.029979 -0.013146 0.130449
v 0.030335 -0.012857 0.130486
v 0.030351 -0.012890 0.130449
v 0.030351 -0.012890 0.130449
v 0.030775 -0.012719 0.130486
v 0.030781 -0.012755 0.130449
v 0.030781 -0.012755 0.130449
v 0.031237 -0.012716 0.130486
v 0.031232 -0.012753 0.130449
v 0.031232 -0.012753 0.130449
v 0.031680 -0.012850 0.130486
v 0.031664 -0.012883 0.130449
v 0.030189 -0.015148 0.122499
v 0.030189 -0.015148 0.122499
v 0.030546 -0.015376 0.122499
v 0.030546 -0.015376 0.122499
v 0.030959 -0.015468 0.122499
v 0.030959 -0.015468 0.122499
v 0.031379 -0.015414 0.122499
v 0.031379 -0.015414 0.122499
v 0.031755 -0.015219 0.122499
v 0.031755 -0.015219 0.122499
v 0.032042 -0.014907 0.122499
v 0.032042 -0.014907 0.122499
v 0.032204 -0.014516 0.122499
v 0.032204 -0.014516 0.122499
v 0.032223 -0.014093 0.122499
v 0.032223 -0.014093 0.122499
v 0.032096 -0.013688 0.122499
v 0.032096 -0.013688 0.122499
v 0.031839 -0.013352 0.122499
v 0.031839 -0.013352 0.122499
v 0.031482 -0.013124 0.122499
v 0.031482 -0.013124 0.122499
v 0.031069 -0.013032 0.122499
v 0.031069 -0.013032 0.122499
v 0.030649 -0.013087 0.122499
v 0.030649 -0.013087 0.122499
v 0.030273 -0.013282 0.122499
v 0.030273 -0.013282 0.122499
v 0.029986 -0.013593 0.122499
v 0.029986 -0.013593 0.122499
v 0.029824 -0.013985 0.122499
v 0.029824 -0.013985 0.122499
v 0.029805 -0.014408 0.122499
v 0.029805 -0.014408 0.122499
v 0.029931 -0.014812 0.122499
v 0.029931 -0.014812 0.122499
v 0.029999 -0.015355 0.122779
v 0.029999 -0.015355 0.122779
v 0.029707 -0.014987 0.122779
v 0.029707 -0.014987 0.122779
v 0.029544 -0.014547 0.122779
v 0.029544 -0.014547 0.122779
v 0.029524 -0.014078 0.122779
v 0.029524 -0.014078 0.122779
v 0.029650 -0.013626 0.122779
v 0.029650 -0.013626 0.122779
v 0.029909 -0.013235 0.122779
v 0.029909 -0.013235 0.122779
v 0.030277 -0.012944 0.122779
v 0.030277 -0.012944 0.122779
v 0.030717 -0.012780 0.122779
v 0.030717 -0.012780 0.122779
v 0.031186 -0.012760 0.122779
v 0.031186 -0.012760 0.122779
v 0.031638 -0.012886 0.122779
v 0.031638 -0.012886 0.122779
v 0.032029 -0.013146 0.122779
v 0.032029 -0.013146 0.122779
v 0.032320 -0.013513 0.122779
v 0.032320 -0.013513 0.122779
v 0.032484 -0.013953 0.122779
v 0.032484 -0.013953 0.122779
v 0.032504 -0.014422 0.122779
v 0.032504 -0.014422 0.122779
v 0.032378 -0.014874 0.122779
v 0.032378 -0.014874 0.122779
v 0.032118 -0.015265 0.122779
v 0.032118 -0.015265 0.122779
v 0.031751 -0.015557 0.122779
v 0.031751 -0.015557 0.122779
v 0.031311 -0.015720 0.122779
v 0.031311 -0.015720 0.122779
v 0.030842 -0.015740 0.122779
v 0.030842 -0.015740 0.122779
v 0.030390 -0.015614 0.122779
v 0.030390 -0.015614 0.122779
v 0.029153 -0.016275 0.130499
v 0.029153 -0.016275 0.130499
v 0.029670 -0.016650 0.130499
v 0.029670 -0.016650 0.130499
v 0.030260 -0.016895 0.130499
v 0.030260 -0.016895 0.130499
v 0.030890 -0.016997 0.130499
v 0.030890 -0.016997 0.130499
v 0.031527 -0.016952 0.130499
v 0.031527 -0.016952 0.130499
v 0.032136 -0.016761 0.130499
v 0.032136 -0.016761 0.130499
v 0.032685 -0.016434 0.130499
v 0.032685 -0.016434 0.130499
v 0.033144 -0.015990 0.130499
v 0.033144 -0.015990 0.130499
v 0.033487 -0.015452 0.130499
v 0.033487 -0.015452 0.130499
v 0.033698 -0.014849 0.130499
v 0.033698 -0.014849 0.130499
v 0.033764 -0.014214 0.130499
v 0.033764 -0.014214 0.130499
v 0.033681 -0.013581 0.130499
v 0.033681 -0.013581 0.130499
v 0.033455 -0.012984 0.130499
v 0.033455 -0.012984 0.130499
v 0.033097 -0.012455 0.130499
v 0.033097 -0.012455 0.130499
v 0.032627 -0.012023 0.130499
v 0.032627 -0.012023 0.130499
v 0.032070 -0.011711 0.130499
v 0.032070 -0.011711 0.130499
v 0.031456 -0.011536 0.130499
v 0.031456 -0.011536 0.130499
v 0.030818 -0.011507 0.130499
v 0.030818 -0.011507 0.130499
v 0.030191 -0.011626 0.130499
v 0.030191 -0.011626 0.130499
v 0.029608 -0.011887 0.130499
v 0.029608 -0.011887 0.130499
v 0.029101 -0.012275 0.130499
v 0.029101 -0.012275 0.130499
v 0.028697 -0.012769 0.130499
v 0.028697 -0.012769 0.130499
v 0.028418 -0.013344 0.130499
v 0.028418 -0.013344 0.130499
v 0.028279 -0.013967 0.130499
v 0.028279 -0.013967 0.130499
v 0.028287 -0.014605 0.130499
v 0.028287 -0.014605 0.130499
v 0.028442 -0.015225 0.130499
v 0.028442 -0.015225 0.130499
v 0.028736 -0.015791 0.130499
v 0.028736 -0.015791 0.130499
v 0.029926 -0.013250 0.133499
v 0.029926 -0.013250 0.133499
v 0.029926 -0.013250 0.133499
v 0.031336 -0.012808 0.133499
v 0.031336 -0.012808 0.133499
v 0.031336 -0.012808 0.133499
v 0.031336 -0.012808 0.133499
v 0.032424 -0.013808 0.133499
v 0.032424 -0.013808 0.133499
v 0.032424 -0.013808 0.133499
v 0.032102 -0.015250 0.133499
v 0.032102 -0.015250 0.133499
v 0.032102 -0.015250 0.133499
v 0.032102 -0.015250 0.133499
v 0.030692 -0.015693 0.133499
v 0.030692 -0.015693 0.133499
v 0.030692 -0.015693 0.133499
v 0.029604 -0.014693 0.133499
v 0.029604 -0.014693 0.133499
v 0.029604 -0.014693 0.133499
v 0.029926 -0.013250 0.132199
v 0.029926 -0.013250 0.132199
v 0.029926 -0.013250 0.132199
v 0.031336 -0.012808 0.132199
v 0.031336 -0.012808 0.132199
v 0.031336 -0.012808 0.132199
v 0.032424 -0.013808 0.132199
v 0.032424 -0.013808 0.132199
v 0.032424 -0.013808 0.132199
v 0.032102 -0.015250 0.132199
v 0.032102 -0.015250 0.132199
v 0.032102 -0.015250 0.132199
v 0.030692 -0.015693 0.132199
v 0.030692 -0.015693 0.132199
v 0.030692 -0.015693 0.132199
v 0.029604 -0.014693 0.132199
v 0.029604 -0.014693 0.132199
v 0.029604 -0.014693 0.132199
v 0.021039 -0.015079 0.132199
v 0.021039 -0.015079 0.132199
v 0.021039 -0.015079 0.132199
v 0.021039 -0.015079 0.132199
v 0.021381 -0.015363 0.132199
v 0.021381 -0.015363 0.132199
v 0.021800 -0.015512 0.132199
v 0.021800 -0.015512 0.132199
v 0.022244 -0.015509 0.132199
v 0.022244 -0.015509 0.132199
v 0.022244 -0.015509 0.132199
v 0.022661 -0.015354 0.132199
v 0.022661 -0.015354 0.132199
v 0.023000 -0.015067 0.132199
v 0.023000 -0.015067 0.132199
v 0.023220 -0.014680 0.132199
v 0.023220 -0.014680 0.132199
v 0.023220 -0.014680 0.132199
v 0.023294 -0.014242 0.132199
v 0.023294 -0.014242 0.132199
v 0.023214 -0.013805 0.132199
v 0.023214 -0.013805 0.132199
v 0.022989 -0.013421 0.132199
v 0.022989 -0.013421 0.132199
v 0.022989 -0.013421 0.132199
v 0.022647 -0.013137 0.132199
v 0.022647 -0.013137 0.132199
v 0.022228 -0.012988 0.132199
v 0.022228 -0.012988 0.132199
v 0.021784 -0.012991 0.132199
v 0.021784 -0.012991 0.132199
v 0.021784 -0.012991 0.132199
v 0.021784 -0.012991 0.132199
v 0.021367 -0.013146 0.132199
v 0.021367 -0.013146 0.132199
v 0.021028 -0.013434 0.132199
v 0.021028 -0.013434 0.132199
v 0.020808 -0.013820 0.132199
v 0.020808 -0.013820 0.132199
v 0.020808 -0.013820 0.132199
v 0.020734 -0.014258 0.132199
v 0.020734 -0.014258 0.132199
v 0.020814 -0.014696 0.132199
v 0.020814 -0.014696 0.132199
v 0.022014 -0.014250 0.131460
v 0.019919 -0.016031 0.133349
v 0.020386 -0.016466 0.133349
v 0.020941 -0.016782 0.133349
v 0.021554 -0.016961 0.133349
v 0.022191 -0.016994 0.133349
v 0.022819 -0.016879 0.133349
v 0.023404 -0.016623 0.133349
v 0.023404 -0.016623 0.133349
v 0.023404 -0.016623 0.133349
v 0.023914 -0.016238 0.133349
v 0.023914 -0.016238 0.133349
v 0.023914 -0.016238 0.133349
v 0.023914 -0.016238 0.133349
v 0.024321 -0.015746 0.133349
v 0.024321 -0.015746 0.133349
v 0.024321 -0.015746 0.133349
v 0.024321 -0.015746 0.133349
v 0.024604 -0.015174 0.133349
v 0.024604 -0.015174 0.133349
v 0.024604 -0.015174 0.133349
v 0.024604 -0.015174 0.133349
v 0.024747 -0.014552 0.133349
v 0.024747 -0.014552 0.133349
v 0.024747 -0.014552 0.133349
v 0.024747 -0.014552 0.133349
v 0.024743 -0.013913 0.133349
v 0.024743 -0.013913 0.133349
v 0.024743 -0.013913 0.133349
v 0.024743 -0.013913 0.133349
v 0.024592 -0.013293 0.133349
v 0.024592 -0.013293 0.133349
v 0.024592 -0.013293 0.133349
v 0.024592 -0.013293 0.133349
v 0.024302 -0.012724 0.133349
v 0.024302 -0.012724 0.133349
v 0.023888 -0.012238 0.133349
v 0.023888 -0.012238 0.133349
v 0.023374 -0.011860 0.133349
v 0.023374 -0.011860 0.133349
v 0.023374 -0.011860 0.133349
v 0.023374 -0.011860 0.133349
v 0.022786 -0.011611 0.133349
v 0.022786 -0.011611 0.133349
v 0.022786 -0.011611 0.133349
v 0.022786 -0.011611 0.133349
v 0.022156 -0.011504 0.133349
v 0.022156 -0.011504 0.133349
v 0.022156 -0.011504 0.133349
v 0.022156 -0.011504 0.133349
v 0.021519 -0.011545 0.133349
v 0.021519 -0.011545 0.133349
v 0.021519 -0.011545 0.133349
v 0.021519 -0.011545 0.133349
v 0.020909 -0.011732 0.133349
v 0.020909 -0.011732 0.133349
v 0.020909 -0.011732 0.133349
v 0.020909 -0.011732 0.133349
v 0.020358 -0.012055 0.133349
v 0.020358 -0.012055 0.133349
v 0.020358 -0.012055 0.133349
v 0.020358 -0.012055 0.133349
v 0.019896 -0.012496 0.133349
v 0.019896 -0.012496 0.133349
v 0.019896 -0.012496 0.133349
v 0.019549 -0.013032 0.133349
v 0.019334 -0.013633 0.133349
v 0.019264 -0.014268 0.133349
v 0.019342 -0.014901 0.133349
v 0.019564 -0.015500 0.133349
v 0.020033 -0.015934 0.133499
v 0.020033 -0.015934 0.133499
v 0.019688 -0.015411 0.133499
v 0.019688 -0.015411 0.133499
v 0.019477 -0.014821 0.133499
v 0.019477 -0.014821 0.133499
v 0.019414 -0.014197 0.133499
v 0.019414 -0.014197 0.133499
v 0.019503 -0.013576 0.133499
v 0.019503 -0.013576 0.133499
v 0.019737 -0.012995 0.133499
v 0.019737 -0.012995 0.133499
v 0.020103 -0.012487 0.133499
v 0.020103 -0.012487 0.133499
v 0.020581 -0.012081 0.133499
v 0.020581 -0.012081 0.133499
v 0.021142 -0.011801 0.133499
v 0.021142 -0.011801 0.133499
v 0.021753 -0.011663 0.133499
v 0.021753 -0.011663 0.133499
v 0.021753 -0.011663 0.133499
v 0.022380 -0.011676 0.133499
v 0.022380 -0.011676 0.133499
v 0.022380 -0.011676 0.133499
v 0.022985 -0.011838 0.133499
v 0.022985 -0.011838 0.133499
v 0.023534 -0.012141 0.133499
v 0.023534 -0.012141 0.133499
v 0.023995 -0.012566 0.133499
v 0.023995 -0.012566 0.133499
v 0.024340 -0.013089 0.133499
v 0.024340 -0.013089 0.133499
v 0.024551 -0.013680 0.133499
v 0.024551 -0.013680 0.133499
v 0.024613 -0.014303 0.133499
v 0.024613 -0.014303 0.133499
v 0.024525 -0.014924 0.133499
v 0.024525 -0.014924 0.133499
v 0.024291 -0.015505 0.133499
v 0.024291 -0.015505 0.133499
v 0.023924 -0.016014 0.133499
v 0.023924 -0.016014 0.133499
v 0.023447 -0.016420 0.133499
v 0.023447 -0.016420 0.133499
v 0.022886 -0.016699 0.133499
v 0.022886 -0.016699 0.133499
v 0.022274 -0.016837 0.133499
v 0.022274 -0.016837 0.133499
v 0.021648 -0.016824 0.133499
v 0.021648 -0.016824 0.133499
v 0.021042 -0.016662 0.133499
v 0.021042 -0.016662 0.133499
v 0.020494 -0.016359 0.133499
v 0.020494 -0.016359 0.133499
v 0.019934 -0.016018 0.133424
v 0.019976 -0.015983 0.133479
v 0.019976 -0.015983 0.133479
v 0.020418 -0.016465 0.133424
v 0.020450 -0.016420 0.133479
v 0.020450 -0.016420 0.133479
v 0.020994 -0.016782 0.133424
v 0.020994 -0.016782 0.133424
v 0.021014 -0.016731 0.133479
v 0.021014 -0.016731 0.133479
v 0.021630 -0.016953 0.133424
v 0.021630 -0.016953 0.133424
v 0.021637 -0.016898 0.133479
v 0.021637 -0.016898 0.133479
v 0.022287 -0.016966 0.133424
v 0.022287 -0.016966 0.133424
v 0.022282 -0.016912 0.133479
v 0.022282 -0.016912 0.133479
v 0.022930 -0.016822 0.133424
v 0.022930 -0.016822 0.133424
v 0.022911 -0.016770 0.133479
v 0.022911 -0.016770 0.133479
v 0.023518 -0.016528 0.133424
v 0.023518 -0.016528 0.133424
v 0.023518 -0.016528 0.133424
v 0.023488 -0.016482 0.133479
v 0.023488 -0.016482 0.133479
v 0.024020 -0.016102 0.133424
v 0.024020 -0.016102 0.133424
v 0.024020 -0.016102 0.133424
v 0.024020 -0.016102 0.133424
v 0.023979 -0.016065 0.133479
v 0.023979 -0.016065 0.133479
v 0.024405 -0.015568 0.133424
v 0.024405 -0.015568 0.133424
v 0.024405 -0.015568 0.133424
v 0.024405 -0.015568 0.133424
v 0.024357 -0.015541 0.133479
v 0.024357 -0.015541 0.133479
v 0.024651 -0.014957 0.133424
v 0.024651 -0.014957 0.133424
v 0.024651 -0.014957 0.133424
v 0.024651 -0.014957 0.133424
v 0.024598 -0.014943 0.133479
v 0.024598 -0.014943 0.133479
v 0.024743 -0.014306 0.133424
v 0.024743 -0.014306 0.133424
v 0.024743 -0.014306 0.133424
v 0.024743 -0.014306 0.133424
v 0.024688 -0.014305 0.133479
v 0.024688 -0.014305 0.133479
v 0.024677 -0.013651 0.133424
v 0.024677 -0.013651 0.133424
v 0.024677 -0.013651 0.133424
v 0.024677 -0.013651 0.133424
v 0.024624 -0.013663 0.133479
v 0.024624 -0.013663 0.133479
v 0.024457 -0.013031 0.133424
v 0.024457 -0.013031 0.133424
v 0.024457 -0.013031 0.133424
v 0.024457 -0.013031 0.133424
v 0.024407 -0.013056 0.133479
v 0.024407 -0.013056 0.133479
v 0.024094 -0.012482 0.133424
v 0.024094 -0.012482 0.133424
v 0.024094 -0.012482 0.133424
v 0.024094 -0.012482 0.133424
v 0.024094 -0.012482 0.133424
v 0.024094 -0.012482 0.133424
v 0.024052 -0.012518 0.133479
v 0.024052 -0.012518 0.133479
v 0.023610 -0.012036 0.133424
v 0.023610 -0.012036 0.133424
v 0.023610 -0.012036 0.133424
v 0.023610 -0.012036 0.133424
v 0.023578 -0.012080 0.133479
v 0.023578 -0.012080 0.133479
v 0.023034 -0.011718 0.133424
v 0.023034 -0.011718 0.133424
v 0.023034 -0.011718 0.133424
v 0.023034 -0.011718 0.133424
v 0.023013 -0.011769 0.133479
v 0.023013 -0.011769 0.133479
v 0.022398 -0.011547 0.133424
v 0.022398 -0.011547 0.133424
v 0.022398 -0.011547 0.133424
v 0.022398 -0.011547 0.133424
v 0.022391 -0.011602 0.133479
v 0.022391 -0.011602 0.133479
v 0.021740 -0.011534 0.133424
v 0.021740 -0.011534 0.133424
v 0.021740 -0.011534 0.133424
v 0.021740 -0.011534 0.133424
v 0.021746 -0.011589 0.133479
v 0.021746 -0.011589 0.133479
v 0.021098 -0.011678 0.133424
v 0.021098 -0.011678 0.133424
v 0.021098 -0.011678 0.133424
v 0.021098 -0.011678 0.133424
v 0.021117 -0.011730 0.133479
v 0.021117 -0.011730 0.133479
v 0.020509 -0.011972 0.133424
v 0.020509 -0.011972 0.133424
v 0.020509 -0.011972 0.133424
v 0.020509 -0.011972 0.133424
v 0.020540 -0.012018 0.133479
v 0.020540 -0.012018 0.133479
v 0.020008 -0.012398 0.133424
v 0.020008 -0.012398 0.133424
v 0.020008 -0.012398 0.133424
v 0.020048 -0.012436 0.133479
v 0.020048 -0.012436 0.133479
v 0.019623 -0.012932 0.133424
v 0.019623 -0.012932 0.133424
v 0.019671 -0.012959 0.133479
v 0.019671 -0.012959 0.133479
v 0.019377 -0.013543 0.133424
v 0.019377 -0.013543 0.133424
v 0.019430 -0.013557 0.133479
v 0.019430 -0.013557 0.133479
v 0.019285 -0.014194 0.133424
v 0.019285 -0.014194 0.133424
v 0.019339 -0.014195 0.133479
v 0.019339 -0.014195 0.133479
v 0.019351 -0.014849 0.133424
v 0.019351 -0.014849 0.133424
v 0.019404 -0.014837 0.133479
v 0.019404 -0.014837 0.133479
v 0.019571 -0.015469 0.133424
v 0.019620 -0.015444 0.133479
v 0.019620 -0.015444 0.133479
v 0.023233 -0.013214 0.130499
v 0.023494 -0.013641 0.130499
v 0.023609 -0.014128 0.130499
v 0.023569 -0.014627 0.130499
v 0.023376 -0.015089 0.130499
v 0.023050 -0.015469 0.130499
v 0.022623 -0.015730 0.130499
v 0.022136 -0.015845 0.130499
v 0.021637 -0.015805 0.130499
v 0.021175 -0.015612 0.130499
v 0.020795 -0.015286 0.130499
v 0.020795 -0.015286 0.130499
v 0.020534 -0.014859 0.130499
v 0.020534 -0.014859 0.130499
v 0.020419 -0.014372 0.130499
v 0.020419 -0.014372 0.130499
v 0.020459 -0.013873 0.130499
v 0.020459 -0.013873 0.130499
v 0.020652 -0.013411 0.130499
v 0.020978 -0.013031 0.130499
v 0.021405 -0.012770 0.130499
v 0.021892 -0.012655 0.130499
v 0.022391 -0.012695 0.130499
v 0.022853 -0.012888 0.130499
v 0.020871 -0.015222 0.130399
v 0.020871 -0.015222 0.130399
v 0.020871 -0.015222 0.130399
v 0.020871 -0.015222 0.130399
v 0.020871 -0.015222 0.130399
v 0.021227 -0.015527 0.130399
v 0.021227 -0.015527 0.130399
v 0.021227 -0.015527 0.130399
v 0.021660 -0.015708 0.130399
v 0.021660 -0.015708 0.130399
v 0.022128 -0.015746 0.130399
v 0.022128 -0.015746 0.130399
v 0.022585 -0.015637 0.130399
v 0.022585 -0.015637 0.130399
v 0.022985 -0.015393 0.130399
v 0.022985 -0.015393 0.130399
v 0.023291 -0.015037 0.130399
v 0.023472 -0.014604 0.130399
v 0.023510 -0.014136 0.130399
v 0.023401 -0.013679 0.130399
v 0.023157 -0.013279 0.130399
v 0.022801 -0.012973 0.130399
v 0.022367 -0.012792 0.130399
v 0.021900 -0.012754 0.130399
v 0.021443 -0.012863 0.130399
v 0.021042 -0.013107 0.130399
v 0.020737 -0.013463 0.130399
v 0.020737 -0.013463 0.130399
v 0.020737 -0.013463 0.130399
v 0.020556 -0.013896 0.130399
v 0.020556 -0.013896 0.130399
v 0.020556 -0.013896 0.130399
v 0.020556 -0.013896 0.130399
v 0.020518 -0.014364 0.130399
v 0.020518 -0.014364 0.130399
v 0.020518 -0.014364 0.130399
v 0.020518 -0.014364 0.130399
v 0.020627 -0.014821 0.130399
v 0.020627 -0.014821 0.130399
v 0.020627 -0.014821 0.130399
v 0.020627 -0.014821 0.130399
v 0.023195 -0.013246 0.130486
v 0.023195 -0.013246 0.130486
v 0.023167 -0.013270 0.130449
v 0.023438 -0.013639 0.130486
v 0.023438 -0.013639 0.130486
v 0.023405 -0.013653 0.130449
v 0.023555 -0.014086 0.130486
v 0.023555 -0.014086 0.130486
v 0.023519 -0.014090 0.130449
v 0.023535 -0.014547 0.130486
v 0.023535 -0.014547 0.130486
v 0.023499 -0.014540 0.130449
v 0.023380 -0.014983 0.130486
v 0.023380 -0.014983 0.130486
v 0.023348 -0.014965 0.130449
v 0.023348 -0.014965 0.130449
v 0.023103 -0.015353 0.130486
v 0.023103 -0.015353 0.130486
v 0.023078 -0.015327 0.130449
v 0.023078 -0.015327 0.130449
v 0.022730 -0.015625 0.130486
v 0.022730 -0.015625 0.130486
v 0.022713 -0.015592 0.130449
v 0.022713 -0.015592 0.130449
v 0.022293 -0.015775 0.130486
v 0.022293 -0.015775 0.130486
v 0.022286 -0.015739 0.130449
v 0.022286 -0.015739 0.130449
v 0.021831 -0.015789 0.130486
v 0.021831 -0.015789 0.130486
v 0.021835 -0.015753 0.130449
v 0.021835 -0.015753 0.130449
v 0.021385 -0.015667 0.130486
v 0.021385 -0.015667 0.130486
v 0.021400 -0.015633 0.130449
v 0.021400 -0.015633 0.130449
v 0.020996 -0.015419 0.130486
v 0.020996 -0.015419 0.130486
v 0.021020 -0.015391 0.130449
v 0.021020 -0.015391 0.130449
v 0.020697 -0.015067 0.130486
v 0.020697 -0.015067 0.130486
v 0.020697 -0.015067 0.130486
v 0.020728 -0.015047 0.130449
v 0.020728 -0.015047 0.130449
v 0.020728 -0.015047 0.130449
v 0.020728 -0.015047 0.130449
v 0.020514 -0.014642 0.130486
v 0.020514 -0.014642 0.130486
v 0.020514 -0.014642 0.130486
v 0.020514 -0.014642 0.130486
v 0.020550 -0.014633 0.130449
v 0.020550 -0.014633 0.130449
v 0.020550 -0.014633 0.130449
v 0.020550 -0.014633 0.130449
v 0.020465 -0.014183 0.130486
v 0.020465 -0.014183 0.130486
v 0.020465 -0.014183 0.130486
v 0.020502 -0.014184 0.130449
v 0.020502 -0.014184 0.130449
v 0.020502 -0.014184 0.130449
v 0.020502 -0.014184 0.130449
v 0.020554 -0.013729 0.130486
v 0.020554 -0.013729 0.130486
v 0.020589 -0.013742 0.130449
v 0.020589 -0.013742 0.130449
v 0.020589 -0.013742 0.130449
v 0.020589 -0.013742 0.130449
v 0.020772 -0.013322 0.130486
v 0.020802 -0.013344 0.130449
v 0.020802 -0.013344 0.130449
v 0.020802 -0.013344 0.130449
v 0.021101 -0.012997 0.130486
v 0.021123 -0.013027 0.130449
v 0.021123 -0.013027 0.130449
v 0.021123 -0.013027 0.130449
v 0.021511 -0.012784 0.130486
v 0.021523 -0.012819 0.130449
v 0.021523 -0.012819 0.130449
v 0.021965 -0.012701 0.130486
v 0.021967 -0.012737 0.130449
v 0.021967 -0.012737 0.130449
v 0.022424 -0.012755 0.130486
v 0.022414 -0.012791 0.130449
v 0.022414 -0.012791 0.130449
v 0.022847 -0.012943 0.130486
v 0.022827 -0.012974 0.130449
v 0.021085 -0.015040 0.122499
v 0.021085 -0.015040 0.122499
v 0.021411 -0.015310 0.122499
v 0.021411 -0.015310 0.122499
v 0.021810 -0.015452 0.122499
v 0.021810 -0.015452 0.122499
v 0.022233 -0.015450 0.122499
v 0.022233 -0.015450 0.122499
v 0.022630 -0.015302 0.122499
v 0.022630 -0.015302 0.122499
v 0.022953 -0.015028 0.122499
v 0.022953 -0.015028 0.122499
v 0.023163 -0.014660 0.122499
v 0.023163 -0.014660 0.122499
v 0.023233 -0.014242 0.122499
v 0.023233 -0.014242 0.122499
v 0.023157 -0.013826 0.122499
v 0.023157 -0.013826 0.122499
v 0.022943 -0.013460 0.122499
v 0.022943 -0.013460 0.122499
v 0.022617 -0.013190 0.122499
v 0.022617 -0.013190 0.122499
v 0.022218 -0.013048 0.122499
v 0.022218 -0.013048 0.122499
v 0.021794 -0.013050 0.122499
v 0.021794 -0.013050 0.122499
v 0.021397 -0.013198 0.122499
v 0.021397 -0.013198 0.122499
v 0.021075 -0.013472 0.122499
v 0.021075 -0.013472 0.122499
v 0.020865 -0.013840 0.122499
v 0.020865 -0.013840 0.122499
v 0.020794 -0.014258 0.122499
v 0.020794 -0.014258 0.122499
v 0.020871 -0.014674 0.122499
v 0.020871 -0.014674 0.122499
v 0.020871 -0.015222 0.122779
v 0.020871 -0.015222 0.122779
v 0.020627 -0.014821 0.122779
v 0.020627 -0.014821 0.122779
v 0.020518 -0.014364 0.122779
v 0.020518 -0.014364 0.122779
v 0.020556 -0.013896 0.122779
v 0.020556 -0.013896 0.122779
v 0.020737 -0.013463 0.122779
v 0.020737 -0.013463 0.122779
v 0.021042 -0.013107 0.122779
v 0.021042 -0.013107 0.122779
v 0.021443 -0.012863 0.122779
v 0.021443 -0.012863 0.122779
v 0.021900 -0.012754 0.122779
v 0.021900 -0.012754 0.122779
v 0.022367 -0.012792 0.122779
v 0.022367 -0.012792 0.122779
v 0.022801 -0.012973 0.122779
v 0.022801 -0.012973 0.122779
v 0.023157 -0.013279 0.122779
v 0.023157 -0.013279 0.122779
v 0.023401 -0.013679 0.122779
v 0.023401 -0.013679 0.122779
v 0.023510 -0.014136 0.122779
v 0.023510 -0.014136 0.122779
v 0.023472 -0.014604 0.122779
v 0.023472 -0.014604 0.122779
v 0.023291 -0.015037 0.122779
v 0.023291 -0.015037 0.122779
v 0.022985 -0.015393 0.122779
v 0.022985 -0.015393 0.122779
v 0.022585 -0.015637 0.122779
v 0.022585 -0.015637 0.122779
v 0.022128 -0.015746 0.122779
v 0.022128 -0.015746 0.122779
v 0.021660 -0.015708 0.122779
v 0.021660 -0.015708 0.122779
v 0.021227 -0.015527 0.122779
v 0.021227 -0.015527 0.122779
v 0.019919 -0.016031 0.130499
v 0.019919 -0.016031 0.130499
v 0.020386 -0.016466 0.130499
v 0.020386 -0.016466 0.130499
v 0.020941 -0.016782 0.130499
v 0.020941 -0.016782 0.130499
v 0.021554 -0.016961 0.130499
v 0.021554 -0.016961 0.130499
v 0.022191 -0.016994 0.130499
v 0.022191 -0.016994 0.130499
v 0.022819 -0.016879 0.130499
v 0.022819 -0.016879 0.130499
v 0.023404 -0.016623 0.130499
v 0.023404 -0.016623 0.130499
v 0.023914 -0.016238 0.130499
v 0.023914 -0.016238 0.130499
v 0.024321 -0.015746 0.130499
v 0.024321 -0.015746 0.130499
v 0.024604 -0.015174 0.130499
v 0.024604 -0.015174 0.130499
v 0.024747 -0.014552 0.130499
v 0.024747 -0.014552 0.130499
v 0.024743 -0.013913 0.130499
v 0.024743 -0.013913 0.130499
v 0.024592 -0.013293 0.130499
v 0.024592 -0.013293 0.130499
v 0.024302 -0.012724 0.130499
v 0.024302 -0.012724 0.130499
v 0.023888 -0.012238 0.130499
v 0.023888 -0.012238 0.130499
v 0.023374 -0.011860 0.130499
v 0.023374 -0.011860 0.130499
v 0.022786 -0.011611 0.130499
v 0.022786 -0.011611 0.130499
v 0.022156 -0.011504 0.130499
v 0.022156 -0.011504 0.130499
v 0.021519 -0.011545 0.130499
v 0.021519 -0.011545 0.130499
v 0.020909 -0.011732 0.130499
v 0.020909 -0.011732 0.130499
v 0.020358 -0.012055 0.130499
v 0.020358 -0.012055 0.130499
v 0.019896 -0.012496 0.130499
v 0.019896 -0.012496 0.130499
v 0.019549 -0.013032 0.130499
v 0.019549 -0.013032 0.130499
v 0.019334 -0.013633 0.130499
v 0.019334 -0.013633 0.130499
v 0.019264 -0.014268 0.130499
v 0.019264 -0.014268 0.130499
v 0.019342 -0.014901 0.130499
v 0.019342 -0.014901 0.130499
v 0.019564 -0.015500 0.130499
v 0.019564 -0.015500 0.130499
v 0.021057 -0.013124 0.133499
v 0.021057 -0.013124 0.133499
v 0.021057 -0.013124 0.133499
v 0.022511 -0.012858 0.133499
v 0.022511 -0.012858 0.133499
v 0.022511 -0.012858 0.133499
v 0.022511 -0.012858 0.133499
v 0.023468 -0.013984 0.133499
v 0.023468 -0.013984 0.133499
v 0.023468 -0.013984 0.133499
v 0.022971 -0.015376 0.133499
v 0.022971 -0.015376 0.133499
v 0.022971 -0.015376 0.133499
v 0.021517 -0.015642 0.133499
v 0.021517 -0.015642 0.133499
v 0.021517 -0.015642 0.133499
v 0.020560 -0.014516 0.133499
v 0.020560 -0.014516 0.133499
v 0.020560 -0.014516 0.133499
v 0.021057 -0.013124 0.132199
v 0.021057 -0.013124 0.132199
v 0.021057 -0.013124 0.132199
v 0.022511 -0.012858 0.132199
v 0.022511 -0.012858 0.132199
v 0.022511 -0.012858 0.132199
v 0.023468 -0.013984 0.132199
v 0.023468 -0.013984 0.132199
v 0.023468 -0.013984 0.132199
v 0.022971 -0.015376 0.132199
v 0.022971 -0.015376 0.132199
v 0.022971 -0.015376 0.132199
v 0.021517 -0.015642 0.132199
v 0.021517 -0.015642 0.132199
v 0.021517 -0.015642 0.132199
v 0.020560 -0.014516 0.132199
v 0.020560 -0.014516 0.132199
v 0.020560 -0.014516 0.132199
vn 0.9659 0.2588 -0.0000
vn 1.0000 -0.0000 -0.0000
vn 0.9659 -0.2588 -0.0000
vn 0.8660 -0.5000 -0.0000
vn 0.7071 -0.7071 -0.0000
vn 0.5000 -0.8660 -0.0000
vn 0.2588 -0.9659 -0.0000
vn -0.0000 -1.0000 -0.0000
vn -0.2588 -0.9659 -0.0000
vn -0.5000 -0.8660 -0.0000
vn -0.7071 -0.7071 -0.0000
vn -0.8660 -0.5000 -0.0000
vn -0.9659 -0.2588 -0.0000
vn -1.0000 -0.0000 -0.0000
vn -0.9659 0.2588 -0.0000
vn -0.8660 0.5000 -0.0000
vn -0.7071 0.7071 -0.0000
vn -0.5000 0.8660 -0.0000
vn -0.2588 0.9659 -0.0000
vn -0.0000 1.0000 -0.0000
vn 0.2588 0.9659 -0.0000
vn 0.5000 0.8660 -0.0000
vn 0.7071 0.7071 -0.0000
vn 0.8660 0.5000 -0.0000
vn -0.7090 -0.0521 0.7033
vn -0.6752 -0.2252 0.7024
vn -0.6782 -0.1807 0.7123
vn -0.6989 -0.0013 0.7152
vn -0.5947 -0.3908 0.7026
vn -0.6085 -0.3501 0.7122
vn -0.4744 -0.5302 0.7027
vn -0.4972 -0.4958 0.7120
vn -0.3224 -0.6341 0.7028
vn -0.3520 -0.6077 0.7119
vn -0.1489 -0.6955 0.7030
vn -0.1827 -0.6783 0.7117
vn 0.0345 -0.7102 0.7031
vn -0.0010 -0.7026 0.7116
vn 0.2155 -0.6775 0.7033
vn 0.1810 -0.6791 0.7114
vn 0.3820 -0.5994 0.7034
vn 0.3506 -0.6092 0.7113
vn 0.5229 -0.4812 0.7036
vn 0.4965 -0.4978 0.7111
vn 0.6287 -0.3309 0.7038
vn 0.6086 -0.3524 0.7110
vn 0.6924 -0.1585 0.7039
vn 0.6792 -0.1829 0.7108
vn 0.7068 0.0047 0.7074
vn 0.7054 0.0288 0.7082
vn 0.6729 0.2038 0.7112
vn 0.6878 0.1823 0.7026
vn 0.5984 0.3697 0.7108
vn 0.6168 0.3540 0.7030
vn 0.4838 0.5110 0.7105
vn 0.5038 0.5014 0.7034
vn 0.3367 0.6183 0.7102
vn 0.3565 0.6145 0.7038
vn 0.1669 0.6842 0.7099
vn 0.1851 0.6855 0.7041
vn -0.0142 0.7045 0.7096
vn 0.0012 0.7097 0.7045
vn -0.1944 0.6776 0.7093
vn -0.1825 0.6855 0.7049
vn -0.3619 0.6053 0.7090
vn -0.3537 0.6145 0.7052
vn -0.4993 0.4988 0.7084
vn -0.4956 0.5027 0.7083
vn -0.5961 0.3808 0.7068
vn -0.6053 0.3518 0.7140
vn -0.6646 0.2484 0.7047
vn -0.6741 0.1810 0.7161
vn -0.7023 0.1034 0.7043
vn 0.8888 -0.4584 -0.0003
vn 0.9475 -0.3197 -0.0012
vn 0.9512 -0.3085 0.0007
vn 0.8447 -0.5353 -0.0008
vn 0.9980 -0.0638 -0.0016
vn 0.9970 -0.0779 0.0011
vn 0.9800 0.1991 -0.0019
vn 0.9876 0.1570 0.0014
vn 0.8927 0.4507 -0.0020
vn 0.9237 0.3831 0.0016
vn 0.7544 0.6565 -0.0016
vn 0.8088 0.5881 0.0016
vn 0.6257 0.7801 0.0001
vn 0.6480 0.7616 -0.0007
vn 0.5159 0.8567 0.0037
vn 0.4000 0.9165 0.0053
vn 0.4550 0.8905 -0.0013
vn 0.2697 0.9629 0.0011
vn 0.2336 0.9723 0.0014
vn 0.1355 0.9908 -0.0002
vn 0.0332 0.9994 -0.0000
vn 0.0582 0.9983 0.0010
vn 0.8270 -0.5621 -0.0000
vn 0.8569 -0.5155 -0.0000
vn 0.8629 -0.5053 -0.0000
vn -0.0453 -0.7064 0.7064
vn -0.1742 -0.6853 0.7071
vn -0.0428 -0.7065 0.7065
vn -0.3377 -0.6212 0.7071
vn -0.3377 -0.6213 0.7071
vn -0.4804 -0.5189 0.7071
vn -0.5934 -0.3845 0.7071
vn -0.6698 -0.2265 0.7071
vn -0.6699 -0.2265 0.7071
vn -0.7050 -0.0545 0.7071
vn -0.7050 -0.0544 0.7071
vn -0.6967 0.1209 0.7071
vn -0.6633 0.2472 0.7064
vn -0.6623 0.2495 0.7065
vn -0.0622 -0.9981 -0.0000
vn -0.2464 -0.9692 -0.0000
vn -0.4776 -0.8786 -0.0000
vn -0.6794 -0.7338 -0.0000
vn -0.6793 -0.7338 -0.0000
vn -0.8392 -0.5438 -0.0000
vn -0.9473 -0.3203 -0.0000
vn -0.9970 -0.0770 -0.0000
vn -0.9853 0.1710 -0.0000
vn -0.9364 0.3510 -0.0000
vn -0.9250 0.3799 -0.0000
vn 0.9389 -0.3443 -0.0002
vn 0.9864 -0.1644 -0.0000
vn 0.9864 -0.1645 -0.0000
vn 0.9451 -0.3269 0.0001
vn 0.9987 0.0518 -0.0000
vn 0.9641 0.2656 -0.0000
vn 0.8843 0.4669 -0.0000
vn 0.7630 0.6464 -0.0000
vn 0.7630 0.6463 -0.0000
vn 0.6060 0.7955 -0.0000
vn 0.4150 0.9098 0.0082
vn 0.4205 0.9073 -0.0000
vn 0.2213 0.9752 0.0103
vn 0.0888 0.9960 -0.0074
vn 0.2148 0.9766 -0.0030
vn 0.0542 0.9985 -0.0000
vn 0.1083 0.9941 -0.0000
vn -0.0000 0.0001 -1.0000
vn -0.0000 -0.0000 -1.0000
vn -0.0000 0.0505 -0.9987
vn -0.0000 -0.0001 -1.0000
vn -0.0000 -0.0000 1.0000
vn -0.0000 0.0001 1.0000
vn -0.0000 -0.0002 1.0000
vn -0.0000 -0.0001 1.0000
vn -0.0331 -0.9995 -0.0000
vn 0.0331 -0.9995 -0.0000
vn -0.0000 0.0505 0.9987
vn -0.0000 0.0507 0.9987
vn -0.0000 0.0865 0.9963
vn -0.0000 0.0879 -0.9961
vn -0.0000 1.0000 0.0001
vn -0.0000 1.0000 0.0002
vn 0.1443 -0.9895 -0.0100
vn 0.0563 -0.9984 -0.0000
vn -0.0000 -1.0000 -0.0001
vn -0.0309 -0.0149 0.9994
vn -0.0000 0.0002 1.0000
vn -0.0588 -0.0212 0.9980
vn -0.0538 -0.0217 0.9983
vn -0.0525 -0.0235 0.9983
vn -0.0511 -0.0255 0.9984
vn -0.0000 0.0003 1.0000
vn -0.0000 0.0871 -0.9962
vn -0.0000 0.0872 -0.9962
vn -0.0000 0.0873 0.9962
vn -0.0000 0.0871 0.9962
vn -0.0000 0.0872 0.9962
vn 0.9681 -0.2505 0.0003
vn 0.9578 -0.2873 0.0008
vn 0.9598 -0.2806 0.0007
vn 0.9648 -0.2630 0.0009
vn 0.9436 -0.3311 0.0001
vn 0.9508 -0.3097 -0.0004
vn 0.9247 -0.3808 0.0002
vn 0.9400 -0.3411 0.0004
vn 0.9473 -0.3203 -0.0000
vn 0.9199 -0.3921 -0.0002
vn 0.9118 -0.4105 -0.0002
vn 0.9071 -0.4209 -0.0003
vn 0.8800 -0.4750 0.0001
vn 0.8904 -0.4551 -0.0001
vn 0.8931 -0.4498 -0.0003
vn 0.8933 -0.4495 -0.0002
vn 0.8978 -0.4404 -0.0000
vn 0.8825 -0.4703 -0.0000
vn 0.8827 -0.4699 0.0003
vn 0.8577 -0.5141 -0.0000
vn 0.8564 -0.5164 0.0003
vn 0.8770 -0.4804 0.0003
vn 0.9697 -0.2443 -0.0000
vn 0.9740 -0.2265 -0.0000
vn 0.9780 -0.2087 -0.0000
vn 0.9799 -0.1993 -0.0000
vn -0.8950 -0.4429 0.0534
vn -0.9057 -0.4193 0.0627
vn -0.8937 -0.4486 -0.0000
vn -0.9078 -0.4195 0.0019
vn -0.8978 -0.4404 -0.0000
vn -0.9240 -0.3776 0.0597
vn -0.9392 -0.3387 0.0568
vn -0.9239 -0.3826 0.0026
vn -0.9401 -0.3408 -0.0000
vn -0.9506 -0.3104 -0.0000
vn -0.9597 -0.2812 -0.0000
vn -0.9649 -0.2625 -0.0000
vn -0.9697 -0.2443 -0.0000
vn -0.9460 -0.3199 0.0522
vn -0.9740 -0.2265 -0.0000
vn -0.9780 -0.2087 -0.0000
vn -0.9799 -0.1993 -0.0000
vn -0.8826 -0.4700 -0.0000
vn -0.8771 -0.4803 -0.0000
vn -0.8563 -0.5165 -0.0000
vn 0.7992 -0.6011 -0.0000
vn 0.7129 -0.7013 -0.0000
vn 0.6142 -0.7892 -0.0000
vn 0.5047 -0.8633 -0.0000
vn 0.3865 -0.9223 -0.0000
vn 0.2615 -0.9652 -0.0000
vn 0.1319 -0.9913 -0.0000
vn -0.7992 -0.6011 -0.0000
vn -0.7129 -0.7013 -0.0000
vn -0.6142 -0.7892 -0.0000
vn -0.5048 -0.8633 -0.0000
vn -0.5047 -0.8633 -0.0000
vn -0.3865 -0.9223 -0.0000
vn -0.2615 -0.9652 -0.0000
vn -0.1319 -0.9913 -0.0000
vn -0.8767 -0.4441 0.1851
vn -0.8797 -0.4237 0.2158
vn -0.8957 -0.3861 0.2204
vn -0.9134 -0.3414 0.2215
vn -0.9290 -0.3148 0.1944
vn -0.8488 -0.4257 0.3137
vn -0.8127 -0.3881 0.4345
vn -0.8284 -0.3551 0.4332
vn -0.8037 -0.3081 0.5090
vn -0.8760 -0.2970 0.3799
vn -0.8023 -0.4078 0.4359
vn -0.7151 -0.3698 0.5932
vn -0.7058 -0.3379 0.6227
vn -0.7190 -0.3089 0.6226
vn -0.7661 -0.2834 0.5768
vn -0.7890 -0.2683 0.5527
vn -0.5924 -0.3095 0.7438
vn -0.5630 -0.2691 0.7814
vn -0.5737 -0.2443 0.7818
vn -0.5429 -0.2088 0.8135
vn -0.6744 -0.2272 0.7026
vn -0.5313 -0.1799 0.8278
vn -0.4020 -0.1703 0.8997
vn -0.4638 -0.1824 0.8669
vn -0.2057 -0.0879 0.9747
vn -0.2089 -0.0803 0.9746
vn -0.3734 -0.1252 0.9192
vn -0.1968 -0.0660 0.9782
vn -0.4525 -0.2388 0.8592
vn -0.3925 -0.1873 0.9005
vn -0.2963 -0.1580 0.9419
vn -0.2009 -0.0960 0.9749
vn -0.1368 -0.0699 0.9881
vn 0.2300 -0.9731 0.0112
vn 0.4298 -0.9029 0.0093
vn 0.4061 -0.9133 -0.0308
vn 0.2613 -0.9603 -0.0975
vn 0.6259 -0.7799 -0.0000
vn 0.7844 -0.6203 -0.0000
vn 0.1125 -0.9937 -0.0000
vn 0.0003 -0.0000 -1.0000
vn -0.0001 0.0001 -1.0000
vn -0.0000 0.0003 -1.0000
vn 0.9993 -0.0371 -0.0006
vn 1.0000 -0.0039 -0.0000
vn 0.9997 -0.0000 0.0262
vn 0.8701 -0.4929 0.0014
vn 0.8884 -0.4590 -0.0000
vn 0.9055 -0.4243 -0.0002
vn 0.9067 -0.4218 0.0006
vn 0.9235 -0.3836 -0.0005
vn 0.9256 -0.3786 0.0010
vn 0.9397 -0.3421 -0.0009
vn 0.9424 -0.3345 0.0013
vn 0.9527 -0.3041 -0.0001
vn 0.9578 -0.2873 -0.0011
vn 0.9560 -0.2935 0.0003
vn 0.9551 -0.2962 0.0004
vn 0.9545 -0.2984 -0.0000
vn 0.9541 -0.2996 -0.0000
vn 0.9654 -0.2607 -0.0000
vn 0.0002 -0.0000 1.0000
vn -0.0002 -1.0000 -0.0001
vn 0.0001 -1.0000 -0.0000
vn -0.0000 -0.9990 0.0436
vn 0.0019 -0.9996 0.0281
vn -0.0002 -0.0437 0.9990
vn -0.0000 0.0436 0.9990
vn -0.0002 0.0455 0.9990
vn -0.0000 -0.0456 0.9990
vn -0.0000 0.9996 0.0267
vn 0.0012 0.9991 0.0428
vn -0.0001 1.0000 -0.0000
vn 0.0002 1.0000 -0.0000
vn 0.9945 -0.0000 0.1045
vn 0.9781 -0.0000 0.2079
vn 0.9511 -0.0000 0.3090
vn 0.9135 -0.0000 0.4067
vn 0.8788 -0.0000 0.4772
vn 0.9236 0.0003 0.3833
vn 0.9419 -0.0011 0.3358
vn 0.8821 0.0006 0.4710
vn 0.9238 0.0003 0.3829
vn 0.8819 -0.0000 0.4714
vn 0.9663 0.0014 0.2576
vn 0.9913 0.0016 0.1316
vn 0.9836 -0.0004 0.1801
vn 0.9995 -0.0006 0.0331
vn 0.9995 -0.0000 0.0327
vn 0.9915 -0.0003 0.1299
vn 0.9659 0.0006 0.2588
vn 0.0002 0.1735 0.9848
vn -0.0005 0.1813 0.9834
vn 0.0005 0.3419 0.9397
vn -0.0008 0.3567 0.9342
vn 0.0008 0.4999 0.8661
vn -0.0011 0.5203 0.8540
vn 0.0011 0.6427 0.7661
vn -0.0004 0.6392 0.7690
vn 0.0006 0.7273 0.6863
vn 0.0018 0.7659 0.6430
vn -0.0004 0.7975 0.6033
vn 0.0021 0.8660 0.5001
vn -0.0000 0.8573 0.5149
vn -0.0002 0.9076 0.4198
vn 0.0019 0.9398 0.3418
vn 0.0002 0.9478 0.3188
vn 0.0005 0.9764 0.2161
vn 0.0020 0.9848 0.1739
vn -0.0003 0.9942 0.1080
vn -0.0028 -0.9845 0.1754
vn 0.0070 -0.9938 0.1114
vn -0.0034 -0.9400 0.3410
vn 0.0059 -0.9770 0.2134
vn 0.0042 -0.9466 0.3224
vn -0.0008 -0.8664 0.4993
vn 0.0026 -0.9081 0.4187
vn 0.0020 -0.8561 0.5168
vn -0.0023 -0.7651 0.6439
vn 0.0066 -0.7934 0.6087
vn -0.0029 -0.6435 0.7654
vn 0.0038 -0.7281 0.6855
vn 0.0012 -0.6384 0.7697
vn -0.0014 -0.5002 0.8659
vn 0.0010 -0.5205 0.8539
vn -0.0010 -0.3422 0.9396
vn 0.0006 -0.3569 0.9341
vn -0.0006 -0.1738 0.9848
vn 0.0002 -0.1815 0.9834
vn -0.0394 -0.0003 0.9992
vn -0.0608 -0.0000 0.9981
vn 0.0003 -0.0000 1.0000
vn -0.0005 -0.0000 1.0000
vn 0.0007 -0.0000 1.0000
vn -0.9128 0.4085 -0.0000
vn -0.8236 0.5672 -0.0000
vn -0.9127 0.4085 -0.0000
vn -0.9303 0.3668 -0.0000
vn -0.9207 0.3902 0.0036
vn -0.9169 0.3248 0.2322
vn -0.9252 0.3208 0.2026
vn -0.9302 0.3212 0.1777
vn -0.8698 0.4740 0.1372
vn -0.9995 -0.0000 -0.0327
vn -0.9994 -0.0007 -0.0332
vn -1.0000 -0.0000 0.0001
vn -1.0000 -0.0000 -0.0001
vn -0.9929 0.0027 0.1189
vn -0.9841 -0.0010 0.1774
vn -0.9995 0.0008 0.0308
vn -0.9877 0.0002 0.1563
vn -0.9992 -0.0000 0.0393
vn -0.9723 0.0024 0.2335
vn -0.9397 -0.0016 0.3421
vn -0.9511 0.0006 0.3089
vn -0.9368 -0.0000 0.3498
vn -0.9133 0.0397 0.4053
vn -0.9129 0.1002 0.3958
vn -0.8664 -0.0010 0.4994
vn -0.7661 -0.0000 0.6428
vn -0.8798 0.1022 0.4643
vn -0.8465 0.1029 0.5224
vn -0.6427 -0.0001 0.7661
vn -0.7952 0.1055 0.5971
vn -0.5634 0.0007 0.8262
vn -0.5002 0.0004 0.8659
vn -0.4511 -0.0007 0.8925
vn -0.3422 0.0012 0.9396
vn -0.3251 -0.0020 0.9457
vn -0.1913 0.0018 0.9815
vn -0.1857 -0.0028 0.9826
vn -0.1561 -0.0001 0.9877
vn -0.3089 0.0006 0.9511
vn -0.4539 0.0009 0.8910
vn -0.5878 0.0010 0.8090
vn -0.7071 0.0011 0.7071
vn -0.8090 0.0010 0.5878
vn -0.8910 0.0009 0.4539
vn -0.9915 -0.0003 -0.1303
vn -0.9836 0.0011 -0.1801
vn -0.9659 -0.0007 -0.2588
vn -0.9419 0.0004 -0.3358
vn -0.9236 0.0004 -0.3833
vn -0.8821 0.0007 -0.4710
vn -0.9243 -0.0016 -0.3817
vn -0.8819 -0.0000 -0.4714
vn -0.9915 -0.0004 -0.1299
vn -0.9656 -0.0014 -0.2601
vn -0.9836 0.0011 -0.1802
vn 1.0000 -0.0000 0.0001
vn 1.0000 -0.0000 -0.0002
vn 1.0000 -0.0000 -0.0001
vn 1.0000 0.0001 0.0001
vn -0.7056 0.7082 -0.0242
vn -0.7068 0.7068 -0.0315
vn -0.6985 0.7044 -0.1261
vn -0.6963 0.7116 -0.0936
vn -0.6654 0.7075 -0.2380
vn -0.6804 0.7109 -0.1779
vn -0.6535 0.7066 -0.2715
vn -0.6258 0.7082 -0.3268
vn -0.6236 0.7069 -0.3337
vn -0.6239 0.7069 -0.3331
vn -0.6533 0.7071 -0.2706
vn -0.6830 0.7071 -0.1830
vn -0.7010 0.7071 -0.0923
vn -0.7011 0.7071 -0.0923
vn -0.7069 0.7069 -0.0228
vn -0.7069 0.7069 -0.0235
vn -0.7054 -0.7082 -0.0298
vn -0.7071 -0.7072 -0.0000
vn -0.7069 -0.7069 -0.0228
vn -0.7017 -0.7065 -0.0916
vn -0.6931 -0.7105 -0.1217
vn -0.6841 -0.7059 -0.1833
vn -0.6535 -0.7066 -0.2715
vn -0.6610 -0.7105 -0.2411
vn -0.6236 -0.7069 -0.3337
vn -0.6258 -0.7082 -0.3268
vn -0.6240 -0.7069 -0.3331
vn -0.6533 -0.7071 -0.2706
vn -0.6830 -0.7071 -0.1830
vn -0.7011 -0.7071 -0.0923
vn -0.7069 -0.7069 -0.0235
vn -0.7068 -0.7068 0.0283
vn -0.7064 -0.7074 0.0254
vn -0.6990 -0.7063 0.1117
vn -0.6982 -0.7088 0.1010
vn -0.6744 -0.7047 0.2205
vn -0.6754 -0.7101 0.1989
vn -0.6331 -0.7027 0.3245
vn -0.6389 -0.7116 0.2924
vn -0.5761 -0.7005 0.4212
vn -0.5894 -0.7133 0.3793
vn -0.5041 -0.7070 0.4960
vn -0.5350 -0.7109 0.4565
vn -0.4645 -0.7049 0.5361
vn -0.4135 -0.7106 0.5693
vn -0.3832 -0.7050 0.5967
vn -0.3194 -0.7102 0.6273
vn -0.2942 -0.7054 0.6449
vn -0.2174 -0.7096 0.6702
vn -0.1991 -0.7060 0.6797
vn -0.1098 -0.7088 0.6968
vn -0.1002 -0.7067 0.7004
vn -0.0275 -0.7074 0.7062
vn -0.0249 -0.7069 0.7069
vn -0.9384 0.3454 0.0050
vn -0.9716 0.2367 -0.0009
vn -0.9607 0.2777 0.0007
vn -0.9836 0.1804 0.0010
vn -0.9996 0.0270 0.0023
vn -0.9983 0.0586 -0.0025
vn -0.9878 -0.1559 0.0026
vn -0.9925 -0.1221 -0.0027
vn -0.9427 -0.3336 0.0028
vn -0.9543 -0.2988 -0.0030
vn -0.8833 -0.4687 0.0019
vn -0.8859 -0.4639 -0.0002
vn -0.8436 -0.5370 0.0018
vn -0.7861 -0.6181 0.0018
vn -0.8203 -0.5720 0.0013
vn -0.8147 -0.5799 -0.0013
vn -0.7731 -0.6343 -0.0003
vn -0.6703 -0.7421 -0.0006
vn -0.6625 -0.7490 0.0005
vn -0.5235 -0.8520 -0.0005
vn -0.5168 -0.8561 0.0003
vn -0.3591 -0.9333 -0.0003
vn -0.3542 -0.9352 0.0002
vn -0.1826 -0.9832 -0.0002
vn -0.1800 -0.9837 0.0001
vn -0.0459 -0.9989 -0.0001
vn -0.0453 -0.9990 -0.0000
vn 0.0507 -0.9987 -0.0005
vn 0.0453 -0.9990 -0.0000
vn 0.2027 -0.9792 -0.0014
vn 0.1801 -0.9836 0.0004
vn 0.3973 -0.9177 -0.0021
vn 0.3547 -0.9350 0.0012
vn 0.5754 -0.8179 -0.0024
vn 0.5176 -0.8556 0.0017
vn 0.7300 -0.6835 -0.0016
vn 0.6635 -0.7482 0.0019
vn 0.7875 -0.6163 0.0021
vn 0.8643 -0.5029 0.0006
vn 0.8753 -0.4836 0.0002
vn -0.0002 -0.0001 -1.0000
vn -0.0003 -0.0000 -1.0000
vn -0.0002 -0.0000 -1.0000
vn -0.0000 -0.0002 -1.0000
vn -0.0007 -0.0000 -1.0000
vn -0.0003 -0.0001 -1.0000
vn -0.0000 -0.0003 -1.0000
vn 0.7070 0.7070 0.0183
vn 0.7070 0.7070 0.0187
vn 0.7070 -0.6008 0.3729
vn 0.7071 -0.6273 0.3265
vn 0.7076 -0.6371 0.3058
vn 0.7068 -0.6666 0.2370
vn 0.7103 -0.6715 0.2112
vn 0.7066 -0.6902 0.1560
vn 0.7114 -0.6947 0.1062
vn 0.7067 -0.7033 0.0771
vn 0.7070 -0.7070 0.0193
vn 0.7088 -0.7049 0.0261
vn 0.7070 -0.7070 0.0183
vn 0.7070 -0.7070 0.0187
vn 0.7032 -0.7071 0.0739
vn 0.6917 -0.7071 0.1470
vn 0.6725 -0.7071 0.2185
vn 0.6460 -0.7071 0.2876
vn 0.6214 -0.7070 0.3376
vn 0.6216 -0.7070 0.3373
vn 0.6239 -0.7069 0.3331
vn 0.6236 -0.7069 0.3337
vn 0.6533 -0.7071 0.2706
vn 0.6830 -0.7071 0.1830
vn 0.7010 -0.7071 0.0923
vn 0.7011 -0.7071 0.0923
vn 0.7069 -0.7069 0.0235
vn 0.7069 -0.7069 0.0228
vn 0.7067 -0.7067 0.0355
vn 0.7079 -0.7056 0.0316
vn 0.7053 -0.6948 0.1410
vn 0.7107 -0.6926 0.1233
vn 0.7013 -0.6570 0.2767
vn 0.7139 -0.6578 0.2401
vn 0.6961 -0.5935 0.4039
vn 0.7177 -0.6031 0.3482
vn 0.7087 -0.5051 0.4925
vn 0.7160 -0.5417 0.4404
vn 0.7037 -0.4565 0.5444
vn 0.7128 -0.3895 0.5832
vn 0.7042 -0.3543 0.6153
vn 0.7120 -0.2683 0.6489
vn 0.7050 -0.2414 0.6668
vn 0.7105 -0.1364 0.6904
vn 0.7064 -0.1215 0.6973
vn 0.7079 -0.0338 0.7055
vn 0.7068 -0.0303 0.7068
vn 0.7067 0.0355 0.7067
vn 0.7079 0.0316 0.7056
vn 0.7053 0.1411 0.6948
vn 0.7107 0.1233 0.6926
vn 0.7013 0.2767 0.6570
vn 0.7139 0.2401 0.6578
vn 0.6962 0.4038 0.5935
vn 0.7177 0.3481 0.6031
vn 0.7087 0.4925 0.5051
vn 0.7160 0.4404 0.5417
vn 0.7037 0.5444 0.4564
vn 0.7128 0.5832 0.3895
vn 0.7042 0.6153 0.3543
vn 0.7120 0.6489 0.2683
vn 0.7050 0.6668 0.2414
vn 0.7105 0.6903 0.1364
vn 0.7064 0.6973 0.1215
vn 0.7079 0.7055 0.0338
vn 0.7068 0.7068 0.0303
vn 0.7069 0.7069 0.0235
vn 0.7069 0.7069 0.0228
vn 0.7011 0.7071 0.0923
vn 0.6830 0.7071 0.1830
vn 0.6533 0.7071 0.2706
vn 0.6240 0.7069 0.3331
vn 0.6236 0.7069 0.3337
vn 0.6214 0.7070 0.3376
vn 0.6216 0.7070 0.3373
vn 0.6460 0.7071 0.2876
vn 0.6725 0.7071 0.2185
vn 0.6917 0.7071 0.1470
vn 0.7032 0.7071 0.0739
vn 0.9882 -0.1531 -0.0006
vn 0.9700 -0.2429 -0.0028
vn 0.9809 -0.1944 -0.0007
vn 0.9921 -0.1256 -0.0000
vn 0.9990 -0.0439 -0.0000
vn 0.9946 -0.1035 -0.0000
vn -0.6605 0.2540 0.7066
vn -0.6648 0.2702 0.6965
vn -0.9408 0.1887 0.2814
vn -0.8311 0.2228 0.5096
vn -0.8512 0.2086 0.4817
vn -0.7992 0.2441 0.5492
vn -0.8058 0.2263 0.5472
vn -0.7930 0.2681 0.5470
vn -0.7655 0.2520 0.5920
vn -0.7580 0.2202 0.6140
vn -0.7153 0.2625 0.6476
vn -0.7065 0.2318 0.6687
vn -0.0000 0.7098 -0.7044
vn -0.0000 0.7072 -0.7070
vn -0.0000 0.7071 -0.7071
vn -0.0000 0.7068 -0.7074
vn -0.0000 0.7070 -0.7073
vn -0.0000 0.7073 -0.7069
vn -0.0001 0.7070 -0.7072
vn -0.0000 0.7074 -0.7068
vn -0.0000 0.7069 -0.7073
vn -0.0000 0.7070 -0.7072
vn -0.0000 0.7075 -0.7068
vn 0.0003 0.7072 -0.7070
vn -0.0000 0.7052 -0.7090
vn 0.0015 0.7064 -0.7078
vn -0.0000 -0.7072 -0.7070
vn -0.0000 -0.7071 -0.7071
vn -0.0000 -0.7075 -0.7068
vn -0.0000 -0.7073 -0.7069
vn 0.7071 -0.0000 -0.7071
vn 0.7074 -0.0000 -0.7069
vn 0.7072 -0.0000 -0.7070
vn 0.7071 -0.0000 -0.7072
vn 0.7073 -0.0000 -0.7069
vn 0.7069 -0.0000 -0.7074
vn -0.9191 -0.3941 -0.0063
vn -0.9457 -0.3250 0.0050
vn -0.8811 -0.4728 0.0025
vn -0.9875 -0.1572 -0.0075
vn -0.9975 -0.0710 0.0060
vn -0.9960 0.0890 -0.0090
vn -0.9816 0.1906 0.0072
vn -0.9440 0.3298 -0.0106
vn -0.8968 0.4424 0.0087
vn -0.8363 0.5482 -0.0079
vn -0.7605 0.6493 0.0092
vn -0.6763 0.7367 -0.0015
vn -0.6309 0.7759 0.0063
vn -0.4742 0.8804 0.0007
vn -0.5177 0.8556 0.0014
vn -0.2443 0.9697 0.0003
vn -0.2703 0.9628 0.0017
vn -0.3956 0.9184 0.0010
vn -0.1231 0.9924 -0.0000
vn -0.0679 0.9977 0.0039
vn -0.1343 0.9909 0.0018
vn -0.8439 -0.5365 0.0007
vn -0.8199 -0.5725 0.0002
vn -0.0007 -0.0000 1.0000
vn -0.0003 -0.0000 1.0000
vn 0.1920 0.4617 0.8660
vn 0.3383 0.3682 0.8660
vn 0.0225 0.4995 0.8660
vn -0.1497 0.4771 0.8660
vn -0.3038 0.3971 0.8660
vn -0.4213 0.2692 0.8660
vn -0.4880 0.1089 0.8660
vn -0.4958 -0.0646 0.8660
vn -0.4438 -0.2303 0.8660
vn -0.3383 -0.3682 0.8660
vn -0.1920 -0.4617 0.8660
vn -0.0225 -0.4995 0.8660
vn 0.1497 -0.4771 0.8660
vn 0.3038 -0.3971 0.8660
vn 0.4213 -0.2692 0.8660
vn 0.4880 -0.1089 0.8660
vn 0.4958 0.0646 0.8660
vn 0.4438 0.2303 0.8660
vn -0.6708 -0.7300 0.1307
vn -0.4913 -0.8606 0.1344
vn -0.4094 -0.7713 0.4873
vn -0.5892 -0.6412 0.4916
vn -0.3400 -0.6200 0.7071
vn -0.4785 -0.5206 0.7071
vn -0.1752 -0.1909 0.9659
vn -0.1245 -0.2270 0.9659
vn -0.2868 -0.9469 0.1450
vn -0.2118 -0.9510 0.2252
vn -0.1817 -0.6833 0.7071
vn -0.1816 -0.6835 0.7070
vn -0.0665 -0.2501 0.9659
vn -0.0667 -0.9849 0.1597
vn 0.0360 -0.9811 0.1903
vn -0.0128 -0.7071 0.7070
vn -0.0047 -0.2589 0.9659
vn 0.1574 -0.9715 0.1771
vn 0.2817 -0.9480 0.1480
vn 0.1568 -0.6897 0.7070
vn 0.0574 -0.2523 0.9660
vn 0.3730 -0.9069 0.1959
vn 0.5101 -0.8543 0.0996
vn 0.3172 -0.6321 0.7070
vn 0.1161 -0.2313 0.9659
vn 0.1162 -0.2313 0.9659
vn 0.5533 -0.8020 0.2249
vn 0.4755 -0.7815 0.4040
vn 0.4592 -0.5377 0.7071
vn 0.1682 -0.1968 0.9659
vn 0.5959 -0.6156 0.5156
vn 0.7359 -0.6766 -0.0237
vn 0.5746 -0.4123 0.7070
vn 0.2104 -0.1509 0.9659
vn 0.7030 -0.4491 0.5515
vn 0.8739 -0.4792 -0.0818
vn 0.6566 -0.2627 0.7070
vn 0.6566 -0.2627 0.7071
vn 0.2403 -0.0962 0.9659
vn 0.7649 -0.2670 0.5861
vn 0.9566 -0.2543 -0.1421
vn 0.7006 -0.0979 0.7069
vn 0.7003 -0.0980 0.7071
vn 0.2564 -0.0359 0.9659
vn 0.2561 -0.0359 0.9660
vn 0.7811 -0.0808 0.6192
vn 0.9789 -0.0178 -0.2034
vn 0.7034 0.0724 0.7071
vn 0.2576 0.0266 0.9659
vn 0.7530 0.0981 0.6506
vn 0.9402 0.2137 -0.2651
vn 0.6657 0.2388 0.7070
vn 0.6657 0.2387 0.7070
vn 0.2437 0.0874 0.9659
vn 0.6856 0.2597 0.6801
vn 0.8449 0.4242 -0.3258
vn 0.5892 0.3910 0.7071
vn 0.2157 0.1432 0.9659
vn 0.5853 0.3960 0.7075
vn 0.7016 0.5995 -0.3852
vn 0.4784 0.5209 0.7069
vn 0.4784 0.5209 0.7070
vn 0.1752 0.1904 0.9659
vn 0.1752 0.1908 0.9659
vn 0.7523 0.6589 0.0014
vn 0.5930 0.8052 0.0014
vn 0.6765 0.7362 0.0200
vn 0.3453 0.6165 0.7076
vn 0.5379 0.7499 -0.3853
vn 0.2010 0.7053 0.6798
vn 0.3513 0.8777 -0.3259
vn 0.0342 0.7586 0.6507
vn 0.1336 0.9550 -0.2650
vn -0.1465 0.7714 0.6192
vn -0.1004 0.9740 -0.2032
vn -0.3306 0.7397 0.5861
vn -0.3341 0.9318 -0.1420
vn -0.5069 0.6624 0.5516
vn -0.5513 0.8303 -0.0819
vn -0.6636 0.5420 0.5156
vn -0.7360 0.6766 -0.0237
vn -0.8189 0.4077 0.4039
vn -0.8460 0.4834 0.2249
vn -0.9351 0.2951 0.1959
vn -0.8943 0.4362 0.0996
vn -0.9813 0.0748 0.1771
vn -0.9684 0.2006 0.1479
vn -0.9758 -0.1496 0.1597
vn -0.9806 -0.0469 0.1904
vn -0.9194 -0.3658 0.1449
vn -0.9298 -0.2913 0.2251
vn -0.8160 -0.5622 0.1344
vn -0.7340 -0.4731 0.4872
vn -0.2157 -0.1431 0.9659
vn -0.2437 -0.0874 0.9659
vn -0.2437 -0.0875 0.9659
vn -0.2575 -0.0266 0.9659
vn -0.2564 0.0359 0.9659
vn -0.2404 0.0962 0.9659
vn -0.2103 0.1509 0.9659
vn -0.1681 0.1970 0.9659
vn -0.1161 0.2315 0.9659
vn -0.1161 0.2314 0.9659
vn -0.0574 0.2525 0.9659
vn -0.0574 0.2524 0.9659
vn 0.0047 0.2588 0.9659
vn 0.0047 0.2587 0.9659
vn 0.0665 0.2502 0.9659
vn 0.1245 0.2270 0.9659
vn -0.5892 -0.3911 0.7070
vn -0.6656 -0.2388 0.7071
vn -0.7035 -0.0725 0.7070
vn -0.7003 0.0979 0.7071
vn -0.6566 0.2628 0.7070
vn -0.5747 0.4121 0.7070
vn -0.5746 0.4122 0.7070
vn -0.4592 0.5378 0.7070
vn -0.3172 0.6321 0.7070
vn -0.1567 0.6896 0.7070
vn -0.1567 0.6897 0.7070
vn 0.0128 0.7070 0.7071
vn 0.0128 0.7070 0.7070
vn 0.1817 0.6834 0.7071
vn 0.3399 0.6202 0.7069
vn 0.1032 0.0549 -0.9931
vn 0.2223 0.1429 -0.9645
vn 0.0800 0.0871 -0.9930
vn 0.1750 0.1906 -0.9659
vn 0.2125 0.4347 -0.8751
vn 0.4784 0.5207 -0.7071
vn 0.5824 0.6315 -0.5119
vn 0.3818 0.7662 -0.5169
vn 0.6718 0.7286 -0.1333
vn 0.3995 0.9078 -0.1281
vn 0.1123 0.0179 -0.9935
vn 0.2648 0.0797 -0.9610
vn 0.6107 0.3566 -0.7071
vn 0.6886 0.1608 -0.7071
vn 0.8138 0.2164 -0.5394
vn 0.7302 0.4429 -0.5202
vn 0.9822 0.1636 -0.0923
vn 0.8742 0.4703 -0.1208
vn 0.1086 -0.0177 -0.9939
vn 0.2920 -0.0000 -0.9564
vn 0.7054 -0.0494 -0.7071
vn 0.8255 -0.0250 -0.5639
vn 0.9860 -0.1578 -0.0539
vn 0.0948 -0.0489 -0.9943
vn 0.2943 -0.0915 -0.9513
vn 0.6595 -0.2552 -0.7071
vn 0.7457 -0.2316 -0.6247
vn 0.8874 -0.4609 -0.0091
vn 0.0734 -0.0734 -0.9946
vn 0.2660 -0.1845 -0.9462
vn 0.5549 -0.4383 -0.7071
vn 0.6289 -0.4308 -0.6472
vn 0.7175 -0.4095 -0.5635
vn 0.8310 -0.5517 0.0719
vn 0.6855 -0.7237 0.0799
vn 0.0467 -0.0901 -0.9948
vn 0.2063 -0.2681 -0.9410
vn 0.4012 -0.5823 -0.7071
vn 0.4614 -0.5822 -0.6695
vn 0.5379 -0.5738 -0.6176
vn 0.6125 -0.7719 0.1701
vn 0.4261 -0.8954 0.1295
vn 0.0171 -0.0982 -0.9950
vn 0.1190 -0.3301 -0.9364
vn 0.2117 -0.6746 -0.7072
vn 0.2611 -0.6743 -0.6908
vn 0.3266 -0.6700 -0.6666
vn 0.3360 -0.9024 0.2696
vn 0.1283 -0.9754 0.1792
vn -0.0131 -0.0978 -0.9951
vn 0.0129 -0.3604 -0.9327
vn 0.0034 -0.7071 -0.7071
vn 0.0482 -0.7018 -0.7107
vn 0.1082 -0.6949 -0.7109
vn 0.0393 -0.9296 0.3664
vn -0.1763 -0.9577 0.2276
vn -0.0415 -0.0885 -0.9952
vn -0.1000 -0.3536 -0.9300
vn -0.2052 -0.6766 -0.7072
vn -0.1578 -0.6659 -0.7291
vn -0.0954 -0.6547 -0.7499
vn -0.2388 -0.8566 0.4574
vn -0.4124 -0.9109 0.0124
vn -0.0614 -0.0681 -0.9958
vn -0.2056 -0.3089 -0.9286
vn -0.3958 -0.5861 -0.7070
vn -0.3378 -0.5764 -0.7441
vn -0.2667 -0.5606 -0.7839
vn -0.4655 -0.7015 0.5397
vn -0.0495 -0.0380 -0.9981
vn -0.1085 -0.0860 -0.9904
vn -0.8309 -0.4856 0.2717
vn -0.5507 -0.4433 -0.7073
vn -0.6570 -0.2616 -0.7071
vn -0.5503 -0.4438 -0.7072
vn -0.8617 -0.5031 0.0667
vn -0.6610 -0.5245 -0.5367
vn -0.0627 -0.0223 -0.9978
vn -0.1393 -0.0516 -0.9889
vn -0.9486 -0.2215 -0.2262
vn -0.7615 0.0016 -0.6482
vn -0.7049 -0.0564 -0.7071
vn -0.9723 -0.2269 0.0565
vn -0.7930 -0.2953 -0.5328
vn -0.0708 -0.0020 -0.9975
vn -0.1589 -0.0067 -0.9873
vn -0.8083 0.0568 -0.5861
vn -0.6474 0.1941 -0.7370
vn -0.6901 0.1538 -0.7072
vn -0.9968 0.0698 0.0400
vn -0.8506 -0.0359 -0.5245
vn -0.0795 0.0276 -0.9965
vn -0.4969 0.3224 -0.8057
vn -0.6019 0.2328 -0.7639
vn -0.6141 0.3505 -0.7071
vn -0.9325 0.3608 0.0164
vn -0.8276 0.2307 -0.5118
vn -0.0717 0.0549 -0.9959
vn -0.3584 0.4218 -0.8329
vn -0.4834 0.5159 -0.7072
vn -0.7323 0.4914 -0.4714
vn -0.7847 0.6197 -0.0137
vn -0.7513 0.6577 -0.0549
vn -0.9011 0.4298 -0.0584
vn -0.0544 0.0800 -0.9953
vn -0.2113 0.4822 -0.8502
vn -0.3100 0.6354 -0.7072
vn -0.5516 0.7012 -0.4517
vn -0.3600 0.8564 -0.3702
vn -0.5130 0.8554 -0.0723
vn -0.0279 0.0995 -0.9946
vn -0.0616 0.5034 -0.8619
vn -0.1088 0.6986 -0.7072
vn -0.0920 0.9368 -0.3375
vn -0.2235 0.9704 -0.0917
vn 0.0062 0.1097 -0.9939
vn 0.0827 0.4865 -0.8698
vn 0.1020 0.6995 -0.7073
vn 0.1847 0.9350 -0.3027
vn 0.0904 0.9896 -0.1116
vn 0.0441 0.1066 -0.9933
vn -0.6751 -0.7344 0.0700
vn -0.1320 -0.1436 -0.9808
vn -0.2699 -0.6465 -0.7135
vn -0.2980 -0.6425 -0.7059
vn -0.4753 -0.5172 -0.7117
vn -0.4784 -0.5206 -0.7071
vn -0.6140 -0.3414 -0.7116
vn -0.0309 -0.6974 -0.7160
vn -0.0852 -0.7054 -0.7037
vn 0.2094 -0.6645 -0.7173
vn 0.1380 -0.6983 -0.7023
vn 0.4234 -0.5527 -0.7179
vn 0.3486 -0.6214 -0.7017
vn 0.6007 -0.3639 -0.7118
vn 0.5248 -0.4822 -0.7014
vn 0.7103 -0.1796 -0.6806
vn 0.6806 -0.0748 -0.7288
vn 0.6328 -0.2625 -0.7285
vn 0.7159 0.0793 -0.6936
vn 0.6793 0.1383 -0.7207
vn 0.6350 0.3203 -0.7030
vn 0.6102 0.3428 -0.7142
vn 0.4797 0.5164 -0.7094
vn 0.4790 0.5171 -0.7094
vn 0.2699 0.6465 -0.7135
vn 0.2980 0.6426 -0.7059
vn 0.0309 0.6974 -0.7160
vn 0.0852 0.7054 -0.7037
vn -0.2094 0.6646 -0.7173
vn -0.1380 0.6984 -0.7023
vn -0.4234 0.5527 -0.7178
vn -0.3486 0.6215 -0.7016
vn -0.6007 0.3639 -0.7118
vn -0.5248 0.4822 -0.7014
vn -0.7103 0.1795 -0.6806
vn -0.6806 0.0748 -0.7288
vn -0.6328 0.2625 -0.7285
vn -0.7160 -0.0793 -0.6936
vn -0.6793 -0.1383 -0.7207
vn -0.6349 -0.3163 -0.7048
vn -0.4159 -0.9094 -0.0000
vn -0.6766 -0.7364 -0.0000
vn -0.8710 -0.4912 -0.0000
vn -0.9802 -0.1980 -0.0000
vn -0.9934 0.1146 -0.0000
vn -0.9094 0.4159 -0.0000
vn -0.7364 0.6766 -0.0000
vn -0.4912 0.8710 -0.0000
vn -0.1980 0.9802 -0.0000
vn 0.1146 0.9934 -0.0000
vn 0.4159 0.9094 -0.0000
vn 0.6766 0.7364 -0.0000
vn 0.8710 0.4912 -0.0000
vn 0.9802 0.1980 -0.0000
vn 0.9934 -0.1146 -0.0000
vn 0.9094 -0.4159 -0.0000
vn 0.7364 -0.6766 -0.0000
vn 0.4912 -0.8710 -0.0000
vn 0.1980 -0.9802 -0.0000
vn -0.1146 -0.9934 -0.0000
vn -0.4885 -0.8725 -0.0000
vn -0.8282 -0.5605 -0.0000
vn -0.9351 -0.3544 -0.0000
vn -0.9916 -0.1292 -0.0000
vn -0.9947 0.1030 -0.0000
vn -0.9441 0.3296 -0.0000
vn -0.8427 0.5384 -0.0000
vn -0.6958 0.7183 -0.0000
vn -0.5114 0.8594 -0.0000
vn -0.2994 0.9541 -0.0000
vn -0.0713 0.9975 -0.0000
vn 0.1606 0.9870 -0.0000
vn 0.3839 0.9234 -0.0000
vn 0.5865 0.8099 -0.0000
vn 0.7575 0.6528 -0.0000
vn 0.8876 0.4605 -0.0000
vn 0.8876 0.4606 -0.0000
vn 0.9699 0.2434 -0.0000
vn 0.9999 0.0132 -0.0000
vn 0.9760 -0.2178 -0.0000
vn 0.8995 -0.4370 -0.0000
vn 0.7745 -0.6326 -0.0000
vn 0.6077 -0.7942 -0.0000
vn 0.4082 -0.9129 -0.0000
vn 0.1866 -0.9824 -0.0000
vn -0.0450 -0.9990 -0.0000
vn -0.2741 -0.9617 -0.0000
vn 0.2994 -0.9541 -0.0000
vn -0.6766 -0.7363 -0.0000
vn -0.9760 0.2178 -0.0000
vn 0.0001 -0.0000 1.0000
vn 0.2472 0.4346 0.8660
vn 0.3810 0.3238 0.8660
vn 0.0837 0.4930 0.8660
vn -0.0900 0.4918 0.8660
vn -0.2528 0.4314 0.8660
vn -0.3851 0.3190 0.8660
vn -0.4709 0.1680 0.8660
vn -0.5000 -0.0032 0.8660
vn -0.4687 -0.1740 0.8660
vn -0.3810 -0.3238 0.8660
vn -0.2472 -0.4346 0.8660
vn -0.0837 -0.4930 0.8660
vn 0.0900 -0.4918 0.8660
vn 0.2528 -0.4314 0.8660
vn 0.3851 -0.3189 0.8660
vn 0.4709 -0.1680 0.8660
vn 0.5000 0.0032 0.8660
vn 0.4687 0.1740 0.8660
vn -0.7554 -0.6421 0.1307
vn -0.5932 -0.7937 0.1344
vn -0.5011 -0.7152 0.4873
vn -0.6635 -0.5640 0.4916
vn -0.4136 -0.5736 0.7070
vn -0.5386 -0.4581 0.7071
vn -0.1973 -0.1677 0.9659
vn -0.1514 -0.2099 0.9659
vn -0.1514 -0.2098 0.9659
vn -0.4010 -0.9045 0.1450
vn -0.3270 -0.9178 0.2253
vn -0.2642 -0.6560 0.7070
vn -0.0967 -0.2402 0.9659
vn -0.1872 -0.9693 0.1597
vn -0.0848 -0.9781 0.1903
vn -0.0996 -0.7001 0.7071
vn -0.0365 -0.2561 0.9659
vn 0.0369 -0.9835 0.1771
vn 0.1631 -0.9755 0.1478
vn 0.0709 -0.7035 0.7071
vn 0.0709 -0.7035 0.7072
vn 0.0258 -0.2574 0.9660
vn 0.0259 -0.2578 0.9659
vn 0.2588 -0.9458 0.1960
vn 0.4012 -0.9106 0.0996
vn 0.2372 -0.6662 0.7070
vn 0.0868 -0.2435 0.9660
vn 0.0869 -0.2439 0.9659
vn 0.4507 -0.8639 0.2249
vn 0.3760 -0.8340 0.4039
vn 0.3897 -0.5901 0.7070
vn 0.3897 -0.5901 0.7071
vn 0.1427 -0.2161 0.9659
vn 0.5160 -0.6841 0.5154
vn 0.6476 -0.7616 -0.0237
vn 0.5196 -0.4797 0.7071
vn 0.1903 -0.1756 0.9659
vn 0.6425 -0.5321 0.5514
vn 0.8085 -0.5828 -0.0818
vn 0.6193 -0.3414 0.7070
vn 0.2267 -0.1251 0.9659
vn 0.7264 -0.3589 0.5861
vn 0.9181 -0.3700 -0.1421
vn 0.6830 -0.1833 0.7071
vn 0.2501 -0.0671 0.9659
vn 0.7652 -0.1763 0.6192
vn 0.9694 -0.1378 -0.2033
vn 0.7070 -0.0145 0.7071
vn 0.2588 -0.0053 0.9659
vn 0.7594 0.0048 0.6506
vn 0.9594 0.0967 -0.2650
vn 0.6899 0.1551 0.7070
vn 0.2526 0.0568 0.9659
vn 0.7121 0.1738 0.6802
vn 0.8906 0.3172 -0.3259
vn 0.6327 0.3158 0.7070
vn 0.6328 0.3158 0.7070
vn 0.2317 0.1156 0.9659
vn 0.6294 0.3212 0.7076
vn 0.7700 0.5086 -0.3853
vn 0.5390 0.4579 0.7070
vn 0.5388 0.4581 0.7070
vn 0.1973 0.1678 0.9659
vn 0.1973 0.1677 0.9659
vn 0.8275 0.5615 0.0014
vn 0.6874 0.7263 0.0014
vn 0.7617 0.6477 0.0200
vn 0.4182 0.5696 0.7076
vn 0.6259 0.6781 -0.3853
vn 0.2860 0.6752 0.6799
vn 0.4565 0.8280 -0.3256
vn 0.1271 0.7487 0.6506
vn 0.2499 0.9313 -0.2649
vn -0.0508 0.7835 0.6193
vn 0.0200 0.9789 -0.2034
vn -0.2374 0.7746 0.5862
vn -0.2172 0.9657 -0.1420
vn -0.4217 0.7197 0.5515
vn -0.4452 0.8917 -0.0819
vn -0.5920 0.6195 0.5156
vn -0.6474 0.7618 -0.0236
vn -0.7625 0.5054 0.4040
vn -0.7800 0.5839 0.2250
vn -0.8919 0.4077 0.1959
vn -0.8341 0.5426 0.0994
vn -0.9647 0.1948 0.1771
vn -0.9364 0.3182 0.1479
vn -0.9867 -0.0286 0.1597
vn -0.9789 0.0739 0.1904
vn -0.9573 -0.2501 0.1449
vn -0.9585 -0.1749 0.2251
vn -0.8789 -0.4577 0.1344
vn -0.7865 -0.3794 0.4873
vn -0.2317 -0.1155 0.9659
vn -0.2526 -0.0568 0.9659
vn -0.2584 0.0053 0.9660
vn -0.2500 0.0671 0.9659
vn -0.2267 0.1250 0.9659
vn -0.1903 0.1757 0.9659
vn -0.1427 0.2160 0.9659
vn -0.1427 0.2159 0.9659
vn -0.0868 0.2439 0.9659
vn -0.0259 0.2576 0.9659
vn 0.0365 0.2564 0.9659
vn 0.0365 0.2563 0.9659
vn 0.0967 0.2399 0.9660
vn 0.0968 0.2399 0.9660
vn 0.1514 0.2098 0.9659
vn 0.1514 0.2099 0.9659
vn -0.6328 -0.3157 0.7071
vn -0.6899 -0.1552 0.7071
vn -0.7070 0.0144 0.7070
vn -0.6830 0.1832 0.7070
vn -0.6193 0.3413 0.7071
vn -0.5196 0.4797 0.7071
vn -0.5196 0.4797 0.7070
vn -0.3897 0.5901 0.7070
vn -0.3897 0.5902 0.7070
vn -0.2374 0.6661 0.7071
vn -0.2372 0.6663 0.7069
vn -0.0709 0.7037 0.7070
vn 0.0996 0.7002 0.7070
vn 0.2642 0.6560 0.7070
vn 0.4135 0.5737 0.7070
vn 0.1092 0.0417 -0.9931
vn 0.2382 0.1143 -0.9645
vn 0.0901 0.0765 -0.9930
vn 0.1971 0.1675 -0.9660
vn 0.2643 0.4056 -0.8750
vn 0.5387 0.4579 -0.7072
vn 0.6555 0.5551 -0.5119
vn 0.4730 0.7135 -0.5169
vn 0.7562 0.6406 -0.1333
vn 0.5080 0.8518 -0.1281
vn 0.1136 0.0039 -0.9935
vn 0.2727 0.0466 -0.9610
vn 0.6498 0.2789 -0.7071
vn 0.7032 0.0749 -0.7071
vn 0.8342 0.1148 -0.5394
vn 0.7791 0.3497 -0.5203
vn 0.9948 0.0417 -0.0924
vn 0.9254 0.3593 -0.1208
vn 0.1056 -0.0310 -0.9939
vn 0.2897 -0.0359 -0.9564
vn 0.6940 -0.1357 -0.7071
vn 0.8162 -0.1263 -0.5638
vn 0.9592 -0.2777 -0.0539
vn 0.0881 -0.0600 -0.9943
vn 0.2809 -0.1268 -0.9513
vn 0.6231 -0.3341 -0.7072
vn 0.7116 -0.3215 -0.6247
vn 0.8241 -0.5663 -0.0091
vn 0.0638 -0.0818 -0.9946
vn 0.2413 -0.2159 -0.9461
vn 0.4969 -0.5034 -0.7069
vn 0.5712 -0.5049 -0.6471
vn 0.6618 -0.4944 -0.5635
vn 0.7570 -0.6495 0.0719
vn 0.5915 -0.8024 0.0799
vn 0.0353 -0.0952 -0.9948
vn 0.1718 -0.2916 -0.9410
vn 0.3266 -0.6270 -0.7073
vn 0.3863 -0.6346 -0.6693
vn 0.4633 -0.6359 -0.6172
vn 0.5129 -0.8414 0.1702
vn 0.3129 -0.9409 0.1296
vn 0.0049 -0.0997 -0.9950
vn 0.0776 -0.3417 -0.9366
vn 0.1272 -0.6955 -0.7072
vn 0.1763 -0.7012 -0.6908
vn 0.2419 -0.7049 -0.6668
vn 0.2225 -0.9369 0.2697
vn 0.0075 -0.9838 0.1793
vn -0.0250 -0.0954 -0.9951
vn -0.0315 -0.3592 -0.9327
vn -0.0835 -0.7022 -0.7071
vn -0.0384 -0.7025 -0.7107
vn 0.0220 -0.7030 -0.7108
vn -0.0752 -0.9274 0.3665
vn -0.2926 -0.9287 0.2276
vn -0.0521 -0.0827 -0.9952
vn -0.1427 -0.3390 -0.9299
vn -0.2867 -0.6464 -0.7070
vn -0.2384 -0.6416 -0.7290
vn -0.1751 -0.6381 -0.7498
vn -0.3422 -0.8207 0.4575
vn -0.5212 -0.8533 0.0125
vn -0.0693 -0.0602 -0.9958
vn -0.2420 -0.2812 -0.9286
vn -0.4646 -0.5330 -0.7071
vn -0.4060 -0.5305 -0.7441
vn -0.3336 -0.5237 -0.7839
vn -0.5482 -0.6388 0.5398
vn -0.0538 -0.0316 -0.9981
vn -0.1184 -0.0722 -0.9903
vn -0.8846 -0.3795 0.2712
vn -0.6007 -0.3728 -0.7073
vn -0.6840 -0.1790 -0.7072
vn -0.6011 -0.3725 -0.7070
vn -0.9169 -0.3936 0.0667
vn -0.7203 -0.4392 -0.5369
vn -0.0649 -0.0144 -0.9978
vn -0.1443 -0.0343 -0.9889
vn -0.9685 -0.1035 -0.2264
vn -0.7561 0.0950 -0.6475
vn -0.7065 0.0306 -0.7070
vn -0.9928 -0.1058 0.0567
vn -0.8236 -0.1955 -0.5323
vn -0.0705 0.0068 -0.9975
vn -0.1581 0.0129 -0.9873
vn -0.7962 0.1554 -0.5847
vn -0.6187 0.2722 -0.7370
vn -0.6660 0.2375 -0.7071
vn -0.9806 0.1918 0.0397
vn -0.8486 0.0688 -0.5245
vn -0.0755 0.0372 -0.9965
vn -0.4535 0.3812 -0.8056
vn -0.5685 0.3051 -0.7640
vn -0.5664 0.4234 -0.7071
vn -0.8811 0.4726 0.0164
vn -0.7929 0.3307 -0.5118
vn -0.0644 0.0632 -0.9959
vn -0.3038 0.4625 -0.8329
vn -0.4164 0.5713 -0.7073
vn -0.6662 0.5780 -0.4713
vn -0.7028 0.7112 -0.0137
vn -0.6649 0.7449 -0.0549
vn -0.8414 0.5372 -0.0584
vn -0.0441 0.0860 -0.9953
vn -0.1504 0.5045 -0.8502
vn -0.2294 0.6690 -0.7070
vn -0.4614 0.7636 -0.4518
vn -0.2520 0.8942 -0.3700
vn -0.4040 0.9119 -0.0722
vn -0.0154 0.1023 -0.9946
vn 0.0007 0.5071 -0.8619
vn -0.0221 0.7065 -0.7073
vn 0.0238 0.9410 -0.3375
vn -0.1026 0.9905 -0.0917
vn 0.0196 0.1081 -0.9939
vn 0.1418 0.4725 -0.8698
vn 0.1872 0.6818 -0.7072
vn 0.2982 0.9053 -0.3026
vn 0.2112 0.9710 -0.1115
vn 0.0569 0.1005 -0.9933
vn -0.7600 -0.6462 0.0699
vn -0.1487 -0.1265 -0.9808
vn -0.3473 -0.6085 -0.7135
vn -0.3747 -0.6011 -0.7059
vn -0.5352 -0.4550 -0.7117
vn -0.5387 -0.4580 -0.7071
vn -0.6513 -0.2634 -0.7116
vn -0.1163 -0.6883 -0.7160
vn -0.1712 -0.6896 -0.7037
vn 0.1262 -0.6852 -0.7173
vn 0.0512 -0.7100 -0.7024
vn 0.3523 -0.6005 -0.7178
vn 0.2696 -0.6596 -0.7016
vn 0.5515 -0.4349 -0.7118
vn 0.4616 -0.5430 -0.7014
vn 0.6829 -0.2655 -0.6806
vn 0.6662 -0.1579 -0.7288
vn 0.5958 -0.3382 -0.7285
vn 0.7203 -0.0092 -0.6936
vn 0.6911 0.0538 -0.7207
vn 0.6695 0.2398 -0.7030
vn 0.6477 0.2652 -0.7143
vn 0.5395 0.4535 -0.7094
vn 0.5389 0.4543 -0.7094
vn 0.3473 0.6085 -0.7135
vn 0.3747 0.6011 -0.7059
vn 0.1163 0.6884 -0.7160
vn 0.1712 0.6896 -0.7037
vn -0.1262 0.6853 -0.7173
vn -0.0512 0.7100 -0.7023
vn -0.3523 0.6005 -0.7178
vn -0.2696 0.6596 -0.7016
vn -0.5515 0.4349 -0.7118
vn -0.4616 0.5430 -0.7014
vn -0.6829 0.2655 -0.6806
vn -0.6662 0.1579 -0.7288
vn -0.5958 0.3382 -0.7285
vn -0.7203 0.0092 -0.6936
vn -0.6911 -0.0538 -0.7207
vn -0.6690 -0.2359 -0.7048
vn -0.5245 -0.8514 -0.0000
vn -0.7619 -0.6477 -0.0000
vn -0.9248 -0.3805 -0.0000
vn -0.9971 -0.0761 -0.0000
vn -0.9718 0.2357 -0.0000
vn -0.8514 0.5245 -0.0000
vn -0.6477 0.7619 -0.0000
vn -0.3805 0.9248 -0.0000
vn -0.0761 0.9971 -0.0000
vn 0.2357 0.9718 -0.0000
vn 0.5245 0.8514 -0.0000
vn 0.7619 0.6477 -0.0000
vn 0.9248 0.3805 -0.0000
vn 0.9971 0.0761 -0.0000
vn 0.9718 -0.2357 -0.0000
vn 0.8514 -0.5245 -0.0000
vn 0.6477 -0.7619 -0.0000
vn 0.3805 -0.9248 -0.0000
vn 0.0761 -0.9971 -0.0000
vn -0.2357 -0.9718 -0.0000
vn -0.5920 -0.8059 -0.0000
vn -0.8907 -0.4545 -0.0000
vn -0.9715 -0.2368 -0.0000
vn -1.0000 -0.0064 -0.0000
vn -0.9745 0.2244 -0.0000
vn -0.8965 0.4431 -0.0000
vn -0.7701 0.6379 -0.0000
vn -0.6023 0.7983 -0.0000
vn -0.4019 0.9157 -0.0000
vn -0.1799 0.9837 -0.0000
vn 0.0518 0.9987 -0.0000
vn 0.2807 0.9598 -0.0000
vn 0.4945 0.8692 -0.0000
vn 0.6816 0.7318 -0.0000
vn 0.8320 0.5548 -0.0000
vn 0.9375 0.3480 -0.0000
vn 0.9925 0.1224 -0.0000
vn 0.9940 -0.1097 -0.0000
vn 0.9419 -0.3360 -0.0000
vn 0.8390 -0.5442 -0.0000
vn 0.6909 -0.7230 -0.0000
vn 0.5055 -0.8628 -0.0000
vn 0.2929 -0.9561 -0.0000
vn 0.0645 -0.9979 -0.0000
vn -0.1673 -0.9859 -0.0000
vn -0.3902 -0.9207 -0.0000
vn 0.1799 -0.9837 -0.0000
vn -0.9419 0.3360 -0.0000
vt 0.000000 0.000000
s 1
usemtl Material.010
f 4/1/1 96/1/1 2/1/2
f 2/1/2 96/1/1 50/1/2
f 2/1/2 50/1/2 48/1/3
f 48/1/3 50/1/2 52/1/3
f 48/1/3 52/1/3 53/1/4
f 48/1/3 53/1/4 46/1/4
f 46/1/4 53/1/4 55/1/5
f 46/1/4 55/1/5 44/1/5
f 44/1/5 55/1/5 58/1/6
f 44/1/5 58/1/6 42/1/6
f 42/1/6 58/1/6 60/1/7
f 42/1/6 60/1/7 40/1/7
f 40/1/7 60/1/7 61/1/8
f 40/1/7 61/1/8 38/1/8
f 38/1/8 61/1/8 64/1/9
f 38/1/8 64/1/9 36/1/9
f 36/1/9 64/1/9 66/1/10
f 36/1/9 66/1/10 34/1/10
f 34/1/10 66/1/10 68/1/11
f 34/1/10 68/1/11 32/1/11
f 32/1/11 68/1/11 70/1/12
f 32/1/11 70/1/12 30/1/12
f 30/1/12 70/1/12 72/1/13
f 30/1/12 72/1/13 28/1/13
f 28/1/13 72/1/13 74/1/14
f 28/1/13 74/1/14 26/1/14
f 26/1/14 74/1/14 76/1/15
f 26/1/14 76/1/15 24/1/15
f 24/1/15 76/1/15 78/1/16
f 24/1/15 78/1/16 22/1/16
f 22/1/16 78/1/16 80/1/17
f 22/1/16 80/1/17 20/1/17
f 20/1/17 80/1/17 82/1/18
f 20/1/17 82/1/18 18/1/18
f 18/1/18 82/1/18 84/1/19
f 18/1/18 84/1/19 16/1/19
f 16/1/19 84/1/19 86/1/20
f 16/1/19 86/1/20 14/1/20
f 14/1/20 86/1/20 88/1/21
f 14/1/20 88/1/21 12/1/21
f 12/1/21 88/1/21 90/1/22
f 12/1/21 90/1/22 10/1/22
f 10/1/22 90/1/22 92/1/23
f 10/1/22 92/1/23 8/1/23
f 8/1/23 92/1/23 94/1/24
f 8/1/23 94/1/24 6/1/24
f 6/1/24 94/1/24 96/1/1
f 6/1/24 96/1/1 4/1/1
f 100/1/1 192/1/1 98/1/2
f 98/1/2 192/1/1 145/1/2
f 98/1/2 145/1/2 144/1/3
f 144/1/3 145/1/2 148/1/3
f 144/1/3 148/1/3 149/1/4
f 144/1/3 149/1/4 142/1/4
f 142/1/4 149/1/4 152/1/5
f 142/1/4 152/1/5 140/1/5
f 140/1/5 152/1/5 154/1/6
f 140/1/5 154/1/6 138/1/6
f 138/1/6 154/1/6 156/1/7
f 138/1/6 156/1/7 136/1/7
f 136/1/7 156/1/7 158/1/8
f 136/1/7 158/1/8 133/1/8
f 133/1/8 158/1/8 160/1/9
f 133/1/8 160/1/9 132/1/9
f 132/1/9 160/1/9 162/1/10
f 132/1/9 162/1/10 130/1/10
f 130/1/10 162/1/10 164/1/11
f 130/1/10 164/1/11 128/1/11
f 128/1/11 164/1/11 166/1/12
f 128/1/11 166/1/12 126/1/12
f 126/1/12 166/1/12 168/1/13
f 126/1/12 168/1/13 124/1/13
f 124/1/13 168/1/13 170/1/14
f 124/1/13 170/1/14 122/1/14
f 122/1/14 170/1/14 172/1/15
f 122/1/14 172/1/15 120/1/15
f 120/1/15 172/1/15 174/1/16
f 120/1/15 174/1/16 118/1/16
f 118/1/16 174/1/16 176/1/17
f 118/1/16 176/1/17 116/1/17
f 116/1/17 176/1/17 178/1/18
f 116/1/17 178/1/18 114/1/18
f 114/1/18 178/1/18 180/1/19
f 114/1/18 180/1/19 112/1/19
f 112/1/19 180/1/19 182/1/20
f 112/1/19 182/1/20 109/1/20
f 109/1/20 182/1/20 184/1/21
f 109/1/20 184/1/21 108/1/21
f 108/1/21 184/1/21 186/1/22
f 108/1/21 186/1/22 106/1/22
f 106/1/22 186/1/22 188/1/23
f 106/1/22 188/1/23 104/1/23
f 104/1/23 188/1/23 190/1/24
f 104/1/23 190/1/24 102/1/24
f 102/1/24 190/1/24 192/1/1
f 102/1/24 192/1/1 100/1/1
f 195/1/25 198/1/26 123/1/27
f 195/1/25 123/1/27 121/1/28
f 198/1/26 200/1/29 125/1/30
f 198/1/26 125/1/30 123/1/27
f 200/1/29 202/1/31 127/1/32
f 200/1/29 127/1/32 125/1/30
f 202/1/31 204/1/33 129/1/34
f 202/1/31 129/1/34 127/1/32
f 204/1/33 206/1/35 131/1/36
f 204/1/33 131/1/36 129/1/34
f 206/1/35 208/1/37 134/1/38
f 206/1/35 134/1/38 131/1/36
f 208/1/37 210/1/39 135/1/40
f 208/1/37 135/1/40 134/1/38
f 210/1/39 212/1/41 137/1/42
f 210/1/39 137/1/42 135/1/40
f 212/1/41 214/1/43 139/1/44
f 212/1/41 139/1/44 137/1/42
f 214/1/43 216/1/45 141/1/46
f 214/1/43 141/1/46 139/1/44
f 216/1/45 218/1/47 143/1/48
f 216/1/45 143/1/48 141/1/46
f 143/1/48 218/1/47 97/1/49
f 97/1/49 218/1/47 220/1/50
f 97/1/49 220/1/50 222/1/51
f 97/1/49 222/1/51 99/1/52
f 99/1/52 222/1/51 224/1/53
f 99/1/52 224/1/53 101/1/54
f 101/1/54 224/1/53 226/1/55
f 101/1/54 226/1/55 103/1/56
f 103/1/56 226/1/55 228/1/57
f 103/1/56 228/1/57 105/1/58
f 105/1/58 228/1/57 230/1/59
f 105/1/58 230/1/59 107/1/60
f 107/1/60 230/1/59 232/1/61
f 107/1/60 232/1/61 110/1/62
f 110/1/62 232/1/61 234/1/63
f 110/1/62 234/1/63 111/1/64
f 111/1/64 234/1/63 236/1/65
f 111/1/64 236/1/65 113/1/66
f 113/1/66 236/1/65 239/1/67
f 113/1/66 239/1/67 115/1/68
f 115/1/68 239/1/67 242/1/69
f 115/1/68 242/1/69 117/1/70
f 117/1/70 242/1/69 244/1/71
f 117/1/70 244/1/71 119/1/72
f 119/1/72 244/1/71 246/1/73
f 246/1/73 195/1/25 121/1/28
f 246/1/73 121/1/28 119/1/72
f 249/1/74 251/1/75 288/1/76
f 249/1/74 288/1/76 291/1/77
f 251/1/75 253/1/78 286/1/79
f 251/1/75 286/1/79 288/1/76
f 253/1/78 255/1/80 284/1/81
f 253/1/78 284/1/81 286/1/79
f 255/1/80 257/1/82 283/1/83
f 255/1/80 283/1/83 284/1/81
f 257/1/82 259/1/84 280/1/85
f 257/1/82 280/1/85 283/1/83
f 259/1/84 261/1/86 279/1/87
f 259/1/84 279/1/87 280/1/85
f 261/1/86 262/1/88 279/1/87
f 279/1/87 262/1/88 265/1/89
f 279/1/87 265/1/89 277/1/90
f 277/1/90 265/1/89 267/1/91
f 277/1/90 267/1/91 274/1/92
f 274/1/92 267/1/91 269/1/93
f 269/1/93 271/1/94 272/1/95
f 269/1/93 272/1/95 274/1/92
f 293/1/96 295/1/97 291/1/77
f 291/1/77 295/1/97 297/1/98
f 291/1/77 297/1/98 249/1/74
f 299/1/99 301/1/100 330/1/100
f 299/1/99 330/1/100 332/1/101
f 301/1/100 303/1/102 328/1/103
f 301/1/100 328/1/103 330/1/100
f 303/1/102 305/1/104 326/1/104
f 303/1/102 326/1/104 328/1/103
f 305/1/104 307/1/105 324/1/105
f 305/1/104 324/1/105 326/1/104
f 307/1/105 309/1/106 322/1/107
f 307/1/105 322/1/107 324/1/105
f 309/1/106 311/1/108 320/1/109
f 309/1/106 320/1/109 322/1/107
f 311/1/108 313/1/110 318/1/110
f 311/1/108 318/1/110 320/1/109
f 313/1/110 315/1/111 316/1/112
f 313/1/110 316/1/112 318/1/110
f 333/1/113 331/1/114 349/1/114
f 333/1/113 349/1/114 351/1/113
f 331/1/114 329/1/115 347/1/115
f 331/1/114 347/1/115 349/1/114
f 329/1/115 327/1/116 345/1/117
f 329/1/115 345/1/117 347/1/115
f 327/1/116 325/1/118 343/1/118
f 327/1/116 343/1/118 345/1/117
f 325/1/118 323/1/119 341/1/119
f 325/1/118 341/1/119 343/1/118
f 323/1/119 321/1/120 339/1/120
f 323/1/119 339/1/120 341/1/119
f 321/1/120 319/1/121 337/1/121
f 321/1/120 337/1/121 339/1/120
f 319/1/121 317/1/122 335/1/123
f 319/1/121 335/1/123 337/1/121
f 352/1/124 354/1/125 393/1/126
f 352/1/124 393/1/126 395/1/127
f 354/1/125 357/1/128 391/1/128
f 354/1/125 391/1/128 393/1/126
f 357/1/128 359/1/129 389/1/129
f 357/1/128 389/1/129 391/1/128
f 359/1/129 361/1/130 387/1/130
f 359/1/129 387/1/130 389/1/129
f 361/1/130 363/1/131 385/1/132
f 361/1/130 385/1/132 387/1/130
f 363/1/131 365/1/133 383/1/133
f 363/1/131 383/1/133 385/1/132
f 365/1/133 367/1/134 381/1/135
f 365/1/133 381/1/135 383/1/133
f 367/1/134 369/1/136 374/1/137
f 367/1/134 374/1/137 379/1/138
f 367/1/134 379/1/138 381/1/135
f 369/1/136 371/1/139 374/1/137
f 374/1/137 377/1/140 379/1/138
s 0
f 396/1/141 399/1/141 412/1/141
f 412/1/142 399/1/142 401/1/142
f 412/1/142 401/1/142 410/1/142
f 410/1/142 401/1/142 408/1/142
s 1
f 408/1/142 401/1/142 403/1/143
f 408/1/142 403/1/143 406/1/143
s 0
f 415/1/142 418/1/142 460/1/142
f 415/1/142 460/1/142 462/1/142
f 418/1/142 420/1/142 460/1/142
f 460/1/142 420/1/142 422/1/142
f 460/1/144 422/1/144 458/1/144
f 458/1/142 422/1/142 424/1/142
f 458/1/142 424/1/142 456/1/142
f 456/1/142 424/1/142 426/1/142
f 456/1/142 426/1/142 454/1/142
f 454/1/142 426/1/142 428/1/142
f 454/1/142 428/1/142 452/1/142
f 452/1/142 428/1/142 430/1/142
f 452/1/142 430/1/142 450/1/142
f 450/1/142 430/1/142 448/1/142
f 448/1/142 430/1/142 432/1/142
f 448/1/142 432/1/142 438/1/142
f 438/1/141 432/1/141 434/1/141
f 438/1/142 434/1/142 436/1/142
f 448/1/142 438/1/142 446/1/142
f 446/1/142 438/1/142 440/1/142
f 446/1/142 440/1/142 444/1/142
f 444/1/144 440/1/144 442/1/144
f 467/1/145 516/1/145 465/1/145
f 465/1/146 516/1/146 518/1/146
f 465/1/146 518/1/146 520/1/146
f 469/1/145 471/1/145 467/1/145
s 1
f 467/1/147 471/1/147 473/1/147
s 0
f 467/1/145 473/1/145 475/1/145
f 475/1/145 477/1/145 514/1/145
f 475/1/145 514/1/145 516/1/145
f 477/1/145 479/1/145 512/1/145
f 477/1/146 512/1/146 514/1/146
f 479/1/145 481/1/145 510/1/145
f 479/1/145 510/1/145 512/1/145
f 481/1/145 483/1/145 508/1/145
f 481/1/145 508/1/145 510/1/145
f 483/1/145 485/1/145 497/1/145
f 483/1/145 497/1/145 499/1/145
f 485/1/145 487/1/145 493/1/145
f 485/1/145 493/1/145 495/1/145
f 489/1/146 491/1/146 487/1/146
f 487/1/145 491/1/145 493/1/145
f 495/1/145 497/1/145 485/1/145
f 501/1/145 504/1/145 499/1/145
f 499/1/145 504/1/145 506/1/145
f 499/1/145 506/1/145 508/1/145
f 499/1/145 508/1/145 483/1/145
f 520/1/148 522/1/148 465/1/148
f 475/1/145 516/1/145 467/1/145
s 1
f 441/1/149 439/1/150 468/1/150
f 441/1/149 468/1/150 466/1/149
f 524/1/151 527/1/145 538/1/152
f 538/1/152 527/1/145 370/1/145
f 538/1/152 370/1/145 368/1/145
f 538/1/152 368/1/145 536/1/145
s 0
f 536/1/145 368/1/145 366/1/145
f 527/1/146 529/1/146 370/1/146
f 370/1/148 529/1/148 531/1/148
f 366/1/145 364/1/145 536/1/145
f 536/1/145 364/1/145 362/1/145
f 536/1/145 362/1/145 360/1/145
f 536/1/145 360/1/145 534/1/145
f 534/1/145 360/1/145 358/1/145
f 358/1/145 356/1/145 534/1/145
f 534/1/145 356/1/145 355/1/145
f 534/1/145 355/1/145 353/1/145
s 1
f 525/1/153 554/1/153 555/1/153
s 0
f 563/1/154 564/1/154 404/1/154
f 573/1/20 575/1/20 594/1/20
f 594/1/20 575/1/20 586/1/20
f 594/1/20 586/1/20 588/1/20
s 1
f 374/1/137 371/1/139 575/1/20
f 575/1/20 371/1/139 578/1/20
s 0
f 575/1/20 578/1/20 580/1/20
s 1
f 371/1/139 532/1/20 578/1/20
s 0
f 580/1/20 582/1/20 575/1/20
f 575/1/20 582/1/20 584/1/20
f 575/1/20 584/1/20 586/1/20
f 588/1/155 590/1/155 594/1/155
f 594/1/156 590/1/156 592/1/156
s 1
f 598/1/157 600/1/8 500/1/158
f 500/1/158 600/1/8 627/1/8
f 500/1/158 627/1/8 502/1/8
s 0
f 603/1/8 607/1/8 600/1/8
f 600/1/8 607/1/8 609/1/8
f 600/1/8 609/1/8 617/1/8
f 617/1/8 609/1/8 615/1/8
f 615/1/8 609/1/8 613/1/8
f 613/1/159 609/1/159 611/1/159
f 617/1/8 619/1/8 600/1/8
f 600/1/8 619/1/8 621/1/8
f 600/1/8 621/1/8 623/1/8
f 623/1/8 625/1/8 600/1/8
f 600/1/8 625/1/8 627/1/8
s 1
f 610/1/160 605/1/145 13/1/145
s 0
f 13/1/145 605/1/145 629/1/145
f 13/1/145 629/1/145 631/1/145
f 631/1/145 633/1/145 233/1/145
f 631/1/145 233/1/145 231/1/145
f 237/1/145 235/1/145 633/1/145
f 633/1/145 235/1/145 233/1/145
s 1
f 231/1/147 229/1/147 631/1/147
s 0
f 631/1/145 229/1/145 15/1/145
f 631/1/146 15/1/146 13/1/146
f 229/1/145 227/1/145 15/1/145
f 15/1/161 227/1/161 17/1/161
f 17/1/145 227/1/145 225/1/145
f 17/1/145 225/1/145 19/1/145
f 19/1/145 225/1/145 223/1/145
f 19/1/145 223/1/145 21/1/145
f 21/1/145 223/1/145 221/1/145
f 21/1/148 221/1/148 23/1/148
f 23/1/145 221/1/145 219/1/145
f 23/1/145 219/1/145 25/1/145
f 25/1/145 219/1/145 217/1/145
f 25/1/145 217/1/145 27/1/145
f 27/1/145 217/1/145 215/1/145
f 27/1/145 215/1/145 29/1/145
f 29/1/145 215/1/145 213/1/145
f 29/1/145 213/1/145 31/1/145
f 31/1/146 213/1/146 211/1/146
f 31/1/147 211/1/147 33/1/147
f 33/1/145 211/1/145 209/1/145
f 33/1/145 209/1/145 35/1/145
f 35/1/161 209/1/161 207/1/161
f 35/1/145 207/1/145 37/1/145
f 37/1/145 207/1/145 572/1/145
s 1
f 37/1/145 572/1/145 595/1/162
s 0
f 207/1/145 205/1/145 572/1/145
f 572/1/145 205/1/145 203/1/145
f 572/1/145 203/1/145 201/1/145
f 201/1/145 199/1/145 572/1/145
f 572/1/145 199/1/145 197/1/145
f 572/1/145 197/1/145 193/1/145
s 1
f 37/1/145 595/1/162 39/1/145
f 39/1/145 595/1/162 635/1/163
f 39/1/145 635/1/163 41/1/148
f 41/1/148 635/1/163 43/1/146
f 43/1/146 635/1/163 45/1/148
f 45/1/148 635/1/163 636/1/164
f 45/1/148 636/1/164 47/1/145
f 47/1/145 636/1/164 1/1/145
f 1/1/145 636/1/164 637/1/165
f 1/1/145 637/1/165 3/1/145
f 3/1/145 637/1/165 5/1/145
f 5/1/145 637/1/165 7/1/145
f 7/1/145 637/1/165 610/1/160
f 7/1/145 610/1/160 9/1/145
f 9/1/145 610/1/160 11/1/166
f 11/1/166 610/1/160 13/1/145
s 0
f 463/1/8 639/1/8 642/1/8
f 463/1/8 642/1/8 416/1/8
f 645/1/20 397/1/20 413/1/20
f 645/1/20 413/1/20 648/1/20
f 641/1/142 638/1/142 650/1/142
f 641/1/142 650/1/142 660/1/142
f 660/1/142 650/1/142 652/1/142
f 660/1/142 652/1/142 658/1/142
f 658/1/142 652/1/142 654/1/142
f 658/1/142 654/1/142 656/1/142
f 656/1/142 654/1/142 644/1/142
f 656/1/142 644/1/142 647/1/142
s 1
f 570/1/167 406/1/143 403/1/143
f 570/1/167 403/1/143 556/1/167
s 0
f 568/1/167 570/1/167 556/1/167
f 568/1/168 556/1/168 558/1/168
f 565/1/167 568/1/167 558/1/167
f 565/1/167 558/1/167 560/1/167
f 549/1/169 551/1/169 540/1/169
f 549/1/170 540/1/170 543/1/170
f 547/1/170 549/1/170 543/1/170
f 547/1/171 543/1/171 545/1/171
s 1
f 538/1/152 547/1/171 545/1/170
f 538/1/152 545/1/170 524/1/151
s 0
f 561/1/20 541/1/20 552/1/20
f 561/1/20 552/1/20 566/1/20
s 1
f 539/1/172 537/1/173 411/1/174
f 539/1/172 411/1/174 409/1/175
f 537/1/173 535/1/176 414/1/177
f 537/1/173 414/1/177 411/1/174
f 535/1/176 352/1/124 659/1/178
f 535/1/176 659/1/178 657/1/179
f 535/1/176 657/1/179 414/1/177
f 414/1/177 657/1/179 649/1/180
f 352/1/124 395/1/127 659/1/178
f 659/1/178 395/1/127 663/1/181
f 659/1/178 663/1/181 664/1/182
f 659/1/178 664/1/182 661/1/183
f 661/1/183 664/1/182 667/1/184
f 667/1/184 490/1/185 661/1/183
f 661/1/183 490/1/185 488/1/186
f 661/1/183 488/1/186 417/1/187
f 661/1/183 417/1/187 643/1/188
f 488/1/186 486/1/189 419/1/190
f 488/1/186 419/1/190 417/1/187
f 486/1/189 484/1/191 423/1/192
f 486/1/189 423/1/192 421/1/193
f 421/1/193 419/1/190 486/1/189
f 409/1/175 407/1/194 539/1/172
f 539/1/172 407/1/194 571/1/195
f 539/1/172 571/1/195 548/1/195
f 548/1/195 571/1/195 569/1/196
f 548/1/195 569/1/196 550/1/196
f 550/1/196 569/1/196 567/1/197
f 550/1/196 567/1/197 553/1/197
f 628/1/198 668/1/199 503/1/200
f 503/1/200 668/1/199 651/1/201
f 503/1/200 651/1/201 464/1/200
f 464/1/200 651/1/201 640/1/202
f 668/1/199 669/1/203 651/1/201
f 651/1/201 669/1/203 670/1/204
f 651/1/201 670/1/204 653/1/205
f 653/1/205 670/1/204 655/1/206
f 655/1/206 670/1/204 533/1/207
f 655/1/206 533/1/207 398/1/207
f 398/1/207 533/1/207 530/1/208
f 398/1/207 530/1/208 400/1/208
f 400/1/208 530/1/208 402/1/209
f 402/1/209 530/1/208 528/1/209
f 402/1/209 528/1/209 405/1/210
f 405/1/210 528/1/209 526/1/210
f 670/1/204 579/1/211 533/1/207
f 526/1/210 546/1/212 557/1/212
f 526/1/210 557/1/212 405/1/210
f 546/1/212 544/1/213 559/1/213
f 546/1/212 559/1/213 557/1/212
f 544/1/213 542/1/214 562/1/214
f 544/1/213 562/1/214 559/1/213
f 398/1/207 646/1/119 655/1/206
f 464/1/200 461/1/215 505/1/215
f 464/1/200 505/1/215 503/1/200
f 461/1/215 459/1/216 507/1/216
f 461/1/215 507/1/216 505/1/215
f 459/1/216 457/1/217 509/1/217
f 459/1/216 509/1/217 507/1/216
f 484/1/191 482/1/218 425/1/218
f 484/1/191 425/1/218 423/1/192
f 482/1/218 480/1/219 427/1/219
f 482/1/218 427/1/219 425/1/218
f 480/1/219 478/1/220 429/1/220
f 480/1/219 429/1/220 427/1/219
f 478/1/220 476/1/221 431/1/221
f 478/1/220 431/1/221 429/1/220
f 476/1/221 474/1/222 433/1/222
f 476/1/221 433/1/222 431/1/221
f 474/1/222 472/1/223 435/1/223
f 474/1/222 435/1/223 433/1/222
f 472/1/223 470/1/224 437/1/224
f 472/1/223 437/1/224 435/1/223
f 470/1/224 468/1/150 439/1/150
f 470/1/224 439/1/150 437/1/224
f 457/1/217 455/1/225 511/1/225
f 457/1/217 511/1/225 509/1/217
f 455/1/225 453/1/226 513/1/226
f 455/1/225 513/1/226 511/1/225
f 453/1/226 451/1/227 515/1/227
f 453/1/226 515/1/227 513/1/226
f 451/1/227 449/1/228 517/1/229
f 451/1/227 517/1/229 515/1/227
f 449/1/228 447/1/230 519/1/230
f 449/1/228 519/1/230 517/1/229
f 447/1/230 445/1/231 521/1/231
f 447/1/230 521/1/231 519/1/230
f 445/1/231 443/1/232 523/1/232
f 445/1/231 523/1/232 521/1/231
f 443/1/232 441/1/149 466/1/149
f 443/1/232 466/1/149 523/1/232
f 628/1/198 626/1/233 682/1/234
f 628/1/198 682/1/234 668/1/199
f 668/1/199 682/1/234 681/1/235
f 668/1/199 681/1/235 669/1/203
f 669/1/203 681/1/235 686/1/236
f 669/1/203 686/1/236 670/1/204
f 670/1/204 686/1/236 581/1/237
f 670/1/204 581/1/237 579/1/211
f 626/1/233 624/1/238 682/1/234
f 682/1/234 624/1/238 673/1/239
f 682/1/234 673/1/239 680/1/240
f 682/1/234 680/1/240 681/1/235
f 681/1/235 680/1/240 685/1/241
f 681/1/235 685/1/241 686/1/236
f 686/1/236 685/1/241 583/1/242
f 686/1/236 583/1/242 581/1/237
f 624/1/238 622/1/243 673/1/239
f 673/1/239 622/1/243 620/1/244
f 673/1/239 620/1/244 674/1/245
f 673/1/239 674/1/245 679/1/246
f 673/1/239 679/1/246 680/1/240
f 680/1/240 679/1/246 684/1/247
f 680/1/240 684/1/247 585/1/248
f 680/1/240 585/1/248 685/1/241
f 685/1/241 585/1/248 583/1/242
f 620/1/244 618/1/249 674/1/245
f 674/1/245 618/1/249 672/1/250
f 674/1/245 672/1/250 678/1/251
f 674/1/245 678/1/251 679/1/246
f 679/1/246 678/1/251 683/1/252
f 679/1/246 683/1/252 684/1/247
f 684/1/247 683/1/252 587/1/253
f 587/1/253 683/1/252 589/1/254
f 589/1/254 683/1/252 678/1/251
f 589/1/254 678/1/251 677/1/255
f 589/1/254 677/1/255 687/1/256
f 687/1/256 677/1/255 676/1/257
f 687/1/256 676/1/257 688/1/258
f 687/1/256 688/1/258 591/1/259
f 591/1/259 688/1/258 593/1/260
f 593/1/260 688/1/258 635/1/163
f 593/1/260 635/1/163 595/1/162
f 618/1/249 616/1/261 672/1/250
f 672/1/250 616/1/261 671/1/262
f 672/1/250 671/1/262 677/1/255
f 672/1/250 677/1/255 678/1/251
f 616/1/261 614/1/263 671/1/262
f 671/1/262 614/1/263 675/1/264
f 671/1/262 675/1/264 676/1/257
f 671/1/262 676/1/257 677/1/255
f 614/1/263 612/1/265 675/1/264
f 675/1/264 612/1/265 610/1/160
f 675/1/264 610/1/160 637/1/165
f 637/1/165 636/1/164 676/1/257
f 637/1/165 676/1/257 675/1/264
f 636/1/164 635/1/163 688/1/258
f 636/1/164 688/1/258 676/1/257
f 591/1/259 589/1/254 687/1/256
f 587/1/253 585/1/248 684/1/247
f 500/1/158 498/1/266 598/1/157
f 598/1/157 498/1/266 496/1/267
f 598/1/157 496/1/267 694/1/268
f 598/1/157 694/1/268 696/1/269
f 496/1/267 494/1/270 692/1/270
f 496/1/267 692/1/270 694/1/268
f 494/1/270 492/1/271 689/1/271
f 494/1/270 689/1/271 692/1/270
f 492/1/271 490/1/185 667/1/184
f 492/1/271 667/1/184 689/1/271
f 696/1/269 699/1/272 598/1/157
s 0
f 701/1/8 376/1/8 373/1/8
f 701/1/8 373/1/8 704/1/8
f 706/1/142 708/1/142 726/1/142
f 726/1/142 708/1/142 724/1/142
f 724/1/273 708/1/142 710/1/142
f 724/1/142 710/1/142 722/1/142
s 1
f 722/1/273 710/1/141 720/1/274
s 0
f 720/1/275 710/1/275 606/1/275
f 720/1/142 606/1/142 718/1/142
f 718/1/142 606/1/142 716/1/142
f 716/1/142 606/1/142 714/1/142
f 714/1/142 606/1/142 712/1/142
s 1
f 712/1/142 606/1/142 602/1/142
f 731/1/276 734/1/2 729/1/277
f 729/1/277 734/1/2 744/1/2
s 0
f 744/1/2 734/1/2 742/1/2
f 742/1/2 734/1/2 740/1/2
s 1
f 740/1/2 734/1/2 736/1/278
f 740/1/2 736/1/278 738/1/278
s 0
f 745/1/142 748/1/142 752/1/142
f 745/1/142 752/1/142 758/1/142
f 758/1/142 752/1/142 755/1/142
s 1
f 761/1/279 763/1/280 765/1/281
f 761/1/279 765/1/281 786/1/282
f 786/1/282 765/1/281 767/1/283
f 786/1/282 767/1/283 784/1/284
f 784/1/284 767/1/283 769/1/285
f 784/1/284 769/1/285 782/1/286
f 782/1/286 769/1/285 702/1/287
f 782/1/286 702/1/287 780/1/288
f 780/1/288 702/1/287 776/1/289
f 776/1/289 702/1/287 774/1/290
f 774/1/290 702/1/287 772/1/291
f 772/1/291 702/1/287 705/1/292
f 776/1/289 778/1/293 780/1/288
s 0
f 828/1/145 760/1/145 794/1/145
f 828/1/145 794/1/145 818/1/145
f 818/1/145 794/1/145 796/1/145
f 818/1/145 796/1/145 816/1/145
f 816/1/145 796/1/145 798/1/145
f 785/1/145 783/1/145 350/1/145
f 785/1/145 350/1/145 794/1/145
f 794/1/145 350/1/145 348/1/145
f 783/1/145 781/1/145 350/1/145
f 350/1/145 781/1/145 779/1/145
f 350/1/145 779/1/145 787/1/145
f 787/1/145 789/1/145 350/1/145
f 350/1/146 789/1/146 791/1/146
f 348/1/145 346/1/145 794/1/145
f 794/1/145 346/1/145 344/1/145
f 794/1/145 344/1/145 342/1/145
f 342/1/145 340/1/145 794/1/145
f 794/1/145 340/1/145 338/1/145
f 794/1/145 338/1/145 336/1/145
f 336/1/145 334/1/145 794/1/145
f 798/1/148 800/1/148 816/1/148
f 816/1/145 800/1/145 802/1/145
f 816/1/145 802/1/145 804/1/145
f 804/1/145 806/1/145 816/1/145
f 816/1/145 806/1/145 808/1/145
f 816/1/146 808/1/146 810/1/146
f 810/1/147 812/1/147 816/1/147
f 816/1/147 812/1/147 814/1/147
s 1
f 820/1/294 822/1/145 818/1/145
s 0
f 818/1/148 822/1/148 824/1/148
f 818/1/161 824/1/161 826/1/161
f 826/1/161 828/1/161 818/1/161
f 794/1/145 760/1/145 785/1/145
f 830/1/8 833/1/8 792/1/8
f 792/1/295 833/1/296 835/1/295
f 792/1/8 835/1/8 893/1/8
f 792/1/8 893/1/8 895/1/8
f 835/1/8 837/1/8 891/1/8
f 835/1/8 891/1/8 893/1/8
f 837/1/8 839/1/8 889/1/8
f 837/1/8 889/1/8 891/1/8
f 839/1/8 841/1/8 883/1/8
f 839/1/8 883/1/8 885/1/8
f 843/1/8 845/1/8 841/1/8
f 841/1/8 845/1/8 847/1/8
f 841/1/8 847/1/8 849/1/8
f 841/1/8 849/1/8 883/1/8
f 883/1/8 849/1/8 851/1/8
f 883/1/8 851/1/8 881/1/8
f 881/1/8 851/1/8 879/1/8
f 879/1/8 851/1/8 853/1/8
f 879/1/8 853/1/8 877/1/8
f 877/1/8 853/1/8 875/1/8
f 875/1/8 853/1/8 855/1/8
f 875/1/8 855/1/8 857/1/8
f 875/1/8 857/1/8 873/1/8
f 873/1/8 857/1/8 859/1/8
f 859/1/8 861/1/8 867/1/8
f 859/1/8 867/1/8 871/1/8
f 859/1/8 871/1/8 873/1/8
s 1
f 861/1/8 863/1/297 865/1/298
f 861/1/8 865/1/298 867/1/8
s 0
f 867/1/8 869/1/8 871/1/8
f 885/1/8 887/1/8 839/1/8
f 839/1/8 887/1/8 889/1/8
f 895/1/8 897/1/8 792/1/8
f 792/1/8 897/1/8 899/1/8
f 792/1/8 899/1/8 901/1/8
f 901/1/8 903/1/8 792/1/8
s 1
f 792/1/8 903/1/8 351/1/113
f 351/1/113 903/1/8 905/1/8
f 351/1/113 905/1/8 907/1/8
f 907/1/8 333/1/113 351/1/113
f 910/1/299 911/1/300 913/1/301
f 910/1/299 913/1/301 915/1/302
s 0
f 917/1/20 749/1/20 746/1/20
f 917/1/20 746/1/20 919/1/20
f 919/1/20 921/1/20 953/1/20
f 919/1/20 953/1/20 955/1/20
f 919/1/20 955/1/20 917/1/20
f 917/1/20 955/1/20 957/1/20
f 921/1/20 923/1/20 953/1/20
f 953/1/20 923/1/20 951/1/20
f 951/1/20 923/1/20 925/1/20
f 951/1/20 925/1/20 927/1/20
f 927/1/20 929/1/20 951/1/20
f 951/1/20 929/1/20 949/1/20
f 949/1/20 929/1/20 947/1/20
f 947/1/20 929/1/20 945/1/20
f 945/1/20 929/1/20 931/1/20
f 945/1/20 931/1/20 943/1/20
f 943/1/20 931/1/20 937/1/20
s 1
f 943/1/20 937/1/20 939/1/303
f 943/1/20 939/1/303 941/1/304
s 0
f 931/1/305 933/1/305 937/1/305
f 937/1/306 933/1/306 935/1/306
f 957/1/305 960/1/305 917/1/305
f 917/1/20 960/1/20 961/1/20
s 1
f 736/1/278 964/1/307 982/1/307
f 736/1/278 982/1/307 738/1/278
f 964/1/307 966/1/308 980/1/308
f 964/1/307 980/1/308 982/1/307
f 966/1/308 968/1/309 978/1/309
f 966/1/308 978/1/309 980/1/308
f 968/1/309 970/1/310 976/1/310
f 968/1/309 976/1/310 978/1/309
f 970/1/310 972/1/311 974/1/311
f 970/1/310 974/1/311 976/1/310
f 986/1/312 1003/1/313 984/1/314
f 984/1/314 1003/1/313 1000/1/315
f 984/1/314 1000/1/315 1002/1/316
f 986/1/312 988/1/317 1003/1/313
f 1003/1/313 988/1/317 990/1/318
f 1003/1/313 990/1/318 1004/1/319
f 1004/1/319 990/1/318 994/1/320
f 994/1/320 990/1/318 992/1/321
f 994/1/320 996/1/322 1004/1/319
f 1004/1/319 996/1/322 998/1/323
f 1004/1/319 998/1/323 1003/1/313
f 1003/1/313 998/1/323 1000/1/315
f 913/1/301 911/1/300 1005/1/324
f 913/1/301 1005/1/324 1042/1/325
f 1042/1/325 1005/1/324 1007/1/326
f 1042/1/325 1007/1/326 1040/1/327
f 1040/1/327 1007/1/326 1009/1/328
f 1040/1/327 1009/1/328 1038/1/329
f 1038/1/329 1009/1/328 1011/1/330
f 1038/1/329 1011/1/330 1035/1/331
f 1035/1/331 1011/1/330 1033/1/332
f 1033/1/332 1011/1/330 1013/1/333
f 1033/1/332 1013/1/333 1031/1/334
f 1031/1/334 1013/1/333 1015/1/335
f 1031/1/334 1015/1/335 1029/1/336
f 1029/1/336 1015/1/335 1027/1/337
f 1027/1/337 1015/1/335 1017/1/338
f 1027/1/337 1017/1/338 1025/1/339
f 1025/1/339 1017/1/338 1023/1/340
f 1023/1/340 1017/1/338 1019/1/341
f 1023/1/340 1019/1/341 1021/1/342
f 1021/1/342 1019/1/341 941/1/304
f 1021/1/342 941/1/304 939/1/303
f 865/1/298 863/1/297 1045/1/343
f 865/1/298 1045/1/343 1081/1/344
f 1081/1/344 1045/1/343 1047/1/345
f 1081/1/344 1047/1/345 1079/1/346
f 1079/1/346 1047/1/345 1077/1/347
f 1077/1/347 1047/1/345 1049/1/348
f 1077/1/347 1049/1/348 1075/1/349
f 1075/1/349 1049/1/348 1073/1/350
f 1073/1/350 1049/1/348 1051/1/351
f 1073/1/350 1051/1/351 1071/1/352
f 1071/1/352 1051/1/351 1053/1/353
f 1071/1/352 1053/1/353 1069/1/354
f 1069/1/354 1053/1/353 1066/1/355
f 1066/1/355 1053/1/353 1055/1/356
f 1066/1/355 1055/1/356 1064/1/357
f 1064/1/357 1055/1/356 1057/1/358
f 1064/1/357 1057/1/358 1062/1/359
f 1062/1/359 1057/1/358 1059/1/360
f 1062/1/359 1059/1/360 1060/1/361
f 1060/1/361 1059/1/360 910/1/299
f 1060/1/361 910/1/299 915/1/302
f 247/1/142 296/1/142 1083/1/14
f 1083/1/14 296/1/142 294/1/142
f 1083/1/14 294/1/142 292/1/142
s 0
f 1083/1/142 292/1/142 1110/1/142
s 1
f 1110/1/142 292/1/142 1108/1/142
s 0
f 1108/1/142 292/1/142 1086/1/142
f 1108/1/142 1086/1/142 1106/1/142
f 1106/1/144 1086/1/144 1104/1/144
f 1104/1/142 1086/1/142 1088/1/142
f 1104/1/142 1088/1/142 1102/1/142
f 1102/1/142 1088/1/142 1100/1/142
f 1100/1/142 1088/1/142 1090/1/142
f 1100/1/142 1090/1/142 1096/1/142
f 1096/1/141 1090/1/141 1094/1/141
f 1094/1/142 1090/1/142 1092/1/142
f 1096/1/142 1098/1/142 1100/1/142
s 1
f 1113/1/362 1114/1/363 298/1/145
f 298/1/145 1114/1/363 314/1/145
s 0
f 298/1/145 314/1/145 300/1/364
f 300/1/364 314/1/146 302/1/146
f 302/1/148 314/1/148 304/1/148
f 304/1/145 314/1/145 306/1/145
s 1
f 306/1/145 314/1/148 308/1/365
f 308/1/365 314/1/148 312/1/148
f 308/1/365 312/1/148 310/1/366
f 757/1/367 574/1/367 759/1/368
f 759/1/368 574/1/367 335/1/123
f 759/1/368 335/1/123 317/1/122
f 759/1/368 317/1/122 1119/1/369
s 0
f 757/1/369 577/1/369 574/1/369
s 1
f 574/1/367 196/1/369 795/1/370
f 574/1/367 795/1/370 335/1/123
f 196/1/369 1117/1/371 795/1/370
f 1119/1/369 1121/1/369 759/1/368
f 759/1/368 1121/1/369 1123/1/369
f 759/1/368 1123/1/369 1125/1/369
f 1125/1/369 1127/1/369 759/1/368
f 759/1/368 1127/1/369 1129/1/369
f 759/1/368 1129/1/369 1130/1/372
f 1130/1/372 1131/1/373 759/1/368
f 759/1/368 1131/1/373 1132/1/374
f 759/1/368 1132/1/374 1133/1/375
f 1061/1/14 916/1/14 1137/1/376
f 1061/1/14 1137/1/376 1068/1/14
s 0
f 914/1/14 1043/1/14 1037/1/14
s 1
f 914/1/14 1037/1/14 1135/1/377
f 914/1/14 1135/1/377 1137/1/376
s 0
f 1043/1/378 1041/1/378 1037/1/378
f 1037/1/14 1041/1/14 1039/1/14
f 1065/1/14 1063/1/14 1068/1/14
f 1068/1/379 1063/1/379 1061/1/379
s 1
f 1137/1/376 916/1/14 914/1/14
f 1141/1/380 1181/1/381 1139/1/382
f 1139/1/382 1181/1/381 1177/1/383
f 1139/1/382 1177/1/383 1179/1/384
f 1141/1/380 1143/1/385 1180/1/386
f 1141/1/380 1180/1/386 1181/1/381
f 1181/1/381 1180/1/386 1175/1/387
f 1181/1/381 1175/1/387 1177/1/383
f 1143/1/385 1145/1/388 1180/1/386
f 1180/1/386 1145/1/388 1147/1/389
f 1180/1/386 1147/1/389 1148/1/390
f 1180/1/386 1148/1/390 1182/1/391
f 1182/1/391 1148/1/390 1183/1/392
f 1183/1/392 1148/1/390 1149/1/393
f 1183/1/392 1149/1/393 1150/1/394
f 1183/1/392 1150/1/394 1184/1/395
f 1184/1/395 1150/1/394 1151/1/396
f 1184/1/395 1151/1/396 1152/1/397
f 1184/1/395 1152/1/397 1185/1/398
f 1185/1/398 1152/1/397 1154/1/399
f 1185/1/398 1154/1/399 1186/1/400
f 1186/1/400 1154/1/399 1156/1/401
f 1186/1/400 1156/1/401 1187/1/402
f 1187/1/402 1156/1/401 1158/1/403
f 1187/1/402 1158/1/403 1113/1/362
f 1113/1/362 1158/1/403 1114/1/363
f 1113/1/362 1161/1/404 1187/1/402
f 1187/1/402 1161/1/404 1163/1/405
f 1187/1/402 1163/1/405 1186/1/400
f 1186/1/400 1163/1/405 1165/1/406
f 1186/1/400 1165/1/406 1185/1/398
f 1185/1/398 1165/1/406 1167/1/407
f 1185/1/398 1167/1/407 1184/1/395
f 1184/1/395 1167/1/407 1169/1/408
f 1169/1/408 1171/1/409 1183/1/392
f 1169/1/408 1183/1/392 1184/1/395
f 1171/1/409 1173/1/410 1182/1/391
f 1171/1/409 1182/1/391 1183/1/392
f 1173/1/410 1175/1/387 1180/1/386
f 1173/1/410 1180/1/386 1182/1/391
f 1139/1/382 1179/1/384 1189/1/377
f 1139/1/382 1189/1/377 1191/1/376
f 1191/1/376 1189/1/377 1207/1/411
f 1207/1/411 1189/1/377 1208/1/412
f 1207/1/411 1208/1/412 1205/1/413
f 1205/1/413 1208/1/412 1209/1/414
f 1205/1/413 1209/1/414 1203/1/415
f 1203/1/415 1209/1/414 1201/1/416
f 1201/1/416 1209/1/414 1197/1/417
f 1201/1/416 1197/1/417 1199/1/418
f 1189/1/377 1193/1/419 1208/1/412
f 1208/1/412 1193/1/419 1195/1/420
f 1208/1/412 1195/1/420 1197/1/417
f 1208/1/412 1197/1/417 1209/1/414
f 1201/1/416 1199/1/418 1211/1/416
f 1201/1/416 1211/1/416 1213/1/418
f 1213/1/418 1211/1/416 1225/1/417
f 1225/1/417 1211/1/416 1227/1/414
f 1225/1/417 1227/1/414 1226/1/421
f 1225/1/417 1226/1/421 1223/1/420
f 1223/1/420 1226/1/421 1221/1/419
f 1221/1/419 1226/1/421 1135/1/377
f 1135/1/377 1226/1/421 1219/1/411
f 1135/1/377 1219/1/411 1137/1/376
f 1211/1/416 1215/1/415 1227/1/414
f 1227/1/414 1215/1/415 1217/1/413
f 1227/1/414 1217/1/413 1226/1/421
f 1226/1/421 1217/1/413 1219/1/411
f 974/1/311 972/1/311 984/1/314
f 974/1/311 984/1/314 1002/1/316
f 994/1/320 992/1/321 1229/1/2
f 994/1/320 1229/1/2 1263/1/2
s 0
f 1263/1/2 1229/1/2 1247/1/2
f 1263/1/2 1247/1/2 1261/1/2
f 1261/1/2 1247/1/2 1259/1/2
f 1259/1/2 1247/1/2 1257/1/2
f 1257/1/2 1247/1/2 1255/1/2
f 1255/1/2 1247/1/2 1253/1/2
f 1253/1/2 1247/1/2 1251/1/2
f 1251/1/422 1247/1/422 1249/1/423
f 1229/1/2 1231/1/2 1245/1/2
f 1229/1/2 1245/1/2 1247/1/2
f 1231/1/2 1233/1/2 1245/1/2
f 1245/1/2 1233/1/2 1235/1/2
f 1245/1/2 1235/1/2 1237/1/2
f 1245/1/2 1237/1/2 1243/1/2
f 1243/1/424 1237/1/424 1239/1/424
f 1243/1/425 1239/1/425 1241/1/425
s 1
f 1036/1/17 1034/1/17 1134/1/426
f 1134/1/426 1034/1/17 1032/1/17
f 1134/1/426 1032/1/17 1030/1/17
f 1134/1/426 1030/1/17 938/1/427
f 938/1/427 1030/1/17 1028/1/17
f 1028/1/17 1026/1/17 938/1/427
f 938/1/427 1026/1/17 940/1/17
s 0
f 940/1/17 1026/1/17 1024/1/17
f 940/1/17 1024/1/17 1022/1/17
s 1
f 1134/1/426 938/1/427 936/1/428
f 1134/1/426 936/1/428 1220/1/429
f 1220/1/429 936/1/428 934/1/430
f 1220/1/429 934/1/430 1222/1/431
f 1222/1/431 934/1/430 1224/1/432
f 1224/1/432 934/1/430 932/1/433
f 1224/1/432 932/1/433 1212/1/434
f 1212/1/434 932/1/433 930/1/434
f 1212/1/434 930/1/434 1200/1/435
f 1200/1/435 930/1/434 928/1/436
f 1200/1/435 928/1/436 1202/1/436
f 1202/1/436 928/1/436 926/1/437
f 1202/1/436 926/1/437 1204/1/437
f 1204/1/437 926/1/437 924/1/438
f 1204/1/437 924/1/438 1206/1/439
f 1206/1/439 924/1/438 922/1/440
f 1206/1/439 922/1/440 1190/1/441
f 920/1/17 1138/1/17 1190/1/441
f 920/1/17 1190/1/441 922/1/440
f 1133/1/375 1264/1/17 759/1/368
f 759/1/368 1264/1/17 1146/1/17
f 759/1/368 1146/1/17 1144/1/17
f 759/1/368 1144/1/17 747/1/17
s 0
f 747/1/17 1144/1/17 1142/1/17
f 747/1/17 1142/1/17 920/1/17
f 920/1/17 1142/1/17 1140/1/17
f 920/1/17 1140/1/17 1138/1/17
s 1
f 866/1/11 1078/1/11 868/1/442
f 868/1/442 1078/1/11 1076/1/11
f 868/1/442 1076/1/11 1074/1/11
s 0
f 1082/1/443 1080/1/443 866/1/443
f 866/1/11 1080/1/11 1078/1/11
s 1
f 1074/1/11 1072/1/11 1136/1/444
f 1074/1/11 1136/1/444 868/1/442
f 1072/1/11 1070/1/11 1136/1/444
f 1136/1/444 1070/1/11 1067/1/11
f 868/1/442 1136/1/444 1218/1/445
f 868/1/442 1218/1/445 870/1/446
f 870/1/446 1218/1/445 1216/1/447
f 1216/1/447 1214/1/448 872/1/449
f 1216/1/447 872/1/449 870/1/446
f 1214/1/448 1210/1/450 874/1/451
f 1214/1/448 874/1/451 872/1/449
f 874/1/451 1210/1/450 1198/1/452
f 874/1/451 1198/1/452 876/1/450
f 876/1/450 1198/1/452 1196/1/453
f 876/1/450 1196/1/453 878/1/453
f 878/1/453 1196/1/453 1194/1/454
f 878/1/453 1194/1/454 880/1/454
f 880/1/454 1194/1/454 1192/1/455
f 880/1/454 1192/1/455 882/1/455
f 882/1/455 1192/1/455 1188/1/456
f 882/1/455 1188/1/456 884/1/444
f 884/1/444 1188/1/456 1178/1/457
f 884/1/444 1178/1/457 886/1/458
f 886/1/458 1178/1/457 1176/1/459
f 886/1/458 1176/1/459 888/1/460
f 888/1/460 1176/1/459 1174/1/461
f 888/1/460 1174/1/461 890/1/462
f 890/1/462 1174/1/461 1172/1/463
f 890/1/462 1172/1/463 892/1/464
f 892/1/464 1172/1/463 1170/1/465
f 892/1/464 1170/1/465 894/1/466
f 894/1/466 1170/1/465 1168/1/467
f 894/1/466 1168/1/467 896/1/468
f 896/1/468 1168/1/467 898/1/469
f 898/1/469 1168/1/467 1166/1/470
f 898/1/469 1166/1/470 900/1/471
f 900/1/471 1166/1/470 1164/1/472
f 900/1/471 1164/1/472 902/1/473
f 902/1/473 1164/1/472 1162/1/474
f 902/1/473 1162/1/474 904/1/475
f 904/1/475 1162/1/474 1160/1/476
f 904/1/475 1160/1/476 906/1/477
f 906/1/477 1160/1/476 1112/1/478
f 906/1/477 1112/1/478 908/1/479
f 1112/1/478 299/1/99 332/1/101
f 1112/1/478 332/1/101 908/1/479
f 1117/1/371 1267/1/480 797/1/481
f 1117/1/371 797/1/481 795/1/370
f 1267/1/480 1269/1/482 797/1/481
f 797/1/481 1269/1/482 240/1/483
f 797/1/481 240/1/483 634/1/484
f 797/1/481 634/1/484 799/1/485
f 799/1/485 634/1/484 632/1/486
f 799/1/485 632/1/486 801/1/487
f 801/1/487 632/1/486 630/1/488
f 801/1/487 630/1/488 803/1/489
f 803/1/489 630/1/488 608/1/490
f 803/1/489 608/1/490 805/1/491
f 805/1/491 608/1/490 711/1/492
f 805/1/491 711/1/492 807/1/493
f 807/1/493 711/1/492 709/1/494
f 709/1/494 707/1/495 807/1/493
f 807/1/493 707/1/495 1107/1/496
f 807/1/493 1107/1/496 1105/1/497
f 807/1/493 1105/1/497 809/1/498
f 809/1/498 1105/1/497 1103/1/499
f 809/1/498 1103/1/499 811/1/500
f 811/1/500 1103/1/499 1101/1/501
f 811/1/500 1101/1/501 813/1/502
f 813/1/502 1101/1/501 1099/1/503
f 813/1/502 1099/1/503 815/1/504
f 815/1/504 1099/1/503 1097/1/505
f 815/1/504 1097/1/505 817/1/506
f 817/1/506 1097/1/505 1095/1/507
f 817/1/506 1095/1/507 819/1/508
f 1095/1/507 1093/1/509 821/1/510
f 1095/1/507 821/1/510 819/1/508
f 1093/1/509 1091/1/511 823/1/512
f 1093/1/509 823/1/512 821/1/510
f 1091/1/511 1089/1/513 825/1/514
f 1091/1/511 825/1/514 823/1/512
f 1089/1/513 1087/1/515 827/1/516
f 1089/1/513 827/1/516 825/1/514
f 1087/1/515 293/1/96 291/1/77
f 1087/1/515 291/1/77 829/1/517
f 1087/1/515 829/1/517 827/1/516
f 291/1/77 1270/1/518 761/1/279
f 291/1/77 761/1/279 829/1/517
f 1270/1/518 1273/1/519 761/1/279
f 761/1/279 1273/1/519 763/1/280
f 597/1/20 698/1/20 272/1/95
f 597/1/20 272/1/95 271/1/94
s 0
f 665/1/144 764/1/144 666/1/144
f 666/1/142 764/1/142 762/1/142
f 666/1/141 762/1/141 690/1/141
f 690/1/144 762/1/144 282/1/144
s 1
f 690/1/520 282/1/144 281/1/521
s 0
f 690/1/142 281/1/142 691/1/142
f 691/1/141 281/1/141 278/1/141
f 764/1/141 665/1/141 766/1/141
f 766/1/142 665/1/142 662/1/142
f 766/1/142 662/1/142 394/1/142
f 766/1/142 394/1/142 768/1/142
f 768/1/144 394/1/144 392/1/144
f 768/1/142 392/1/142 390/1/142
f 390/1/142 388/1/142 768/1/142
f 768/1/142 388/1/142 386/1/142
f 768/1/142 386/1/142 700/1/142
f 700/1/141 386/1/141 384/1/141
f 384/1/142 382/1/142 700/1/142
f 700/1/142 382/1/142 380/1/142
f 700/1/144 380/1/144 378/1/144
f 378/1/142 375/1/142 700/1/142
s 1
f 762/1/144 1272/1/144 287/1/522
s 0
f 762/1/523 287/1/523 285/1/523
s 1
f 1272/1/144 1271/1/524 287/1/522
f 287/1/522 1271/1/524 289/1/142
f 289/1/142 1271/1/524 290/1/142
f 285/1/525 282/1/142 762/1/142
s 0
f 278/1/526 276/1/526 691/1/526
f 691/1/142 276/1/142 275/1/142
f 691/1/141 275/1/141 273/1/141
f 691/1/142 273/1/142 693/1/142
f 693/1/142 273/1/142 695/1/142
f 695/1/142 273/1/142 697/1/142
s 1
f 735/1/527 733/1/23 751/1/23
f 735/1/527 751/1/23 918/1/528
f 831/1/529 1274/1/530 834/1/531
f 834/1/531 1274/1/530 728/1/532
f 834/1/531 728/1/532 836/1/533
f 836/1/533 728/1/532 743/1/534
f 836/1/533 743/1/534 838/1/535
f 838/1/535 743/1/534 741/1/536
f 741/1/536 739/1/537 840/1/538
f 741/1/536 840/1/538 838/1/535
f 840/1/538 739/1/537 737/1/539
f 840/1/538 737/1/539 842/1/540
f 842/1/540 737/1/539 981/1/541
f 842/1/540 981/1/541 844/1/541
f 844/1/541 981/1/541 979/1/542
f 844/1/541 979/1/542 846/1/542
f 846/1/542 979/1/542 977/1/543
f 846/1/542 977/1/543 848/1/543
f 848/1/543 977/1/543 975/1/544
f 848/1/543 975/1/544 850/1/544
f 850/1/544 975/1/544 973/1/545
f 850/1/544 973/1/545 852/1/546
f 852/1/546 973/1/545 1001/1/547
f 852/1/546 1001/1/547 854/1/548
f 854/1/548 1001/1/547 999/1/549
f 854/1/548 999/1/549 856/1/549
f 856/1/549 999/1/549 997/1/550
f 856/1/549 997/1/550 858/1/550
f 858/1/550 997/1/550 995/1/551
f 858/1/550 995/1/551 860/1/552
f 860/1/552 995/1/551 993/1/553
f 860/1/552 993/1/553 862/1/554
f 862/1/554 993/1/553 1262/1/555
f 862/1/554 1262/1/555 864/1/556
f 864/1/556 1262/1/555 1260/1/557
f 864/1/556 1260/1/557 1044/1/558
f 1044/1/558 1260/1/557 1258/1/559
f 1044/1/558 1258/1/559 1046/1/560
f 1046/1/560 1258/1/559 1256/1/561
f 1046/1/560 1256/1/561 1048/1/562
f 1048/1/562 1256/1/561 1254/1/563
f 1048/1/562 1254/1/563 1050/1/564
f 1050/1/564 1254/1/563 1052/1/565
f 1052/1/565 1254/1/563 1252/1/566
f 1052/1/565 1252/1/566 1054/1/567
f 1054/1/567 1252/1/566 1250/1/568
f 1054/1/567 1250/1/568 1056/1/569
f 1056/1/569 1250/1/568 1248/1/570
f 1056/1/569 1248/1/570 1058/1/571
f 1058/1/571 1248/1/570 1246/1/572
f 1058/1/571 1246/1/572 909/1/573
f 909/1/573 1246/1/572 1244/1/574
f 909/1/573 1244/1/574 912/1/575
f 912/1/575 1244/1/574 1242/1/576
f 912/1/575 1242/1/576 1006/1/577
f 1006/1/577 1242/1/576 1240/1/578
f 1006/1/577 1240/1/578 1008/1/579
f 1008/1/579 1240/1/578 1238/1/580
f 1008/1/579 1238/1/580 1010/1/581
f 1010/1/581 1238/1/580 1236/1/582
f 1010/1/581 1236/1/582 1012/1/583
f 1012/1/583 1236/1/582 1014/1/584
f 1014/1/584 1236/1/582 1234/1/585
f 1014/1/584 1234/1/585 1016/1/586
f 1016/1/586 1234/1/585 1232/1/587
f 1016/1/586 1232/1/587 1018/1/588
f 1018/1/588 1232/1/587 1230/1/589
f 1018/1/588 1230/1/589 1020/1/590
f 1020/1/590 1230/1/589 1228/1/591
f 1020/1/590 1228/1/591 942/1/592
f 942/1/592 1228/1/591 991/1/593
f 942/1/592 991/1/593 944/1/594
f 944/1/594 991/1/593 989/1/595
f 944/1/594 989/1/595 946/1/595
f 946/1/595 989/1/595 987/1/596
f 946/1/595 987/1/596 948/1/596
f 948/1/596 987/1/596 985/1/597
f 948/1/596 985/1/597 950/1/597
f 950/1/597 985/1/597 983/1/598
f 950/1/597 983/1/598 952/1/599
f 952/1/599 983/1/598 971/1/600
f 952/1/599 971/1/600 954/1/601
f 954/1/601 971/1/600 969/1/602
f 954/1/601 969/1/602 956/1/602
f 956/1/602 969/1/602 967/1/603
f 956/1/602 967/1/603 958/1/603
f 958/1/603 967/1/603 965/1/604
f 958/1/603 965/1/604 959/1/604
f 959/1/604 965/1/604 963/1/605
f 959/1/604 963/1/605 962/1/605
f 962/1/605 963/1/605 735/1/527
f 962/1/605 735/1/527 918/1/528
f 780/1/288 778/1/293 1277/1/606
f 780/1/288 1277/1/606 788/1/607
f 788/1/607 1277/1/606 790/1/608
f 790/1/608 1277/1/606 793/1/609
f 793/1/609 1277/1/606 1275/1/610
f 793/1/609 1275/1/610 832/1/611
f 1277/1/606 731/1/276 1275/1/610
f 1275/1/610 731/1/276 729/1/277
f 316/1/112 315/1/111 1115/1/612
f 316/1/112 1115/1/612 1118/1/613
f 1147/1/389 1265/1/614 1148/1/390
f 1148/1/390 1265/1/614 1149/1/393
f 1149/1/393 1265/1/614 1133/1/375
f 1149/1/393 1133/1/375 1132/1/374
f 1149/1/393 1132/1/374 1150/1/394
f 1150/1/394 1132/1/374 1131/1/373
f 1150/1/394 1131/1/373 1151/1/396
f 1151/1/396 1131/1/373 1130/1/372
f 1130/1/372 1128/1/615 1153/1/616
f 1130/1/372 1153/1/616 1151/1/396
f 1128/1/615 1126/1/617 1155/1/618
f 1128/1/615 1155/1/618 1153/1/616
f 1126/1/617 1124/1/619 1155/1/618
f 1155/1/618 1124/1/619 1122/1/620
f 1155/1/618 1122/1/620 1157/1/621
f 1157/1/621 1122/1/620 1120/1/622
f 1157/1/621 1120/1/622 1159/1/623
f 1159/1/623 1120/1/622 1118/1/613
f 1159/1/623 1118/1/613 1115/1/612
f 270/1/624 268/1/625 596/1/626
f 596/1/626 268/1/625 266/1/627
f 596/1/626 266/1/627 264/1/628
s 0
f 264/1/629 263/1/629 596/1/629
s 1
f 596/1/626 263/1/630 260/1/631
f 596/1/626 260/1/631 258/1/626
s 0
f 258/1/632 256/1/632 1282/1/632
s 1
f 258/1/626 1282/1/626 1284/1/625
s 0
f 258/1/625 1284/1/625 596/1/625
s 1
f 596/1/633 1284/1/625 1286/1/625
s 0
f 256/1/632 254/1/632 1280/1/632
f 256/1/626 1280/1/626 1282/1/626
f 254/1/627 252/1/627 1278/1/627
f 254/1/629 1278/1/629 1280/1/629
f 252/1/626 250/1/629 1084/1/629
f 252/1/626 1084/1/626 1278/1/626
f 250/1/633 248/1/633 1084/1/633
s 1
f 1286/1/625 1288/1/629 596/1/633
f 596/1/633 1288/1/629 1290/1/625
s 0
f 596/1/626 1290/1/626 1292/1/626
s 1
f 596/1/634 1292/1/635 599/1/629
f 599/1/629 1292/1/635 1294/1/636
f 599/1/629 1294/1/636 1296/1/637
s 0
f 576/1/638 756/1/638 372/1/638
f 372/1/639 756/1/639 753/1/639
s 1
f 372/1/639 753/1/639 770/1/640
s 0
f 770/1/641 703/1/641 372/1/641
s 1
f 750/1/642 732/1/642 773/1/643
s 0
f 750/1/644 773/1/644 771/1/644
f 750/1/642 771/1/642 754/1/642
s 1
f 730/1/644 1276/1/645 732/1/642
f 732/1/642 1276/1/645 777/1/646
f 732/1/642 777/1/646 775/1/647
f 775/1/647 773/1/643 732/1/642
f 707/1/495 727/1/648 1279/1/649
f 707/1/495 1279/1/649 1085/1/650
f 727/1/648 725/1/651 1281/1/652
f 727/1/648 1281/1/652 1279/1/649
f 725/1/651 723/1/653 1283/1/654
f 725/1/651 1283/1/654 1281/1/652
f 723/1/653 721/1/655 1285/1/656
f 723/1/653 1285/1/656 1283/1/654
f 721/1/655 719/1/657 1287/1/658
f 721/1/655 1287/1/658 1285/1/656
f 719/1/657 717/1/659 1289/1/660
f 719/1/657 1289/1/660 1287/1/658
f 717/1/659 715/1/661 1291/1/662
f 717/1/659 1291/1/662 1289/1/660
f 715/1/661 713/1/663 1295/1/664
f 715/1/661 1295/1/664 1293/1/665
f 713/1/663 604/1/666 601/1/667
f 713/1/663 601/1/667 1297/1/668
f 1297/1/668 1295/1/664 713/1/663
f 1293/1/665 1291/1/662 715/1/661
f 1085/1/650 1111/1/669 707/1/495
f 707/1/495 1111/1/669 1109/1/670
f 707/1/495 1109/1/670 1107/1/496
f 146/1/671 191/1/145 147/1/145
s 0
f 147/1/145 191/1/145 150/1/145
f 150/1/145 191/1/145 189/1/145
f 150/1/672 189/1/145 151/1/145
f 151/1/145 189/1/145 187/1/145
f 151/1/145 187/1/145 153/1/145
f 153/1/145 187/1/145 185/1/145
f 153/1/145 185/1/145 155/1/145
f 155/1/145 185/1/145 183/1/145
f 155/1/145 183/1/145 157/1/145
f 157/1/145 183/1/145 181/1/145
f 157/1/145 181/1/145 159/1/145
f 159/1/145 181/1/145 179/1/145
f 159/1/145 179/1/145 161/1/145
f 161/1/145 179/1/145 177/1/145
f 161/1/145 177/1/145 163/1/145
f 163/1/145 177/1/145 175/1/145
f 163/1/145 175/1/145 165/1/145
f 165/1/145 175/1/145 173/1/145
f 165/1/145 173/1/145 167/1/145
f 167/1/148 173/1/148 171/1/148
f 167/1/145 171/1/145 169/1/145
f 194/1/142 245/1/142 1116/1/142
f 1116/1/142 245/1/142 243/1/142
f 1116/1/142 243/1/142 1266/1/142
f 1266/1/141 243/1/141 241/1/141
f 1266/1/142 241/1/142 1268/1/142
s 1
f 1268/1/523 241/1/523 238/1/523
s 0
f 49/1/145 95/1/145 51/1/145
f 51/1/145 95/1/145 54/1/145
f 54/1/145 95/1/145 93/1/145
f 54/1/145 93/1/145 56/1/145
f 56/1/145 93/1/145 91/1/145
f 56/1/145 91/1/145 57/1/145
f 57/1/145 91/1/145 89/1/145
f 57/1/145 89/1/145 59/1/145
f 59/1/145 89/1/145 87/1/145
f 59/1/145 87/1/145 62/1/145
f 62/1/145 87/1/145 85/1/145
f 62/1/145 85/1/145 63/1/145
f 63/1/145 85/1/145 83/1/145
f 63/1/145 83/1/145 65/1/145
f 65/1/145 83/1/145 81/1/145
f 65/1/145 81/1/145 67/1/145
f 67/1/145 81/1/145 79/1/145
f 67/1/145 79/1/145 69/1/145
f 69/1/145 79/1/145 77/1/145
f 69/1/145 77/1/145 71/1/145
f 71/1/145 77/1/145 75/1/145
f 71/1/145 75/1/145 73/1/145
s 1
f 1302/1/673 1344/1/145 1298/1/674
f 1302/1/673 1305/1/675 1344/1/145
f 1305/1/675 1308/1/676 1344/1/145
f 1308/1/676 1311/1/677 1344/1/145
f 1311/1/677 1313/1/678 1344/1/145
f 1313/1/678 1316/1/679 1344/1/145
f 1316/1/679 1319/1/680 1344/1/145
f 1319/1/680 1321/1/681 1344/1/145
f 1321/1/681 1324/1/682 1344/1/145
f 1324/1/682 1327/1/683 1344/1/145
f 1327/1/683 1329/1/684 1344/1/145
f 1329/1/684 1331/1/685 1344/1/145
f 1331/1/685 1334/1/686 1344/1/145
f 1334/1/686 1336/1/687 1344/1/145
f 1336/1/687 1338/1/688 1344/1/145
f 1338/1/688 1341/1/689 1344/1/145
f 1341/1/689 1342/1/690 1344/1/145
f 1342/1/690 1298/1/674 1344/1/145
f 1345/1/691 1346/1/692 1473/1/693
f 1345/1/691 1473/1/693 1470/1/694
f 1470/1/694 1473/1/693 1475/1/695
f 1470/1/694 1475/1/695 1472/1/696
f 1471/1/697 1474/1/698 1469/1/698
f 1471/1/697 1469/1/698 1415/1/697
f 1346/1/692 1347/1/699 1477/1/700
f 1346/1/692 1477/1/700 1473/1/693
f 1473/1/693 1476/1/701 1479/1/702
f 1473/1/693 1479/1/702 1475/1/695
f 1474/1/698 1478/1/703 1467/1/703
f 1474/1/698 1467/1/703 1469/1/698
f 1347/1/699 1348/1/704 1480/1/705
f 1347/1/699 1480/1/705 1477/1/700
f 1476/1/701 1481/1/706 1483/1/706
f 1476/1/701 1483/1/706 1479/1/702
f 1478/1/703 1482/1/707 1465/1/707
f 1478/1/703 1465/1/707 1467/1/703
f 1348/1/704 1349/1/708 1485/1/709
f 1348/1/704 1485/1/709 1480/1/705
f 1481/1/706 1484/1/710 1487/1/710
f 1481/1/706 1487/1/710 1483/1/706
f 1482/1/707 1486/1/711 1462/1/711
f 1482/1/707 1462/1/711 1465/1/707
f 1349/1/708 1350/1/712 1489/1/713
f 1349/1/708 1489/1/713 1485/1/709
f 1484/1/710 1488/1/714 1491/1/714
f 1484/1/710 1491/1/714 1487/1/710
f 1486/1/711 1490/1/715 1459/1/716
f 1486/1/711 1459/1/716 1462/1/711
f 1350/1/712 1351/1/717 1493/1/718
f 1350/1/712 1493/1/718 1489/1/713
f 1488/1/714 1492/1/719 1496/1/719
f 1488/1/714 1496/1/719 1491/1/714
f 1490/1/715 1495/1/720 1457/1/720
f 1490/1/715 1457/1/720 1459/1/716
f 1352/1/721 1354/1/721 1498/1/721
s 0
f 1353/1/722 1499/1/722 1494/1/722
s 1
f 1492/1/719 1497/1/723 1502/1/723
f 1492/1/719 1502/1/723 1496/1/719
f 1495/1/720 1501/1/724 1455/1/724
f 1495/1/720 1455/1/724 1457/1/720
s 0
f 1355/1/725 1358/1/725 1504/1/725
f 1357/1/726 1505/1/726 1500/1/726
s 1
f 1497/1/723 1503/1/727 1508/1/728
f 1497/1/723 1508/1/728 1502/1/723
f 1501/1/724 1507/1/729 1453/1/729
f 1501/1/724 1453/1/729 1455/1/724
s 0
f 1359/1/730 1362/1/730 1510/1/730
f 1361/1/731 1511/1/731 1506/1/731
s 1
f 1503/1/727 1509/1/732 1514/1/733
f 1503/1/727 1514/1/733 1508/1/728
f 1507/1/729 1513/1/734 1451/1/735
f 1507/1/729 1451/1/735 1453/1/729
s 0
f 1363/1/736 1367/1/736 1516/1/736
f 1365/1/737 1518/1/737 1512/1/737
s 1
f 1509/1/732 1515/1/738 1520/1/738
f 1509/1/732 1520/1/738 1514/1/733
f 1513/1/734 1519/1/739 1449/1/739
f 1513/1/734 1449/1/739 1451/1/735
s 0
f 1366/1/740 1371/1/740 1522/1/740
f 1368/1/741 1524/1/741 1517/1/741
s 1
f 1515/1/738 1521/1/742 1526/1/743
f 1515/1/738 1526/1/743 1520/1/738
f 1519/1/739 1525/1/744 1447/1/744
f 1519/1/739 1447/1/744 1449/1/739
s 0
f 1370/1/745 1375/1/745 1528/1/745
f 1372/1/746 1530/1/746 1523/1/746
s 1
f 1521/1/742 1527/1/747 1532/1/747
f 1521/1/742 1532/1/747 1526/1/743
f 1525/1/744 1531/1/748 1445/1/748
f 1525/1/744 1445/1/748 1447/1/744
s 0
f 1374/1/749 1378/1/749 1536/1/749
f 1376/1/750 1538/1/750 1529/1/750
s 1
f 1527/1/747 1534/1/751 1540/1/752
f 1527/1/747 1540/1/752 1532/1/747
f 1531/1/748 1539/1/753 1443/1/754
f 1531/1/748 1443/1/754 1445/1/748
f 1379/1/755 1381/1/756 1537/1/757
s 0
f 1533/1/758 1380/1/758 1383/1/758
f 1535/1/759 1385/1/759 1544/1/759
s 1
f 1541/1/760 1382/1/760 1388/1/760
s 0
f 1543/1/761 1389/1/761 1550/1/761
f 1547/1/762 1386/1/762 1390/1/762
s 1
f 1548/1/763 1391/1/763 1554/1/763
s 0
f 1556/1/764 1393/1/764 1395/1/764
f 1555/1/765 1394/1/765 1559/1/765
f 1561/1/766 1397/1/766 1398/1/766
f 1562/1/767 1399/1/767 1566/1/767
f 1567/1/768 1400/1/768 1402/1/768
s 1
f 1568/1/769 1403/1/769 1572/1/769
s 0
f 1573/1/770 1404/1/770 1406/1/770
f 1574/1/771 1407/1/771 1578/1/771
s 1
f 1579/1/772 1408/1/773 1409/1/774
f 1579/1/772 1409/1/774 1583/1/775
f 1583/1/775 1409/1/774 1410/1/776
f 1583/1/775 1410/1/776 1587/1/777
f 1587/1/777 1410/1/776 1411/1/778
f 1587/1/777 1411/1/778 1591/1/779
f 1591/1/779 1411/1/778 1412/1/780
f 1591/1/779 1412/1/780 1595/1/781
f 1595/1/781 1412/1/780 1413/1/782
f 1595/1/781 1413/1/782 1598/1/783
f 1598/1/783 1413/1/782 1345/1/691
f 1598/1/783 1345/1/691 1470/1/694
f 1471/1/697 1415/1/697 1599/1/784
f 1599/1/784 1415/1/697 1417/1/784
f 1599/1/784 1417/1/784 1419/1/785
f 1599/1/784 1419/1/785 1596/1/786
f 1596/1/786 1419/1/785 1421/1/787
f 1596/1/786 1421/1/787 1592/1/787
f 1592/1/787 1421/1/787 1423/1/788
f 1592/1/787 1423/1/788 1588/1/788
f 1588/1/788 1423/1/788 1425/1/789
f 1588/1/788 1425/1/789 1584/1/789
f 1584/1/789 1425/1/789 1427/1/790
f 1584/1/789 1427/1/790 1580/1/790
f 1580/1/790 1427/1/790 1429/1/791
f 1580/1/790 1429/1/791 1575/1/791
f 1575/1/791 1429/1/791 1431/1/792
f 1575/1/791 1431/1/792 1569/1/793
f 1569/1/793 1431/1/792 1434/1/794
f 1569/1/793 1434/1/794 1563/1/795
f 1563/1/795 1434/1/794 1437/1/796
f 1563/1/795 1437/1/796 1557/1/797
f 1557/1/797 1437/1/796 1439/1/798
f 1557/1/797 1439/1/798 1551/1/798
f 1551/1/798 1439/1/798 1441/1/799
f 1551/1/798 1441/1/799 1545/1/799
f 1545/1/799 1441/1/799 1443/1/754
f 1545/1/799 1443/1/754 1539/1/753
f 1470/1/694 1472/1/696 1600/1/800
f 1470/1/694 1600/1/800 1598/1/783
f 1598/1/783 1600/1/800 1597/1/801
f 1598/1/783 1597/1/801 1594/1/801
f 1594/1/801 1597/1/801 1593/1/802
f 1594/1/801 1593/1/802 1590/1/802
f 1590/1/802 1593/1/802 1589/1/803
f 1590/1/802 1589/1/803 1586/1/803
f 1586/1/803 1589/1/803 1585/1/804
f 1586/1/803 1585/1/804 1582/1/804
f 1582/1/804 1585/1/804 1581/1/805
f 1582/1/804 1581/1/805 1577/1/806
f 1577/1/806 1581/1/805 1576/1/807
f 1577/1/806 1576/1/807 1571/1/807
f 1571/1/807 1576/1/807 1570/1/808
f 1571/1/807 1570/1/808 1565/1/808
f 1565/1/808 1570/1/808 1564/1/809
f 1565/1/808 1564/1/809 1560/1/810
f 1560/1/810 1564/1/809 1558/1/811
f 1560/1/810 1558/1/811 1553/1/812
f 1553/1/812 1558/1/811 1552/1/813
f 1553/1/812 1552/1/813 1549/1/813
f 1549/1/813 1552/1/813 1546/1/814
f 1549/1/813 1546/1/814 1542/1/814
f 1542/1/814 1546/1/814 1540/1/752
f 1542/1/814 1540/1/752 1534/1/751
f 1602/1/815 1669/1/816 1601/1/817
f 1601/1/817 1669/1/816 1666/1/818
f 1601/1/817 1666/1/818 1751/1/819
f 1751/1/819 1667/1/820 1668/1/821
f 1751/1/819 1668/1/821 1752/1/822
f 1752/1/822 1668/1/821 1645/1/823
f 1752/1/822 1645/1/823 1646/1/824
f 1602/1/815 1603/1/825 1672/1/826
f 1602/1/815 1672/1/826 1669/1/816
f 1670/1/827 1673/1/828 1674/1/829
f 1670/1/827 1674/1/829 1671/1/830
f 1671/1/830 1674/1/829 1643/1/831
f 1671/1/830 1643/1/831 1644/1/832
f 1603/1/825 1604/1/833 1675/1/834
f 1603/1/825 1675/1/834 1672/1/826
f 1673/1/828 1676/1/835 1677/1/836
f 1673/1/828 1677/1/836 1674/1/829
f 1674/1/829 1677/1/836 1642/1/837
f 1674/1/829 1642/1/837 1643/1/831
f 1604/1/833 1605/1/838 1678/1/839
f 1604/1/833 1678/1/839 1675/1/834
f 1676/1/835 1679/1/840 1680/1/841
f 1676/1/835 1680/1/841 1677/1/836
f 1677/1/836 1680/1/841 1641/1/842
f 1677/1/836 1641/1/842 1642/1/837
f 1605/1/838 1606/1/843 1682/1/844
f 1605/1/838 1682/1/844 1678/1/839
f 1679/1/840 1683/1/845 1685/1/846
f 1679/1/840 1685/1/846 1680/1/841
f 1680/1/841 1685/1/846 1640/1/847
f 1681/1/848 1639/1/849 1641/1/842
f 1606/1/843 1607/1/850 1686/1/851
f 1606/1/843 1686/1/851 1682/1/844
f 1683/1/845 1687/1/852 1689/1/853
f 1683/1/845 1689/1/853 1685/1/846
f 1685/1/846 1689/1/853 1638/1/854
f 1684/1/855 1637/1/856 1639/1/849
f 1607/1/850 1608/1/857 1690/1/858
f 1607/1/850 1690/1/858 1686/1/851
f 1687/1/852 1691/1/859 1693/1/860
f 1687/1/852 1693/1/860 1689/1/853
f 1689/1/853 1693/1/860 1636/1/861
f 1688/1/862 1635/1/863 1637/1/856
f 1608/1/857 1609/1/864 1695/1/865
f 1608/1/857 1695/1/865 1690/1/858
f 1691/1/859 1694/1/866 1696/1/867
f 1691/1/859 1696/1/867 1693/1/860
f 1693/1/860 1696/1/867 1633/1/868
f 1692/1/869 1634/1/870 1635/1/863
f 1609/1/864 1610/1/871 1698/1/872
f 1609/1/864 1698/1/872 1695/1/865
f 1694/1/866 1699/1/873 1700/1/874
f 1694/1/866 1700/1/874 1696/1/867
f 1696/1/867 1700/1/874 1630/1/875
f 1697/1/876 1631/1/877 1634/1/870
f 1610/1/871 1611/1/878 1702/1/879
f 1610/1/871 1702/1/879 1698/1/872
f 1699/1/873 1703/1/880 1704/1/881
f 1699/1/873 1704/1/881 1700/1/874
f 1700/1/874 1704/1/881 1625/1/882
s 0
f 1701/1/883 1626/1/883 1632/1/883
s 1
f 1611/1/878 1613/1/884 1713/1/885
f 1612/1/886 1715/1/886 1708/1/886
f 1707/1/887 1714/1/888 1717/1/888
f 1707/1/887 1717/1/888 1709/1/889
s 0
f 1712/1/890 1719/1/890 1664/1/890
f 1710/1/891 1662/1/891 1627/1/891
s 1
f 1613/1/884 1615/1/892 1721/1/893
s 0
f 1614/1/894 1723/1/894 1716/1/894
s 1
f 1714/1/888 1722/1/895 1724/1/896
f 1714/1/888 1724/1/896 1717/1/888
s 0
f 1720/1/897 1726/1/897 1660/1/897
f 1718/1/898 1658/1/898 1663/1/898
s 1
f 1615/1/892 1617/1/899 1728/1/900
f 1616/1/901 1729/1/902 1722/1/895
f 1722/1/895 1729/1/902 1730/1/903
f 1722/1/895 1730/1/903 1724/1/896
s 0
f 1727/1/904 1733/1/904 1657/1/904
f 1725/1/905 1655/1/905 1659/1/905
s 1
f 1617/1/899 1619/1/906 1734/1/907
f 1618/1/908 1734/1/907 1729/1/902
f 1729/1/902 1734/1/907 1735/1/909
f 1729/1/902 1735/1/909 1730/1/903
s 0
f 1732/1/910 1737/1/910 1653/1/910
f 1731/1/911 1651/1/911 1654/1/911
s 1
f 1619/1/906 1620/1/912 1738/1/913
f 1619/1/906 1738/1/913 1734/1/907
f 1734/1/907 1738/1/913 1739/1/914
f 1734/1/907 1739/1/914 1735/1/909
f 1736/1/915 1741/1/916 1650/1/917
f 1736/1/915 1650/1/917 1652/1/918
f 1620/1/912 1621/1/919 1742/1/920
f 1620/1/912 1742/1/920 1738/1/913
f 1738/1/913 1742/1/920 1743/1/921
f 1738/1/913 1743/1/921 1739/1/914
f 1740/1/922 1744/1/923 1649/1/924
f 1740/1/922 1649/1/924 1650/1/917
f 1621/1/919 1622/1/925 1745/1/926
f 1621/1/919 1745/1/926 1742/1/920
f 1742/1/920 1745/1/926 1747/1/927
f 1742/1/920 1747/1/927 1743/1/921
f 1744/1/923 1746/1/928 1648/1/929
f 1744/1/923 1648/1/929 1649/1/924
f 1622/1/925 1623/1/930 1748/1/931
f 1622/1/925 1748/1/931 1745/1/926
f 1745/1/926 1748/1/931 1749/1/932
f 1745/1/926 1749/1/932 1747/1/927
f 1746/1/928 1750/1/933 1647/1/934
f 1746/1/928 1647/1/934 1648/1/929
f 1623/1/930 1624/1/935 1751/1/819
f 1623/1/930 1751/1/819 1748/1/931
f 1748/1/931 1751/1/819 1752/1/822
f 1748/1/931 1752/1/822 1749/1/932
f 1750/1/933 1752/1/822 1646/1/824
f 1750/1/933 1646/1/824 1647/1/934
f 1624/1/935 1601/1/817 1751/1/819
f 1644/1/832 1645/1/823 1668/1/821
f 1644/1/832 1668/1/821 1671/1/830
f 1671/1/830 1668/1/821 1667/1/820
f 1671/1/830 1667/1/820 1670/1/827
f 1704/1/881 1703/1/880 1707/1/887
f 1704/1/881 1707/1/887 1709/1/889
s 0
f 1705/1/936 1711/1/936 1628/1/936
s 1
f 1706/1/937 1702/1/879 1611/1/878
f 1756/1/938 1827/1/939 1754/1/940
f 1754/1/940 1827/1/939 1789/1/941
f 1754/1/940 1789/1/941 1791/1/942
f 1756/1/938 1758/1/943 1825/1/944
f 1756/1/938 1825/1/944 1827/1/939
f 1758/1/943 1760/1/945 1823/1/946
f 1758/1/943 1823/1/946 1825/1/944
f 1760/1/945 1762/1/947 1821/1/948
f 1760/1/945 1821/1/948 1823/1/946
f 1762/1/947 1764/1/949 1819/1/950
f 1762/1/947 1819/1/950 1821/1/948
f 1764/1/949 1765/1/951 1815/1/952
f 1764/1/949 1815/1/952 1817/1/953
f 1765/1/951 1768/1/954 1813/1/955
f 1765/1/951 1813/1/955 1815/1/952
f 1768/1/954 1770/1/956 1811/1/957
f 1768/1/954 1811/1/957 1813/1/955
f 1770/1/956 1772/1/958 1809/1/959
f 1770/1/956 1809/1/959 1811/1/957
f 1772/1/958 1774/1/960 1807/1/961
f 1772/1/958 1807/1/961 1809/1/959
f 1774/1/960 1776/1/962 1805/1/963
f 1774/1/960 1805/1/963 1807/1/961
f 1776/1/962 1778/1/964 1803/1/965
f 1776/1/962 1803/1/965 1805/1/963
f 1778/1/964 1780/1/966 1801/1/967
f 1778/1/964 1801/1/967 1803/1/965
f 1780/1/966 1782/1/968 1799/1/969
f 1780/1/966 1799/1/969 1801/1/967
f 1782/1/968 1784/1/970 1795/1/971
f 1782/1/968 1795/1/971 1797/1/972
f 1784/1/970 1786/1/973 1793/1/974
f 1784/1/970 1793/1/974 1795/1/971
f 1786/1/973 1788/1/975 1791/1/942
f 1786/1/973 1791/1/942 1793/1/974
f 1788/1/975 1754/1/940 1791/1/942
f 1797/1/972 1799/1/969 1782/1/968
f 1817/1/953 1819/1/950 1764/1/949
f 1828/1/976 1631/1/877 1790/1/977
f 1790/1/977 1631/1/877 1629/1/977
f 1790/1/977 1629/1/977 1792/1/978
f 1792/1/978 1629/1/977 1665/1/978
f 1792/1/978 1665/1/978 1661/1/979
f 1792/1/978 1661/1/979 1794/1/979
f 1794/1/979 1661/1/979 1656/1/980
f 1794/1/979 1656/1/980 1796/1/980
f 1796/1/980 1656/1/980 1652/1/918
f 1796/1/980 1652/1/918 1798/1/981
f 1798/1/981 1652/1/918 1650/1/917
f 1798/1/981 1650/1/917 1800/1/982
f 1800/1/982 1650/1/917 1649/1/924
f 1800/1/982 1649/1/924 1802/1/983
f 1802/1/983 1649/1/924 1648/1/929
f 1802/1/983 1648/1/929 1804/1/984
f 1804/1/984 1648/1/929 1647/1/934
f 1804/1/984 1647/1/934 1806/1/985
f 1806/1/985 1647/1/934 1646/1/824
f 1806/1/985 1646/1/824 1808/1/986
f 1808/1/986 1646/1/824 1645/1/823
f 1808/1/986 1645/1/823 1810/1/987
f 1810/1/987 1645/1/823 1644/1/832
f 1810/1/987 1644/1/832 1812/1/988
f 1812/1/988 1644/1/832 1643/1/831
f 1812/1/988 1643/1/831 1814/1/989
f 1814/1/989 1643/1/831 1642/1/837
f 1814/1/989 1642/1/837 1816/1/990
f 1816/1/990 1642/1/837 1641/1/842
f 1816/1/990 1641/1/842 1818/1/991
f 1818/1/991 1641/1/842 1639/1/849
f 1818/1/991 1639/1/849 1820/1/992
f 1820/1/992 1639/1/849 1637/1/856
f 1820/1/992 1637/1/856 1822/1/993
f 1822/1/993 1637/1/856 1635/1/863
f 1822/1/993 1635/1/863 1824/1/994
f 1824/1/994 1635/1/863 1634/1/870
f 1824/1/994 1634/1/870 1826/1/995
f 1826/1/995 1634/1/870 1631/1/877
f 1826/1/995 1631/1/877 1828/1/976
f 1832/1/996 1346/1/692 1830/1/977
f 1830/1/977 1346/1/692 1345/1/691
f 1830/1/977 1345/1/691 1882/1/997
f 1882/1/997 1345/1/691 1413/1/782
f 1882/1/997 1413/1/782 1412/1/780
f 1882/1/997 1412/1/780 1880/1/998
f 1880/1/998 1412/1/780 1411/1/778
f 1880/1/998 1411/1/778 1878/1/999
f 1878/1/999 1411/1/778 1410/1/776
f 1878/1/999 1410/1/776 1876/1/1000
f 1876/1/1000 1410/1/776 1409/1/774
f 1876/1/1000 1409/1/774 1874/1/1001
f 1874/1/1001 1409/1/774 1408/1/773
f 1874/1/1001 1408/1/773 1872/1/1002
f 1872/1/1002 1408/1/773 1405/1/1003
f 1872/1/1002 1405/1/1003 1870/1/1003
f 1870/1/1003 1405/1/1003 1401/1/1004
f 1870/1/1003 1401/1/1004 1868/1/1004
f 1868/1/1004 1401/1/1004 1396/1/1005
f 1868/1/1004 1396/1/1005 1866/1/1005
f 1866/1/1005 1396/1/1005 1392/1/1006
f 1866/1/1005 1392/1/1006 1864/1/1006
f 1864/1/1006 1392/1/1006 1387/1/1007
f 1864/1/1006 1387/1/1007 1862/1/1007
f 1862/1/1007 1387/1/1007 1384/1/1008
f 1862/1/1007 1384/1/1008 1860/1/1008
f 1860/1/1008 1384/1/1008 1381/1/756
f 1860/1/1008 1381/1/756 1858/1/1009
f 1858/1/1009 1381/1/756 1379/1/755
f 1858/1/1009 1379/1/755 1856/1/1010
f 1856/1/1010 1379/1/755 1377/1/1011
f 1856/1/1010 1377/1/1011 1854/1/1012
f 1854/1/1012 1377/1/1011 1373/1/1013
f 1854/1/1012 1373/1/1013 1852/1/1013
f 1852/1/1013 1373/1/1013 1369/1/1014
f 1852/1/1013 1369/1/1014 1850/1/1014
f 1850/1/1014 1369/1/1014 1364/1/1015
f 1850/1/1014 1364/1/1015 1848/1/1015
f 1848/1/1015 1364/1/1015 1360/1/1016
f 1848/1/1015 1360/1/1016 1846/1/1016
f 1846/1/1016 1360/1/1016 1356/1/1017
f 1846/1/1016 1356/1/1017 1844/1/1017
f 1844/1/1017 1356/1/1017 1351/1/717
f 1844/1/1017 1351/1/717 1842/1/1018
f 1842/1/1018 1351/1/717 1350/1/712
f 1842/1/1018 1350/1/712 1840/1/1019
f 1840/1/1019 1350/1/712 1349/1/708
f 1840/1/1019 1349/1/708 1838/1/1020
f 1838/1/1020 1349/1/708 1348/1/704
f 1838/1/1020 1348/1/704 1836/1/1021
f 1836/1/1021 1348/1/704 1347/1/699
f 1836/1/1021 1347/1/699 1834/1/1022
f 1834/1/1022 1347/1/699 1346/1/692
f 1834/1/1022 1346/1/692 1832/1/996
s 0
f 1414/1/145 1468/1/145 1897/1/145
f 1414/1/145 1897/1/145 1900/1/145
f 1468/1/145 1466/1/145 1897/1/145
f 1897/1/145 1466/1/145 1464/1/145
f 1897/1/145 1464/1/145 1461/1/145
f 1463/1/145 1460/1/145 1894/1/145
f 1461/1/145 1893/1/145 1897/1/145
f 1458/1/145 1456/1/145 1893/1/145
f 1893/1/145 1456/1/145 1454/1/145
f 1893/1/145 1454/1/145 1452/1/145
f 1452/1/145 1450/1/145 1890/1/145
f 1452/1/145 1890/1/145 1893/1/145
f 1450/1/146 1448/1/146 1890/1/146
f 1890/1/145 1448/1/145 1446/1/145
f 1890/1/145 1446/1/145 1444/1/145
f 1444/1/148 1442/1/148 1886/1/148
f 1444/1/145 1886/1/145 1890/1/145
f 1442/1/145 1440/1/145 1886/1/145
f 1886/1/145 1440/1/145 1438/1/145
f 1886/1/145 1438/1/145 1435/1/145
f 1436/1/145 1433/1/145 1887/1/145
f 1886/1/145 1432/1/145 1430/1/145
f 1886/1/145 1430/1/145 1883/1/145
f 1883/1/145 1430/1/145 1428/1/145
f 1428/1/145 1426/1/145 1883/1/145
f 1883/1/145 1426/1/145 1424/1/145
f 1883/1/145 1424/1/145 1422/1/145
f 1883/1/145 1422/1/145 1900/1/145
f 1900/1/145 1422/1/145 1420/1/145
f 1420/1/145 1418/1/145 1900/1/145
f 1900/1/145 1418/1/145 1416/1/145
f 1900/1/145 1416/1/145 1414/1/145
s 1
f 1831/1/142 1829/1/142 1611/1/878
f 1611/1/878 1829/1/142 1881/1/142
f 1611/1/878 1881/1/142 1879/1/142
f 1611/1/878 1879/1/142 1613/1/884
f 1613/1/884 1879/1/142 1877/1/142
f 1613/1/884 1877/1/142 1615/1/892
f 1615/1/892 1877/1/142 1875/1/142
f 1615/1/892 1875/1/142 1617/1/899
f 1617/1/899 1875/1/142 1873/1/142
f 1873/1/142 1871/1/142 1619/1/906
f 1873/1/142 1619/1/906 1617/1/899
f 1871/1/142 1869/1/142 1620/1/912
f 1871/1/142 1620/1/912 1619/1/906
f 1869/1/142 1867/1/142 1621/1/919
f 1869/1/142 1621/1/919 1620/1/912
f 1867/1/142 1865/1/142 1621/1/919
f 1621/1/919 1865/1/142 1863/1/142
f 1621/1/919 1863/1/142 1622/1/925
f 1622/1/925 1863/1/142 1861/1/142
f 1622/1/925 1861/1/142 1623/1/930
f 1623/1/930 1861/1/142 1859/1/142
f 1623/1/930 1859/1/142 1624/1/935
f 1624/1/935 1859/1/142 1857/1/142
f 1624/1/935 1857/1/142 1601/1/817
f 1601/1/817 1857/1/142 1855/1/142
f 1601/1/817 1855/1/142 1602/1/815
f 1602/1/815 1855/1/142 1853/1/142
f 1853/1/142 1851/1/142 1603/1/825
f 1853/1/142 1603/1/825 1602/1/815
f 1851/1/142 1849/1/142 1604/1/833
f 1851/1/142 1604/1/833 1603/1/825
f 1849/1/142 1847/1/142 1605/1/838
f 1849/1/142 1605/1/838 1604/1/833
f 1847/1/142 1845/1/142 1605/1/838
f 1605/1/838 1845/1/142 1843/1/142
f 1605/1/838 1843/1/142 1606/1/843
f 1606/1/843 1843/1/142 1841/1/142
f 1606/1/843 1841/1/142 1607/1/850
f 1607/1/850 1841/1/142 1839/1/142
f 1607/1/850 1839/1/142 1608/1/857
f 1608/1/857 1839/1/142 1837/1/142
f 1837/1/142 1835/1/142 1609/1/864
f 1837/1/142 1609/1/864 1608/1/857
f 1835/1/142 1833/1/142 1610/1/871
f 1835/1/142 1610/1/871 1609/1/864
f 1833/1/142 1831/1/142 1611/1/878
f 1833/1/142 1611/1/878 1610/1/871
s 0
f 1753/1/142 1787/1/142 1775/1/142
f 1753/1/142 1775/1/142 1773/1/142
f 1787/1/142 1785/1/142 1777/1/142
f 1787/1/142 1777/1/142 1775/1/142
f 1785/1/141 1783/1/141 1777/1/141
f 1777/1/144 1783/1/144 1779/1/144
f 1779/1/141 1783/1/141 1781/1/141
f 1773/1/142 1771/1/142 1755/1/142
f 1773/1/142 1755/1/142 1753/1/142
f 1771/1/142 1769/1/142 1757/1/142
f 1771/1/142 1757/1/142 1755/1/142
f 1769/1/142 1767/1/142 1759/1/142
f 1769/1/142 1759/1/142 1757/1/142
f 1767/1/144 1766/1/144 1759/1/144
f 1759/1/141 1766/1/141 1761/1/141
f 1761/1/144 1766/1/144 1763/1/144
f 1888/1/1023 1884/1/1023 1332/1/1023
f 1888/1/1023 1332/1/1023 1907/1/1023
f 1884/1/1023 1904/1/1023 1332/1/1023
f 1891/1/977 1889/1/977 1325/1/977
f 1891/1/1024 1325/1/1024 1910/1/1024
f 1889/1/977 1908/1/977 1325/1/977
f 1896/1/1025 1892/1/1025 1317/1/1025
f 1896/1/1025 1317/1/1025 1914/1/1025
f 1892/1/1025 1911/1/1025 1317/1/1025
f 1899/1/1005 1895/1/1005 1309/1/1005
f 1899/1/1005 1309/1/1005 1917/1/1005
f 1895/1/1005 1913/1/1005 1309/1/1005
f 1901/1/987 1898/1/987 1299/1/987
f 1901/1/987 1299/1/987 1919/1/987
f 1898/1/987 1916/1/987 1299/1/987
f 1885/1/1015 1902/1/1015 1339/1/1015
f 1885/1/1015 1339/1/1015 1905/1/1015
f 1902/1/1015 1920/1/1015 1339/1/1015
f 1300/1/145 1915/1/145 1303/1/145
f 1303/1/145 1915/1/145 1304/1/145
s 1
f 1304/1/1026 1915/1/148 1307/1/1026
s 0
f 1306/1/145 1912/1/145 1310/1/145
f 1310/1/145 1912/1/145 1312/1/145
f 1312/1/145 1912/1/145 1315/1/145
f 1314/1/145 1909/1/145 1318/1/145
f 1318/1/145 1909/1/145 1320/1/145
f 1320/1/145 1909/1/145 1323/1/145
f 1322/1/145 1906/1/145 1326/1/145
f 1326/1/145 1906/1/145 1328/1/145
f 1328/1/145 1906/1/145 1330/1/145
f 1330/1/146 1903/1/146 1333/1/146
f 1333/1/145 1903/1/145 1335/1/145
f 1335/1/145 1903/1/145 1337/1/145
f 1337/1/145 1918/1/145 1340/1/145
f 1340/1/145 1918/1/145 1343/1/672
f 1343/1/672 1918/1/145 1301/1/672
s 1
f 1925/1/1027 1965/1/145 1922/1/1028
f 1925/1/1027 1928/1/1029 1965/1/145
f 1928/1/1029 1930/1/1030 1965/1/145
f 1930/1/1030 1933/1/1031 1965/1/145
f 1933/1/1031 1935/1/1032 1965/1/145
f 1935/1/1032 1937/1/1033 1965/1/145
f 1937/1/1033 1940/1/1034 1965/1/145
f 1940/1/1034 1942/1/1035 1965/1/145
f 1942/1/1035 1944/1/1036 1965/1/145
f 1944/1/1036 1947/1/1037 1965/1/145
f 1947/1/1037 1949/1/1038 1965/1/145
f 1949/1/1038 1952/1/1039 1965/1/145
f 1952/1/1039 1955/1/1040 1965/1/145
f 1955/1/1040 1957/1/1041 1965/1/145
f 1957/1/1041 1959/1/1042 1965/1/145
f 1959/1/1042 1962/1/1043 1965/1/145
f 1962/1/1043 1964/1/1044 1965/1/145
f 1964/1/1044 1922/1/1028 1965/1/145
f 1966/1/1045 1967/1/1046 2092/1/1047
f 1966/1/1045 2092/1/1047 2089/1/1048
f 2089/1/1048 2092/1/1047 2094/1/1049
f 2089/1/1048 2094/1/1049 2091/1/1050
f 2090/1/1051 2093/1/1052 2088/1/1053
f 2090/1/1051 2088/1/1053 2036/1/1051
f 1967/1/1046 1968/1/1054 2096/1/1055
f 1967/1/1046 2096/1/1055 2092/1/1047
f 2092/1/1047 2095/1/1056 2098/1/1056
f 2092/1/1047 2098/1/1056 2094/1/1049
f 2093/1/1052 2097/1/1057 2086/1/1057
f 2093/1/1052 2086/1/1057 2088/1/1053
f 1968/1/1054 1969/1/1058 2099/1/1059
f 1968/1/1054 2099/1/1059 2096/1/1055
f 2095/1/1056 2100/1/1060 2102/1/1060
f 2095/1/1056 2102/1/1060 2098/1/1056
f 2097/1/1057 2101/1/1061 2084/1/1061
f 2097/1/1057 2084/1/1061 2086/1/1057
f 1969/1/1058 1970/1/1062 2104/1/1063
f 1969/1/1058 2104/1/1063 2099/1/1059
f 2100/1/1060 2103/1/1064 2106/1/1065
f 2100/1/1060 2106/1/1065 2102/1/1060
f 2101/1/1061 2105/1/1066 2082/1/1067
f 2101/1/1061 2082/1/1067 2084/1/1061
f 1970/1/1062 1971/1/1068 2108/1/1069
f 1970/1/1062 2108/1/1069 2104/1/1063
f 2103/1/1064 2107/1/1070 2110/1/1070
f 2103/1/1064 2110/1/1070 2106/1/1065
f 2105/1/1066 2109/1/1071 2080/1/1072
f 2105/1/1066 2080/1/1072 2082/1/1067
f 1971/1/1068 1972/1/1073 2111/1/1074
f 1971/1/1068 2111/1/1074 2108/1/1069
f 2107/1/1070 2112/1/1075 2115/1/1076
f 2107/1/1070 2115/1/1076 2110/1/1070
f 2109/1/1071 2114/1/1077 2078/1/1077
f 2109/1/1071 2078/1/1077 2080/1/1072
s 0
f 1973/1/1078 1975/1/1078 2116/1/1078
f 1974/1/1079 2118/1/1079 2113/1/1079
s 1
f 2112/1/1075 2117/1/1080 2121/1/1080
f 2112/1/1075 2121/1/1080 2115/1/1076
f 2114/1/1077 2120/1/1081 2076/1/1081
f 2114/1/1077 2076/1/1081 2078/1/1077
s 0
f 1976/1/1082 1979/1/1082 2123/1/1082
f 1978/1/1083 2124/1/1083 2119/1/1083
s 1
f 2117/1/1080 2122/1/1084 2127/1/1084
f 2117/1/1080 2127/1/1084 2121/1/1080
f 2120/1/1081 2126/1/1085 2074/1/1085
f 2120/1/1081 2074/1/1085 2076/1/1081
s 0
f 1980/1/1086 1983/1/1086 2129/1/1086
f 1982/1/1087 2130/1/1087 2125/1/1087
s 1
f 2122/1/1084 2128/1/1088 2133/1/1088
f 2122/1/1084 2133/1/1088 2127/1/1084
f 2126/1/1085 2132/1/1089 2072/1/1089
f 2126/1/1085 2072/1/1089 2074/1/1085
s 0
f 1984/1/1090 1988/1/1090 2135/1/1090
f 1986/1/1091 2137/1/1091 2131/1/1091
s 1
f 2128/1/1088 2134/1/1092 2139/1/1092
f 2128/1/1088 2139/1/1092 2133/1/1088
f 2132/1/1089 2138/1/1093 2070/1/1093
f 2132/1/1089 2070/1/1093 2072/1/1089
s 0
f 1987/1/1094 1992/1/1094 2141/1/1094
f 1989/1/1095 2143/1/1095 2136/1/1095
s 1
f 2134/1/1092 2140/1/1096 2145/1/1096
f 2134/1/1092 2145/1/1096 2139/1/1092
f 2138/1/1093 2144/1/1097 2068/1/1097
f 2138/1/1093 2068/1/1097 2070/1/1093
s 0
f 1991/1/1098 1996/1/1098 2147/1/1098
f 1993/1/1099 2149/1/1099 2142/1/1099
s 1
f 2140/1/1096 2146/1/1100 2151/1/1101
f 2140/1/1096 2151/1/1101 2145/1/1096
f 2144/1/1097 2150/1/1102 2066/1/1102
f 2144/1/1097 2066/1/1102 2068/1/1097
s 0
f 1995/1/1103 1999/1/1103 2155/1/1103
f 1997/1/1104 2157/1/1104 2148/1/1104
s 1
f 2146/1/1100 2153/1/1105 2159/1/1106
f 2146/1/1100 2159/1/1106 2151/1/1101
f 2150/1/1102 2158/1/1107 2064/1/1108
f 2150/1/1102 2064/1/1108 2066/1/1102
f 2000/1/1109 2002/1/1110 2156/1/1111
s 0
f 2152/1/1112 2001/1/1112 2004/1/1112
f 2154/1/1113 2006/1/1113 2163/1/1113
f 2160/1/1114 2003/1/1114 2009/1/1114
s 1
f 2162/1/1115 2010/1/1115 2169/1/1115
s 0
f 2166/1/1116 2007/1/1116 2012/1/1116
f 2167/1/1117 2013/1/1117 2174/1/1117
f 2175/1/1118 2014/1/1118 2016/1/1118
f 2172/1/1119 2015/1/1119 2178/1/1119
f 2181/1/1120 2018/1/1120 2020/1/1120
f 2180/1/1121 2019/1/1121 2184/1/1121
f 2186/1/1122 2022/1/1122 2023/1/1122
f 2187/1/1123 2024/1/1123 2191/1/1123
f 2192/1/1124 2025/1/1124 2027/1/1124
f 2193/1/1125 2028/1/1125 2197/1/1125
s 1
f 2198/1/1126 2029/1/1127 2030/1/1128
f 2198/1/1126 2030/1/1128 2202/1/1129
f 2202/1/1129 2030/1/1128 2031/1/1130
f 2202/1/1129 2031/1/1130 2206/1/1131
f 2206/1/1131 2031/1/1130 2032/1/1132
f 2206/1/1131 2032/1/1132 2210/1/1133
f 2210/1/1133 2032/1/1132 2033/1/1134
f 2210/1/1133 2033/1/1134 2214/1/1135
f 2214/1/1135 2033/1/1134 2034/1/1136
f 2214/1/1135 2034/1/1136 2217/1/1137
f 2217/1/1137 2034/1/1136 1966/1/1045
f 2217/1/1137 1966/1/1045 2089/1/1048
f 2090/1/1051 2036/1/1051 2218/1/1138
f 2218/1/1138 2036/1/1051 2038/1/1138
f 2218/1/1138 2038/1/1138 2040/1/1139
f 2218/1/1138 2040/1/1139 2215/1/1139
f 2215/1/1139 2040/1/1139 2042/1/1140
f 2215/1/1139 2042/1/1140 2211/1/1140
f 2211/1/1140 2042/1/1140 2044/1/1141
f 2211/1/1140 2044/1/1141 2207/1/1141
f 2207/1/1141 2044/1/1141 2046/1/1142
f 2207/1/1141 2046/1/1142 2203/1/1142
f 2203/1/1142 2046/1/1142 2048/1/1143
f 2203/1/1142 2048/1/1143 2199/1/1143
f 2199/1/1143 2048/1/1143 2050/1/1144
f 2199/1/1143 2050/1/1144 2194/1/1145
f 2194/1/1145 2050/1/1144 2052/1/1146
f 2194/1/1145 2052/1/1146 2188/1/1146
f 2188/1/1146 2052/1/1146 2055/1/1147
f 2188/1/1146 2055/1/1147 2182/1/1147
f 2182/1/1147 2055/1/1147 2058/1/1148
f 2182/1/1147 2058/1/1148 2176/1/1149
f 2176/1/1149 2058/1/1148 2060/1/1150
f 2176/1/1149 2060/1/1150 2170/1/1151
f 2170/1/1151 2060/1/1150 2062/1/1152
f 2170/1/1151 2062/1/1152 2164/1/1153
f 2164/1/1153 2062/1/1152 2064/1/1108
f 2164/1/1153 2064/1/1108 2158/1/1107
f 2089/1/1048 2091/1/1050 2219/1/1154
f 2089/1/1048 2219/1/1154 2217/1/1137
f 2217/1/1137 2219/1/1154 2216/1/1155
f 2217/1/1137 2216/1/1155 2213/1/1155
f 2213/1/1155 2216/1/1155 2212/1/1156
f 2213/1/1155 2212/1/1156 2209/1/1156
f 2209/1/1156 2212/1/1156 2208/1/1157
f 2209/1/1156 2208/1/1157 2205/1/1157
f 2205/1/1157 2208/1/1157 2204/1/1158
f 2205/1/1157 2204/1/1158 2201/1/1158
f 2201/1/1158 2204/1/1158 2200/1/1159
f 2201/1/1158 2200/1/1159 2196/1/1160
f 2196/1/1160 2200/1/1159 2195/1/1161
f 2196/1/1160 2195/1/1161 2190/1/1162
f 2190/1/1162 2195/1/1161 2189/1/1163
f 2190/1/1162 2189/1/1163 2185/1/1164
f 2185/1/1164 2189/1/1163 2183/1/1165
f 2185/1/1164 2183/1/1165 2179/1/1165
f 2179/1/1165 2183/1/1165 2177/1/1166
f 2179/1/1165 2177/1/1166 2173/1/1166
f 2173/1/1166 2177/1/1166 2171/1/1167
f 2173/1/1166 2171/1/1167 2168/1/1167
f 2168/1/1167 2171/1/1167 2165/1/1168
f 2168/1/1167 2165/1/1168 2161/1/1168
f 2161/1/1168 2165/1/1168 2159/1/1106
f 2161/1/1168 2159/1/1106 2153/1/1105
f 2221/1/1169 2288/1/1170 2220/1/1171
f 2220/1/1171 2288/1/1170 2285/1/1172
f 2220/1/1171 2285/1/1172 2370/1/1173
f 2370/1/1173 2286/1/1174 2287/1/1175
f 2370/1/1173 2287/1/1175 2371/1/1176
f 2371/1/1176 2287/1/1175 2264/1/1177
f 2371/1/1176 2264/1/1177 2265/1/1178
f 2221/1/1169 2222/1/1179 2291/1/1180
f 2221/1/1169 2291/1/1180 2288/1/1170
f 2289/1/1181 2292/1/1182 2293/1/1183
f 2289/1/1181 2293/1/1183 2290/1/1184
f 2290/1/1184 2293/1/1183 2262/1/1185
f 2290/1/1184 2262/1/1185 2263/1/1186
f 2222/1/1179 2223/1/1187 2294/1/1188
f 2222/1/1179 2294/1/1188 2291/1/1180
f 2292/1/1182 2295/1/1189 2296/1/1190
f 2292/1/1182 2296/1/1190 2293/1/1183
f 2293/1/1183 2296/1/1190 2261/1/1191
f 2293/1/1183 2261/1/1191 2262/1/1185
f 2223/1/1187 2224/1/1192 2297/1/1193
f 2223/1/1187 2297/1/1193 2294/1/1188
f 2295/1/1189 2298/1/1194 2299/1/1195
f 2295/1/1189 2299/1/1195 2296/1/1190
f 2296/1/1190 2299/1/1195 2260/1/1196
f 2296/1/1190 2260/1/1196 2261/1/1191
f 2224/1/1192 2225/1/1197 2301/1/1198
f 2224/1/1192 2301/1/1198 2297/1/1193
f 2298/1/1194 2302/1/1199 2304/1/1200
f 2298/1/1194 2304/1/1200 2299/1/1195
f 2299/1/1195 2304/1/1200 2259/1/1201
f 2300/1/1202 2258/1/1203 2260/1/1196
f 2225/1/1197 2226/1/1204 2305/1/1205
f 2225/1/1197 2305/1/1205 2301/1/1198
f 2302/1/1199 2306/1/1206 2308/1/1207
f 2302/1/1199 2308/1/1207 2304/1/1200
f 2304/1/1200 2308/1/1207 2257/1/1208
f 2303/1/1209 2256/1/1210 2258/1/1203
f 2226/1/1204 2227/1/1211 2309/1/1212
f 2226/1/1204 2309/1/1212 2305/1/1205
f 2306/1/1206 2310/1/1213 2311/1/1214
f 2306/1/1206 2311/1/1214 2308/1/1207
f 2308/1/1207 2311/1/1214 2255/1/1215
f 2307/1/1216 2254/1/1217 2256/1/1210
f 2227/1/1211 2228/1/1218 2313/1/1219
f 2227/1/1211 2313/1/1219 2309/1/1212
f 2310/1/1213 2314/1/1220 2315/1/1221
f 2310/1/1213 2315/1/1221 2311/1/1214
f 2311/1/1214 2315/1/1221 2252/1/1222
f 2312/1/1223 2253/1/1224 2254/1/1217
f 2228/1/1218 2229/1/1225 2317/1/1226
f 2228/1/1218 2317/1/1226 2313/1/1219
f 2314/1/1220 2318/1/1227 2319/1/1228
f 2314/1/1220 2319/1/1228 2315/1/1221
f 2315/1/1221 2319/1/1228 2249/1/1229
f 2316/1/1230 2250/1/1231 2253/1/1224
f 2229/1/1225 2230/1/1232 2321/1/1233
f 2229/1/1225 2321/1/1233 2317/1/1226
f 2318/1/1227 2322/1/1234 2323/1/1235
f 2318/1/1227 2323/1/1235 2319/1/1228
f 2319/1/1228 2323/1/1235 2244/1/1236
s 0
f 2320/1/1237 2245/1/1237 2251/1/1237
s 1
f 2230/1/1232 2232/1/1238 2332/1/1239
f 2231/1/1240 2334/1/1240 2327/1/1240
f 2326/1/1241 2333/1/1242 2336/1/1242
f 2326/1/1241 2336/1/1242 2328/1/1243
s 0
f 2331/1/1244 2338/1/1244 2283/1/1244
f 2329/1/1245 2281/1/1245 2246/1/1245
s 1
f 2232/1/1238 2234/1/1246 2340/1/1247
f 2233/1/1248 2342/1/1248 2335/1/1248
f 2333/1/1242 2341/1/1249 2343/1/1250
f 2333/1/1242 2343/1/1250 2336/1/1242
s 0
f 2339/1/1251 2346/1/1251 2279/1/1251
s 1
f 2337/1/1252 2277/1/1252 2282/1/1252
f 2234/1/1246 2236/1/1253 2347/1/1254
f 2235/1/1255 2348/1/1256 2341/1/1249
f 2341/1/1249 2348/1/1256 2349/1/1257
f 2341/1/1249 2349/1/1257 2343/1/1250
s 0
f 2345/1/1258 2352/1/1258 2276/1/1258
f 2344/1/1259 2274/1/1259 2278/1/1259
s 1
f 2236/1/1253 2238/1/1260 2353/1/1261
f 2237/1/1262 2353/1/1261 2348/1/1256
f 2348/1/1256 2353/1/1261 2354/1/1263
f 2348/1/1256 2354/1/1263 2349/1/1257
s 0
f 2351/1/1264 2356/1/1264 2272/1/1264
f 2350/1/1265 2270/1/1265 2273/1/1265
s 1
f 2238/1/1260 2239/1/1266 2357/1/1267
f 2238/1/1260 2357/1/1267 2353/1/1261
f 2353/1/1261 2357/1/1267 2358/1/1268
f 2353/1/1261 2358/1/1268 2354/1/1263
f 2355/1/1269 2360/1/1270 2269/1/1271
f 2355/1/1269 2269/1/1271 2271/1/1272
f 2239/1/1266 2240/1/1273 2361/1/1274
f 2239/1/1266 2361/1/1274 2357/1/1267
f 2357/1/1267 2361/1/1274 2362/1/1275
f 2357/1/1267 2362/1/1275 2358/1/1268
f 2359/1/1276 2363/1/1277 2268/1/1278
f 2359/1/1276 2268/1/1278 2269/1/1271
f 2240/1/1273 2241/1/1279 2364/1/1280
f 2240/1/1273 2364/1/1280 2361/1/1274
f 2361/1/1274 2364/1/1280 2366/1/1281
f 2361/1/1274 2366/1/1281 2362/1/1275
f 2363/1/1277 2365/1/1282 2267/1/1283
f 2363/1/1277 2267/1/1283 2268/1/1278
f 2241/1/1279 2242/1/1284 2367/1/1285
f 2241/1/1279 2367/1/1285 2364/1/1280
f 2364/1/1280 2367/1/1285 2368/1/1286
f 2364/1/1280 2368/1/1286 2366/1/1281
f 2365/1/1282 2369/1/1287 2266/1/1288
f 2365/1/1282 2266/1/1288 2267/1/1283
f 2242/1/1284 2243/1/1289 2370/1/1173
f 2242/1/1284 2370/1/1173 2367/1/1285
f 2367/1/1285 2370/1/1173 2371/1/1176
f 2367/1/1285 2371/1/1176 2368/1/1286
f 2369/1/1287 2371/1/1176 2265/1/1178
f 2369/1/1287 2265/1/1178 2266/1/1288
f 2243/1/1289 2220/1/1171 2370/1/1173
f 2263/1/1186 2264/1/1177 2287/1/1175
f 2263/1/1186 2287/1/1175 2290/1/1184
f 2290/1/1184 2287/1/1175 2286/1/1174
f 2290/1/1184 2286/1/1174 2289/1/1181
f 2323/1/1235 2322/1/1234 2326/1/1241
f 2323/1/1235 2326/1/1241 2328/1/1243
s 0
f 2324/1/1290 2330/1/1290 2247/1/1290
s 1
f 2325/1/1291 2321/1/1233 2230/1/1232
f 2375/1/1292 2446/1/1293 2373/1/1294
f 2373/1/1294 2446/1/1293 2408/1/1295
f 2373/1/1294 2408/1/1295 2410/1/1296
f 2375/1/1292 2377/1/1297 2444/1/1298
f 2375/1/1292 2444/1/1298 2446/1/1293
f 2377/1/1297 2379/1/1299 2442/1/1300
f 2377/1/1297 2442/1/1300 2444/1/1298
f 2379/1/1299 2381/1/1301 2440/1/1302
f 2379/1/1299 2440/1/1302 2442/1/1300
f 2381/1/1301 2383/1/1303 2438/1/1304
f 2381/1/1301 2438/1/1304 2440/1/1302
f 2383/1/1303 2385/1/1305 2434/1/1306
f 2383/1/1303 2434/1/1306 2436/1/1307
f 2385/1/1305 2387/1/1308 2432/1/1309
f 2385/1/1305 2432/1/1309 2434/1/1306
f 2387/1/1308 2389/1/1310 2430/1/1311
f 2387/1/1308 2430/1/1311 2432/1/1309
f 2389/1/1310 2391/1/1312 2428/1/1313
f 2389/1/1310 2428/1/1313 2430/1/1311
f 2391/1/1312 2393/1/1314 2426/1/1315
f 2391/1/1312 2426/1/1315 2428/1/1313
f 2393/1/1314 2395/1/1316 2424/1/1317
f 2393/1/1314 2424/1/1317 2426/1/1315
f 2395/1/1316 2397/1/1318 2422/1/1319
f 2395/1/1316 2422/1/1319 2424/1/1317
f 2397/1/1318 2399/1/1320 2420/1/1321
f 2397/1/1318 2420/1/1321 2422/1/1319
f 2399/1/1320 2401/1/1322 2418/1/1323
f 2399/1/1320 2418/1/1323 2420/1/1321
f 2401/1/1322 2403/1/1324 2414/1/1325
f 2401/1/1322 2414/1/1325 2416/1/1326
f 2403/1/1324 2405/1/1327 2412/1/1328
f 2403/1/1324 2412/1/1328 2414/1/1325
f 2405/1/1327 2407/1/1329 2410/1/1296
f 2405/1/1327 2410/1/1296 2412/1/1328
f 2407/1/1329 2373/1/1294 2410/1/1296
f 2416/1/1326 2418/1/1323 2401/1/1322
f 2436/1/1307 2438/1/1304 2383/1/1303
f 2447/1/1330 2250/1/1231 2409/1/1331
f 2409/1/1331 2250/1/1231 2248/1/1331
f 2409/1/1331 2248/1/1331 2411/1/1332
f 2411/1/1332 2248/1/1331 2284/1/1332
f 2411/1/1332 2284/1/1332 2280/1/1333
f 2411/1/1332 2280/1/1333 2413/1/1333
f 2413/1/1333 2280/1/1333 2275/1/1334
f 2413/1/1333 2275/1/1334 2415/1/1334
f 2415/1/1334 2275/1/1334 2271/1/1272
f 2415/1/1334 2271/1/1272 2417/1/1335
f 2417/1/1335 2271/1/1272 2269/1/1271
f 2417/1/1335 2269/1/1271 2419/1/1336
f 2419/1/1336 2269/1/1271 2268/1/1278
f 2419/1/1336 2268/1/1278 2421/1/1337
f 2421/1/1337 2268/1/1278 2267/1/1283
f 2421/1/1337 2267/1/1283 2423/1/1338
f 2423/1/1338 2267/1/1283 2266/1/1288
f 2423/1/1338 2266/1/1288 2425/1/1339
f 2425/1/1339 2266/1/1288 2265/1/1178
f 2425/1/1339 2265/1/1178 2427/1/1340
f 2427/1/1340 2265/1/1178 2264/1/1177
f 2427/1/1340 2264/1/1177 2429/1/1341
f 2429/1/1341 2264/1/1177 2263/1/1186
f 2429/1/1341 2263/1/1186 2431/1/1342
f 2431/1/1342 2263/1/1186 2262/1/1185
f 2431/1/1342 2262/1/1185 2433/1/1343
f 2433/1/1343 2262/1/1185 2261/1/1191
f 2433/1/1343 2261/1/1191 2435/1/1344
f 2435/1/1344 2261/1/1191 2260/1/1196
f 2435/1/1344 2260/1/1196 2437/1/1345
f 2437/1/1345 2260/1/1196 2258/1/1203
f 2437/1/1345 2258/1/1203 2439/1/1346
f 2439/1/1346 2258/1/1203 2256/1/1210
f 2439/1/1346 2256/1/1210 2441/1/1347
f 2441/1/1347 2256/1/1210 2254/1/1217
f 2441/1/1347 2254/1/1217 2443/1/1348
f 2443/1/1348 2254/1/1217 2253/1/1224
f 2443/1/1348 2253/1/1224 2445/1/1349
f 2445/1/1349 2253/1/1224 2250/1/1231
f 2445/1/1349 2250/1/1231 2447/1/1330
f 2451/1/1350 1967/1/1046 2449/1/1331
f 2449/1/1331 1967/1/1046 1966/1/1045
f 2449/1/1331 1966/1/1045 2501/1/1351
f 2501/1/1351 1966/1/1045 2034/1/1136
f 2501/1/1351 2034/1/1136 2033/1/1134
f 2501/1/1351 2033/1/1134 2499/1/1352
f 2499/1/1352 2033/1/1134 2032/1/1132
f 2499/1/1352 2032/1/1132 2497/1/1353
f 2497/1/1353 2032/1/1132 2031/1/1130
f 2497/1/1353 2031/1/1130 2495/1/1354
f 2495/1/1354 2031/1/1130 2030/1/1128
f 2495/1/1354 2030/1/1128 2493/1/1355
f 2493/1/1355 2030/1/1128 2029/1/1127
f 2493/1/1355 2029/1/1127 2491/1/1356
f 2491/1/1356 2029/1/1127 2026/1/1357
f 2491/1/1356 2026/1/1357 2489/1/1357
f 2489/1/1357 2026/1/1357 2021/1/1358
f 2489/1/1357 2021/1/1358 2487/1/1358
f 2487/1/1358 2021/1/1358 2017/1/1359
f 2487/1/1358 2017/1/1359 2485/1/1359
f 2485/1/1359 2017/1/1359 2011/1/1360
f 2485/1/1359 2011/1/1360 2483/1/1360
f 2483/1/1360 2011/1/1360 2008/1/1361
f 2483/1/1360 2008/1/1361 2481/1/1361
f 2481/1/1361 2008/1/1361 2005/1/1362
f 2481/1/1361 2005/1/1362 2479/1/1362
f 2479/1/1362 2005/1/1362 2002/1/1110
f 2479/1/1362 2002/1/1110 2477/1/1363
f 2477/1/1363 2002/1/1110 2000/1/1109
f 2477/1/1363 2000/1/1109 2475/1/1364
f 2475/1/1364 2000/1/1109 1998/1/1365
f 2475/1/1364 1998/1/1365 2473/1/1365
f 2473/1/1365 1998/1/1365 1994/1/1366
f 2473/1/1365 1994/1/1366 2471/1/1366
f 2471/1/1366 1994/1/1366 1990/1/1367
f 2471/1/1366 1990/1/1367 2469/1/1367
f 2469/1/1367 1990/1/1367 1985/1/1368
f 2469/1/1367 1985/1/1368 2467/1/1368
f 2467/1/1368 1985/1/1368 1981/1/1369
f 2467/1/1368 1981/1/1369 2465/1/1369
f 2465/1/1369 1981/1/1369 1977/1/1370
f 2465/1/1369 1977/1/1370 2463/1/1370
f 2463/1/1370 1977/1/1370 1972/1/1073
f 2463/1/1370 1972/1/1073 2461/1/1371
f 2461/1/1371 1972/1/1073 1971/1/1068
f 2461/1/1371 1971/1/1068 2459/1/1372
f 2459/1/1372 1971/1/1068 1970/1/1062
f 2459/1/1372 1970/1/1062 2457/1/1373
f 2457/1/1373 1970/1/1062 1969/1/1058
f 2457/1/1373 1969/1/1058 2455/1/1374
f 2455/1/1374 1969/1/1058 1968/1/1054
f 2455/1/1374 1968/1/1054 2453/1/1375
f 2453/1/1375 1968/1/1054 1967/1/1046
f 2453/1/1375 1967/1/1046 2451/1/1350
s 0
f 2035/1/145 2087/1/145 2515/1/145
f 2035/1/145 2515/1/145 2518/1/145
f 2087/1/145 2085/1/145 2515/1/145
f 2515/1/145 2085/1/145 2083/1/145
f 2515/1/145 2083/1/145 2081/1/145
f 2081/1/145 2079/1/145 2512/1/145
f 2081/1/145 2512/1/145 2515/1/145
f 2079/1/145 2077/1/145 2512/1/145
f 2512/1/145 2077/1/145 2075/1/145
f 2512/1/145 2075/1/145 2073/1/145
f 2073/1/145 2071/1/145 2509/1/145
f 2073/1/145 2509/1/145 2512/1/145
f 2071/1/145 2069/1/145 2509/1/145
f 2509/1/145 2069/1/145 2067/1/145
f 2509/1/145 2067/1/145 2065/1/145
f 2065/1/148 2063/1/148 2505/1/148
f 2065/1/145 2505/1/145 2509/1/145
f 2063/1/145 2061/1/145 2505/1/145
f 2505/1/145 2061/1/145 2059/1/145
f 2505/1/145 2059/1/145 2056/1/145
f 2057/1/145 2054/1/145 2506/1/145
f 2505/1/145 2053/1/145 2051/1/145
f 2505/1/145 2051/1/145 2502/1/145
f 2502/1/145 2051/1/145 2049/1/145
f 2049/1/145 2047/1/145 2502/1/145
f 2502/1/145 2047/1/145 2045/1/145
f 2502/1/145 2045/1/145 2043/1/145
f 2502/1/145 2043/1/145 2518/1/145
f 2518/1/145 2043/1/145 2041/1/145
f 2041/1/145 2039/1/145 2518/1/145
f 2518/1/145 2039/1/145 2037/1/145
f 2518/1/145 2037/1/145 2035/1/145
s 1
f 2450/1/142 2448/1/142 2230/1/1232
f 2230/1/1232 2448/1/142 2500/1/142
f 2230/1/1232 2500/1/142 2498/1/142
f 2230/1/1232 2498/1/142 2232/1/1238
f 2232/1/1238 2498/1/142 2496/1/142
f 2232/1/1238 2496/1/142 2234/1/1246
f 2234/1/1246 2496/1/142 2494/1/142
f 2234/1/1246 2494/1/142 2236/1/1253
f 2236/1/1253 2494/1/142 2492/1/142
f 2492/1/142 2490/1/142 2238/1/1260
f 2492/1/142 2238/1/1260 2236/1/1253
f 2490/1/142 2488/1/142 2239/1/1266
f 2490/1/142 2239/1/1266 2238/1/1260
f 2488/1/142 2486/1/142 2240/1/1273
f 2488/1/142 2240/1/1273 2239/1/1266
f 2486/1/142 2484/1/142 2240/1/1273
f 2240/1/1273 2484/1/142 2482/1/142
f 2240/1/1273 2482/1/142 2241/1/1279
f 2241/1/1279 2482/1/142 2480/1/142
f 2241/1/1279 2480/1/142 2242/1/1284
f 2242/1/1284 2480/1/142 2478/1/142
f 2242/1/1284 2478/1/142 2243/1/1289
f 2243/1/1289 2478/1/142 2476/1/142
f 2243/1/1289 2476/1/142 2220/1/1171
f 2220/1/1171 2476/1/142 2474/1/142
f 2220/1/1171 2474/1/142 2221/1/1169
f 2221/1/1169 2474/1/142 2472/1/142
f 2472/1/142 2470/1/142 2222/1/1179
f 2472/1/142 2222/1/1179 2221/1/1169
f 2470/1/142 2468/1/142 2223/1/1187
f 2470/1/142 2223/1/1187 2222/1/1179
f 2468/1/142 2466/1/142 2224/1/1192
f 2468/1/142 2224/1/1192 2223/1/1187
f 2466/1/142 2464/1/142 2224/1/1192
f 2224/1/1192 2464/1/142 2462/1/142
f 2224/1/1192 2462/1/142 2225/1/1197
f 2225/1/1197 2462/1/142 2460/1/142
f 2225/1/1197 2460/1/142 2226/1/1204
f 2226/1/1204 2460/1/142 2458/1/142
f 2226/1/1204 2458/1/142 2227/1/1211
f 2227/1/1211 2458/1/142 2456/1/142
f 2456/1/142 2454/1/142 2228/1/1218
f 2456/1/142 2228/1/1218 2227/1/1211
f 2454/1/142 2452/1/142 2229/1/1225
f 2454/1/142 2229/1/1225 2228/1/1218
f 2452/1/142 2450/1/142 2230/1/1232
f 2452/1/142 2230/1/1232 2229/1/1225
s 0
f 2372/1/142 2406/1/142 2394/1/142
f 2372/1/142 2394/1/142 2392/1/142
f 2406/1/142 2404/1/142 2396/1/142
f 2406/1/142 2396/1/142 2394/1/142
f 2404/1/142 2402/1/142 2396/1/142
f 2396/1/144 2402/1/144 2398/1/144
f 2398/1/144 2402/1/144 2400/1/144
f 2392/1/142 2390/1/142 2374/1/142
f 2392/1/142 2374/1/142 2372/1/142
f 2390/1/142 2388/1/142 2376/1/142
f 2390/1/142 2376/1/142 2374/1/142
f 2388/1/142 2386/1/142 2378/1/142
f 2388/1/142 2378/1/142 2376/1/142
f 2386/1/142 2384/1/142 2378/1/142
f 2378/1/142 2384/1/142 2380/1/142
f 2380/1/142 2384/1/142 2382/1/142
f 2507/1/1376 2503/1/1376 1953/1/1376
f 2507/1/1376 1953/1/1376 2525/1/1376
f 2503/1/1376 2522/1/1376 1953/1/1376
f 2510/1/1331 2508/1/1331 1945/1/1331
f 2510/1/1331 1945/1/1331 2528/1/1331
f 2508/1/1331 2526/1/1331 1945/1/1331
f 2514/1/1377 2511/1/1377 1938/1/1377
f 2514/1/1377 1938/1/1377 2532/1/1377
f 2511/1/1377 2529/1/1377 1938/1/1377
f 2517/1/1359 2513/1/1359 1931/1/1359
f 2517/1/1359 1931/1/1359 2535/1/1359
f 2513/1/1359 2531/1/1359 1931/1/1359
f 2519/1/1341 2516/1/1341 1923/1/1341
f 2519/1/1341 1923/1/1341 2537/1/1341
f 2516/1/1341 2534/1/1341 1923/1/1341
f 2504/1/1368 2520/1/1368 1960/1/1368
f 2504/1/1368 1960/1/1368 2523/1/1368
f 2520/1/1368 2538/1/1368 1960/1/1368
f 1924/1/148 2533/1/148 1926/1/148
f 1926/1/145 2533/1/145 1927/1/145
f 1927/1/145 2533/1/145 1929/1/145
f 1929/1/145 2530/1/145 1932/1/145
f 1932/1/146 2530/1/146 1934/1/146
f 1934/1/145 2530/1/145 1936/1/145
f 1936/1/145 2527/1/145 1939/1/145
f 1939/1/146 2527/1/146 1941/1/146
f 1941/1/145 2527/1/145 1943/1/145
f 1943/1/146 2524/1/146 1946/1/146
f 1946/1/148 2524/1/148 1948/1/148
f 1948/1/145 2524/1/145 1950/1/145
f 1951/1/145 2521/1/145 1954/1/145
f 1954/1/145 2521/1/145 1956/1/145
f 1956/1/145 2521/1/145 1958/1/145
f 1958/1/161 2536/1/161 1961/1/161
f 1961/1/146 2536/1/146 1963/1/146
s 1
f 1963/1/166 2536/1/166 1921/1/166
