<?xml version="1.0" encoding="utf-8"?>
<COLLADA xmlns="http://www.collada.org/2005/11/COLLADASchema" version="1.4.1">
  <asset>
    <contributor>
      <author>Blender User</author>
      <authoring_tool>Blender 2.78.0 commit date:2017-02-24, commit time:14:33, hash:e92f235283</authoring_tool>
    </contributor>
    <created>2021-04-20T15:00:31</created>
    <modified>2021-04-20T15:00:31</modified>
    <unit name="meter" meter="1"/>
    <up_axis>Z_UP</up_axis>
  </asset>
  <library_images/>
  <library_effects>
    <effect id="Dgrey-effect">
      <profile_COMMON>
        <technique sid="common">
          <phong>
            <emission>
              <color sid="emission">0 0 0 1</color>
            </emission>
            <ambient>
              <color sid="ambient">0 0 0 1</color>
            </ambient>
            <diffuse>
              <color sid="diffuse">0.4117883 0.4117883 0.4117883 1</color>
            </diffuse>
            <specular>
              <color sid="specular">0.5 0.5 0.5 1</color>
            </specular>
            <index_of_refraction>
              <float sid="index_of_refraction">1</float>
            </index_of_refraction>
          </phong>
        </technique>
      </profile_COMMON>
    </effect>
  </library_effects>
  <library_materials>
    <material id="Dgrey-material" name="Dgrey">
      <instance_effect url="#Dgrey-effect"/>
    </material>
  </library_materials>
  <library_geometries>
    <geometry id="mesh-ec969fc3-8f5b-41e7-8fb9-3cb9bc839c5b-mesh" name="mesh-ec969fc3-8f5b-41e7-8fb9-3cb9bc839c5b">
      <mesh>
        <source id="mesh-ec969fc3-8f5b-41e7-8fb9-3cb9bc839c5b-mesh-positions">
          <float_array id="mesh-ec969fc3-8f5b-41e7-8fb9-3cb9bc839c5b-mesh-positions-array" count="3534">0.03579992 -0.01124995 0.106 -0.007647871 -0.01124995 0.106 0.03579992 -0.01905 0.106 -0.007647871 -0.01905 0.106 -0.007647871 -0.01514995 0.106 0.01407599 -0.01905 0.106 0.01407599 -0.01514995 0.106 0.003214001 -0.01514995 0.106 0.01407599 -0.01709997 0.106 0.003214001 -0.01709997 0.106 0.01407599 -0.01319998 0.106 0.003214001 -0.01319998 0.106 0.006834685 -0.01124995 0.106 0.0213173 -0.01124995 0.106 0.02953749 0.003156602 0.1206703 0.02874886 0.003156602 0.1194995 0.02757197 0.003156602 0.1187393 0.02979993 -0.003176629 0.122 0.02953749 -0.003176629 0.1206703 0.02874886 -0.003176629 0.1194995 0.02757197 -0.003176629 0.1187393 0.02629989 -0.006009995 0.1185 0.02629989 0.00266987 0.1185 0.02979993 0.009489953 0.122 0.02979993 -0.00950998 0.122 0.02697956 0.004188477 0.1185666 0.02766209 0.005713343 0.1187759 0.02898973 0.008679807 0.1197606 0.02958625 0.00927633 0.1207958 0.02920675 0.003156602 0.1200505 0.02874886 0.006323277 0.1194995 0.02953749 0.006323277 0.1206703 0.02920675 0.006323277 0.1200505 0.02973759 0.003156602 0.1213423 0.02973759 0.006323277 0.1213423 0.02975404 -0.009464085 0.1214352 0.02960759 -0.009317636 0.1208558 0.02935284 -0.009062886 0.1202883 0.02899163 -0.008701682 0.1197629 0.02853697 -0.008247077 0.1193082 0.02801156 -0.007721602 0.118947 0.02744412 -0.007154166 0.1186923 0.02686464 -0.00657469 0.1185458 0.02953749 -0.006343305 0.1206703 0.02973759 -0.003176629 0.1213423 0.02973759 -0.006343305 0.1213423 0.02973759 -0.007926642 0.1213423 0.02978479 -0.006343305 0.1216753 0.02978479 -0.007926642 0.1216753 0.02953749 -0.007926642 0.1206703 0.02965569 -0.006343305 0.1210055 0.02965569 -0.007926642 0.1210055 0.02874886 -0.006343305 0.1194995 0.02920675 -0.003176629 0.1200505 0.02920675 -0.006343305 0.1200505 0.02920675 -0.007926642 0.1200505 0.02938896 -0.006343305 0.1203544 0.02938896 -0.007926642 0.1203544 0.02874886 -0.007926642 0.1194995 0.02899247 -0.006343305 0.1197639 0.02899247 -0.007926642 0.1197639 0.02757197 -0.006343305 0.1187393 0.02819246 -0.003176629 0.1190558 0.02819246 -0.006343305 0.1190558 0.02898973 0.008679807 0.1105 0.02898973 0.008679807 0.1151303 0.02898973 0.008679807 0.1197606 0.02588701 0.001747369 0.1128152 0.02588701 0.001747369 0.1151303 0.02588701 0.001747369 0.1174454 0.02278429 -0.005185067 0.1128152 0.02278429 -0.005185067 0.1151303 0.02278429 -0.005185067 0.1174454 0.01968157 -0.0121175 0.1128152 0.01968157 -0.0121175 0.1151303 0.01968157 -0.0121175 0.1174454 0.02675974 0.003697335 0.1105 0.02452981 -0.001285076 0.1105 0.02229982 -0.006267488 0.1105 0.02006983 -0.01124995 0.1105 0.02629989 0.00266987 0.1185 0.02697956 0.004188477 0.1185666 0.02766209 0.005713343 0.1187759 0.01657885 -0.01905 0.1185 0.01852303 -0.01470601 0.1185 0.02046728 -0.01036202 0.1185 0.02241146 -0.006018042 0.1185 0.0243557 -0.001674056 0.1185 0.02006983 -0.01124995 0.1115 0.0212329 -0.008651256 0.1128152 0.02278429 -0.005185067 0.1116576 0.0212329 -0.008651256 0.1116576 0.01832431 -0.01514995 0.1115 0.01657885 -0.01905 0.1115 0.01657885 -0.01905 0.115 0.02006983 -0.01124995 0.1105 0.02898973 0.008679807 0.1105 0.02675974 0.003697335 0.1105 0.02452981 -0.001285076 0.1105 0.02229982 -0.006267488 0.1105 0.0279349 -3.8e-4 0.1105 0.03079992 0.01049 0.1105 0.03186738 -3.8e-4 0.1105 0.03186738 0.00505495 0.1105 0.03579992 0.009989976 0.1105 0.03529989 0.01049 0.1105 0.03186738 0.007772445 0.1105 0.03383368 0.00505495 0.1105 0.03383368 0.007772445 0.1105 0.03383368 0.009131193 0.1105 0.0348168 0.007772445 0.1105 0.0348168 0.009131193 0.1105 0.03579992 -0.01124995 0.1105 0.03579992 -6.3e-4 0.1105 0.03579992 -0.01905 0.1185 0.01657885 -0.01905 0.1185 0.02629989 -0.006009995 0.1185 0.02629989 0.00266987 0.1185 0.0243557 -0.001674056 0.1185 0.02241146 -0.006018042 0.1185 0.02046728 -0.01036202 0.1185 0.01852303 -0.01470601 0.1185 0.02618938 -0.01905 0.1185 0.03579992 -0.01001 0.1185 0.03529989 -0.01050996 0.1185 0.02618938 -0.01362001 0.1185 0.03099465 -0.01362001 0.1185 0.03339725 -0.01362001 0.1185 0.03339725 -0.01090502 0.1185 0.03079992 -0.01050996 0.1185 0.02979993 -0.00950998 0.1185 0.02892494 -0.008634984 0.1185 0.02804988 -0.007759988 0.1185 0.02717489 -0.006884992 0.1185 0.02618938 -0.01090502 0.1185 0.02859199 -0.01362001 0.1185 0.02859199 -0.01090502 0.1185 -0.007647871 -0.01124995 0.1115 0.02006983 -0.01124995 0.1115 -0.007647871 -0.01905 0.1115 -0.007647871 -0.01514995 0.1115 0.00446546 -0.01905 0.1115 0.01657885 -0.01905 0.1115 0.01832431 -0.01514995 0.1115 0.006210923 -0.01124995 0.1115 0.03049993 -0.007509946 0.157 0.03049993 0.007489979 0.157 0.02499991 -0.007509946 0.157 0.02499991 0.007489979 0.157 0.03049993 0.004989981 0.157 0.03049993 0.002489984 0.157 0.03049993 -10e-6 0.157 0.03049993 -0.002509951 0.157 0.03049993 -0.005009949 0.157 0.02774989 0.007489979 0.157 0.02499991 -10e-6 0.157 0.02774989 -0.007509946 0.157 0.03546249 -10e-6 0.12932 0.03579992 -0.01001 0.1268105 0.03579992 0.009989976 0.1268105 0.03579992 -0.003343284 0.1268105 0.03579992 0.003323316 0.1268105 0.03565561 0.009989976 0.1284601 0.035227 0.009989976 0.1300597 0.03546249 0.004989981 0.12932 0.03571516 -10e-6 0.1280765 0.03571516 0.004989981 0.1280765 0.03506666 -10e-6 0.1304702 0.03506666 0.004989981 0.1304702 0.03452718 0.009989976 0.1315605 0.03452718 0.003323316 0.1315605 0.03452718 -0.003343284 0.1315605 0.03452718 -0.01001 0.1315605 0.03497856 -0.01001 0.1306745 0.03533494 -0.01001 0.1297461 0.03559231 -0.01001 0.1287856 0.03574788 -0.01001 0.1278035 0.03546249 -0.005009949 0.12932 0.03506666 -0.005009949 0.1304702 0.03506666 -0.007509946 0.1304702 0.03481441 -0.005009949 0.131024 0.03481441 -0.007509946 0.131024 0.03546249 -0.007509946 0.12932 0.03528302 -0.005009949 0.1299014 0.03528302 -0.007509946 0.1299014 0.03571516 -0.005009949 0.1280765 0.03571516 -0.007509946 0.1280765 0.0356096 -0.005009949 0.1287025 0.0356096 -0.007509946 0.1287025 0.0357787 -0.005009949 0.1274449 0.0357787 -0.007509946 0.1274449 0.03099989 0.009989976 0.1386077 0.03099989 -0.01001 0.1386077 0.0314688 0.009989976 0.1368577 0.03105306 0.009989976 0.1379999 0.03121101 0.009989976 0.1374106 0.03111916 0.004989981 0.1377018 0.03111916 0.007489979 0.1377018 0.03102988 0.004989981 0.1381508 0.03102988 0.007489979 0.1381508 0.03126633 0.004989981 0.1372683 0.03126633 0.007489979 0.1372683 0.03099989 -0.003343284 0.1386077 0.03099989 0.003323316 0.1386077 0.0314688 -0.01001 0.1368577 0.03121101 -0.01001 0.1374106 0.03105306 -0.01001 0.1379999 0.03111916 -0.005009949 0.1377018 0.03111916 -0.007509946 0.1377018 0.03126633 -0.005009949 0.1372683 0.03126633 -0.007509946 0.1372683 0.03102988 -0.005009949 0.1381508 0.03102988 -0.007509946 0.1381508 0.0314688 0.003323316 0.1368577 0.0314688 -0.003343284 0.1368577 0.03049993 0.01049 0.154 0.02499991 0.007489979 0.157 0.03049993 0.007489979 0.157 0.02774989 0.007489979 0.157 0.02824991 0.01049 0.154 0.0259999 0.01049 0.154 0.03049993 0.008266448 0.1568977 0.03049993 0.008989989 0.156598 0.03049993 0.009611308 0.1561213 0.03049993 0.01008802 0.1554999 0.03049993 0.01038777 0.1547765 0.02774989 0.01024693 0.1551828 0.02774989 0.0104286 0.1546037 0.02499991 0.009489953 0.1562361 0.02499991 0.008560419 0.1568025 0.02593529 0.01042538 0.1546192 0.02573853 0.01022857 0.1552248 0.02637493 0.0104286 0.1546037 0.02774989 0.01047456 0.1543034 0.02637493 0.01047456 0.1543034 0.02774989 0.01035243 0.1548979 0.02637493 0.01035243 0.1548979 0.03049993 -0.01050996 0.154 0.03049993 -0.007509946 0.157 0.0259999 -0.01050996 0.154 0.02824991 -0.01050996 0.154 0.02774989 -0.007509946 0.157 0.03049993 -0.01040774 0.1547765 0.03049993 -0.01010805 0.1554999 0.03049993 -0.009631276 0.1561213 0.03049993 -0.009009957 0.156598 0.03049993 -0.008286416 0.1568977 0.02774989 -0.01026695 0.1551828 0.02774989 -0.01044857 0.1546037 0.02499991 -0.007509946 0.157 0.02499991 -0.008580446 0.1568025 0.02499991 -0.00950998 0.1562361 0.02573853 -0.0102486 0.1552248 0.02593529 -0.01044535 0.1546192 0.02637493 -0.01044857 0.1546037 0.02774989 -0.01037245 0.1548979 0.02637493 -0.01037245 0.1548979 0.02774989 -0.01049458 0.1543034 0.02637493 -0.01049458 0.1543034 0.02499991 0.007489979 0.157 0.02499991 -10e-6 0.157 0.02499991 0.009489953 0.1562361 0.02499991 0.008560419 0.1568025 0.02499991 -10e-6 0.147 0.02499991 -10e-6 0.152 0.02499991 0.004739999 0.147 0.02499991 0.004739999 0.152 0.02499991 0.004739999 0.1545 0.02499991 0.007114946 0.152 0.02499991 0.007114946 0.1545 0.02499991 -0.007509946 0.157 0.02499991 -0.008580446 0.1568025 0.02499991 -0.00950998 0.1562361 0.02499991 -0.004759967 0.147 0.02499991 -0.004759967 0.152 0.02499991 -0.004759967 0.1545 0.02499991 -0.007134974 0.152 0.02499991 -0.007134974 0.1545 0.02499991 0.009489953 0.137 0.02499991 0.009489953 0.1408472 0.02499991 0.009489953 0.1446944 0.02499991 0.009489953 0.1485416 0.02499991 0.009489953 0.1523888 0.02499991 -0.00950998 0.137 0.02499991 -0.006343305 0.137 0.02499991 -0.003176629 0.137 0.02499991 -10e-6 0.137 0.02499991 0.003156661 0.137 0.02499991 0.006323277 0.137 0.02499991 -10e-6 0.142 0.02499991 -0.004759967 0.142 0.02499991 0.004739999 0.142 0.02499991 -0.00950998 0.1523888 0.02499991 -0.00950998 0.1485416 0.02499991 -0.00950998 0.1446944 0.02499991 -0.00950998 0.1408472 0.02933102 -0.00950998 0.1285605 0.02933102 0.009489953 0.1285605 0.02979993 -0.00950998 0.1268105 0.02979993 0.009489953 0.1268105 0.02979993 -0.003176629 0.1268105 0.02979993 0.003156661 0.1268105 0.02958881 -0.00950998 0.1280075 0.02974677 -0.00950998 0.1274182 0.02968066 -0.004759967 0.1277164 0.02968066 -0.007134974 0.1277164 0.0295335 -0.004759967 0.1281499 0.0295335 -0.007134974 0.1281499 0.02976995 -0.004759967 0.1272673 0.02976995 -0.007134974 0.1272673 0.02933102 0.003156661 0.1285605 0.02933102 -0.003176629 0.1285605 0.02968066 0.009489953 0.1277164 0.02968066 0.004739999 0.1277164 0.02968066 0.007114946 0.1277164 0.02976995 0.004739999 0.1272673 0.02976995 0.007114946 0.1272673 0.0295335 0.004739999 0.1281499 0.0295335 0.007114946 0.1281499 0.02933102 -0.00950998 0.1285605 0.02933102 -0.003176629 0.1285605 0.02933102 0.003156661 0.1285605 0.02546882 -0.00950998 0.13525 0.02675622 -0.00950998 0.1330202 0.02804362 -0.00950998 0.1307903 0.02546882 0.009489953 0.13525 0.02546882 0.006323277 0.13525 0.02546882 0.003156661 0.13525 0.02546882 -10e-6 0.13525 0.02546882 -0.003176629 0.13525 0.02546882 -0.006343305 0.13525 0.02933102 0.009489953 0.1285605 0.02739989 0.009489953 0.1319052 0.02546882 0.009489953 0.13525 0.02512425 -0.004759967 0.1360754 0.02512425 0.004739999 0.1360754 0.02499991 -0.00950998 0.137 0.02499991 0.009489953 0.137 0.02499991 -0.006343305 0.137 0.02499991 -0.003176629 0.137 0.02499991 -10e-6 0.137 0.02499991 0.003156661 0.137 0.02499991 0.006323277 0.137 0.02546882 0.006323277 0.13525 0.02546882 0.003156661 0.13525 0.02546882 -10e-6 0.13525 0.02546882 -0.003176629 0.13525 0.02546882 -0.006343305 0.13525 0.02546882 -0.00950998 0.13525 0.02511918 -0.00950998 0.1360941 0.02512425 -0.007134974 0.1360754 0.02527004 -0.004759967 0.1356517 0.02527004 -0.007134974 0.1356517 0.02503114 -0.004759967 0.1365336 0.02503114 -0.007134974 0.1365336 0.02511918 0.009489953 0.1360941 0.02512425 0.007114946 0.1360754 0.02503114 0.004739999 0.1365336 0.02503114 0.007114946 0.1365336 0.02527004 0.004739999 0.1356517 0.02527004 0.007114946 0.1356517 0.0314688 -0.01001 0.1368577 0.03299796 -10e-6 0.1342091 0.03452718 -0.01001 0.1315605 0.03452718 0.009989976 0.1315605 0.03452718 0.003323316 0.1315605 0.03452718 -0.003343284 0.1315605 0.0314688 -0.003343284 0.1368577 0.0314688 0.003323316 0.1368577 0.0314688 0.009989976 0.1368577 0.03248828 0.009989976 0.1350919 0.0335077 0.009989976 0.1333262 0.03299796 0.004989981 0.1342091 0.03223341 -10e-6 0.1355334 0.03223341 0.004989981 0.1355334 0.03376257 -10e-6 0.1328848 0.03376257 0.004989981 0.1328848 0.03299796 -0.01001 0.1342091 0.03099989 0.009989976 0.1386077 0.03099989 -0.01001 0.1386077 0.03099989 0.003323316 0.1386077 0.03099989 -0.003343284 0.1386077 0.03099989 0.009989976 0.154 0.03099989 0.009989976 0.1514346 0.03099989 0.009989976 0.1488692 0.03099989 0.009989976 0.1463038 0.03099989 0.009989976 0.1437385 0.03099989 0.009989976 0.1411731 0.03099989 -10e-6 0.1475538 0.03099989 -10e-6 0.1520269 0.03099989 0.004989981 0.1475538 0.03099989 0.004989981 0.1520269 0.03099989 -10e-6 0.1430808 0.03099989 0.004989981 0.1430808 0.03099989 -0.007509946 0.1565 0.03099989 -0.005009949 0.1565 0.03099989 -0.002509951 0.1565 0.03099989 -10e-6 0.1565 0.03099989 0.002489984 0.1565 0.03099989 0.004989981 0.1565 0.03099989 0.007489979 0.1565 0.03099989 -0.005009949 0.1475538 0.03099989 -0.005009949 0.1520269 0.03099989 -0.01001 0.1411731 0.03099989 -0.01001 0.1437385 0.03099989 -0.01001 0.1463038 0.03099989 -0.01001 0.1488692 0.03099989 -0.01001 0.1514346 0.03099989 -0.01001 0.154 0.03099989 -0.005009949 0.1430808 0.03099989 -0.009887635 0.1547725 0.03099989 -0.009532511 0.1554694 0.03099989 -0.008979439 0.1560225 0.03099989 -0.008282542 0.1563776 0.03099989 -0.005009949 0.1542634 0.03099989 -0.007509946 0.1520269 0.03099989 -0.007509946 0.1542634 0.03099989 -0.008759975 0.1542634 0.03099989 -0.007509946 0.1531451 0.03099989 -0.008759975 0.1520269 0.03099989 -0.008759975 0.1531451 0.03099989 -0.005009949 0.1497904 0.03099989 -0.007509946 0.1475538 0.03099989 -0.007509946 0.1497904 0.03099989 -0.007509946 0.1553817 0.03099989 -0.008759975 0.1553817 0.03099989 0.008262515 0.1563776 0.03099989 0.008959412 0.1560225 0.03099989 0.009512543 0.1554694 0.03099989 0.009867608 0.1547725 0.03099989 0.004989981 0.1542634 0.03099989 0.007489979 0.1520269 0.03099989 0.007489979 0.1542634 0.03099989 0.004989981 0.1553817 0.03099989 0.007489979 0.1553817 0.03099989 0.00623995 0.1542634 0.03099989 0.00623995 0.1553817 0.03099989 -10e-6 0.1542634 0.03099989 0.002489984 0.1520269 0.03099989 0.002489984 0.1542634 0.03099989 0.008739948 0.1542634 0.03099989 0.008739948 0.1553817 0.03099989 0.007489979 0.1531451 0.03099989 0.008739948 0.1520269 0.03099989 0.008739948 0.1531451 0.03099989 0.004989981 0.1497904 0.03099989 0.007489979 0.1475538 0.03099989 0.007489979 0.1497904 0.02499991 0.009489953 0.137 0.0259999 0.01049 0.137 0.0259999 0.01049 0.14125 0.0259999 0.01049 0.1455 0.0259999 0.01049 0.1497499 0.0259999 0.01049 0.154 0.02499991 0.009489953 0.1562361 0.02499991 0.009489953 0.1523888 0.02499991 0.009489953 0.1485416 0.02499991 0.009489953 0.1446944 0.02499991 0.009489953 0.1408472 0.02593529 0.01042538 0.1546192 0.02573853 0.01022857 0.1552248 0.02549993 0.009989976 0.15303 0.02549993 0.009989976 0.1546331 0.02574992 0.01023995 0.15303 0.02574992 0.01023995 0.1546331 0.02549993 0.009989976 0.137 0.02549993 0.009989976 0.140206 0.02524989 0.009739995 0.140206 0.02549993 0.009989976 0.138603 0.02524989 0.009739995 0.138603 0.02574992 0.01023995 0.140206 0.02574992 0.01023995 0.138603 0.0259999 0.01049 0.137 0.02633482 0.01049 0.1357499 0.02546882 0.009489953 0.13525 0.02511918 0.009489953 0.1360941 0.02499991 0.009489953 0.137 0.02549993 0.009989976 0.137 0.02608507 0.01049 0.1363529 0.02590185 0.009989976 0.1355 0.03019702 0.01049 0.1290605 0.02826595 0.01049 0.1324052 0.02633482 0.01049 0.1357499 0.02546882 0.009489953 0.13525 0.02739989 0.009489953 0.1319052 0.02933102 0.009489953 0.1285605 0.02590185 0.009989976 0.1355 0.02976399 0.009989976 0.1288105 0.03019702 0.01049 0.1290605 0.02979993 0.009489953 0.1268105 0.02933102 0.009489953 0.1285605 0.02968066 0.009489953 0.1277164 0.02976399 0.009989976 0.1288105 0.03079992 0.01049 0.1268105 0.03073155 0.01049 0.1275919 0.03052854 0.01049 0.1283496 0.0302999 0.009989976 0.1268105 0.02499991 -0.00950998 0.137 0.02499991 -0.00950998 0.1562361 0.0259999 -0.01050996 0.137 0.0259999 -0.01050996 0.14125 0.0259999 -0.01050996 0.1455 0.0259999 -0.01050996 0.1497499 0.0259999 -0.01050996 0.154 0.02499991 -0.00950998 0.1523888 0.02499991 -0.00950998 0.1485416 0.02499991 -0.00950998 0.1446944 0.02499991 -0.00950998 0.1408472 0.02593529 -0.01044535 0.1546192 0.02573853 -0.0102486 0.1552248 0.02549993 -0.01001 0.15303 0.02549993 -0.01001 0.1546331 0.02574992 -0.01025998 0.15303 0.02574992 -0.01025998 0.1546331 0.02549993 -0.01001 0.137 0.02549993 -0.01001 0.140206 0.02549993 -0.01001 0.138603 0.02524989 -0.009759962 0.140206 0.02524989 -0.009759962 0.138603 0.02574992 -0.01025998 0.140206 0.02574992 -0.01025998 0.138603 0.0259999 -0.01050996 0.137 0.02499991 -0.00950998 0.137 0.02511918 -0.00950998 0.1360941 0.02549993 -0.01001 0.137 0.02546882 -0.00950998 0.13525 0.02590185 -0.01001 0.1355 0.02633482 -0.01050996 0.1357499 0.02608507 -0.01050996 0.1363529 0.03019702 -0.01050996 0.1290605 0.02890962 -0.01050996 0.1312903 0.02762222 -0.01050996 0.1335201 0.02633482 -0.01050996 0.1357499 0.02546882 -0.00950998 0.13525 0.02675622 -0.00950998 0.1330202 0.02804362 -0.00950998 0.1307903 0.02933102 -0.00950998 0.1285605 0.02590185 -0.01001 0.1355 0.02976399 -0.01001 0.1288105 0.02979993 -0.00950998 0.1268105 0.03019702 -0.01050996 0.1290605 0.02974677 -0.00950998 0.1274182 0.02958881 -0.00950998 0.1280075 0.02933102 -0.00950998 0.1285605 0.02976399 -0.01001 0.1288105 0.03079992 -0.01050996 0.1268105 0.0302999 -0.01001 0.1268105 0.03052854 -0.01050996 0.1283496 0.03073155 -0.01050996 0.1275919 0.03529989 -0.01050996 0.1268105 0.03579992 -0.01001 0.1268105 0.03574788 -0.01001 0.1278035 0.03559231 -0.01001 0.1287856 0.03533494 -0.01001 0.1297461 0.03497856 -0.01001 0.1306745 0.03452718 -0.01001 0.1315605 0.03409415 -0.01050996 0.1313105 0.03461486 -0.01050996 0.1302546 0.03499323 -0.01050996 0.1291399 0.03522294 -0.01050996 0.1279852 0.03103584 -0.01050996 0.1366077 0.03256499 -0.01050996 0.1339591 0.03409415 -0.01050996 0.1313105 0.03452718 -0.01001 0.1315605 0.03299796 -0.01001 0.1342091 0.0314688 -0.01001 0.1368577 0.03049993 -0.01050996 0.1386077 0.03099989 -0.01001 0.1386077 0.03105306 -0.01001 0.1379999 0.03121101 -0.01001 0.1374106 0.0314688 -0.01001 0.1368577 0.03103584 -0.01050996 0.1366077 0.03074115 -0.01050996 0.1372396 0.03056067 -0.01050996 0.1379131 0.03049993 -0.01050996 0.1386077 0.03049993 -0.01050996 0.154 0.03049993 -0.01050996 0.1514346 0.03049993 -0.01050996 0.1488692 0.03049993 -0.01050996 0.1463038 0.03049993 -0.01050996 0.1437385 0.03049993 -0.01050996 0.1411731 0.03099989 -0.01001 0.1386077 0.03099989 -0.01001 0.1411731 0.03099989 -0.01001 0.1437385 0.03099989 -0.01001 0.1463038 0.03099989 -0.01001 0.1488692 0.03099989 -0.01001 0.1514346 0.03099989 -0.01001 0.154 0.03049993 -0.01050996 0.154 0.03099989 -0.007509946 0.1565 0.03049993 -0.007509946 0.157 0.03049993 -0.008286416 0.1568977 0.03049993 -0.009009957 0.156598 0.03049993 -0.009631276 0.1561213 0.03049993 -0.01010805 0.1554999 0.03049993 -0.01040774 0.1547765 0.03099989 -0.01001 0.154 0.03099989 -0.009887635 0.1547725 0.03099989 -0.009532511 0.1554694 0.03099989 -0.008979439 0.1560225 0.03099989 -0.008282542 0.1563776 0.03074991 -0.01003718 0.1550842 0.03074991 -0.008549809 0.1565458 0.03049993 -0.007509946 0.157 0.03049993 0.007489979 0.157 0.03049993 0.004989981 0.157 0.03049993 0.002489984 0.157 0.03049993 -10e-6 0.157 0.03049993 -0.002509951 0.157 0.03049993 -0.005009949 0.157 0.03099989 -0.007509946 0.1565 0.03099989 -0.005009949 0.1565 0.03099989 -0.002509951 0.1565 0.03099989 -10e-6 0.1565 0.03099989 0.002489984 0.1565 0.03099989 0.004989981 0.1565 0.03099989 0.007489979 0.1565 0.03099989 0.007489979 0.1565 0.03049993 0.01049 0.154 0.03049993 0.01038777 0.1547765 0.03049993 0.01008802 0.1554999 0.03049993 0.009611308 0.1561213 0.03049993 0.008989989 0.156598 0.03049993 0.008266448 0.1568977 0.03049993 0.007489979 0.157 0.03099989 0.008262515 0.1563776 0.03099989 0.008959412 0.1560225 0.03099989 0.009512543 0.1554694 0.03099989 0.009867608 0.1547725 0.03099989 0.009989976 0.154 0.03074991 0.008574247 0.1565272 0.03074991 0.01003581 0.1550398 0.03049993 0.01049 0.154 0.03049993 0.01049 0.1386077 0.03049993 0.01049 0.1411731 0.03049993 0.01049 0.1437385 0.03049993 0.01049 0.1463038 0.03049993 0.01049 0.1488692 0.03049993 0.01049 0.1514346 0.03099989 0.009989976 0.154 0.03099989 0.009989976 0.1514346 0.03099989 0.009989976 0.1488692 0.03099989 0.009989976 0.1463038 0.03099989 0.009989976 0.1437385 0.03099989 0.009989976 0.1411731 0.03099989 0.009989976 0.1386077 0.03103584 0.01049 0.1366077 0.03099989 0.009989976 0.1386077 0.0314688 0.009989976 0.1368577 0.03121101 0.009989976 0.1374106 0.03105306 0.009989976 0.1379999 0.03049993 0.01049 0.1386077 0.03056067 0.01049 0.1379131 0.03074115 0.01049 0.1372396 0.0314688 0.009989976 0.1368577 0.03409415 0.01049 0.1313105 0.03248828 0.009989976 0.1350919 0.0335077 0.009989976 0.1333262 0.03103584 0.01049 0.1366077 0.03452718 0.009989976 0.1315605 0.03307467 0.01049 0.1330762 0.03205525 0.01049 0.1348419 0.03579992 0.009989976 0.1268105 0.03452718 0.009989976 0.1315605 0.035227 0.009989976 0.1300597 0.03565561 0.009989976 0.1284601 0.03409415 0.01049 0.1313105 0.03529989 0.01049 0.1268105 0.03516316 0.01049 0.1283733 0.03475713 0.01049 0.1298887 0.03079992 0.01049 0.1268105 0.02898973 0.008679807 0.1105 0.03079992 0.01049 0.1105 0.02898973 0.008679807 0.1151303 0.02898973 0.008679807 0.1197606 0.02958625 0.00927633 0.1207958 0.02979993 0.009489953 0.122 0.02989482 0.009584903 0.1186552 0.02989482 0.009584903 0.1227329 0.02979993 0.009489953 0.1268105 0.0302999 0.009989976 0.1268105 0.02989482 0.009584903 0.1247717 0.03034734 0.01003742 0.1227329 0.03034734 0.01003742 0.1247717 0.02979993 0.009489953 0.1220552 0.02989482 0.009584903 0.1206941 0.02944231 0.009132325 0.1186552 0.02989482 0.009584903 0.1145776 0.02989482 0.009584903 0.1217135 0.02966856 0.009358644 0.1206941 0.03034734 0.01003742 0.1186552 0.03034734 0.01003742 0.1206941 0.02989482 0.009584903 0.1222231 0.02978169 0.009471774 0.1217135 0.02989482 0.009584903 0.1237522 0.03012108 0.009811162 0.1227329 0.03034734 0.01003742 0.1217135 0.03012108 0.009811162 0.1206941 0.03012108 0.009811162 0.1217135 0.02983826 0.009528338 0.1222231 0.02989482 0.009584903 0.1219683 0.02983826 0.009528338 0.1217135 0.02983826 0.009528338 0.1219683 0.03000795 0.009698033 0.1227329 0.03012108 0.009811162 0.1222231 0.03000795 0.009698033 0.1217135 0.03000795 0.009698033 0.1222231 0.03012108 0.009811162 0.1247717 0.03034734 0.01003742 0.1237522 0.03012108 0.009811162 0.1237522 0.02989482 0.009584903 0.1212037 0.02978169 0.009471774 0.1206941 0.02978169 0.009471774 0.1212037 0.02944231 0.009132325 0.1196746 0.02989482 0.009584903 0.1196746 0.02966856 0.009358644 0.1186552 0.02966856 0.009358644 0.1196746 0.02989482 0.009584903 0.1166164 0.02944231 0.009132325 0.1145776 0.02944231 0.009132325 0.1166164 0.02980995 0.009500026 0.1222231 0.02983826 0.009528338 0.1220957 0.02980995 0.009500026 0.1219683 0.02980995 0.009500026 0.1220957 0.02983826 0.009528338 0.1227329 0.02989482 0.009584903 0.122478 0.02983826 0.009528338 0.122478 0.02989482 0.009584903 0.1232426 0.03079992 0.01049 0.1220552 0.03079992 0.01049 0.1185 0.03079992 0.01049 0.1145 0.02979993 0.009489953 0.122 0.02979993 -0.003176629 0.122 0.02979993 -0.00950998 0.1268105 0.02979993 -0.003176629 0.1268105 0.02979993 0.003156661 0.1268105 0.02979993 0.009489953 0.1268105 0.02979993 0.009489953 0.1220552 0.02979993 -10e-6 0.1244052 0.02979993 0.004739999 0.1244052 0.02979993 -10e-6 0.1232026 0.02979993 0.004739999 0.1232026 0.02979993 0.007114946 0.1232026 0.02979993 0.004739999 0.1226013 0.02979993 0.007114946 0.1226013 0.02979993 0.00830245 0.1226013 0.02979993 0.007114946 0.1223006 0.02979993 0.00830245 0.1223006 0.02979993 0.008896231 0.1223006 0.02979993 0.00830245 0.1221503 0.02979993 0.008896231 0.1221503 0.02979993 0.009193122 0.1221503 0.02979993 0.008896231 0.1220752 0.02979993 0.009193122 0.1220752 0.02979993 0.009341537 0.1220752 0.02979993 0.009193122 0.1220375 0.02979993 0.009341537 0.1220375 0.02979993 -0.00950998 0.122 0.02979993 -0.00950998 0.1220552 0.02979993 -0.00950998 0.1232441 0.02979993 -0.00950998 0.1244329 0.02979993 -0.00950998 0.1256217 0.02979993 -0.004759967 0.1244052 0.02979993 -0.004759967 0.1232026 0.02979993 -0.007134974 0.1232026 0.02979993 -0.004759967 0.1226013 0.02979993 -0.007134974 0.1226013 0.02979993 -0.008322477 0.1226013 0.02979993 -0.007134974 0.1223006 0.02979993 -0.008322477 0.1223006 0.02979993 -0.008916199 0.1223006 0.02979993 -0.008322477 0.1221503 0.02979993 -0.008916199 0.1221503 0.02979993 -0.009213089 0.1221503 0.02979993 -0.008916199 0.1220752 0.02979993 -0.009213089 0.1220752 0.02979993 -0.009361505 0.1220752 0.02979993 -0.009213089 0.1220375 0.02979993 -0.009361505 0.1220375 0.02979993 -10e-6 0.1256079 0.02979993 -0.004759967 0.1256079 0.03579992 -0.01001 0.1268105 0.03579992 -0.01001 0.1185 0.03529989 -0.01050996 0.1268105 0.03529989 -0.01050996 0.1185 0.03579992 -0.01001 0.1202776 0.03579992 -0.01001 0.1220552 0.03579992 -0.01001 0.1244329 0.03529989 -0.01050996 0.1244329 0.03529989 -0.01050996 0.1220552 0.03529989 -0.01050996 0.1202776 0.03529989 -0.01050996 0.1185 0.03297489 -0.01050996 0.127375 0.0306499 -0.01050996 0.13625 0.0283249 -0.01050996 0.145125 0.0283249 -0.01050996 0.13625 0.03079992 -0.01050996 0.1185 0.03409415 -0.01050996 0.1313105 0.03256499 -0.01050996 0.1339591 0.03103584 -0.01050996 0.1366077 0.03049993 -0.01050996 0.1386077 0.03049993 -0.01050996 0.1411731 0.03049993 -0.01050996 0.1437385 0.03049993 -0.01050996 0.1463038 0.03049993 -0.01050996 0.1488692 0.03049993 -0.01050996 0.1514346 0.03049993 -0.01050996 0.154 0.02824991 -0.01050996 0.154 0.0259999 -0.01050996 0.154 0.0259999 -0.01050996 0.1497499 0.0259999 -0.01050996 0.1455 0.0259999 -0.01050996 0.14125 0.0259999 -0.01050996 0.137 0.02633482 -0.01050996 0.1357499 0.02762222 -0.01050996 0.1335201 0.02890962 -0.01050996 0.1312903 0.03019702 -0.01050996 0.1290605 0.02608507 -0.01050996 0.1363529 0.02716243 -0.01050996 0.13625 0.0283249 -0.01050996 0.1406875 0.02716243 -0.01050996 0.145125 0.02716243 -0.01050996 0.1406875 0.02658116 -0.01050996 0.13625 0.02716243 -0.01050996 0.1384688 0.02658116 -0.01050996 0.1406875 0.02658116 -0.01050996 0.1384688 0.03052854 -0.01050996 0.1283496 0.03073155 -0.01050996 0.1275919 0.03079992 -0.01050996 0.1268105 0.0306499 -0.01050996 0.1318125 0.02948743 -0.01050996 0.13625 0.02948743 -0.01050996 0.1318125 0.0306499 -0.01050996 0.1295937 0.03006869 -0.01050996 0.1318125 0.03181242 -0.01050996 0.127375 0.03297489 -0.01050996 0.1318125 0.03181242 -0.01050996 0.1318125 0.03123116 -0.01050996 0.127375 0.03181242 -0.01050996 0.1295937 0.03123116 -0.01050996 0.1318125 0.03123116 -0.01050996 0.1295937 0.03297489 -0.01050996 0.1229375 0.03181242 -0.01050996 0.1229375 0.03123116 -0.01050996 0.1229375 0.03181242 -0.01050996 0.1251562 0.03123116 -0.01050996 0.1251562 0.03529989 -0.01050996 0.1268105 0.03522294 -0.01050996 0.1279852 0.03499323 -0.01050996 0.1291399 0.03461486 -0.01050996 0.1302546 0.03413742 -0.01050996 0.127375 0.03413742 -0.01050996 0.1229375 0.03074115 -0.01050996 0.1372396 0.03056067 -0.01050996 0.1379131 0.02948743 -0.01050996 0.145125 0.02948743 -0.01050996 0.1406875 0.02948743 -0.01050996 0.1384688 0.03006869 -0.01050996 0.13625 0.03006869 -0.01050996 0.1406875 0.03006869 -0.01050996 0.1384688 0.03529989 -0.01050996 0.1202776 0.03529989 -0.01050996 0.1220552 0.03529989 -0.01050996 0.1244329 0.03079992 -0.01050996 0.1256217 0.03079992 -0.01050996 0.1244329 0.03079992 -0.01050996 0.1232441 0.03079992 -0.01050996 0.1220552 0.03079992 -0.01050996 0.1208701 0.03079992 -0.01050996 0.1196851 0.03579992 0.009989976 0.1105 0.03529989 0.01049 0.1268105 0.03529989 0.01049 0.1105 0.03529989 0.01049 0.1131666 0.03529989 0.01049 0.1158333 0.03529989 0.01049 0.1185 0.03529989 0.01049 0.1202776 0.03529989 0.01049 0.1220552 0.03529989 0.01049 0.1244329 0.03579992 0.009989976 0.1268105 0.03579992 0.009989976 0.1244329 0.03579992 0.009989976 0.1220552 0.03579992 0.009989976 0.1202776 0.03579992 0.009989976 0.1185 0.03579992 0.009989976 0.1158333 0.03579992 0.009989976 0.1131666 0.03529989 0.01049 0.1105 0.03297489 0.01049 0.121375 0.0306499 0.01049 0.13225 0.0283249 0.01049 0.1431249 0.03079992 0.01049 0.1105 0.03019702 0.01049 0.1290605 0.02826595 0.01049 0.1324052 0.02633482 0.01049 0.1357499 0.0259999 0.01049 0.137 0.0259999 0.01049 0.14125 0.0259999 0.01049 0.1455 0.0259999 0.01049 0.1497499 0.0259999 0.01049 0.154 0.02824991 0.01049 0.154 0.03049993 0.01049 0.154 0.0283249 0.01049 0.1485625 0.02716243 0.01049 0.1431249 0.02716243 0.01049 0.1485625 0.02948743 0.01049 0.1431249 0.02948743 0.01049 0.1485625 0.03049993 0.01049 0.1514346 0.03049993 0.01049 0.1488692 0.03049993 0.01049 0.1463038 0.03049993 0.01049 0.1437385 0.03049993 0.01049 0.1411731 0.03049993 0.01049 0.1386077 0.0283249 0.01049 0.1376875 0.02948743 0.01049 0.1376875 0.02608507 0.01049 0.1363529 0.02716243 0.01049 0.1376875 0.02658116 0.01049 0.1376875 0.02629053 0.01049 0.1376875 0.02658116 0.01049 0.1363281 0.02629053 0.01049 0.1363281 0.02658116 0.01049 0.1431249 0.02716243 0.01049 0.1404062 0.02658116 0.01049 0.1404062 0.03079992 0.01049 0.1268105 0.03073155 0.01049 0.1275919 0.03052854 0.01049 0.1283496 0.03181242 0.01049 0.13225 0.03297489 0.01049 0.1268125 0.03181242 0.01049 0.121375 0.03181242 0.01049 0.1268125 0.03123116 0.01049 0.1268125 0.03181242 0.01049 0.1240937 0.03123116 0.01049 0.121375 0.03123116 0.01049 0.1240937 0.03297489 0.01049 0.1159375 0.03181242 0.01049 0.1159375 0.0306499 0.01049 0.1295312 0.03123116 0.01049 0.13225 0.03181242 0.01049 0.1295312 0.03123116 0.01049 0.1295312 0.03006869 0.01049 0.13225 0.03056067 0.01049 0.1379131 0.03074115 0.01049 0.1372396 0.03103584 0.01049 0.1366077 0.02948743 0.01049 0.1404062 0.03006869 0.01049 0.1431249 0.03006869 0.01049 0.1376875 0.03006869 0.01049 0.1404062 0.0306499 0.01049 0.1349687 0.03123116 0.01049 0.1349687 0.03205525 0.01049 0.1348419 0.03307467 0.01049 0.1330762 0.03409415 0.01049 0.1313105 0.03413742 0.01049 0.121375 0.03413742 0.01049 0.1268125 0.03475713 0.01049 0.1298887 0.03516316 0.01049 0.1283733 0.03079992 0.01049 0.1145 0.03079992 0.01049 0.1185 0.03079992 0.01049 0.1220552 0.03529989 0.01049 0.1268105 0.03529989 0.01049 0.1244329 0.03529989 0.01049 0.1220552 0.03529989 0.01049 0.1202776 0.03529989 0.01049 0.1185 0.03529989 0.01049 0.1158333 0.03529989 0.01049 0.1131666 0.03413742 0.01049 0.1159375 0.02629989 -0.006009995 0.1185 0.02967488 -0.009384989 0.1205776 0.03079992 -0.01050996 0.1268105 0.02979993 -0.00950998 0.122 0.02975404 -0.009464085 0.1214352 0.02960759 -0.009317636 0.1208558 0.02935284 -0.009062886 0.1202883 0.02899163 -0.008701682 0.1197629 0.02853697 -0.008247077 0.1193082 0.02801156 -0.007721602 0.118947 0.02744412 -0.007154166 0.1186923 0.02686464 -0.00657469 0.1185458 0.03023743 -0.009947478 0.1226552 0.03023743 -0.009947478 0.1205776 0.03023743 -0.009947478 0.1216164 0.0302999 -0.01001 0.1268105 0.02979993 -0.00950998 0.1268105 0.02717489 -0.006884992 0.1185 0.02804988 -0.007759988 0.1185 0.02892494 -0.008634984 0.1185 0.02979993 -0.00950998 0.1185 0.03079992 -0.01050996 0.1185 0.03079992 -0.01050996 0.1196851 0.03079992 -0.01050996 0.1208701 0.03079992 -0.01050996 0.1220552 0.03079992 -0.01050996 0.1232441 0.03079992 -0.01050996 0.1244329 0.03079992 -0.01050996 0.1256217 0.02979993 -0.00950998 0.1256217 0.02979993 -0.00950998 0.1244329 0.02979993 -0.00950998 0.1232441 0.02979993 -0.00950998 0.1220552 0.03023743 -0.009947478 0.1221358 0.02995616 -0.009666204 0.1226552 0.02995616 -0.009666204 0.1216164 0.02995616 -0.009666204 0.1221358 0.03023743 -0.009947478 0.1236941 0.02995616 -0.009666204 0.1218761 0.02981555 -0.009525597 0.1221358 0.02981555 -0.009525597 0.1216164 0.02981555 -0.009525597 0.1218761 0.03023743 -0.009947478 0.121097 0.02995616 -0.009666204 0.1205776 0.02995616 -0.009666204 0.121097 0.02967488 -0.009384989 0.1195388 0.03023743 -0.009947478 0.1195388 0.02995616 -0.009666204 0.1223955 0.02981555 -0.009525597 0.1226552 0.02981555 -0.009525597 0.1223955 0.03023743 -0.009947478 0.1231746 0.02995616 -0.009666204 0.1236941 0.02995616 -0.009666204 0.1231746 -0.007647871 -0.01905 0.1115 -0.007647871 -0.01905 0.106 -0.007647871 -0.01124995 0.1115 -0.007647871 -0.01124995 0.106 -0.007647871 -0.01514995 0.106 -0.007647871 -0.01514995 0.1115 -0.007647871 -0.01124995 0.11 -0.007647871 -0.01905 0.11 -0.007647871 -0.01124995 0.1115 -0.007647871 -0.01124995 0.106 0.03579992 -0.01124995 0.106 0.0213173 -0.01124995 0.106 0.006834685 -0.01124995 0.106 0.02006983 -0.01124995 0.1115 0.02006983 -0.01124995 0.1105 0.01407599 -0.01124995 0.10875 0.02493792 -0.01124995 0.10875 0.02493792 -0.01124995 0.110125 0.01950699 -0.01124995 0.10875 0.01407599 -0.01124995 0.110125 0.01950699 -0.01124995 0.110125 0.003214001 -0.01124995 0.10875 0.02222245 -0.01124995 0.110125 0.03036892 -0.01124995 0.10875 0.03036892 -0.01124995 0.110125 0.03579992 -0.01124995 0.1105 0.006210923 -0.01124995 0.1115 -0.007647871 -0.01124995 0.11 0.003214001 -0.01124995 0.110125 -0.002216935 -0.01124995 0.10875 -0.002216935 -0.01124995 0.110125 0.03579992 -0.01124995 0.11 0.03308439 -0.01124995 0.110125 0.03444218 -0.01124995 0.110125 0.03308439 -0.01124995 0.1104688 0.03444218 -0.01124995 0.1104688 0.03308439 -0.01124995 0.10875 0.03036892 -0.01124995 0.1094375 0.03308439 -0.01124995 0.1094375 0.02493792 -0.01124995 0.107375 0.03036892 -0.01124995 0.107375 0.03444218 -0.01124995 0.1094375 0.03308439 -0.01124995 0.1097812 0.03444218 -0.01124995 0.1097812 0.03579992 -0.01905 0.106 0.03579992 -0.01124995 0.106 0.03579992 -0.004529953 0.1164053 0.03579992 -0.01001 0.1185 0.03579992 -0.01905 0.1185 0.03579992 -0.01124995 0.1105 0.03579992 -6.3e-4 0.1105 0.03579992 0.009989976 0.1268105 0.03579992 0.003323316 0.1268105 0.03579992 -0.003343284 0.1268105 0.03579992 -0.01001 0.1268105 0.03579992 -0.01001 0.1244329 0.03579992 -0.01001 0.1220552 0.03579992 -0.01001 0.1202776 0.03579992 -0.01178997 0.1164053 0.03579992 -0.004529953 0.1216078 0.03579992 -0.008159995 0.1216078 0.03579992 -0.004529953 0.1242092 0.03579992 -0.008159995 0.1242092 0.03579992 0.002729952 0.1164053 0.03579992 0.002729952 0.1216078 0.03579992 -0.008159995 0.1164053 0.03579992 -0.004529953 0.1190065 0.03579992 -0.008159995 0.1190065 0.03579992 -0.004529953 0.1112026 0.03579992 -0.01178997 0.1112026 0.03579992 0.009989976 0.1105 0.03579992 0.009989976 0.1131666 0.03579992 0.009989976 0.1158333 0.03579992 0.009989976 0.1185 0.03579992 0.009989976 0.1202776 0.03579992 0.009989976 0.1220552 0.03579992 0.009989976 0.1244329 0.03579992 0.002729952 0.1190065 0.03579992 0.006359994 0.1164053 0.03579992 0.006359994 0.1216078 0.03579992 0.006359994 0.1190065 0.03579992 0.002729952 0.1242092 0.03579992 0.006359994 0.1242092 0.03579992 -0.01124995 0.11 0.03579992 -0.01178997 0.1086013 0.03579992 -0.008159995 0.1112026 0.03579992 -0.01178997 0.109902 0.03579992 -0.009974956 0.1112026 0.03579992 -0.01178997 0.1138039 0.03579992 -0.004529953 0.1138039 0.03579992 -0.008159995 0.1138039 0.03579992 -0.01541996 0.1112026 0.03579992 -0.01541996 0.1086013 0.03579992 -0.01178997 0.1105523 0.03579992 -0.01088249 0.1112026 0.03579992 -0.01178997 0.1125032 0.03579992 -0.008159995 0.1125032 0.03579992 -0.009974956 0.1138039 0.03579992 -0.009974956 0.1125032 0.03579992 -0.01541996 0.1164053 0.03579992 -0.01541996 0.1138039 0.03579992 -0.01541996 0.109902 0.03579992 -0.01360499 0.1086013 0.03579992 -0.01360499 0.1112026 0.03579992 -0.01360499 0.109902 0.03579992 -0.01905 0.1115 0.03579992 -0.01905 0.1105 0.03579992 -0.01905 0.11 0.03579992 -0.01723498 0.1112026 0.03579992 -0.01541996 0.1125032 0.03579992 -0.01723498 0.1138039 0.03579992 -0.01723498 0.1125032 0.03579992 -0.01723498 0.1086013 0.03579992 -0.01723498 0.109902 0.03579992 -0.01814246 0.109902 0.03579992 -0.01723498 0.1105523 0.03579992 -0.01814246 0.1112026 0.03579992 -0.01814246 0.1105523 0.03579992 -0.01905 0.1185 0.03579992 -0.01905 0.106 -0.007647871 -0.01905 0.106 0.01407599 -0.01905 0.106 0.02618938 -0.01905 0.1185 0.01657885 -0.01905 0.1185 0.01657885 -0.01905 0.1115 0.00446546 -0.01905 0.1115 -0.007647871 -0.01905 0.1115 0.01657885 -0.01905 0.115 0.02493792 -0.01905 0.11225 0.02493792 -0.01905 0.115375 0.02493792 -0.01905 0.109125 -0.007647871 -0.01905 0.11 0.003214001 -0.01905 0.109125 -0.002216935 -0.01905 0.109125 0.003214001 -0.01905 0.1106875 -0.002216935 -0.01905 0.1106875 0.03579992 -0.01905 0.11 0.03579992 -0.01905 0.1105 0.03579992 -0.01905 0.1115 0.02493792 -0.01905 0.1106875 0.03036892 -0.01905 0.109125 0.03036892 -0.01905 0.11225 0.03036892 -0.01905 0.1106875 0.03036892 -0.01905 0.1099062 0.03308439 -0.01905 0.109125 0.03308439 -0.01905 0.1106875 0.03308439 -0.01905 0.1099062 0.02493792 -0.01905 0.1075625 0.03036892 -0.01905 0.1075625 0.03308439 -0.01905 0.1102969 0.03444218 -0.01905 0.1099062 0.03444218 -0.01905 0.1106875 0.03444218 -0.01905 0.1102969 0.03036892 -0.01905 0.1114687 0.03308439 -0.01905 0.11225 0.03308439 -0.01905 0.1114687 0.02493792 -0.01905 0.1138125 0.03036892 -0.01905 0.115375 0.03036892 -0.01905 0.1138125</float_array>
          <technique_common>
            <accessor source="#mesh-ec969fc3-8f5b-41e7-8fb9-3cb9bc839c5b-mesh-positions-array" count="1178" stride="3">
              <param name="X" type="float"/>
              <param name="Y" type="float"/>
              <param name="Z" type="float"/>
            </accessor>
          </technique_common>
        </source>
        <source id="mesh-ec969fc3-8f5b-41e7-8fb9-3cb9bc839c5b-mesh-normals">
          <float_array id="mesh-ec969fc3-8f5b-41e7-8fb9-3cb9bc839c5b-mesh-normals-array" count="1980">0 0 -1 6.87033e-7 0 -1 -6.87033e-7 0 -1 -6.87032e-7 0 -1 6.8703e-7 0 -1 -0.9249869 0 0.3799991 -0.9816401 0 0.190743 -0.9817517 -2.74676e-4 0.1901671 -0.665624 -0.001342833 0.7462862 -0.8299598 0 0.5578233 -0.8311477 -5.18819e-4 0.5560516 -0.9244345 -4.88311e-4 0.3813407 -0.829971 -0.002655148 0.5578003 -0.9249882 -0.002594053 0.379987 -0.5416242 -3.6623e-4 0.8406208 -0.4128919 -0.001190185 0.9107793 -0.3231684 -8.54539e-4 0.9463412 -0.699281 -0.001342833 0.7148457 -0.9247518 7.62971e-4 0.3805701 -0.9589303 4.57782e-4 0.2836415 -0.9586122 -1.83116e-4 0.2847148 -0.9818698 4.8831e-4 0.1895559 -0.9820522 0 0.1886097 -0.9251999 0 0.37948 -0.9816542 -0.002441525 0.1906542 -0.9956442 -6.10375e-5 0.09323477 -0.9956127 -1.52594e-4 0.09357041 -0.7030883 0.005127072 0.7110841 -0.7692435 0 0.6389558 -0.7692285 -1.83113e-4 0.6389739 -0.8300821 0.00100708 0.5576404 -0.8303892 0 0.5571839 -0.6825212 -0.002075254 0.7308629 -0.882407 -1.83116e-4 0.4704869 -0.8829141 3.96747e-4 0.4695345 -0.3608244 -0.003936886 0.9326255 -0.5418621 -0.003875851 0.8404585 -0.9505377 -0.01486259 0.3102538 -0.9860958 -0.0149542 0.1655039 -0.9956815 -0.002288877 0.09280818 -0.9970306 0.006225883 0.0767557 -0.6589691 -0.01144462 0.752083 -0.816062 -0.01733505 0.5777044 -0.2596528 -3.96743e-4 0.965702 -0.5166983 -0.007111072 0.8561381 -0.1265624 -0.02691775 0.9915935 -0.1311405 0.01202452 0.9912909 -0.2148544 -0.01571732 0.9765196 -0.9877641 0.006195425 0.1558326 -0.9497871 0.006866812 0.3128215 -0.8829486 0.008972585 0.469384 -0.5198856 0.005584895 0.8542177 -0.3579227 0.00225836 0.9337486 -0.6532322 0.01400828 0.757028 -0.7853192 0.01278752 0.6189592 -0.912751 0.4085162 0 -0.9127505 0.4085177 0 -0.9127504 0.4085177 0 -0.9127528 0.4085124 0 -0.9127519 0.4085145 0 -0.9127508 0.4085168 1.44825e-6 -0.9127506 0.4085174 0 -0.9127514 0.4085156 0 -0.9127513 0.4085156 1.43933e-6 -0.9127503 0.4085183 0 -0.912752 0.4085143 -4.31799e-7 -0.9127528 0.4085124 0 -0.9127513 0.4085156 6.97175e-7 -0.9127477 0.4085238 -1.88675e-6 -0.912751 0.4085165 0 -0.9127504 0.408518 -6.23312e-6 -0.9127508 0.4085167 -1.80412e-7 -0.9127506 0.4085176 -9.06093e-7 -0.9127521 0.4085142 -1.24909e-6 -0.9127508 0.408517 -1.81219e-6 -0.9127519 0.4085146 0 -0.9127488 0.4085216 -2.0151e-6 -0.91275 0.4085187 0 -0.9127551 0.4085073 0 -0.912753 0.4085121 2.91327e-6 -0.9127506 0.4085174 1.82105e-6 -0.9127505 0.4085175 1.2948e-6 -0.9127519 0.4085143 -1.0873e-6 -0.912751 0.4085167 0 -0.9127488 0.4085213 -1.44976e-6 -0.9127486 0.4085219 -2.17465e-6 -0.912751 0.4085165 0 -0.9127535 0.4085109 -6.20678e-7 1.94709e-6 0 -1 -1.94709e-6 0 -1 -2.59611e-6 0 -1 8.49567e-6 0 -1 -8.56784e-6 0 -1 0 0 1 1.04787e-6 0 1 -6.5389e-6 0 1 -1.86617e-6 0 1 -1.44875e-5 0 1 -3.32244e-6 0 1 -1.37969e-5 0 1 6.89843e-6 0 1 -1.69332e-5 0 1 1.69331e-5 0 1 0.9455904 1.22075e-4 0.3253595 0.964668 0 0.2634686 0.964832 0.001861631 0.2628613 0.9225972 0.001098692 0.3857634 0.9228293 0 0.385209 0.8962569 4.27269e-4 0.4435353 0.8961358 9.15577e-5 0.44378 0.9453672 -3.05193e-4 0.3260076 0.9230977 -3.35705e-4 0.3845655 0.9648504 -0.001220703 0.2627969 0.9225976 -5.49347e-4 0.3857636 0.9799715 1.52596e-4 0.1991378 0.9910829 0 0.1332471 0.9911643 0.001190185 0.1326354 0.9800394 -6.10388e-5 0.1988034 0.9646912 2.13637e-4 0.2633834 0.997772 4.88311e-4 0.06671547 0.9910091 -3.05189e-5 0.1337947 0.9911607 -5.79858e-4 0.1326654 0.8896015 -0.004181087 0.4567185 0.9137057 -0.003784298 0.4063593 0.8890321 0.004516839 0.4578226 0.9509047 -0.003814816 0.3094606 0.9782075 -0.003936946 0.2075929 0.896269 0 0.4435108 0.9048029 0.00476098 0.425804 0.9395189 0.00564593 0.3424506 0.9977905 1.52595e-4 0.06643998 0.994495 -0.003936946 0.1047109 0.998775 -0.004028499 0.0493192 0.9987332 0.004882991 0.05008161 0.9964625 0.004364132 0.08392608 0.9849 0.005371272 0.1730411 0.9977681 0 0.06677627 0.9658539 0.01223796 0.2587981 0.9659299 0.00100708 0.2588021 0.9915005 4.57785e-4 0.1301023 0.9259426 0.01049846 0.3775185 0.9237176 4.57784e-4 0.3830741 0.9237176 -4.57784e-4 0.3830741 0.9259426 -0.01049846 0.3775185 0.9658539 -0.01223796 0.2587981 0.9659222 -0.00100708 0.2588305 0.9906501 -0.01049852 0.1360236 0.9915369 0.002655148 0.1297979 0.9906501 0.01049852 0.1360236 0.9848734 -0.004211544 0.1732249 0.9964064 -0.00350964 0.08462846 0.9915331 -0.002655148 0.129828 0.9964064 0.00350964 0.08462846 0.9915005 -4.57785e-4 0.1301023 0.9848734 0.004211544 0.1732249 0.9052429 -0.003509581 0.42488 0.9395488 -0.004211544 0.3423894 0.9236101 0.002655148 0.3833243 0.9236101 -0.002655148 0.3833243 0.9395488 0.004211544 0.3423894 0.9052547 0.00350964 0.4248551 0.00100708 0.9797475 0.2002343 0.001525878 0.9947871 0.1019629 -0.008575797 0.994826 0.1012313 -0.001831114 0.8862426 0.463218 4.88307e-4 0.953938 0.3000035 -0.005646049 0.9533042 0.301959 -6.1038e-5 0.9796604 0.2006625 -0.02362167 0.9965378 0.07971566 -0.02237075 0.9764094 0.2147655 -0.004303157 0.867754 0.4969756 0.008209466 0.99213 0.1249432 0 0.9987174 0.0506317 0.008392691 0.9659269 0.2586792 -0.004699945 0.6494839 0.7603609 -0.006744682 0.1601029 0.9870773 -0.004944145 0.3543012 0.9351184 0 0.181404 0.9834087 0.003021419 0.5003674 0.865808 0.00125128 0.2574003 0.9663041 -0.008972525 0.860633 0.5091468 -0.008514881 0.7130225 0.7010895 0 0.1305303 0.9914444 -0.005646049 -0.9533042 0.301959 -6.1038e-5 -0.9796604 0.2006625 0.00100708 -0.9797475 0.2002343 4.88307e-4 -0.953938 0.3000035 -0.001831114 -0.8862426 0.463218 -0.008575797 -0.994826 0.1012313 0.001525878 -0.9947871 0.1019629 0 -0.9987174 0.0506317 0.008209466 -0.99213 0.1249432 0.008392691 -0.9659269 0.2586792 -0.02362167 -0.9965378 0.07971566 -0.02237075 -0.9764094 0.2147655 -0.004303157 -0.867754 0.4969756 -0.008972525 -0.860633 0.5091468 -0.008514881 -0.7130225 0.7010895 -0.004944145 -0.3543012 0.9351184 0.003021419 -0.5003674 0.865808 0.00125128 -0.2574003 0.9663041 -0.006744682 -0.1601029 0.9870773 0 -0.1305303 0.9914444 -0.004699945 -0.6494839 0.7603609 0 -0.181404 0.9834087 -1 0 0 -1 -3.98155e-7 0 -1 -3.06356e-7 0 -1 3.31859e-7 0 -1 -3.62193e-7 0 -1 1.22941e-6 0 -1 6.12709e-7 0 -1 6.12712e-7 0 -1 3.62195e-7 0 -1 -1.22542e-6 0 -0.9658476 -0.01260447 -0.2588046 -0.9659299 -0.001037597 -0.2588021 -0.9237176 -4.88303e-4 -0.3830741 -0.9906058 -0.01110875 -0.1362964 -0.9915044 -4.88305e-4 -0.1300724 -0.9914441 -7.62978e-4 -0.1305302 -0.9906058 0.01110875 -0.1362964 -0.9658476 0.01260447 -0.2588046 -0.9659304 0 -0.2588022 -0.9260455 0.01110899 -0.3772484 -0.9235725 -0.002899289 -0.3834129 -0.9260455 -0.01110899 -0.3772484 -0.9395345 0.004425287 -0.3424258 -0.9051788 0.003692805 -0.425015 -0.9848776 0.004425227 -0.1731951 -0.9235725 0.002899289 -0.3834129 -0.9207599 -0.01107841 -0.3899725 -0.9238801 -7.62982e-4 -0.3826814 -0.9658663 -0.01113939 -0.2588014 -0.996416 0.003692746 -0.08450716 -0.991548 -0.002899348 -0.1297078 -0.991548 0.002899348 -0.1297078 -0.9923912 -0.01107841 -0.1226259 -0.8660228 0 -0.5000047 -0.8660303 -5.94906e-7 -0.4999917 -0.8660233 0 -0.5000039 -0.8660231 0 -0.5000041 -0.8660195 0 -0.5000101 -0.8660251 5.09928e-7 -0.5000007 -0.8660253 0 -0.5000004 -0.8660241 1.69977e-7 -0.5000025 -0.866028 0 -0.4999957 -0.8660255 0 -0.5 -0.8660253 0 -0.5000002 -0.9648773 0.00552386 -0.2626434 -0.9235609 0.003173947 -0.3834387 -0.9228553 -8.54524e-4 -0.3851461 -0.9648005 0 -0.2629832 -0.9228553 8.54524e-4 -0.3851461 -0.9235456 -0.003174006 -0.3834754 -0.9907958 0.003479123 -0.1353207 -0.9910953 6.40893e-4 -0.1331532 -0.9648751 -0.005523979 -0.2626511 -0.8962569 0 -0.4435353 -0.9207597 -0.01110893 -0.3899724 -0.9227923 0 -0.385298 -0.896269 0 -0.4435108 -0.9658663 0.01113939 -0.2588014 -0.9207597 0.01110893 -0.3899724 -0.9910916 0 -0.1331831 -0.9923881 -0.01101738 -0.1226561 -0.9910953 -6.40893e-4 -0.1331532 -0.9977681 0 -0.06677627 -0.9907958 -0.003479123 -0.1353207 -0.9923881 0.01101738 -0.1226561 0.8660241 0 0.5000022 0.8660302 0 0.499992 0.8660272 0 0.499997 0.8660297 2.49798e-6 0.4999927 0.8660253 0 0.5000004 0.8660252 0 0.5000005 0.8660212 -3.56864e-7 0.5000074 0.8660272 0 0.4999971 0.8660242 1.90325e-6 0.5000021 0.8660264 1.90325e-6 0.4999985 0.8660248 1.78431e-6 0.5000012 0.8660244 0 0.500002 0.866024 7.13721e-7 0.5000025 0.8660289 0 0.4999942 0.8660263 0 0.4999987 0.8660262 0 0.4999986 1 0 0 1 -1.3013e-6 0 1 -6.50649e-7 0 1 1.73505e-6 0 1 8.67531e-7 0 1 -5.20519e-6 0 1 -5.6966e-7 0 1 -1.94874e-6 0 1 -2.88497e-6 0 1 7.64596e-6 0 1 -1.38712e-5 0 1 5.2053e-6 0 1 2.88497e-6 0 1 1.38712e-5 0 1 -7.64573e-6 0 -0.7071197 0.707094 0 -0.7071132 0.7071004 0 -0.7071068 0.7071068 0 -0.7071092 0.7071044 0 -0.7071018 0.7071117 -1.23202e-6 -0.7071099 0.7071036 5.25931e-7 -0.7071068 0.7071068 2.80832e-6 -0.7070934 0.7071202 0 -0.707116 0.7070977 -2.29253e-6 -0.7071044 0.7071092 0 -0.7071028 0.7071108 0 -0.7071161 0.7070975 0 -0.7070991 0.7071145 2.93558e-6 -0.707095 0.7071186 0 -0.7071081 0.7071055 -6.62277e-7 -0.7071036 0.70711 0 -0.7071002 0.7071135 1.89614e-6 -0.7071128 0.7071008 3.05686e-6 -0.7040477 0.7040782 -0.09268683 -0.6830225 0.7071022 -0.1829938 -0.7040631 0.7040631 -0.09268486 -0.6560856 0.7040628 -0.2717489 -0.656103 0.7040487 -0.2717434 -0.6560715 0.7040782 -0.2717431 -0.6123786 0.7071026 -0.3535513 -0.6123719 0.7071066 -0.3535546 -0.6123641 0.7071147 -0.3535522 -0.6123841 0.7070984 -0.35355 -0.6123683 0.7071092 -0.3535559 -0.6123701 0.7071084 -0.3535542 -0.6774049 0.7128683 -0.1814979 -0.6440465 0.7107614 -0.2828824 -0.661963 0.708688 -0.2440626 -0.6420577 0.7057812 -0.2993909 -0.6992003 0.7107672 -0.07700049 -0.7040782 0.7040477 -0.09268683 -0.7057579 0.7057579 -0.06174045 -0.6953155 0.7086828 -0.1196041 -0.7071132 -0.7071004 0 -0.7071068 -0.7071068 0 -0.7070988 -0.7071148 0 -0.70711 -0.7071036 1.20356e-6 -0.707116 -0.7070977 -8.59697e-7 -0.7070961 -0.7071175 0 -0.7071028 -0.7071108 0 -0.7071099 -0.7071036 0 -0.7071004 -0.7071132 0 -0.7071117 -0.707102 0 -0.7071018 -0.7071117 0 -0.7071044 -0.7071092 0 -0.7071131 -0.7071006 0 -0.7071155 -0.7070981 6.52128e-6 -0.7071002 -0.7071135 2.37017e-6 -0.7071154 -0.7070981 0 -0.7070891 -0.7071245 0 -0.7070991 -0.7071145 2.93558e-6 -0.6960529 -0.7051171 -0.1353529 -0.6486528 -0.740973 -0.1738062 -0.6704801 -0.7051196 -0.2307875 -0.656103 -0.7040487 -0.2717434 -0.7230319 -0.6630921 -0.1937363 -0.6560715 -0.7040782 -0.2717431 -0.7040477 -0.7040782 -0.09268683 -0.7040631 -0.7040631 -0.09268486 -0.6123738 -0.7071055 -0.3535537 -0.6123648 -0.7071124 -0.3535555 -0.6123787 -0.7071005 -0.3535552 -0.6123719 -0.7071086 -0.3535508 -0.6123713 -0.7071086 -0.3535518 -0.6123715 -0.7071079 -0.3535532 -0.612362 -0.7071157 -0.3535538 -0.6123755 -0.7071048 -0.3535524 -0.6964753 -0.7068823 -0.1234495 -0.7572709 -0.6304334 -0.1705713 -0.7057579 -0.7057579 -0.06174045 -0.6333684 -0.7615497 -0.1374287 -0.664891 -0.7068854 -0.2413152 -0.7411004 -0.6304374 -0.2309091 -0.6420577 -0.7057812 -0.2993909 -0.6420716 -0.7057659 -0.2993974 -0.617228 -0.7615551 -0.1976448 0.6289707 -0.7101213 0.3164233 0.6491142 -0.7114956 0.2691189 0.6436857 -0.7079291 0.2906978 0.6707615 -0.7083923 0.2196806 0.6783578 -0.7118988 0.1817439 0.6967166 -0.7114877 0.09149569 0.6907458 -0.708386 0.1451197 0.702918 -0.7101206 0.04043787 0.7028005 -0.7079277 0.07007247 0.6123711 -0.7071084 0.3535525 0.6123713 -0.7071086 0.3535518 0.6123668 -0.7071136 0.3535496 0.612368 -0.7071116 0.3535516 0.7057579 -0.7057579 0.06174045 0.6963648 -0.7071076 0.1227802 0.6963497 -0.7071229 0.1227775 0.6644545 -0.7071197 0.2418306 0.6644688 -0.7071045 0.2418358 0.6420716 -0.7057659 0.2993974 0.7071068 -0.7071068 0 0.7129963 -0.6384983 0.289752 0.6863194 -0.7136342 0.140328 0.6619883 -0.7270854 0.181985 0.4020317 -0.6730132 0.6208251 0.7704276 -0.6248509 0.1265022 0.7234889 -0.6781984 0.1288827 0.7538205 -0.5499838 0.3595449 0.8568727 -0.3625442 0.3665118 0.3624185 -0.6290364 0.6877253 0.7121275 -0.2807736 0.64346 0.6777093 -0.1862891 0.7113415 0.6896147 -0.1344376 0.7115886 0.7211674 -0.124274 0.6815231 0.7587715 -0.1320876 0.6378235 0.7652966 -0.3547843 0.5370749 0.7071253 0 0.7070883 0.7071087 0 0.7071049 0.7071253 0 0.7070884 0.7071252 0 0.7070884 0.7129824 0.2897464 0.6385163 0.6863194 0.140328 0.7136342 0.6619564 0.1819846 0.7271144 0.4021244 0.6207963 0.6729846 0.7704276 0.1265022 0.6248509 0.7234889 0.1288827 0.6781984 0.7538205 0.3595449 0.5499838 0.8568536 0.3665341 0.3625666 0.362445 0.6877177 0.6290295 0.7121124 0.6434739 0.2807798 0.6777405 0.7113116 0.1862893 0.6896025 0.7116065 0.1344047 0.7211674 0.6815231 0.124274 0.7587715 0.6378235 0.1320876 0.765284 0.5370874 0.3547926 0.7071068 0.7071068 0 0.7071028 0.7071108 0 0.6420716 0.7057659 0.2993974 0.6420894 0.705752 0.2993915 0.6644688 0.7071045 0.2418358 0.6963648 0.7071076 0.1227802 0.6963497 0.7071229 0.1227775 0.7057579 0.7057579 0.06174045 0.6123628 0.7071155 0.3535527 0.6123704 0.7071089 0.3535525 0.6123756 0.7071036 0.3535543 -0.7071124 0.7071012 0 -0.707104 0.7071096 0 -0.7071179 0.7070956 0 -0.7071142 0.7070994 1.85871e-6 -0.707118 0.7070957 0 -0.7070956 0.7071179 0 -0.7071068 0.7071068 -1.85877e-6 -0.7071012 0.7071124 0 -0.7070994 0.7071142 0 -0.7071291 0.7070845 0 -0.7070622 0.7071514 0 -0.7070176 0.707196 0 -0.7071514 0.7070622 0 -0.7070845 0.7071291 0 -0.7070901 0.7071235 4.18212e-6 -0.7070845 0.7071291 0 -0.7071068 0.7071068 -6.97036e-7 -0.7071059 0.7071077 4.5886e-7 -0.7071089 0.7071048 0 -0.7071057 0.7071079 0 -0.70711 0.7071036 0 -0.7071096 0.707104 0 -0.7071082 0.7071055 -3.48515e-7 -0.7070984 0.7071152 0 -0.7071152 0.7070985 0 -0.7071068 0.7071068 -1.26174e-6 -0.7071118 0.7071018 -9.46308e-7 -0.707104 0.7071096 -1.74257e-6 -0.7071236 0.7070901 0 -0.7071017 0.7071118 -9.50637e-7 -0.7070896 0.7071241 0 -0.7070708 0.7071429 -9.02091e-6 -0.7071043 0.7071092 0 -0.7071025 0.7071112 -2.47471e-6 -0.707104 0.7071096 3.48514e-7 -0.7069953 0.7072183 0 -0.7071068 0.7071068 1.16148e-5 -0.707396 0.7068176 0 -0.7071133 0.7071003 0 -0.7070741 0.7071396 0 -0.7070441 0.7071695 0 -0.7073941 0.7068194 0 -0.7070964 0.7071172 -2.60288e-7 -0.7070845 0.7071291 -1.1152e-5 -0.7070615 0.7071521 3.7248e-7 -1 5.54324e-5 0 -1 -1.04691e-6 0 -1 0 0 -1 3.34486e-7 0 -1 7.64218e-7 0 -1 -1.27369e-6 0 -1 2.54738e-6 0 0.7071111 -0.7071025 0 0.7071039 -0.7071097 0 0 -1 0 0 -1 6.52663e-7 0 -1 -2.26979e-7 0 -1 0 0 -1 1.30208e-6 0 -1 1.82184e-7 0 -1 -1.3198e-6 0 -1 -1.76308e-7 0 -1 1.3223e-7 0 -1 -1.1074e-6 0 -1 -4.55912e-7 0 -1 4.70424e-7 0 -1 3.81199e-7 0 -1 -1.66333e-6 0 -1 -1.14638e-6 0 -1 -1.57745e-7 0.7071049 0.7071087 0 0.7071039 0.7071097 0 0.7071068 0.7071068 0 0 1 0 0 1 -5.75528e-7 0 1 -4.52933e-7 0 1 -1.25169e-7 0 1 8.31294e-7 0 1 0 0 1 2.09871e-7 0 1 -6.0512e-7 0 1 -6.85142e-7 0 1 -6.85965e-7 0 1 9.51337e-7 0 1 -6.04367e-7 0 1 1.27934e-6 0 1 -1.98413e-7 0 1 1.87498e-6 0 1 -3.86447e-6 0 1 -6.76619e-7 0 1 0 0 1 0 0 1 -1.48679e-7 0 1 2.16926e-7 0 1 2.00283e-7 0 1 0 -0.7071156 -0.707098 0 -0.7070804 -0.7071332 0 -0.707054 -0.7071596 0 -0.7070892 -0.7071244 0 -0.7071244 -0.7070892 0 -0.707098 -0.7071156 0 -0.7070508 -0.7071629 1.60285e-5 -0.7071164 -0.7070973 7.64351e-6 -0.7070621 -0.7071514 0 -0.7070971 -0.7071166 4.88192e-6 -0.707112 -0.7071017 5.17031e-6 -0.7071009 -0.7071127 0 -0.7071086 -0.707105 9.09338e-7 -0.707104 -0.7071096 0 -0.7070944 -0.7071192 0 -0.7071086 -0.707105 0 -0.7071107 -0.707103 0 -0.7071145 -0.7070991 2.8944e-6 -0.7071304 -0.7070832 7.37036e-7 -0.7071194 -0.7070941 -1.89292e-5 -0.7070927 -0.707121 -3.54639e-5 -0.7072257 -0.706988 0 -0.7070695 -0.707144 0 -0.7070919 -0.7071218 1.49731e-5 -0.7071068 -0.7071068 0 -0.7071674 -0.7070462 0 -0.7070999 -0.7071137 0 -0.7071471 -0.7070665 0 -0.7071123 -0.7071013 2.75145e-7 -0.7071084 -0.7071052 0 -0.7071129 -0.7071007 0 -0.7071112 -0.7071024 0 -0.7071131 -0.7071005 0 -0.7071043 -0.7071093 6.1909e-7 -0.7070989 -0.7071147 0 -0.7071192 -0.7070944 -1.54747e-6 -0.7071162 -0.7070975 0 -0.7071217 -0.707092 0 -0.7071058 -0.7071078 0 -0.7071133 -0.7071003 -1.08193e-6 -0.7071025 -0.7071111 0 -0.7071016 -0.707112 -8.70472e-7 -0.707103 -0.7071107 0 -0.707121 -0.7070927 4.42092e-6 0 1 7.63638e-7 0 1 -1.94867e-6 0 1 7.14494e-6 0 1 -3.57247e-6 0 1 3.65377e-7 0 1 9.74339e-7 0 1 -7.14494e-6 0 1 -1.53875e-6 0 1 -3.89721e-6 0 1 -8.57477e-5 0 1 7.30754e-7 0 1 6.49556e-7 0 1 -6.49558e-7 1 1.54108e-6 0 1 -1.54108e-6 0 1 7.7053e-7 0 1 1.68606e-6 0 1 -3.85265e-7 0 1 -1.51191e-6 0 1 -5.63784e-7 0 1 2.70715e-7 0 1 -1.07577e-6 0 1 1.10623e-6 0 1 -8.2707e-7 0 1 -2.48123e-6 0 1 2.29074e-6 0 1 -2.19739e-6 0 1 4.00885e-6 0 1 1.25429e-6 0 1 -3.08212e-6 0 1 -4.21057e-6 0 1 3.23734e-6 0 1 1.0022e-6 0 0 -1 -1.68121e-6 0 -1 1.21133e-7 0 -1 -1.47853e-6 0 -1 4.30771e-7 0 -1 -4.28708e-7 -0.9127513 0.4085159 0 -0.9127516 0.4085149 0 -0.9127508 0.408517 0 -0.912752 0.4085142 0 -0.912751 0.4085164 -2.27109e-6 -0.9127525 0.4085131 0 -1 -9.19064e-7 0 -1 3.98155e-7 0 0.8660243 0 0.5000022 0.8660264 0 0.4999986 0.8660258 0 0.4999996 -0.707094 0.7071197 0 -0.7071036 0.70711 4.01187e-7 -0.7070972 0.7071164 0 -0.7070988 0.7071148 0 -0.7071062 0.7071074 0 -0.7071133 -0.7071004 0 -0.7071004 -0.7071133 0 -0.7071036 -0.70711 0 -0.707108 -0.7071056 0 0.6304569 -0.7066318 0.3212407 0.7066374 -0.7066069 0.03701955 0.6420894 -0.705752 0.2993915 0.7071028 -0.7071108 0 0.7071252 0 0.7070884 0.7071251 0 0.7070885 0.612371 0.7071083 0.3535529 0.6123803 0.7070989 0.3535557 0.7071025 -0.7071111 0 0.7071047 -0.707109 0 0 -1 -3.52611e-7 0.7071025 0.7071111 0 0 1 -3.89733e-6 0 1 1.94868e-6 0 -1 3.29775e-6</float_array>
          <technique_common>
            <accessor source="#mesh-ec969fc3-8f5b-41e7-8fb9-3cb9bc839c5b-mesh-normals-array" count="660" stride="3">
              <param name="X" type="float"/>
              <param name="Y" type="float"/>
              <param name="Z" type="float"/>
            </accessor>
          </technique_common>
        </source>
        <source id="mesh-ec969fc3-8f5b-41e7-8fb9-3cb9bc839c5b-mesh-map-0">
          <float_array id="mesh-ec969fc3-8f5b-41e7-8fb9-3cb9bc839c5b-mesh-map-0-array" count="9576">0.525822 0.661468 0.505346 0.661468 0.505346 0.54537 0.505346 0.661468 0.48487 0.661468 0.48487 0.54537 0.464393 0.467971 0.464393 0.313173 0.48487 0.54537 0.505346 0.54537 0.48487 0.54537 0.464393 0.313173 0.464393 0.622769 0.464393 0.467971 0.48487 0.54537 0.48487 0.661468 0.464393 0.777567 0.464393 0.622769 0.505346 0.777567 0.464393 0.777567 0.48487 0.661468 0.48487 0.54537 0.48487 0.661468 0.464393 0.622769 0.505346 0.54537 0.464393 0.313173 0.546299 0.313173 0.546299 0.54537 0.525822 0.54537 0.546299 0.313173 0.525822 0.661468 0.525822 0.54537 0.546299 0.54537 0.525822 0.661468 0.505346 0.777567 0.505346 0.661468 0.505346 0.777567 0.525822 0.661468 0.546299 0.777567 0.546299 0.54537 0.546299 0.777567 0.525822 0.661468 0.546299 0.313173 0.525822 0.54537 0.505346 0.54537 0.820988 0.067694 0.828547 0.067694 0.828547 0.03384697 0.80644 0.067694 0.813714 0.067694 0.813714 0.03384697 0.813714 0.067694 0.820988 0.067694 0.820988 0.03384697 0.813714 0.135388 0.813714 0.067694 0.80644 0.067694 0.813714 0.067694 0.813714 0.135388 0.820988 0.135388 0.799208 0.135388 0.791975 0.067694 0.791975 0.135388 0.80644 0.067694 0.799208 0.135388 0.80644 0.135388 0.791975 0.067694 0.799208 0.135388 0.80644 0.067694 0.820988 0.186158 0.824767 0.186158 0.824767 0.169235 0.824767 0.186158 0.828547 0.186158 0.828547 0.169235 0.824767 0.169235 0.820988 0.135388 0.820988 0.169235 0.828547 0.135388 0.824767 0.169235 0.828547 0.169235 0.820988 0.135388 0.824767 0.169235 0.828547 0.135388 0.828547 0.186158 0.832326 0.186158 0.832326 0.169235 0.80644 0.186158 0.810077 0.186158 0.810077 0.169235 0.810077 0.186158 0.813714 0.186158 0.813714 0.169235 0.810077 0.169235 0.80644 0.135388 0.80644 0.169235 0.813714 0.135388 0.810077 0.169235 0.813714 0.169235 0.80644 0.135388 0.810077 0.169235 0.813714 0.135388 0.817351 0.169235 0.813714 0.135388 0.813714 0.169235 0.820988 0.135388 0.817351 0.169235 0.820988 0.169235 0.813714 0.135388 0.817351 0.169235 0.820988 0.135388 0.813714 0.186158 0.817351 0.186158 0.817351 0.169235 0.817351 0.186158 0.820988 0.186158 0.820988 0.169235 0.791975 0.169235 0.799208 0.169235 0.799208 0.135388 0.799208 0.169235 0.80644 0.169235 0.80644 0.135388 0.822409 0.00228399 0.828547 0.03384697 0.836105 0 0.828547 0.067694 0.836105 0 0.828547 0.03384697 0.822409 0.00228399 0.820988 0.03384697 0.828547 0.03384697 0.813714 0.03384697 0.820988 0.03384697 0.822409 0.00228399 0.828547 0.067694 0.836105 0.135388 0.836105 0 0.828547 0.135388 0.832326 0.169235 0.836105 0.135388 0.836105 0.203082 0.836105 0.135388 0.832326 0.169235 0.828547 0.135388 0.828547 0.067694 0.820988 0.067694 0.836105 0.135388 0.828547 0.067694 0.828547 0.135388 0.80644 0.03384697 0.813714 0.03384697 0.810033 0.008658945 0.822409 0.00228399 0.810033 0.008658945 0.813714 0.03384697 0.785317 0.056665 0.791975 0.067694 0.792998 0.04036599 0.792998 0.04036599 0.80644 0.067694 0.80644 0.03384697 0.810033 0.008658945 0.792998 0.04036599 0.80644 0.03384697 0.792998 0.04036599 0.791975 0.067694 0.80644 0.067694 0.777511 0.165672 0.791975 0.135388 0.777511 0.07289695 0.791975 0.135388 0.785317 0.056665 0.777511 0.07289695 0.791975 0.135388 0.777511 0.165672 0.784021 0.171708 0.791975 0.067694 0.785317 0.056665 0.791975 0.135388 0.828547 0.135388 0.828547 0.169235 0.832326 0.169235 0.829595 0.202592 0.828547 0.186158 0.824767 0.186158 0.823084 0.201026 0.824767 0.186158 0.820988 0.186158 0.828547 0.186158 0.829595 0.202592 0.832326 0.186158 0.829595 0.202592 0.824767 0.186158 0.823084 0.201026 0.817351 0.186158 0.816574 0.198303 0.820988 0.186158 0.816574 0.198303 0.823084 0.201026 0.820988 0.186158 0.813714 0.186158 0.816574 0.198303 0.817351 0.186158 0.836105 0.203082 0.832326 0.186158 0.829595 0.202592 0.832326 0.186158 0.836105 0.203082 0.832326 0.169235 0.799208 0.169235 0.791975 0.169235 0.797042 0.1839669 0.784021 0.171708 0.790532 0.177902 0.791975 0.169235 0.791975 0.169235 0.790532 0.177902 0.797042 0.1839669 0.791975 0.135388 0.784021 0.171708 0.791975 0.169235 0.803553 0.189583 0.80644 0.169235 0.799208 0.169235 0.810077 0.186158 0.810063 0.194443 0.813714 0.186158 0.816574 0.198303 0.813714 0.186158 0.810063 0.194443 0.80644 0.186158 0.810063 0.194443 0.810077 0.186158 0.797042 0.1839669 0.803553 0.189583 0.799208 0.169235 0.803553 0.189583 0.80644 0.186158 0.80644 0.169235 0.810063 0.194443 0.80644 0.186158 0.803553 0.189583 0.162361 0.921727 0.08118098 0.921727 0.08118098 0.896981 0.162361 0.946473 0.08118098 0.946473 0.08118098 0.921727 0.202951 0.896981 0.162361 0.896981 0.162361 0.884609 0.202951 0.896981 0.243542 0.896981 0.243542 0.921727 0.162361 0.921727 0.162361 0.896981 0.202951 0.896981 0.243542 0.921727 0.162361 0.921727 0.202951 0.896981 0.243542 0.946473 0.162361 0.946473 0.162361 0.921727 0.08118098 0.896981 0 0.921727 0 0.872236 0.05834597 0.872236 0.08118098 0.896981 0 0.872236 0.08118098 0.896981 0.116691 0.872236 0.162361 0.884609 0.175037 0.872236 0.162361 0.884609 0.116691 0.872236 0.08118098 0.921727 0 0.921727 0.08118098 0.896981 0.162361 0.884609 0.162361 0.896981 0.08118098 0.896981 0.05834597 0.872236 0.116691 0.872236 0.08118098 0.896981 0.08118098 0.946473 0.07037699 0.957744 0.05259394 0.958456 0.034738 0.960693 0 0.971218 0 0.921727 0.08118098 0.946473 0.05259394 0.958456 0.034738 0.960693 0 0.921727 0.08118098 0.946473 0.034738 0.960693 0.172115 0.957744 0.121246 0.957744 0.162361 0.946473 0.08118098 0.946473 0.162361 0.946473 0.121246 0.957744 0.07037699 0.957744 0.08118098 0.946473 0.121246 0.957744 0 0.921727 0.08118098 0.921727 0.08118098 0.946473 0.2333829 0.872236 0.202951 0.884609 0.175037 0.872236 0.2333829 0.882924 0.202951 0.896981 0.202951 0.884609 0.202951 0.884609 0.2333829 0.872236 0.2333829 0.882924 0.279052 0.882924 0.243542 0.896981 0.2333829 0.882924 0.243542 0.896981 0.202951 0.896981 0.2333829 0.882924 0.324722 0.882924 0.243542 0.896981 0.279052 0.882924 0.324722 0.920334 0.243542 0.921727 0.243542 0.896981 0.222984 0.957744 0.172115 0.957744 0.162361 0.946473 0.324722 0.920334 0.324722 0.957744 0.243542 0.946473 0.243542 0.946473 0.324722 0.957744 0.273853 0.957744 0.222984 0.957744 0.243542 0.946473 0.273853 0.957744 0.324722 0.920334 0.243542 0.896981 0.324722 0.882924 0.202951 0.884609 0.162361 0.884609 0.175037 0.872236 0.1161839 0.08406597 0.1742759 0.04203295 0.1161839 0.04203295 0.2033219 0.04203295 0.2033219 0.021016 0.1742759 0.021016 0.217845 0.021016 0.217845 0.010508 0.2033219 0.010508 0.1161839 0.04203295 0.113512 0 0 0 0.113512 0 0.1161839 0.04203295 0.1742759 0.021016 0.1742759 0.021016 0.2033219 0.010508 0.113512 0 0.1161839 0.08406597 0.1161839 0.04203295 0 0 0.05325496 0.144296 0 0 0 0.1681309 0.159765 0.09662598 0.1161839 0.08406597 0.10651 0.120461 0.05325496 0.144296 0.10651 0.120461 0.1161839 0.08406597 0.1161839 0.08406597 0.159765 0.09662598 0.1742759 0.04203295 0.05325496 0.144296 0.1161839 0.08406597 0 0 0.1742759 0.04203295 0.1742759 0.021016 0.1161839 0.04203295 0.2323679 0.005343973 0.227024 0 0.217845 0.010508 0.2033219 0.010508 0.217845 0.010508 0.227024 0 0.227024 0 0.113512 0 0.2033219 0.010508 0.2323679 0.005343973 0.217845 0.010508 0.217845 0.021016 0.21302 0.07279098 0.2033219 0.04203295 0.1742759 0.04203295 0.21302 0.07279098 0.2323679 0.05344295 0.2033219 0.04203295 0.217845 0.021016 0.2033219 0.04203295 0.2323679 0.05344295 0.2323679 0.005343973 0.217845 0.021016 0.2323679 0.05344295 0.2033219 0.04203295 0.217845 0.021016 0.2033219 0.021016 0.159765 0.09662598 0.21302 0.07279098 0.1742759 0.04203295 0.2033219 0.010508 0.1742759 0.021016 0.2033219 0.021016 0.749157 0.622665 0.749157 0.593645 0.774654 0.593645 0.774654 0.622665 0.774654 0.593645 0.800152 0.593645 0.800152 0.593645 0.825649 0.593645 0.825649 0.622665 0.800152 0.593645 0.851147 0.535607 0.825649 0.593645 0.84584 0.626887 0.825649 0.622665 0.825649 0.593645 0.800152 0.593645 0.798085 0.626887 0.774654 0.622665 0.749157 0.535607 0.851147 0.535607 0.800152 0.593645 0.84584 0.626887 0.825649 0.593645 0.851147 0.535607 0.774654 0.593645 0.749157 0.535607 0.800152 0.593645 0.647167 0.535607 0.749157 0.535607 0.667799 0.582038 0.749157 0.593645 0.667799 0.582038 0.749157 0.535607 0.774654 0.593645 0.749157 0.593645 0.749157 0.535607 0.768901 0.65628 0.749157 0.622665 0.774654 0.622665 0.688432 0.628468 0.667799 0.582038 0.749157 0.593645 0.749157 0.622665 0.688432 0.628468 0.749157 0.593645 0.798085 0.626887 0.800152 0.593645 0.825649 0.622665 0.851147 0.535607 0.851147 0.632231 0.84584 0.626887 0.825649 0.622665 0.84584 0.626887 0.798085 0.626887 0.774654 0.622665 0.778187 0.646928 0.768901 0.65628 0.749157 0.622665 0.768901 0.65628 0.759615 0.665633 0.787473 0.637575 0.778187 0.646928 0.774654 0.622665 0.688432 0.628468 0.749157 0.622665 0.709065 0.674899 0.749157 0.622665 0.759615 0.665633 0.75033 0.674985 0.709065 0.674899 0.749157 0.622665 0.75033 0.674985 0.729697 0.72133 0.75033 0.674985 0.75033 0.76776 0.709065 0.674899 0.75033 0.674985 0.729697 0.72133 0.798085 0.626887 0.787473 0.637575 0.774654 0.622665 0.464393 0.148131 0.464393 0 0.506078 0 0.464393 0.148131 0.506078 0.277605 0.464393 0.296262 0.506078 0.277605 0.464393 0.148131 0.506078 0 0.506078 0 0.547764 0.129474 0.506078 0.277605 0.547764 0.129474 0.547764 0.258948 0.506078 0.277605 0.547764 0 0.547764 0.129474 0.506078 0 0.160328 0.453196 0.160328 0.423803 0.133606 0.423803 0.160328 0.453196 0.133606 0.423803 0.106885 0.423803 0 0.453196 0.08016395 0.423803 0.05344295 0.423803 0 0.453196 0.05344295 0.423803 0.026721 0.423803 0.08016395 0.423803 0.160328 0.453196 0.106885 0.423803 0.08016395 0.48259 0.160328 0.48259 0.160328 0.453196 0.08016395 0.423803 0 0.453196 0.08016395 0.48259 0 0.453196 0.026721 0.423803 0 0.423803 0.08016395 0.48259 0 0.453196 0 0.48259 0.08016395 0.48259 0.160328 0.453196 0.08016395 0.423803 0.943686 0.05307596 0.950035 0.05307596 0.950035 0.106153 0.937337 0.106153 0.937337 0.05307596 0.943686 0.05307596 0.950035 0.106153 0.937337 0.106153 0.943686 0.05307596 0.937337 0.05307596 0.930989 0.05307596 0.930989 0.02653795 0.950035 0.05307596 0.943686 0.05307596 0.943686 0.02653795 0.943686 0.05307596 0.937337 0.05307596 0.937337 0.02653795 0.950035 0.159229 0.937337 0.159229 0.937337 0.106153 0.956658 0.05307596 0.963281 0.05307596 0.963281 0.106153 0.950035 0.106153 0.950035 0.05307596 0.956658 0.05307596 0.963281 0.106153 0.950035 0.106153 0.956658 0.05307596 0.963281 0.05307596 0.956658 0.05307596 0.956658 0.02653795 0.956658 0.05307596 0.950035 0.05307596 0.950035 0.02653795 0.969903 0.05307596 0.963281 0.05307596 0.963281 0.02653795 0.963281 0.159229 0.950035 0.159229 0.950035 0.106153 0.930989 0.02653795 0.92464 0 0.935017 0 0.937337 0.02653795 0.930989 0.02653795 0.935017 0 0.92464 0.07076799 0.92464 0 0.930989 0.02653795 0.943686 0.02653795 0.937337 0.02653795 0.945394 0 0.945394 0 0.950035 0.02653795 0.943686 0.02653795 0.945394 0 0.955772 0 0.950035 0.02653795 0.937337 0.106153 0.92464 0.141537 0.92464 0.07076799 0.92464 0.141537 0.937337 0.159229 0.92464 0.212305 0.930989 0.05307596 0.937337 0.106153 0.92464 0.07076799 0.930989 0.05307596 0.937337 0.05307596 0.937337 0.106153 0.92464 0.212305 0.937337 0.159229 0.941935 0.212305 0.937337 0.159229 0.950035 0.159229 0.941935 0.212305 0.92464 0.141537 0.937337 0.106153 0.937337 0.159229 0.963281 0.02653795 0.956658 0.02653795 0.955772 0 0.969903 0.02653795 0.966149 0 0.976526 0 0.976526 0 0.976526 0.07076799 0.969903 0.02653795 0.966149 0 0.969903 0.02653795 0.963281 0.02653795 0.976526 0.212305 0.959231 0.212305 0.963281 0.159229 0.950035 0.159229 0.963281 0.159229 0.959231 0.212305 0.963281 0.159229 0.963281 0.106153 0.976526 0.141537 0.941935 0.212305 0.950035 0.159229 0.959231 0.212305 0.963281 0.106153 0.976526 0.07076799 0.976526 0.141537 0.976526 0.141537 0.976526 0.212305 0.963281 0.159229 0.976526 0.07076799 0.963281 0.106153 0.969903 0.05307596 0.963281 0.106153 0.963281 0.05307596 0.969903 0.05307596 0.160328 0.405662 0.187049 0.405662 0.187049 0.400883 0.160328 0.410441 0.187049 0.410441 0.187049 0.405662 0.026721 0.410441 0.05344295 0.410441 0.05344295 0.405662 0.026721 0.405662 0.05344295 0.405662 0.05344295 0.400883 0.142514 0.396104 0.160328 0.400883 0.187049 0.400883 0.21377 0.402476 0.21377 0.396104 0.187049 0.400883 0.21377 0.402476 0.187049 0.400883 0.187049 0.405662 0.142514 0.396104 0.160328 0.405662 0.160328 0.400883 0.07125699 0.396104 0.05344295 0.405662 0.160328 0.405662 0 0.396104 0.026721 0.400883 0.07125699 0.396104 0 0.402476 0.026721 0.405662 0.026721 0.400883 0 0.396104 0 0.402476 0.026721 0.400883 0.05344295 0.400883 0.05344295 0.405662 0.07125699 0.396104 0.21377 0.41522 0.21377 0.408848 0.187049 0.410441 0.142514 0.41522 0.187049 0.410441 0.160328 0.410441 0.160328 0.410441 0.160328 0.405662 0.142514 0.41522 0.187049 0.410441 0.142514 0.41522 0.21377 0.41522 0.05344295 0.405662 0.07125699 0.41522 0.160328 0.405662 0 0.408848 0.026721 0.410441 0.026721 0.405662 0 0.402476 0 0.408848 0.026721 0.405662 0.05344295 0.410441 0.026721 0.410441 0.07125699 0.41522 0 0.41522 0.07125699 0.41522 0.026721 0.410441 0 0.408848 0 0.41522 0.026721 0.410441 0.05344295 0.410441 0.07125699 0.41522 0.05344295 0.405662 0.187049 0.410441 0.21377 0.408848 0.187049 0.405662 0.334428 0.538378 0.331189 0.538378 0.331189 0.523681 0.340907 0.538378 0.337668 0.538378 0.337668 0.523681 0.337668 0.538378 0.334428 0.538378 0.334428 0.523681 0.331189 0.523681 0.331189 0.538378 0.327949 0.519673 0.334597 0.518982 0.331189 0.523681 0.327949 0.519673 0.337668 0.523681 0.334428 0.523681 0.334597 0.518982 0.331189 0.523681 0.334597 0.518982 0.334428 0.523681 0.341395 0.516879 0.337668 0.523681 0.334597 0.518982 0.327949 0.567771 0.327949 0.543722 0.331189 0.538378 0.33632 0.567771 0.327949 0.567771 0.331189 0.538378 0.33632 0.567771 0.334428 0.538378 0.337668 0.538378 0.340907 0.538378 0.33632 0.567771 0.337668 0.538378 0.354841 0.508984 0.340907 0.538378 0.341395 0.516879 0.378173 0.538378 0.366507 0.508984 0.378173 0.508984 0.354841 0.508984 0.366507 0.508984 0.361432 0.567771 0.366507 0.508984 0.378173 0.538378 0.369802 0.567771 0.34469 0.567771 0.340907 0.538378 0.353061 0.567771 0.353061 0.567771 0.340907 0.538378 0.354841 0.508984 0.33632 0.567771 0.340907 0.538378 0.34469 0.567771 0.369802 0.567771 0.361432 0.567771 0.366507 0.508984 0.369802 0.567771 0.378173 0.538378 0.378173 0.567771 0.337668 0.523681 0.341395 0.516879 0.340907 0.538378 0.727625 0.04408997 0.724385 0.04408997 0.724385 0.02939295 0.727625 0.04408997 0.727625 0.02939295 0.730864 0.02939295 0.724385 0.04408997 0.721146 0.04408997 0.721146 0.02939295 0.721146 0.02939295 0.717906 0.02404898 0.717906 0 0.724385 0.02939295 0.721146 0.02939295 0.726277 0 0.717906 0 0.726277 0 0.721146 0.02939295 0.727625 0.02939295 0.724385 0.02939295 0.726277 0 0.717906 0.04809796 0.717906 0.02404898 0.721146 0.02939295 0.721146 0.04408997 0.724554 0.04878896 0.717906 0.04809796 0.724385 0.04408997 0.724554 0.04878896 0.721146 0.04408997 0.724554 0.04878896 0.724385 0.04408997 0.727625 0.04408997 0.731352 0.05089199 0.724554 0.04878896 0.727625 0.04408997 0.727625 0.02939295 0.726277 0 0.730864 0.02939295 0.730864 0.02939295 0.734647 0 0.743018 0 0.756464 0.05878698 0.751389 0 0.759759 0 0.76813 0.02939295 0.759759 0 0.76813 0 0.744798 0.05878698 0.743018 0 0.751389 0 0.731352 0.05089199 0.730864 0.02939295 0.744798 0.05878698 0.744798 0.05878698 0.730864 0.02939295 0.743018 0 0.727625 0.04408997 0.730864 0.02939295 0.731352 0.05089199 0.76813 0.05878698 0.756464 0.05878698 0.76813 0.02939295 0.751389 0 0.756464 0.05878698 0.744798 0.05878698 0.759759 0 0.76813 0.02939295 0.756464 0.05878698 0.726277 0 0.734647 0 0.730864 0.02939295 0.268597 0.424547 0.295319 0.424547 0.295319 0.399162 0.295319 0.399162 0.348761 0.399162 0.348761 0.348392 0.268597 0.297621 0.295319 0.297621 0.295319 0.272236 0.295319 0.348392 0.348761 0.348392 0.348761 0.297621 0.348761 0.348392 0.402204 0.348392 0.402204 0.297621 0.348761 0.399162 0.402204 0.399162 0.402204 0.348392 0.455646 0.280698 0.455646 0.246851 0.414525 0.246851 0.348761 0.297621 0.373404 0.246851 0.332283 0.246851 0.373404 0.246851 0.402204 0.297621 0.414525 0.246851 0.402204 0.297621 0.455646 0.314545 0.455646 0.280698 0.402204 0.348392 0.455646 0.348392 0.455646 0.314545 0.402204 0.297621 0.373404 0.246851 0.348761 0.297621 0.455646 0.280698 0.414525 0.246851 0.402204 0.297621 0.295319 0.272236 0.348761 0.297621 0.332283 0.246851 0.268597 0.272236 0.250041 0.246851 0.243987 0.256786 0.243987 0.256786 0.241876 0.268228 0.268597 0.272236 0.250041 0.246851 0.268597 0.272236 0.291162 0.246851 0.348761 0.297621 0.295319 0.272236 0.295319 0.297621 0.295319 0.348392 0.295319 0.297621 0.268597 0.297621 0.241876 0.348392 0.268597 0.297621 0.241876 0.268228 0.241876 0.268228 0.268597 0.297621 0.268597 0.272236 0.295319 0.272236 0.332283 0.246851 0.291162 0.246851 0.295319 0.348392 0.268597 0.297621 0.241876 0.348392 0.402204 0.399162 0.455646 0.382239 0.402204 0.348392 0.348761 0.399162 0.373404 0.449933 0.402204 0.399162 0.402204 0.399162 0.455646 0.416086 0.455646 0.382239 0.414525 0.449933 0.455646 0.449933 0.455646 0.416086 0.373404 0.449933 0.348761 0.399162 0.332283 0.449933 0.414525 0.449933 0.455646 0.416086 0.402204 0.399162 0.295319 0.424547 0.332283 0.449933 0.348761 0.399162 0.348761 0.399162 0.295319 0.399162 0.295319 0.424547 0.241876 0.428556 0.268597 0.399162 0.241876 0.348392 0.268597 0.399162 0.295319 0.348392 0.241876 0.348392 0.268597 0.399162 0.295319 0.399162 0.295319 0.348392 0.291162 0.449933 0.295319 0.424547 0.268597 0.424547 0.241876 0.428556 0.243987 0.439997 0.268597 0.424547 0.250041 0.449933 0.268597 0.424547 0.243987 0.439997 0.268597 0.399162 0.241876 0.428556 0.268597 0.424547 0.291162 0.449933 0.332283 0.449933 0.295319 0.424547 0.255568 0.717542 0.280953 0.717542 0.280953 0.712763 0.255568 0.722321 0.280953 0.722321 0.280953 0.717542 0.128642 0.722321 0.154027 0.722321 0.154027 0.717542 0.128642 0.717542 0.154027 0.717542 0.154027 0.712763 0.238644 0.707984 0.255568 0.712763 0.280953 0.712763 0.306338 0.714356 0.306338 0.707984 0.280953 0.712763 0.306338 0.714356 0.280953 0.712763 0.280953 0.717542 0.306338 0.714356 0.280953 0.717542 0.306338 0.720728 0.170951 0.707984 0.154027 0.717542 0.238644 0.707984 0.103257 0.707984 0.128642 0.712763 0.170951 0.707984 0.154027 0.712763 0.154027 0.717542 0.170951 0.707984 0.255568 0.717542 0.255568 0.712763 0.238644 0.707984 0.103257 0.717542 0.128642 0.717542 0.128642 0.712763 0.306338 0.7271 0.306338 0.720728 0.280953 0.722321 0.238644 0.7271 0.280953 0.722321 0.255568 0.722321 0.255568 0.722321 0.255568 0.717542 0.238644 0.7271 0.280953 0.722321 0.238644 0.7271 0.306338 0.7271 0.238644 0.7271 0.255568 0.717542 0.154027 0.717542 0.103257 0.717542 0.128642 0.722321 0.128642 0.717542 0.154027 0.722321 0.128642 0.722321 0.170951 0.7271 0.103257 0.7271 0.170951 0.7271 0.128642 0.722321 0.103257 0.717542 0.103257 0.7271 0.128642 0.722321 0.154027 0.722321 0.170951 0.7271 0.154027 0.717542 0 0.27114 0.067694 0.243619 0 0.243619 0.101541 0.326181 0 0.27114 0 0.298661 0.03384697 0.326181 0 0.298661 0 0.326181 0 0.298661 0.03384697 0.326181 0.067694 0.326181 0.101541 0.326181 0 0.298661 0.067694 0.326181 0.067694 0.243619 0 0.27114 0.101541 0.326181 0.203082 0.2849 0.203082 0.243619 0.135388 0.243619 0.067694 0.243619 0.101541 0.326181 0.203082 0.2849 0.203082 0.2849 0.101541 0.326181 0.135388 0.326181 0.203082 0.2849 0.169235 0.326181 0.203082 0.326181 0.169235 0.326181 0.203082 0.2849 0.135388 0.326181 0.135388 0.243619 0.067694 0.243619 0.203082 0.2849 0.255568 0.742014 0.255568 0.737336 0.280953 0.737336 0.128642 0.742014 0.128642 0.737336 0.154027 0.737336 0.255568 0.746894 0.255568 0.742014 0.280953 0.742014 0.128642 0.746894 0.128642 0.742014 0.154027 0.742014 0.280953 0.737336 0.272491 0.732658 0.306338 0.732658 0.238644 0.732658 0.272491 0.732658 0.255568 0.737336 0.280953 0.737336 0.306338 0.742216 0.280953 0.742014 0.204797 0.732658 0.238644 0.732658 0.255568 0.737336 0.306338 0.742216 0.280953 0.737336 0.306338 0.732658 0.255568 0.742014 0.204797 0.732658 0.255568 0.737336 0.154027 0.737336 0.170951 0.732658 0.204797 0.732658 0.154027 0.737336 0.137104 0.732658 0.170951 0.732658 0.204797 0.732658 0.154027 0.742014 0.154027 0.737336 0.103257 0.742216 0.103257 0.732658 0.128642 0.737336 0.128642 0.737336 0.103257 0.732658 0.137104 0.732658 0.154027 0.737336 0.128642 0.737336 0.137104 0.732658 0.154027 0.742014 0.204797 0.732658 0.255568 0.742014 0.154027 0.742014 0.255568 0.742014 0.204797 0.751774 0.306338 0.751774 0.280953 0.746894 0.306338 0.742216 0.272491 0.751774 0.255568 0.746894 0.280953 0.746894 0.204797 0.751774 0.255568 0.742014 0.255568 0.746894 0.280953 0.746894 0.306338 0.751774 0.272491 0.751774 0.255568 0.746894 0.238644 0.751774 0.204797 0.751774 0.255568 0.746894 0.272491 0.751774 0.238644 0.751774 0.154027 0.742014 0.204797 0.751774 0.154027 0.746894 0.128642 0.746894 0.103257 0.742216 0.128642 0.742014 0.154027 0.746894 0.137104 0.751774 0.128642 0.746894 0.103257 0.742216 0.128642 0.746894 0.103257 0.751774 0.137104 0.751774 0.103257 0.751774 0.128642 0.746894 0.170951 0.751774 0.137104 0.751774 0.154027 0.746894 0.170951 0.751774 0.154027 0.746894 0.204797 0.751774 0.280953 0.746894 0.280953 0.742014 0.306338 0.742216 0.879739 0.106153 0.879739 0.05307596 0.863395 0.05307596 0.896084 0.106153 0.896084 0.05307596 0.879739 0.05307596 0.863395 0.05307596 0.84705 0 0.84705 0.07076799 0.84705 0 0.863395 0.05307596 0.868843 0 0.863395 0.106153 0.863395 0.05307596 0.84705 0.07076799 0.879739 0.212305 0.84705 0.141537 0.84705 0.212305 0.84705 0.141537 0.879739 0.212305 0.863395 0.106153 0.863395 0.106153 0.879739 0.212305 0.879739 0.106153 0.863395 0.106153 0.84705 0.07076799 0.84705 0.141537 0.868843 0 0.863395 0.05307596 0.879739 0.05307596 0.896084 0.05307596 0.890635 0 0.879739 0.05307596 0.868843 0 0.879739 0.05307596 0.890635 0 0.912428 0.07076799 0.912428 0 0.896084 0.05307596 0.890635 0 0.896084 0.05307596 0.912428 0 0.896084 0.106153 0.879739 0.212305 0.912428 0.141537 0.912428 0.07076799 0.896084 0.05307596 0.896084 0.106153 0.912428 0.141537 0.879739 0.212305 0.912428 0.212305 0.879739 0.106153 0.879739 0.212305 0.896084 0.106153 0.442286 0.1792899 0.442286 0.167337 0.428925 0.167337 0.428925 0.155384 0.402204 0.167337 0.428925 0.167337 0.402204 0.143432 0.428925 0.155384 0.428925 0.143432 0.402204 0.167337 0.428925 0.155384 0.402204 0.143432 0.442286 0.167337 0.442286 0.155384 0.428925 0.155384 0.442286 0.155384 0.442286 0.143432 0.428925 0.143432 0.402204 0.119526 0.348761 0.143432 0.402204 0.143432 0.348761 0.09562098 0.402204 0.119526 0.402204 0.09562098 0.348761 0.143432 0.402204 0.119526 0.348761 0.09562098 0.428925 0.143432 0.428925 0.119526 0.402204 0.119526 0.428925 0.119526 0.428925 0.09562098 0.402204 0.09562098 0.32204 0.167337 0.32204 0.143432 0.295319 0.143432 0.348761 0.167337 0.348761 0.143432 0.32204 0.143432 0.281958 0.1792899 0.281958 0.167337 0.268597 0.167337 0.295319 0.1792899 0.295319 0.167337 0.281958 0.167337 0.268597 0.1792899 0.268597 0.167337 0.255237 0.167337 0.268597 0.167337 0.268597 0.155384 0.255237 0.155384 0.268597 0.155384 0.268597 0.143432 0.255237 0.143432 0.281958 0.167337 0.268597 0.155384 0.268597 0.167337 0.268597 0.155384 0.295319 0.143432 0.268597 0.143432 0.295319 0.143432 0.281958 0.167337 0.295319 0.167337 0.281958 0.167337 0.295319 0.143432 0.268597 0.155384 0.295319 0.143432 0.295319 0.119526 0.268597 0.119526 0.295319 0.119526 0.295319 0.09562098 0.268597 0.09562098 0.32204 0.143432 0.295319 0.119526 0.295319 0.143432 0.295319 0.119526 0.348761 0.09562098 0.295319 0.09562098 0.348761 0.09562098 0.32204 0.143432 0.348761 0.143432 0.32204 0.143432 0.348761 0.09562098 0.295319 0.119526 0.348761 0.09562098 0.348761 0.04781097 0.295319 0.04781097 0.402204 0.09562098 0.402204 0.04781097 0.348761 0.04781097 0.241876 0.02741998 0.241876 0.05483996 0.295319 0.04781097 0.241876 0.05483996 0.241876 0.08225995 0.268597 0.09562098 0.241876 0.109681 0.241876 0.1371009 0.268597 0.119526 0.255237 0.155384 0.255237 0.143432 0.241876 0.1371009 0.241876 0.1371009 0.255237 0.143432 0.268597 0.119526 0.241876 0.109681 0.268597 0.119526 0.268597 0.09562098 0.313133 0 0.241876 0 0.241876 0.02741998 0.295319 0.04781097 0.268597 0.09562098 0.295319 0.09562098 0.295319 0.04781097 0.241876 0.05483996 0.268597 0.09562098 0.295319 0.04781097 0.348761 0.04781097 0.313133 0 0.38439 0 0.313133 0 0.348761 0.04781097 0.295319 0.04781097 0.313133 0 0.241876 0.02741998 0.268597 0.143432 0.268597 0.119526 0.255237 0.143432 0.241876 0.164521 0.255237 0.155384 0.241876 0.1371009 0.243184 0.172778 0.255237 0.167337 0.241876 0.164521 0.255237 0.167337 0.255237 0.155384 0.241876 0.164521 0.255237 0.1792899 0.255237 0.167337 0.243184 0.172778 0.255237 0.1792899 0.2469789 0.180227 0.252891 0.186139 0.252891 0.186139 0.26034 0.189934 0.255237 0.1792899 0.255237 0.1792899 0.26034 0.189934 0.268597 0.1792899 0.255237 0.1792899 0.243184 0.172778 0.2469789 0.180227 0.268597 0.191242 0.281958 0.1792899 0.268597 0.1792899 0.32204 0.167337 0.295319 0.167337 0.295319 0.1792899 0.295319 0.191242 0.295319 0.1792899 0.281958 0.1792899 0.295319 0.1792899 0.295319 0.191242 0.32204 0.191242 0.32204 0.191242 0.32204 0.167337 0.295319 0.1792899 0.32204 0.167337 0.32204 0.191242 0.348761 0.191242 0.26034 0.189934 0.268597 0.191242 0.268597 0.1792899 0.455646 0.05483996 0.402204 0.04781097 0.428925 0.09562098 0.428925 0.09562098 0.402204 0.04781097 0.402204 0.09562098 0.402204 0.143432 0.348761 0.143432 0.348761 0.167337 0.455646 0.109681 0.428925 0.09562098 0.428925 0.119526 0.455646 0.02741998 0.38439 0 0.402204 0.04781097 0.38439 0 0.348761 0.04781097 0.402204 0.04781097 0.455646 0.02741998 0.402204 0.04781097 0.455646 0.05483996 0.455646 0.08225995 0.428925 0.09562098 0.455646 0.109681 0.455646 0.05483996 0.428925 0.09562098 0.455646 0.08225995 0.442286 0.143432 0.428925 0.119526 0.428925 0.143432 0.428925 0.119526 0.442286 0.143432 0.455646 0.1371009 0.455646 0.109681 0.428925 0.119526 0.455646 0.1371009 0.442286 0.155384 0.455646 0.1371009 0.442286 0.143432 0.455646 0 0.38439 0 0.455646 0.02741998 0.348761 0.167337 0.348761 0.191242 0.375482 0.191242 0.402204 0.167337 0.428925 0.1792899 0.428925 0.167337 0.437182 0.189934 0.428925 0.1792899 0.428925 0.191242 0.428925 0.1792899 0.402204 0.167337 0.402204 0.191242 0.428925 0.1792899 0.402204 0.191242 0.428925 0.191242 0.402204 0.191242 0.402204 0.167337 0.375482 0.191242 0.455646 0.164521 0.442286 0.155384 0.442286 0.167337 0.442286 0.167337 0.454338 0.172778 0.455646 0.164521 0.455646 0.164521 0.455646 0.1371009 0.442286 0.155384 0.442286 0.1792899 0.454338 0.172778 0.442286 0.167337 0.444631 0.186139 0.442286 0.1792899 0.437182 0.189934 0.442286 0.1792899 0.428925 0.1792899 0.437182 0.189934 0.442286 0.1792899 0.444631 0.186139 0.450543 0.180227 0.450543 0.180227 0.454338 0.172778 0.442286 0.1792899 0.137524 0.76867 0.137524 0.764891 0.1203899 0.764891 0.137524 0.764891 0.137524 0.761112 0.1203899 0.761112 0.291728 0.764891 0.291728 0.761112 0.274594 0.761112 0.103257 0.764891 0.1203899 0.764891 0.1203899 0.761112 0.103257 0.757333 0.1203899 0.761112 0.148683 0.757333 0.137524 0.764891 0.148683 0.757333 0.137524 0.761112 0.194109 0.757333 0.137524 0.764891 0.185499 0.772449 0.103257 0.772449 0.1203899 0.76867 0.103257 0.764891 0.1203899 0.76867 0.1203899 0.764891 0.103257 0.764891 0.144378 0.772449 0.137524 0.76867 0.1203899 0.76867 0.144378 0.772449 0.185499 0.772449 0.137524 0.76867 0.137524 0.76867 0.185499 0.772449 0.137524 0.764891 0.194109 0.757333 0.148683 0.757333 0.137524 0.764891 0.194109 0.757333 0.185499 0.772449 0.22662 0.772449 0.284961 0.757333 0.239535 0.757333 0.274594 0.761112 0.274594 0.761112 0.239535 0.757333 0.274594 0.764891 0.274594 0.761112 0.291728 0.761112 0.29158 0.75831 0.298052 0.761284 0.29158 0.75831 0.291728 0.761112 0.284961 0.757333 0.274594 0.761112 0.29158 0.75831 0.267741 0.772449 0.274594 0.764891 0.22662 0.772449 0.239535 0.757333 0.22662 0.772449 0.274594 0.764891 0.291728 0.764891 0.274594 0.764891 0.267741 0.772449 0.308862 0.772449 0.298052 0.761284 0.291728 0.764891 0.267741 0.772449 0.308862 0.772449 0.291728 0.764891 0.291728 0.764891 0.298052 0.761284 0.291728 0.761112 0.08818697 0.516542 0.08818697 0.508984 0.097745 0.508984 0.08818697 0.516542 0.097745 0.5241 0.08818697 0.5241 0.097745 0.5241 0.08818697 0.516542 0.097745 0.508984 0.097745 0.508984 0.107303 0.516542 0.097745 0.5241 0.107303 0.516542 0.107303 0.5241 0.097745 0.5241 0.107303 0.508984 0.107303 0.516542 0.097745 0.508984 0.004779994 0.594401 0 0.600256 0.04153597 0.614655 0 0.600256 0.03197598 0.626364 0.04153597 0.614655 0.04153597 0.614655 0.009559988 0.588547 0.004779994 0.594401 0.03197598 0.626364 0.06873196 0.646618 0.07351195 0.640764 0.06873196 0.646618 0.03197598 0.626364 0.06395196 0.652472 0.07351195 0.640764 0.04153597 0.614655 0.03197598 0.626364 0.01511597 0.561054 0.007557988 0.548766 0 0.556958 0.007557988 0.548766 0 0.548766 0 0.556958 0.01511597 0.561054 0.01511597 0.548766 0.007557988 0.548766 0.007557988 0.573343 0.01511597 0.573343 0.01511597 0.561054 0 0.573343 0.007557988 0.573343 0 0.565151 0.01511597 0.561054 0 0.565151 0.007557988 0.573343 0 0.556958 0 0.565151 0.01511597 0.561054 0.274594 0.784402 0.274594 0.780623 0.291728 0.780623 0.274594 0.788181 0.274594 0.784402 0.291728 0.784402 0.1203899 0.788181 0.1203899 0.784402 0.137524 0.784402 0.267741 0.776844 0.308862 0.776844 0.291728 0.780623 0.308862 0.784402 0.291728 0.780623 0.308862 0.776844 0.291728 0.788181 0.291728 0.784402 0.308862 0.784402 0.308862 0.784402 0.291728 0.784402 0.291728 0.780623 0.22662 0.776844 0.274594 0.780623 0.274594 0.784402 0.22662 0.776844 0.267741 0.776844 0.274594 0.780623 0.172583 0.79196 0.137524 0.784402 0.185499 0.776844 0.103257 0.776844 0.144378 0.776844 0.1203899 0.784402 0.185499 0.776844 0.137524 0.784402 0.144378 0.776844 0.185499 0.776844 0.22662 0.776844 0.2180089 0.79196 0.2180089 0.79196 0.22662 0.776844 0.274594 0.784402 0.263435 0.79196 0.274594 0.788181 0.291728 0.788181 0.308862 0.784402 0.308862 0.79196 0.291728 0.788181 0.308862 0.79196 0.263435 0.79196 0.291728 0.788181 0.263435 0.79196 0.274594 0.784402 0.274594 0.788181 0.263435 0.79196 0.2180089 0.79196 0.274594 0.784402 0.137524 0.788181 0.137524 0.784402 0.172583 0.79196 0.1203899 0.788181 0.114066 0.788009 0.1203899 0.784402 0.103257 0.776844 0.1203899 0.784402 0.114066 0.788009 0.1203899 0.788181 0.137524 0.788181 0.1205379 0.790983 0.127157 0.79196 0.1205379 0.790983 0.137524 0.788181 0.114066 0.788009 0.1203899 0.788181 0.1205379 0.790983 0.127157 0.79196 0.137524 0.788181 0.172583 0.79196 0.107303 0.536433 0.097745 0.543991 0.08818697 0.536433 0.08818697 0.536433 0.097745 0.543991 0.08818697 0.543991 0.097745 0.528875 0.08818697 0.536433 0.08818697 0.528875 0.107303 0.536433 0.097745 0.528875 0.107303 0.528875 0.107303 0.536433 0.107303 0.543991 0.097745 0.543991 0.097745 0.528875 0.107303 0.536433 0.08818697 0.536433 0.595705 0.05095797 0.609699 0.05667197 0.5923 0.07929396 0.595705 0.05095797 0.5923 0.07929396 0.585303 0.07643699 0.5923 0.07929396 0.609699 0.05667197 0.599297 0.08215099 0.620101 0.031192 0.595705 0.05095797 0.606106 0.02547895 0.606106 0.02547895 0.623506 0.002856969 0.620101 0.031192 0.620101 0.031192 0.609699 0.05667197 0.595705 0.05095797 0.623506 0.002856969 0.630503 0.005712985 0.620101 0.031192 0.623506 0.002856969 0.606106 0.02547895 0.616508 0 0.046202 0.556323 0.05439394 0.548766 0.046202 0.548766 0.046202 0.563881 0.05439394 0.563881 0.046202 0.556323 0.046202 0.556323 0.05439394 0.563881 0.07077997 0.556323 0.06258696 0.548766 0.05439394 0.548766 0.046202 0.556323 0.07077997 0.556323 0.07077997 0.548766 0.06258696 0.548766 0.07077997 0.563881 0.07077997 0.556323 0.06258696 0.563881 0.07077997 0.556323 0.05439394 0.563881 0.06258696 0.563881 0.06258696 0.548766 0.046202 0.556323 0.07077997 0.556323 0.574868 0 0.574868 0.01297199 0.567364 0.01037698 0.574868 0.01297199 0.567364 0.02075499 0.567364 0.01037698 0.567364 0.02075499 0.574868 0.01297199 0.574868 0.02594298 0.574868 0.02594298 0.574868 0.03891497 0.567364 0.03113198 0.574868 0.03891497 0.574868 0.05188596 0.567364 0.04150897 0.567364 0.02075499 0.574868 0.02594298 0.567364 0.03113198 0.2262409 0.539085 0.220386 0.534305 0.241061 0.508984 0.246915 0.513764 0.2262409 0.539085 0.241061 0.508984 0.220386 0.534305 0.205566 0.564406 0.199712 0.559626 0.2262409 0.539085 0.205566 0.564406 0.220386 0.534305 0.007557988 0.508984 0 0.508984 0 0.516267 0.007557988 0.516267 0 0.516267 0.007557988 0.523549 0.007557988 0.523549 0 0.523549 0.007557988 0.530831 0.716441 0 0.716441 0.02741998 0.708936 0.02741998 0.716441 0.02741998 0.716441 0.05483996 0.708936 0.05483996 0.708936 0.08225995 0.708936 0.05483996 0.716441 0.05483996 0.716441 0.109681 0.716441 0.1371009 0.708936 0.1371009 0.716441 0.1371009 0.716441 0.164521 0.708936 0.164521 0.708936 0.109681 0.708936 0.08225995 0.716441 0.08225995 0.05915999 0.572435 0.046202 0.568656 0.05624699 0.568656 0.05915999 0.572435 0.05624699 0.568656 0.06629097 0.568656 0.05915999 0.572435 0.05457198 0.576214 0.046202 0.576214 0.05457198 0.576214 0.05915999 0.572435 0.06294298 0.576214 0.05915999 0.572435 0.07131397 0.576214 0.06294298 0.576214 0.05915999 0.572435 0.046202 0.576214 0.046202 0.568656 0.07633596 0.568656 0.05915999 0.572435 0.06629097 0.568656 0.05915999 0.572435 0.084028 0.572435 0.07131397 0.576214 0.08638095 0.568656 0.084028 0.572435 0.07633596 0.568656 0.084028 0.572435 0.08638095 0.568656 0.09642601 0.568656 0.09642601 0.576214 0.084028 0.572435 0.09642601 0.568656 0.084028 0.572435 0.09642601 0.576214 0.08805495 0.576214 0.08805495 0.576214 0.07968395 0.576214 0.084028 0.572435 0.07633596 0.568656 0.084028 0.572435 0.05915999 0.572435 0.583838 0 0.583838 0.026721 0.576333 0.026721 0.583838 0.026721 0.583838 0.05344295 0.576333 0.05344295 0.576333 0.08016395 0.576333 0.05344295 0.583838 0.05344295 0.583838 0.106885 0.583838 0.133606 0.576333 0.133606 0.583838 0.133606 0.583838 0.160328 0.576333 0.160328 0.576333 0.106885 0.576333 0.08016395 0.583838 0.08016395 0.05915999 0.582381 0.046202 0.578602 0.05624699 0.578602 0.05915999 0.582381 0.05624699 0.578602 0.06629097 0.578602 0.05915999 0.582381 0.05457198 0.586159 0.046202 0.586159 0.05457198 0.586159 0.05915999 0.582381 0.06294298 0.586159 0.05915999 0.582381 0.07131397 0.586159 0.06294298 0.586159 0.05915999 0.582381 0.046202 0.586159 0.046202 0.578602 0.07633596 0.578602 0.05915999 0.582381 0.06629097 0.578602 0.05915999 0.582381 0.084028 0.582381 0.07131397 0.586159 0.08638095 0.578602 0.084028 0.582381 0.07633596 0.578602 0.084028 0.582381 0.08638095 0.578602 0.09642601 0.578602 0.09642601 0.586159 0.084028 0.582381 0.09642601 0.578602 0.084028 0.582381 0.09642601 0.586159 0.08805495 0.586159 0.08805495 0.586159 0.07968395 0.586159 0.084028 0.582381 0.07633596 0.578602 0.084028 0.582381 0.05915999 0.582381 0.707471 0 0.707471 0.02741998 0.699967 0.02741998 0.707471 0.02741998 0.707471 0.05483996 0.699967 0.05483996 0.699967 0.08225995 0.699967 0.05483996 0.707471 0.05483996 0.707471 0.1371009 0.699967 0.1371009 0.699967 0.109681 0.707471 0.164521 0.699967 0.164521 0.699967 0.1371009 0.699967 0.109681 0.699967 0.08225995 0.707471 0.08225995 0.051651 0.508984 0.04409396 0.508984 0.04409396 0.516267 0.051651 0.516267 0.04409396 0.516267 0.04409396 0.523549 0.051651 0.523549 0.04409396 0.523549 0.051651 0.530831 0 0.374202 0.02179294 0.374202 0 0.381759 0.043585 0.381759 0.02179294 0.381759 0.02179294 0.374202 0.043585 0.374202 0.06537801 0.374202 0.06537801 0.381759 0.565899 0 0.565899 0.017295 0.558394 0.017295 0.558394 0.03459095 0.558394 0.017295 0.565899 0.017295 0.565899 0.03459095 0.565899 0.05188596 0.558394 0.03459095 0.190424 0.689767 0.190424 0.686346 0.212216 0.686346 0.212216 0.693187 0.190424 0.693187 0.190424 0.689767 0.212216 0.686346 0.212216 0.693187 0.190424 0.689767 0.212216 0.693187 0.212216 0.686346 0.234008 0.686346 0.125048 0.686346 0.125048 0.682926 0.135944 0.682926 0.125048 0.682926 0.125048 0.679506 0.135944 0.679506 0.135944 0.682926 0.135944 0.679506 0.14684 0.679506 0.14684 0.684636 0.14684 0.686346 0.1413919 0.686346 0.1413919 0.686346 0.135944 0.686346 0.135944 0.682926 0.135944 0.682926 0.14684 0.682926 0.14684 0.684636 0.14684 0.684636 0.1413919 0.686346 0.135944 0.682926 0.149564 0.686346 0.14684 0.686346 0.14684 0.684636 0.152288 0.684636 0.152288 0.686346 0.149564 0.686346 0.14684 0.684636 0.152288 0.684636 0.149564 0.686346 0.14684 0.684636 0.14684 0.682926 0.152288 0.682926 0.152288 0.684636 0.152288 0.682926 0.157736 0.682926 0.155012 0.686346 0.152288 0.686346 0.152288 0.684636 0.157736 0.684636 0.157736 0.686346 0.155012 0.686346 0.152288 0.684636 0.157736 0.684636 0.155012 0.686346 0.152288 0.682926 0.14684 0.682926 0.14684 0.679506 0.157736 0.679506 0.157736 0.682926 0.152288 0.682926 0.14684 0.679506 0.157736 0.679506 0.152288 0.682926 0.157736 0.682926 0.157736 0.679506 0.168632 0.679506 0.163184 0.686346 0.157736 0.686346 0.157736 0.684636 0.157736 0.684636 0.157736 0.682926 0.168632 0.682926 0.168632 0.682926 0.168632 0.686346 0.163184 0.686346 0.163184 0.686346 0.157736 0.684636 0.168632 0.682926 0.1795279 0.686346 0.168632 0.686346 0.168632 0.682926 0.168632 0.682926 0.168632 0.679506 0.190424 0.679506 0.190424 0.679506 0.190424 0.686346 0.1795279 0.686346 0.1795279 0.686346 0.168632 0.682926 0.190424 0.679506 0.14684 0.687201 0.14684 0.686346 0.149564 0.686346 0.149564 0.687201 0.149564 0.686346 0.152288 0.686346 0.152288 0.687629 0.152288 0.687201 0.15365 0.687201 0.15365 0.687629 0.15365 0.687201 0.155012 0.687201 0.15365 0.687201 0.152288 0.687201 0.152288 0.686346 0.155012 0.686346 0.155012 0.687201 0.15365 0.687201 0.152288 0.686346 0.155012 0.686346 0.15365 0.687201 0.155012 0.687201 0.155012 0.686346 0.157736 0.686346 0.157736 0.687201 0.157736 0.686346 0.163184 0.686346 0.163184 0.688056 0.157736 0.688056 0.157736 0.687201 0.163184 0.686346 0.163184 0.688056 0.157736 0.687201 0.163184 0.688056 0.163184 0.686346 0.168632 0.686346 0.168632 0.688056 0.168632 0.686346 0.1795279 0.686346 0.1795279 0.689767 0.168632 0.689767 0.168632 0.688056 0.1795279 0.686346 0.1795279 0.689767 0.168632 0.688056 0.1795279 0.689767 0.1795279 0.686346 0.190424 0.686346 0.1795279 0.693187 0.1795279 0.689767 0.190424 0.689767 0.212216 0.686346 0.190424 0.679506 0.234838 0.672665 0.168632 0.679506 0.192084 0.672665 0.190424 0.679506 0.234838 0.672665 0.190424 0.679506 0.192084 0.672665 0.168632 0.679506 0.154083 0.672665 0.192084 0.672665 0.234008 0.686346 0.234838 0.672665 0.277592 0.672665 0.212216 0.686346 0.190424 0.686346 0.190424 0.679506 0.155012 0.687629 0.155012 0.687201 0.157736 0.687201 0.234008 0.686346 0.212216 0.686346 0.234838 0.672665 0.234008 0.686346 0.277592 0.672665 0.277592 0.700027 0.157736 0.679506 0.154083 0.672665 0.168632 0.679506 0.135944 0.679506 0.154083 0.672665 0.14684 0.679506 0.14684 0.679506 0.154083 0.672665 0.157736 0.679506 0.103257 0.672665 0.154083 0.672665 0.125048 0.679506 0.103257 0.680223 0.103257 0.672665 0.125048 0.679506 0.14684 0.686346 0.14684 0.687201 0.1413919 0.686346 0.1413919 0.686346 0.14684 0.687201 0.135944 0.686346 0.103257 0.687781 0.103257 0.680223 0.125048 0.682926 0.125048 0.679506 0.125048 0.682926 0.103257 0.680223 0.14684 0.687201 0.125048 0.686346 0.135944 0.686346 0.1795279 0.693187 0.167545 0.691011 0.1795279 0.689767 0.168632 0.689767 0.163184 0.688056 0.168632 0.688056 0.1795279 0.689767 0.167545 0.691011 0.168632 0.689767 0.167545 0.691011 0.163184 0.688056 0.168632 0.689767 0.212216 0.693187 0.234008 0.693187 0.228101 0.700027 0.277592 0.700027 0.228101 0.700027 0.234008 0.693187 0.228101 0.700027 0.178609 0.700027 0.212216 0.693187 0.1795279 0.693187 0.190424 0.693187 0.178609 0.700027 0.167545 0.691011 0.1795279 0.693187 0.178609 0.700027 0.277592 0.700027 0.234008 0.693187 0.234008 0.686346 0.154083 0.687781 0.15365 0.687629 0.155012 0.687629 0.152288 0.687201 0.152288 0.687629 0.149564 0.687201 0.149564 0.687201 0.152288 0.687629 0.14684 0.687201 0.1546739 0.687781 0.155012 0.687629 0.157736 0.688056 0.1546739 0.687781 0.154083 0.687781 0.155012 0.687629 0.167545 0.691011 0.157736 0.688056 0.163184 0.688056 0.1546739 0.687781 0.157736 0.688056 0.167545 0.691011 0.154083 0.687781 0.152288 0.687629 0.15365 0.687629 0.152288 0.687629 0.154083 0.687781 0.103257 0.687781 0.125048 0.686346 0.14684 0.687201 0.103257 0.687781 0.155012 0.687629 0.157736 0.687201 0.157736 0.688056 0.14684 0.687201 0.152288 0.687629 0.103257 0.687781 0.639749 0.201495 0.639347 0.201495 0.639347 0.199909 0.640552 0.199909 0.639749 0.199909 0.639749 0.196735 0.642159 0.196735 0.640552 0.196735 0.640552 0.190389 0.645373 0.190389 0.642159 0.190389 0.642159 0.177697 0.6518 0.177697 0.645373 0.177697 0.645373 0.152311 0.664654 0.152311 0.6518 0.152311 0.6518 0.101541 0.664654 0.101541 0.6518 0.101541 0.6518 0.05076998 0.6518 0.05076998 0.645373 0.05076998 0.645373 0.02538496 0.645373 0.02538496 0.642159 0.02538496 0.642159 0.01269298 0.642159 0.01269298 0.640552 0.01269298 0.640552 0.006345987 0.640552 0.006345987 0.639749 0.006345987 0.639749 0.003172993 0.639749 0.003172993 0.639347 0.003172993 0.639347 0.001586973 0.677508 0.101541 0.664654 0.101541 0.664654 0.05076998 0.639347 0.001586973 0.638946 0 0.639536 0 0.639749 0.001586973 0.639347 0.001586973 0.639536 0 0.639347 0.003172993 0.638946 0 0.639347 0.001586973 0.640552 0.003172993 0.639749 0.003172993 0.639749 0.001586973 0.639749 0.006345987 0.639347 0.003172993 0.639749 0.003172993 0.639749 0.001586973 0.639536 0 0.640552 0.003172993 0.638946 0.067694 0.638946 0 0.639347 0.003172993 0.642159 0.006345987 0.640552 0.006345987 0.640552 0.003172993 0.640552 0.01269298 0.639749 0.006345987 0.640552 0.006345987 0.645373 0.01269298 0.642159 0.01269298 0.642159 0.006345987 0.642159 0.02538496 0.640552 0.01269298 0.642159 0.01269298 0.642159 0.006345987 0.640552 0.003172993 0.639536 0 0.638946 0.067694 0.639347 0.003172993 0.639749 0.006345987 0.642159 0.006345987 0.639536 0 0.652243 0 0.640552 0.01269298 0.638946 0.067694 0.639749 0.006345987 0.639347 0.199909 0.638946 0.067694 0.639749 0.196735 0.640552 0.190389 0.639749 0.196735 0.638946 0.067694 0.638946 0.203082 0.638946 0.067694 0.639347 0.199909 0.639536 0.203082 0.638946 0.203082 0.639347 0.201495 0.639347 0.199909 0.639347 0.201495 0.638946 0.203082 0.639347 0.201495 0.639749 0.201495 0.639536 0.203082 0.639749 0.199909 0.639347 0.199909 0.639749 0.196735 0.640552 0.190389 0.638946 0.067694 0.642159 0.177697 0.640552 0.190389 0.640552 0.196735 0.639749 0.196735 0.642159 0.02538496 0.645373 0.05076998 0.638946 0.067694 0.640552 0.199909 0.639749 0.201495 0.639749 0.199909 0.640552 0.196735 0.642159 0.196735 0.640552 0.199909 0.639536 0.203082 0.639749 0.201495 0.640552 0.199909 0.642159 0.177697 0.642159 0.190389 0.640552 0.190389 0.645373 0.152311 0.642159 0.177697 0.638946 0.067694 0.642159 0.02538496 0.638946 0.067694 0.640552 0.01269298 0.642159 0.196735 0.639536 0.203082 0.640552 0.199909 0.6518 0.02538496 0.645373 0.02538496 0.645373 0.01269298 0.642159 0.006345987 0.652243 0 0.645373 0.01269298 0.652243 0 0.6518 0.02538496 0.645373 0.01269298 0.645373 0.02538496 0.645373 0.05076998 0.642159 0.02538496 0.6518 0.02538496 0.664654 0.05076998 0.6518 0.05076998 0.6518 0.05076998 0.6518 0.101541 0.645373 0.05076998 0.664949 0 0.6518 0.02538496 0.652243 0 0.6518 0.101541 0.638946 0.067694 0.645373 0.05076998 0.664949 0 0.677656 0 0.677508 0.05076998 0.677508 0.05076998 0.677656 0 0.690363 0 0.690363 0 0.690363 0.067694 0.677508 0.05076998 0.6518 0.02538496 0.664949 0 0.664654 0.05076998 0.677508 0.101541 0.677508 0.05076998 0.690363 0.067694 0.6518 0.101541 0.645373 0.152311 0.638946 0.067694 0.6518 0.177697 0.645373 0.190389 0.645373 0.177697 0.642159 0.196735 0.642159 0.190389 0.645373 0.190389 0.639536 0.203082 0.645373 0.190389 0.690363 0.203082 0.6518 0.101541 0.6518 0.152311 0.645373 0.152311 0.645373 0.177697 0.642159 0.177697 0.645373 0.152311 0.677508 0.101541 0.664654 0.152311 0.664654 0.101541 0.690363 0.067694 0.690363 0.135388 0.677508 0.101541 0.690363 0.135388 0.664654 0.152311 0.677508 0.101541 0.664654 0.152311 0.6518 0.177697 0.6518 0.152311 0.6518 0.177697 0.664654 0.152311 0.690363 0.203082 0.690363 0.135388 0.690363 0.203082 0.664654 0.152311 0.645373 0.190389 0.6518 0.177697 0.690363 0.203082 0.642159 0.196735 0.645373 0.190389 0.639536 0.203082 0.06341397 0.385153 0.08882695 0.385153 0.08882695 0.392711 0.01899999 0.385153 0.03799998 0.385153 0.03799998 0.392711 0 0.385153 0.01899999 0.385153 0.01899999 0.392711 0.03799998 0.385153 0.06341397 0.385153 0.06341397 0.392711 0.605824 0.238255 0.605824 0.226013 0.653254 0.226013 0.653254 0.256618 0.653254 0.250497 0.67697 0.250497 0.67697 0.256618 0.67697 0.250497 0.700685 0.250497 0.67697 0.262739 0.67697 0.256618 0.700685 0.256618 0.67697 0.250497 0.653254 0.250497 0.653254 0.238255 0.700685 0.238255 0.700685 0.250497 0.67697 0.250497 0.653254 0.238255 0.700685 0.238255 0.67697 0.250497 0.629539 0.250497 0.605824 0.250497 0.605824 0.238255 0.653254 0.238255 0.653254 0.250497 0.629539 0.250497 0.605824 0.238255 0.653254 0.238255 0.629539 0.250497 0.605824 0.256618 0.605824 0.250497 0.629539 0.250497 0.629539 0.256618 0.629539 0.250497 0.653254 0.250497 0.77183 0.274982 0.795545 0.274982 0.795545 0.287224 0.748115 0.287224 0.748115 0.274982 0.77183 0.274982 0.795545 0.287224 0.748115 0.287224 0.77183 0.274982 0.748115 0.274982 0.748115 0.268861 0.77183 0.268861 0.77183 0.274982 0.77183 0.268861 0.795545 0.268861 0.795545 0.287224 0.795545 0.274982 0.842976 0.274982 0.67697 0.262739 0.700685 0.262739 0.700685 0.268861 0.700685 0.268861 0.700685 0.262739 0.748115 0.262739 0.748115 0.268861 0.748115 0.274982 0.700685 0.274982 0.748115 0.305587 0.748115 0.299466 0.77183 0.299466 0.77183 0.305587 0.77183 0.299466 0.795545 0.299466 0.77183 0.299466 0.748115 0.299466 0.748115 0.287224 0.795545 0.287224 0.795545 0.299466 0.77183 0.299466 0.748115 0.287224 0.795545 0.287224 0.77183 0.299466 0.795545 0.299466 0.795545 0.287224 0.842976 0.287224 0.700685 0.238255 0.653254 0.238255 0.695319 0.226468 0.723629 0.242572 0.700685 0.238255 0.695319 0.226468 0.700685 0.238255 0.723629 0.242572 0.700685 0.250497 0.751938 0.258676 0.700685 0.250497 0.723629 0.242572 0.653254 0.226013 0.659777 0.214581 0.672118 0.217 0.684034 0.2209849 0.695319 0.226468 0.653254 0.226013 0.653254 0.238255 0.653254 0.226013 0.695319 0.226468 0.672118 0.217 0.684034 0.2209849 0.653254 0.226013 0.647221 0.21377 0.659777 0.214581 0.653254 0.226013 0.748115 0.262739 0.700685 0.256618 0.751938 0.258676 0.700685 0.250497 0.751938 0.258676 0.700685 0.256618 0.751938 0.258676 0.758693 0.261779 0.748115 0.262739 0.765891 0.263679 0.748115 0.262739 0.758693 0.261779 0.700685 0.262739 0.700685 0.256618 0.748115 0.262739 0.655573 0.26188 0.653254 0.256618 0.67697 0.256618 0.655573 0.26188 0.67697 0.256618 0.67697 0.262739 0.647221 0.26116 0.653254 0.256618 0.655573 0.26188 0.621808 0.21377 0.647221 0.21377 0.653254 0.226013 0.653254 0.226013 0.605824 0.226013 0.621808 0.21377 0.596394 0.21377 0.621808 0.21377 0.605824 0.226013 0.577394 0.21377 0.596394 0.21377 0.605824 0.226013 0.558394 0.26116 0.558394 0.21377 0.605824 0.238255 0.605824 0.226013 0.558394 0.21377 0.577394 0.21377 0.605824 0.250497 0.558394 0.26116 0.605824 0.238255 0.629539 0.256618 0.634514 0.26116 0.621808 0.26116 0.605824 0.256618 0.621808 0.26116 0.609101 0.26116 0.605824 0.256618 0.629539 0.256618 0.621808 0.26116 0.583727 0.26116 0.605824 0.256618 0.596394 0.26116 0.609101 0.26116 0.596394 0.26116 0.605824 0.256618 0.583727 0.26116 0.571061 0.26116 0.605824 0.250497 0.571061 0.26116 0.558394 0.26116 0.605824 0.250497 0.583727 0.26116 0.605824 0.250497 0.605824 0.256618 0.647221 0.26116 0.634514 0.26116 0.629539 0.256618 0.653254 0.256618 0.647221 0.26116 0.629539 0.256618 0.67697 0.262739 0.663671 0.264018 0.655573 0.26188 0.842976 0.274982 0.882996 0.264319 0.910416 0.264319 0.842976 0.274982 0.855576 0.264319 0.882996 0.264319 0.937836 0.288014 0.842976 0.274982 0.910416 0.264319 0.795545 0.268861 0.800735 0.264319 0.828156 0.264319 0.795545 0.274982 0.795545 0.268861 0.842976 0.274982 0.828156 0.264319 0.842976 0.274982 0.795545 0.268861 0.842976 0.274982 0.828156 0.264319 0.855576 0.264319 0.773315 0.264319 0.800735 0.264319 0.795545 0.268861 0.937836 0.288014 0.910416 0.264319 0.937836 0.264319 0.89241 0.311709 0.937836 0.288014 0.937836 0.311709 0.842976 0.299466 0.937836 0.288014 0.89241 0.311709 0.846984 0.311709 0.842976 0.299466 0.89241 0.311709 0.937836 0.288014 0.842976 0.299466 0.842976 0.287224 0.795545 0.299466 0.842976 0.299466 0.795545 0.305587 0.795545 0.305587 0.842976 0.299466 0.846984 0.311709 0.77183 0.305587 0.795545 0.305587 0.801558 0.311709 0.795545 0.305587 0.846984 0.311709 0.801558 0.311709 0.842976 0.274982 0.937836 0.288014 0.842976 0.287224 0.77183 0.268861 0.765891 0.263679 0.773315 0.264319 0.765891 0.263679 0.77183 0.268861 0.748115 0.268861 0.773315 0.264319 0.795545 0.268861 0.77183 0.268861 0.67127 0.267509 0.663671 0.264018 0.67697 0.262739 0.67127 0.267509 0.67697 0.262739 0.700685 0.268861 0.695104 0.281066 0.700685 0.274982 0.748115 0.274982 0.67127 0.267509 0.700685 0.268861 0.700685 0.274982 0.695104 0.281066 0.67127 0.267509 0.700685 0.274982 0.748115 0.268861 0.748115 0.262739 0.765891 0.263679 0.748115 0.305587 0.77183 0.305587 0.756131 0.311709 0.756131 0.311709 0.77183 0.305587 0.801558 0.311709 0.756131 0.311709 0.749215 0.310812 0.748115 0.305587 0.718937 0.294624 0.695104 0.281066 0.748115 0.287224 0.718937 0.294624 0.748115 0.305587 0.742771 0.308181 0.749215 0.310812 0.742771 0.308181 0.748115 0.305587 0.748115 0.299466 0.748115 0.305587 0.718937 0.294624 0.718937 0.294624 0.748115 0.287224 0.748115 0.299466 0.748115 0.274982 0.748115 0.287224 0.695104 0.281066 0.145832 0.36325 0.174335 0.36325 0.174335 0.370808 0.08882695 0.36325 0.11733 0.36325 0.11733 0.370808 0.11733 0.36325 0.145832 0.36325 0.145832 0.370808 0.05082696 0.36325 0.06982696 0.36325 0.06982696 0.370808 0 0.36325 0.02541297 0.36325 0.02541297 0.370808 0.02541297 0.36325 0.05082696 0.36325 0.05082696 0.370808 0.06982696 0.36325 0.08882695 0.36325 0.08882695 0.370808 0.572248 0.429411 0.560006 0.429411 0.560006 0.371292 0.572248 0.48753 0.560006 0.48753 0.560006 0.429411 0.58449 0.429411 0.572248 0.429411 0.572248 0.371292 0.596733 0.545649 0.590612 0.545649 0.590612 0.516589 0.590612 0.545649 0.58449 0.545649 0.58449 0.516589 0.590612 0.516589 0.58449 0.516589 0.58449 0.48753 0.572248 0.48753 0.58449 0.48753 0.58449 0.516589 0.58449 0.516589 0.58449 0.545649 0.572248 0.48753 0.58449 0.45847 0.58449 0.48753 0.572248 0.48753 0.572248 0.429411 0.58449 0.429411 0.58449 0.45847 0.572248 0.48753 0.572248 0.429411 0.58449 0.45847 0.590612 0.48753 0.58449 0.48753 0.58449 0.45847 0.590612 0.45847 0.58449 0.45847 0.58449 0.429411 0.596733 0.574708 0.590612 0.574708 0.590612 0.545649 0.602854 0.545649 0.596733 0.545649 0.596733 0.516589 0.608975 0.632827 0.608975 0.603767 0.621217 0.603767 0.621217 0.661886 0.608975 0.661886 0.608975 0.632827 0.621217 0.603767 0.621217 0.661886 0.608975 0.632827 0.608975 0.661886 0.602854 0.661886 0.602854 0.632827 0.608975 0.632827 0.602854 0.632827 0.602854 0.603767 0.621217 0.720005 0.608975 0.720005 0.608975 0.661886 0.639581 0.661886 0.63346 0.661886 0.63346 0.632827 0.639581 0.632827 0.63346 0.632827 0.63346 0.603767 0.63346 0.632827 0.63346 0.661886 0.621217 0.661886 0.621217 0.603767 0.63346 0.603767 0.63346 0.632827 0.621217 0.661886 0.621217 0.603767 0.63346 0.632827 0.642641 0.603767 0.639581 0.603767 0.639581 0.589238 0.63346 0.720005 0.621217 0.720005 0.621217 0.661886 0.560006 0.371292 0.547764 0.341676 0.547764 0.313173 0.547764 0.398682 0.547764 0.370179 0.560006 0.371292 0.547764 0.341676 0.560006 0.371292 0.547764 0.370179 0.560006 0.371292 0.547764 0.313173 0.572248 0.371292 0.560006 0.429411 0.547764 0.417682 0.547764 0.398682 0.547764 0.462095 0.547764 0.436682 0.560006 0.429411 0.547764 0.417682 0.560006 0.429411 0.547764 0.436682 0.560006 0.429411 0.560006 0.48753 0.547764 0.462095 0.560006 0.429411 0.547764 0.398682 0.560006 0.371292 0.595153 0.313173 0.58449 0.371292 0.572248 0.371292 0.58449 0.371292 0.595153 0.313173 0.595153 0.355927 0.595153 0.313173 0.572248 0.371292 0.547764 0.313173 0.595153 0.398682 0.58449 0.371292 0.595153 0.355927 0.590612 0.429411 0.58449 0.429411 0.58449 0.371292 0.590612 0.45847 0.590612 0.429411 0.595153 0.436682 0.595153 0.398682 0.595153 0.436682 0.590612 0.429411 0.595153 0.487509 0.590612 0.45847 0.595153 0.436682 0.590612 0.429411 0.58449 0.371292 0.595153 0.398682 0.560006 0.48753 0.549203 0.504213 0.547764 0.487509 0.553479 0.52041 0.549203 0.504213 0.560006 0.48753 0.547764 0.462095 0.560006 0.48753 0.547764 0.487509 0.572248 0.48753 0.560462 0.535607 0.560006 0.48753 0.560462 0.535607 0.553479 0.52041 0.560006 0.48753 0.581933 0.573353 0.571197 0.55448 0.58449 0.545649 0.572248 0.48753 0.571197 0.55448 0.560462 0.535607 0.590612 0.574708 0.581933 0.573353 0.58449 0.545649 0.572248 0.48753 0.58449 0.545649 0.571197 0.55448 0.595873 0.495861 0.590612 0.516589 0.590612 0.48753 0.590612 0.516589 0.595873 0.495861 0.596733 0.516589 0.595873 0.495861 0.598011 0.503959 0.596733 0.516589 0.595153 0.487509 0.595873 0.495861 0.590612 0.48753 0.58449 0.545649 0.590612 0.545649 0.590612 0.574708 0.596733 0.574708 0.595772 0.59898 0.592669 0.592226 0.592669 0.592226 0.590612 0.574708 0.596733 0.574708 0.581933 0.573353 0.590612 0.574708 0.592669 0.592226 0.590612 0.45847 0.595153 0.487509 0.590612 0.48753 0.596733 0.574708 0.596733 0.545649 0.602854 0.545649 0.601502 0.511558 0.596733 0.516589 0.598011 0.503959 0.601502 0.511558 0.602854 0.545649 0.596733 0.516589 0.621838 0.547308 0.608975 0.603767 0.602854 0.545649 0.602854 0.603767 0.596733 0.574708 0.602854 0.545649 0.602854 0.603767 0.598312 0.613603 0.597672 0.606179 0.602854 0.545649 0.608975 0.603767 0.602854 0.603767 0.598312 0.613603 0.602854 0.603767 0.602854 0.632827 0.602854 0.603767 0.597672 0.606179 0.596733 0.574708 0.598312 0.641023 0.598312 0.613603 0.602854 0.632827 0.621838 0.547308 0.602854 0.545649 0.601502 0.511558 0.63346 0.603767 0.621838 0.547308 0.639581 0.589238 0.642175 0.583058 0.639581 0.589238 0.621838 0.547308 0.642641 0.589238 0.642175 0.583058 0.644805 0.589503 0.639581 0.589238 0.642175 0.583058 0.642641 0.589238 0.644805 0.589503 0.642641 0.603767 0.642641 0.589238 0.63346 0.603767 0.621217 0.603767 0.621838 0.547308 0.639581 0.589238 0.639581 0.603767 0.63346 0.603767 0.645702 0.641845 0.642641 0.603767 0.645702 0.596419 0.645702 0.596419 0.642641 0.603767 0.644805 0.589503 0.608975 0.603767 0.621838 0.547308 0.621217 0.603767 0.642641 0.603767 0.639581 0.632827 0.639581 0.603767 0.602854 0.661886 0.598312 0.668443 0.598312 0.641023 0.598312 0.695863 0.598312 0.668443 0.602854 0.661886 0.602854 0.632827 0.602854 0.661886 0.598312 0.641023 0.608975 0.661886 0.608975 0.720005 0.602854 0.661886 0.608975 0.720005 0.598312 0.723284 0.598312 0.695863 0.598312 0.778124 0.598312 0.750704 0.608975 0.720005 0.598312 0.723284 0.608975 0.720005 0.598312 0.750704 0.622007 0.778124 0.598312 0.778124 0.608975 0.720005 0.608975 0.720005 0.598312 0.695863 0.602854 0.661886 0.645702 0.687271 0.639581 0.661886 0.645702 0.641845 0.639581 0.632827 0.645702 0.641845 0.639581 0.661886 0.63346 0.720005 0.63346 0.661886 0.639581 0.661886 0.645702 0.641845 0.639581 0.632827 0.642641 0.603767 0.645702 0.687271 0.63346 0.720005 0.639581 0.661886 0.63346 0.720005 0.622007 0.778124 0.621217 0.720005 0.645702 0.778124 0.63346 0.720005 0.645702 0.732698 0.645702 0.687271 0.645702 0.732698 0.63346 0.720005 0.622007 0.778124 0.63346 0.720005 0.645702 0.778124 0.597672 0.606179 0.595772 0.59898 0.596733 0.574708 0.266332 0.640132 0.266332 0.635881 0.277436 0.635881 0.277436 0.644384 0.266332 0.644384 0.266332 0.640132 0.277436 0.635881 0.277436 0.644384 0.266332 0.640132 0.246901 0.640132 0.249677 0.640132 0.249677 0.644384 0.244125 0.644384 0.244125 0.640132 0.246901 0.640132 0.249677 0.644384 0.244125 0.644384 0.246901 0.640132 0.244125 0.640132 0.244125 0.638007 0.246901 0.638007 0.246901 0.640132 0.246901 0.638007 0.249677 0.638007 0.252453 0.638007 0.252453 0.640132 0.249677 0.640132 0.252453 0.640132 0.252453 0.638007 0.255229 0.638007 0.252453 0.640132 0.255229 0.640132 0.255229 0.644384 0.249677 0.644384 0.249677 0.640132 0.252453 0.640132 0.255229 0.644384 0.249677 0.644384 0.252453 0.640132 0.255229 0.644384 0.255229 0.640132 0.26078 0.640132 0.26078 0.644384 0.26078 0.640132 0.266332 0.640132 0.233022 0.644384 0.233022 0.640132 0.238574 0.640132 0.238574 0.644384 0.238574 0.640132 0.244125 0.640132 0.288049 0.593402 0.288539 0.584865 0.288539 0.598091 0.286483 0.60216 0.288539 0.598091 0.288539 0.611318 0.288539 0.598091 0.286483 0.60216 0.288049 0.593402 0.288539 0.611318 0.28376 0.610738 0.286483 0.60216 0.28376 0.610738 0.288539 0.611318 0.2799 0.61868 0.288539 0.624544 0.27504 0.625553 0.2799 0.61868 0.288539 0.611318 0.288539 0.624544 0.2799 0.61868 0.288539 0.63777 0.277436 0.635881 0.288539 0.624544 0.269424 0.631012 0.27504 0.625553 0.277436 0.635881 0.288539 0.624544 0.277436 0.635881 0.27504 0.625553 0.266332 0.635881 0.269424 0.631012 0.277436 0.635881 0.26078 0.640132 0.257165 0.637077 0.263359 0.634863 0.269424 0.631012 0.266332 0.635881 0.263359 0.634863 0.255229 0.640132 0.255229 0.638007 0.257165 0.637077 0.249677 0.640132 0.249677 0.638007 0.250539 0.63777 0.250539 0.63777 0.246901 0.638007 0.244125 0.638007 0.251129 0.63777 0.257165 0.637077 0.252453 0.638007 0.250539 0.63777 0.251129 0.63777 0.249677 0.640132 0.252453 0.638007 0.249677 0.640132 0.251129 0.63777 0.249677 0.638007 0.246901 0.638007 0.250539 0.63777 0.212419 0.63777 0.225125 0.63777 0.225125 0.652886 0.237832 0.63777 0.250539 0.63777 0.244125 0.638007 0.199712 0.63777 0.212419 0.63777 0.199712 0.645328 0.233022 0.640132 0.225125 0.63777 0.237832 0.63777 0.255229 0.638007 0.252453 0.638007 0.257165 0.637077 0.263359 0.634863 0.266332 0.635881 0.26078 0.640132 0.277436 0.644384 0.277436 0.635881 0.288539 0.63777 0.266332 0.644384 0.277436 0.644384 0.275872 0.652886 0.26078 0.640132 0.255229 0.640132 0.257165 0.637077 0.266332 0.644384 0.263205 0.652886 0.26078 0.644384 0.26078 0.644384 0.263205 0.652886 0.255229 0.644384 0.250539 0.652886 0.255229 0.644384 0.263205 0.652886 0.288539 0.652886 0.275872 0.652886 0.277436 0.644384 0.288539 0.652886 0.277436 0.644384 0.288539 0.63777 0.250539 0.652886 0.249677 0.644384 0.255229 0.644384 0.238574 0.640132 0.244125 0.638007 0.244125 0.640132 0.238574 0.640132 0.233022 0.640132 0.237832 0.63777 0.249677 0.644384 0.250539 0.652886 0.244125 0.644384 0.233022 0.644384 0.225125 0.63777 0.233022 0.640132 0.233022 0.644384 0.238574 0.644384 0.237832 0.652886 0.244125 0.644384 0.237832 0.652886 0.238574 0.644384 0.225125 0.652886 0.233022 0.644384 0.237832 0.652886 0.212419 0.652886 0.199712 0.645328 0.212419 0.63777 0.199712 0.645328 0.212419 0.652886 0.199712 0.652886 0.225125 0.63777 0.233022 0.644384 0.225125 0.652886 0.244125 0.644384 0.250539 0.652886 0.237832 0.652886 0.238574 0.640132 0.237832 0.63777 0.244125 0.638007 0.266332 0.640132 0.26078 0.640132 0.266332 0.635881 0.05878698 0.71435 0 0.71435 0.04275399 0.672665 0.04275399 0.672665 0 0.71435 0 0.672665 0.05878698 0.71435 0.04275399 0.672665 0.05878698 0.672665 0.04275399 0.756036 0.05878698 0.71435 0.05878698 0.756036 0.04275399 0.756036 0 0.756036 0 0.71435 0.05878698 0.71435 0.04275399 0.756036 0 0.71435 0.115732 0.825749 0.05786597 0.825749 0.05786597 0.811052 0.405062 0.840445 0.347196 0.840445 0.347196 0.825749 0.318263 0.811052 0.347196 0.811052 0.347196 0.825749 0.28933 0.825749 0.28933 0.811052 0.318263 0.811052 0.347196 0.825749 0.28933 0.825749 0.318263 0.811052 0.28933 0.825749 0.231464 0.825749 0.231464 0.811052 0.433995 0.825749 0.405062 0.825749 0.405062 0.8184 0.433995 0.814726 0.433995 0.8184 0.405062 0.8184 0.405062 0.811052 0.433995 0.811052 0.433995 0.814726 0.405062 0.8184 0.405062 0.811052 0.433995 0.814726 0.448462 0.8184 0.433995 0.8184 0.433995 0.814726 0.448462 0.814726 0.433995 0.814726 0.433995 0.811052 0.405062 0.8184 0.405062 0.825749 0.347196 0.825749 0.347196 0.811052 0.405062 0.811052 0.405062 0.8184 0.347196 0.825749 0.347196 0.811052 0.405062 0.8184 0.448462 0.811052 0.433995 0.811052 0.433995 0.807378 0 0.796355 0.147664 0.796355 0.05786597 0.811052 0.115732 0.811052 0.147664 0.796355 0.231464 0.811052 0 0.812388 0 0.796355 0.05786597 0.811052 0.231464 0.811052 0.295328 0.796355 0.295328 0.807044 0.295328 0.807044 0.28933 0.811052 0.231464 0.811052 0.28933 0.811052 0.295328 0.807044 0.318263 0.811052 0.147664 0.796355 0.295328 0.796355 0.231464 0.811052 0.231464 0.811052 0.231464 0.825749 0.115732 0.825749 0 0.855142 0 0.812388 0.05786597 0.825749 0.05786597 0.825749 0 0.812388 0.05786597 0.811052 0.115732 0.825749 0.154309 0.855142 0.05786597 0.825749 0 0.855142 0.05786597 0.825749 0.154309 0.855142 0.308619 0.855142 0.154309 0.855142 0.231464 0.825749 0.28933 0.825749 0.347196 0.840445 0.308619 0.855142 0.115732 0.825749 0.231464 0.825749 0.154309 0.855142 0.295328 0.807044 0.347196 0.811052 0.318263 0.811052 0.433995 0.807378 0.347196 0.811052 0.295328 0.807044 0.347196 0.811052 0.433995 0.807378 0.405062 0.811052 0.433995 0.807378 0.433995 0.811052 0.405062 0.811052 0.448462 0.811052 0.448462 0.807378 0.462928 0.807044 0.433995 0.807378 0.462928 0.807044 0.448462 0.807378 0.433995 0.807378 0.295328 0.807044 0.462928 0.807044 0.448462 0.814726 0.448462 0.811052 0.462928 0.812388 0.462928 0.855142 0.308619 0.855142 0.405062 0.840445 0.405062 0.840445 0.405062 0.825749 0.433995 0.825749 0.28933 0.825749 0.347196 0.825749 0.347196 0.840445 0.462928 0.855142 0.433995 0.825749 0.448462 0.8184 0.433995 0.8184 0.448462 0.8184 0.433995 0.825749 0.462928 0.812388 0.448462 0.8184 0.448462 0.814726 0.405062 0.840445 0.433995 0.825749 0.462928 0.855142 0.448462 0.8184 0.462928 0.812388 0.462928 0.855142 0.918762 0.506521 0.899362 0.506521 0.899362 0.49271 0.899362 0.506521 0.879963 0.506521 0.879963 0.49271 0.879963 0.485805 0.879963 0.4789 0.899362 0.4789 0.899362 0.49271 0.879963 0.49271 0.879963 0.485805 0.899362 0.4789 0.899362 0.49271 0.879963 0.485805 0.918762 0.49271 0.899362 0.49271 0.899362 0.4789 0.938161 0.506521 0.918762 0.506521 0.918762 0.49271 0.938161 0.485805 0.938161 0.49271 0.918762 0.49271 0.918762 0.4789 0.938161 0.4789 0.938161 0.485805 0.918762 0.49271 0.918762 0.4789 0.938161 0.485805 0.947861 0.49271 0.938161 0.49271 0.938161 0.485805 0.947861 0.485805 0.938161 0.485805 0.938161 0.4789 0.870263 0.4789 0.860563 0.4789 0.860563 0.465089 0.879963 0.465089 0.879963 0.4789 0.870263 0.4789 0.860563 0.465089 0.879963 0.465089 0.870263 0.4789 0.860563 0.4789 0.841163 0.4789 0.841163 0.465089 0.860563 0.465089 0.841163 0.465089 0.841163 0.451279 0.879963 0.465089 0.860563 0.465089 0.860563 0.451279 0.841163 0.465089 0.841163 0.4789 0.802364 0.4789 0.802364 0.451279 0.841163 0.451279 0.841163 0.465089 0.802364 0.4789 0.802364 0.451279 0.841163 0.465089 0.841163 0.451279 0.802364 0.451279 0.802364 0.423658 0.860563 0.451279 0.841163 0.451279 0.841163 0.423658 0.879963 0.423658 0.879963 0.451279 0.860563 0.451279 0.841163 0.423658 0.879963 0.423658 0.860563 0.451279 0.938161 0.4789 0.918762 0.4789 0.918762 0.465089 0.938161 0.465089 0.918762 0.465089 0.918762 0.451279 0.879963 0.465089 0.918762 0.465089 0.899362 0.4789 0.918762 0.465089 0.918762 0.4789 0.899362 0.4789 0.899362 0.4789 0.879963 0.4789 0.879963 0.465089 0.879963 0.465089 0.879963 0.451279 0.918762 0.451279 0.918762 0.451279 0.879963 0.451279 0.879963 0.423658 0.802364 0.396037 0.802364 0.423658 0.724765 0.423658 0.724765 0.396037 0.724765 0.368416 0.802364 0.368416 0.724765 0.423658 0.685966 0.423658 0.685966 0.396037 0.724765 0.396037 0.685966 0.396037 0.685966 0.368416 0.724765 0.368416 0.685966 0.368416 0.685966 0.340795 0.841163 0.423658 0.802364 0.423658 0.802364 0.396037 0.841163 0.396037 0.802364 0.396037 0.802364 0.368416 0.841163 0.368416 0.802364 0.368416 0.802364 0.340795 0.685966 0.340795 0.647167 0.338419 0.647167 0.313173 0.718423 0.313173 0.685966 0.340795 0.647167 0.313173 0.685966 0.368416 0.647167 0.38254 0.647167 0.363665 0.685966 0.340795 0.685966 0.368416 0.647167 0.363665 0.685966 0.368416 0.685966 0.396037 0.647167 0.38254 0.724765 0.340795 0.685966 0.340795 0.718423 0.313173 0.802364 0.340795 0.724765 0.340795 0.78968 0.313173 0.78968 0.313173 0.841163 0.340795 0.802364 0.340795 0.841163 0.340795 0.78968 0.313173 0.860937 0.313173 0.802364 0.340795 0.802364 0.368416 0.724765 0.368416 0.841163 0.368416 0.860937 0.363665 0.860937 0.38254 0.860937 0.363665 0.841163 0.368416 0.841163 0.340795 0.841163 0.396037 0.841163 0.368416 0.860937 0.38254 0.685966 0.396037 0.685966 0.423658 0.647167 0.401415 0.647167 0.38254 0.685966 0.396037 0.647167 0.401415 0.647167 0.458045 0.647167 0.429731 0.685966 0.423658 0.724765 0.423658 0.760679 0.48636 0.647167 0.458045 0.647167 0.48636 0.647167 0.458045 0.760679 0.48636 0.647167 0.458045 0.685966 0.423658 0.724765 0.423658 0.724765 0.423658 0.802364 0.451279 0.760679 0.48636 0.860937 0.401415 0.841163 0.423658 0.841163 0.396037 0.874191 0.48636 0.760679 0.48636 0.802364 0.4789 0.802364 0.451279 0.802364 0.4789 0.760679 0.48636 0.874191 0.48636 0.802364 0.4789 0.841163 0.4789 0.874191 0.48636 0.841163 0.4789 0.860563 0.4789 0.802364 0.423658 0.802364 0.451279 0.724765 0.423658 0.860937 0.38254 0.860937 0.401415 0.841163 0.396037 0.860937 0.363665 0.841163 0.340795 0.860937 0.338419 0.860937 0.401415 0.957561 0.401415 0.918762 0.423658 0.874191 0.48636 0.860563 0.4789 0.870263 0.4789 0.874191 0.48636 0.870263 0.4789 0.879963 0.4789 0.860937 0.313173 0.860937 0.338419 0.841163 0.340795 0.938161 0.451279 0.918762 0.451279 0.918762 0.423658 0.957561 0.475742 0.938161 0.451279 0.957561 0.401415 0.918762 0.423658 0.957561 0.401415 0.938161 0.451279 0.947861 0.4789 0.938161 0.4789 0.938161 0.465089 0.957561 0.475742 0.957561 0.48636 0.947861 0.4789 0.938161 0.465089 0.957561 0.475742 0.947861 0.4789 0.957561 0.475742 0.938161 0.465089 0.938161 0.451279 0.874191 0.49167 0.874191 0.48636 0.879963 0.485805 0.879963 0.4789 0.879963 0.485805 0.874191 0.48636 0.874191 0.49167 0.879963 0.506521 0.874191 0.534142 0.879963 0.49271 0.879963 0.506521 0.874191 0.49167 0.874191 0.534142 0.879963 0.506521 0.899362 0.506521 0.918762 0.506521 0.874191 0.534142 0.899362 0.506521 0.957561 0.48636 0.957561 0.49167 0.947861 0.485805 0.957561 0.534142 0.918762 0.506521 0.938161 0.506521 0.947861 0.49271 0.957561 0.49167 0.938161 0.506521 0.957561 0.534142 0.938161 0.506521 0.957561 0.49167 0.938161 0.506521 0.938161 0.49271 0.947861 0.49271 0.874191 0.534142 0.918762 0.506521 0.957561 0.534142 0.879963 0.423658 0.841163 0.423658 0.860937 0.401415 0.885647 0.940669 0.885647 0.882803 0.902165 0.882803 0.869129 0.651339 0.869129 0.593473 0.885647 0.593473 0.893906 0.593473 0.902165 0.593473 0.902165 0.651339 0.885647 0.651339 0.885647 0.593473 0.893906 0.593473 0.902165 0.651339 0.885647 0.651339 0.893906 0.593473 0.885647 0.593473 0.885647 0.56454 0.893906 0.56454 0.893906 0.56454 0.893906 0.550073 0.898035 0.550073 0.898035 0.56454 0.898035 0.550073 0.902165 0.550073 0.898035 0.56454 0.902165 0.56454 0.902165 0.593473 0.893906 0.593473 0.893906 0.56454 0.898035 0.56454 0.902165 0.593473 0.893906 0.593473 0.898035 0.56454 0.902165 0.593473 0.902165 0.56454 0.910423 0.56454 0.910423 0.593473 0.910423 0.56454 0.918682 0.56454 0.910423 0.593473 0.918682 0.593473 0.918682 0.651339 0.902165 0.651339 0.902165 0.593473 0.910423 0.593473 0.918682 0.651339 0.902165 0.651339 0.910423 0.593473 0.918682 0.651339 0.918682 0.593473 0.9352 0.593473 0.9352 0.651339 0.9352 0.593473 0.951718 0.593473 0.918682 0.56454 0.910754 0.535607 0.951718 0.593473 0.984753 0.535607 0.951718 0.593473 0.910754 0.535607 0.900182 0.535607 0.910754 0.535607 0.902165 0.550073 0.910754 0.535607 0.910423 0.56454 0.902165 0.550073 0.910423 0.56454 0.910754 0.535607 0.918682 0.56454 0.9352 0.593473 0.918682 0.593473 0.918682 0.56454 0.902165 0.550073 0.910423 0.56454 0.902165 0.56454 0.951718 0.593473 0.9352 0.593473 0.918682 0.56454 0.951718 0.593473 0.984753 0.535607 0.984753 0.638005 0.894897 0.535607 0.900182 0.535607 0.898035 0.550073 0.902165 0.550073 0.898035 0.550073 0.900182 0.535607 0.894897 0.535607 0.885647 0.56454 0.852611 0.535607 0.885647 0.56454 0.893906 0.550073 0.893906 0.56454 0.869129 0.593473 0.885647 0.56454 0.885647 0.593473 0.885647 0.56454 0.869129 0.593473 0.852611 0.535607 0.893906 0.550073 0.885647 0.56454 0.894897 0.535607 0.869129 0.651339 0.852611 0.535607 0.869129 0.593473 0.984753 0.740404 0.951718 0.651339 0.984753 0.638005 0.910754 0.740404 0.918682 0.651339 0.9352 0.651339 0.9352 0.651339 0.951718 0.651339 0.947753 0.740404 0.951718 0.651339 0.984753 0.740404 0.947753 0.740404 0.902165 0.882803 0.910754 0.740404 0.910754 0.869469 0.910754 0.869469 0.910754 0.998535 0.902165 0.940669 0.9352 0.651339 0.947753 0.740404 0.910754 0.740404 0.902165 0.651339 0.918682 0.651339 0.910754 0.740404 0.902165 0.651339 0.910754 0.740404 0.885647 0.651339 0.885647 0.882803 0.910754 0.740404 0.902165 0.882803 0.869129 0.651339 0.885647 0.651339 0.852611 0.767071 0.910754 0.740404 0.852611 0.767071 0.885647 0.651339 0.852611 0.535607 0.869129 0.651339 0.852611 0.767071 0.910754 0.740404 0.885647 0.882803 0.852611 0.767071 0.885647 0.940669 0.902165 0.940669 0.894897 0.998535 0.910754 0.998535 0.894897 0.998535 0.902165 0.940669 0.852611 0.998535 0.885647 0.882803 0.885647 0.940669 0.894897 0.998535 0.852611 0.998535 0.885647 0.940669 0.852611 0.767071 0.885647 0.882803 0.852611 0.998535 0.951718 0.651339 0.951718 0.593473 0.984753 0.638005 0.525822 0.661468 0.505346 0.54537 0.525822 0.54537 0.505346 0.661468 0.48487 0.54537 0.505346 0.54537 0.505346 0.777567 0.48487 0.661468 0.505346 0.661468 0.820988 0.067694 0.828547 0.03384697 0.820988 0.03384697 0.80644 0.067694 0.813714 0.03384697 0.80644 0.03384697 0.813714 0.067694 0.820988 0.03384697 0.813714 0.03384697 0.813714 0.135388 0.80644 0.067694 0.80644 0.135388 0.813714 0.067694 0.820988 0.135388 0.820988 0.067694 0.820988 0.186158 0.824767 0.169235 0.820988 0.169235 0.824767 0.186158 0.828547 0.169235 0.824767 0.169235 0.828547 0.186158 0.832326 0.169235 0.828547 0.169235 0.80644 0.186158 0.810077 0.169235 0.80644 0.169235 0.810077 0.186158 0.813714 0.169235 0.810077 0.169235 0.813714 0.186158 0.817351 0.169235 0.813714 0.169235 0.817351 0.186158 0.820988 0.169235 0.817351 0.169235 0.791975 0.169235 0.799208 0.135388 0.791975 0.135388 0.799208 0.169235 0.80644 0.135388 0.799208 0.135388 0.828547 0.135388 0.820988 0.067694 0.820988 0.135388 0.162361 0.921727 0.08118098 0.896981 0.162361 0.896981 0.162361 0.946473 0.08118098 0.921727 0.162361 0.921727 0.202951 0.896981 0.162361 0.884609 0.202951 0.884609 0.243542 0.946473 0.162361 0.921727 0.243542 0.921727 0.222984 0.957744 0.162361 0.946473 0.243542 0.946473 0.324722 0.920334 0.243542 0.946473 0.243542 0.921727 0.2033219 0.04203295 0.1742759 0.021016 0.1742759 0.04203295 0.217845 0.021016 0.2033219 0.010508 0.2033219 0.021016 0.749157 0.622665 0.774654 0.593645 0.774654 0.622665 0.937337 0.05307596 0.930989 0.02653795 0.937337 0.02653795 0.950035 0.05307596 0.943686 0.02653795 0.950035 0.02653795 0.943686 0.05307596 0.937337 0.02653795 0.943686 0.02653795 0.950035 0.159229 0.937337 0.106153 0.950035 0.106153 0.963281 0.05307596 0.956658 0.02653795 0.963281 0.02653795 0.956658 0.05307596 0.950035 0.02653795 0.956658 0.02653795 0.969903 0.05307596 0.963281 0.02653795 0.969903 0.02653795 0.963281 0.159229 0.950035 0.106153 0.963281 0.106153 0.92464 0.07076799 0.930989 0.02653795 0.930989 0.05307596 0.937337 0.02653795 0.935017 0 0.945394 0 0.955772 0 0.956658 0.02653795 0.950035 0.02653795 0.963281 0.02653795 0.955772 0 0.966149 0 0.976526 0.07076799 0.969903 0.05307596 0.969903 0.02653795 0.160328 0.405662 0.187049 0.400883 0.160328 0.400883 0.160328 0.410441 0.187049 0.405662 0.160328 0.405662 0.026721 0.410441 0.05344295 0.405662 0.026721 0.405662 0.026721 0.405662 0.05344295 0.400883 0.026721 0.400883 0.142514 0.396104 0.187049 0.400883 0.21377 0.396104 0.21377 0.402476 0.187049 0.405662 0.21377 0.408848 0.07125699 0.396104 0.160328 0.405662 0.142514 0.396104 0.026721 0.400883 0.05344295 0.400883 0.07125699 0.396104 0.07125699 0.41522 0.142514 0.41522 0.160328 0.405662 0.334428 0.538378 0.331189 0.523681 0.334428 0.523681 0.337668 0.538378 0.334428 0.523681 0.337668 0.523681 0.331189 0.538378 0.327949 0.543722 0.327949 0.519673 0.33632 0.567771 0.331189 0.538378 0.334428 0.538378 0.354841 0.508984 0.361432 0.567771 0.353061 0.567771 0.727625 0.04408997 0.724385 0.02939295 0.727625 0.02939295 0.724385 0.04408997 0.721146 0.02939295 0.724385 0.02939295 0.717906 0.04809796 0.721146 0.02939295 0.721146 0.04408997 0.268597 0.424547 0.295319 0.399162 0.268597 0.399162 0.295319 0.399162 0.348761 0.348392 0.295319 0.348392 0.268597 0.297621 0.295319 0.272236 0.268597 0.272236 0.295319 0.348392 0.348761 0.297621 0.295319 0.297621 0.348761 0.348392 0.402204 0.297621 0.348761 0.297621 0.348761 0.399162 0.402204 0.348392 0.348761 0.348392 0.402204 0.348392 0.455646 0.314545 0.402204 0.297621 0.268597 0.272236 0.295319 0.272236 0.291162 0.246851 0.455646 0.382239 0.455646 0.348392 0.402204 0.348392 0.373404 0.449933 0.414525 0.449933 0.402204 0.399162 0.291162 0.449933 0.268597 0.424547 0.250041 0.449933 0.255568 0.717542 0.280953 0.712763 0.255568 0.712763 0.255568 0.722321 0.280953 0.717542 0.255568 0.717542 0.128642 0.722321 0.154027 0.717542 0.128642 0.717542 0.128642 0.717542 0.154027 0.712763 0.128642 0.712763 0.238644 0.707984 0.280953 0.712763 0.306338 0.707984 0.280953 0.717542 0.280953 0.722321 0.306338 0.720728 0.154027 0.717542 0.255568 0.717542 0.238644 0.707984 0.128642 0.712763 0.154027 0.712763 0.170951 0.707984 0.103257 0.717542 0.128642 0.712763 0.103257 0.707984 0.238644 0.7271 0.154027 0.717542 0.170951 0.7271 0.255568 0.742014 0.280953 0.737336 0.280953 0.742014 0.128642 0.742014 0.154027 0.737336 0.154027 0.742014 0.255568 0.746894 0.280953 0.742014 0.280953 0.746894 0.128642 0.746894 0.154027 0.742014 0.154027 0.746894 0.272491 0.732658 0.280953 0.737336 0.255568 0.737336 0.103257 0.742216 0.128642 0.737336 0.128642 0.742014 0.879739 0.106153 0.863395 0.05307596 0.863395 0.106153 0.896084 0.106153 0.879739 0.05307596 0.879739 0.106153 0.912428 0.07076799 0.896084 0.106153 0.912428 0.141537 0.442286 0.1792899 0.428925 0.167337 0.428925 0.1792899 0.442286 0.167337 0.428925 0.155384 0.428925 0.167337 0.442286 0.155384 0.428925 0.143432 0.428925 0.155384 0.428925 0.143432 0.402204 0.119526 0.402204 0.143432 0.428925 0.119526 0.402204 0.09562098 0.402204 0.119526 0.32204 0.167337 0.295319 0.143432 0.295319 0.167337 0.348761 0.167337 0.32204 0.143432 0.32204 0.167337 0.281958 0.1792899 0.268597 0.167337 0.268597 0.1792899 0.295319 0.1792899 0.281958 0.167337 0.281958 0.1792899 0.268597 0.1792899 0.255237 0.167337 0.255237 0.1792899 0.268597 0.167337 0.255237 0.155384 0.255237 0.167337 0.268597 0.155384 0.255237 0.143432 0.255237 0.155384 0.295319 0.143432 0.268597 0.119526 0.268597 0.143432 0.295319 0.119526 0.268597 0.09562098 0.268597 0.119526 0.348761 0.09562098 0.295319 0.04781097 0.295319 0.09562098 0.402204 0.09562098 0.348761 0.04781097 0.348761 0.09562098 0.241876 0.109681 0.268597 0.09562098 0.241876 0.08225995 0.295319 0.191242 0.281958 0.1792899 0.268597 0.191242 0.32204 0.167337 0.348761 0.191242 0.348761 0.167337 0.402204 0.143432 0.348761 0.167337 0.402204 0.167337 0.348761 0.167337 0.375482 0.191242 0.402204 0.167337 0.137524 0.76867 0.1203899 0.764891 0.1203899 0.76867 0.137524 0.764891 0.1203899 0.761112 0.1203899 0.764891 0.291728 0.764891 0.274594 0.761112 0.274594 0.764891 0.103257 0.764891 0.1203899 0.761112 0.103257 0.757333 0.1203899 0.761112 0.137524 0.761112 0.148683 0.757333 0.144378 0.772449 0.1203899 0.76867 0.103257 0.772449 0.194109 0.757333 0.22662 0.772449 0.239535 0.757333 0.274594 0.784402 0.291728 0.780623 0.291728 0.784402 0.274594 0.788181 0.291728 0.784402 0.291728 0.788181 0.1203899 0.788181 0.137524 0.784402 0.137524 0.788181 0.267741 0.776844 0.291728 0.780623 0.274594 0.780623 0.144378 0.776844 0.137524 0.784402 0.1203899 0.784402 0.185499 0.776844 0.2180089 0.79196 0.172583 0.79196 0.574868 0 0.567364 0.01037698 0.567364 0 0.574868 0.03891497 0.567364 0.04150897 0.567364 0.03113198 0.574868 0.05188596 0.567364 0.05188596 0.567364 0.04150897 0.007557988 0.508984 0 0.516267 0.007557988 0.516267 0 0.516267 0 0.523549 0.007557988 0.523549 0 0.523549 0 0.530831 0.007557988 0.530831 0.716441 0 0.708936 0.02741998 0.708936 0 0.716441 0.02741998 0.708936 0.05483996 0.708936 0.02741998 0.708936 0.08225995 0.716441 0.05483996 0.716441 0.08225995 0.716441 0.109681 0.708936 0.1371009 0.708936 0.109681 0.716441 0.1371009 0.708936 0.164521 0.708936 0.1371009 0.708936 0.109681 0.716441 0.08225995 0.716441 0.109681 0.084028 0.572435 0.07968395 0.576214 0.07131397 0.576214 0.583838 0 0.576333 0.026721 0.576333 0 0.583838 0.026721 0.576333 0.05344295 0.576333 0.026721 0.576333 0.08016395 0.583838 0.05344295 0.583838 0.08016395 0.583838 0.106885 0.576333 0.133606 0.576333 0.106885 0.583838 0.133606 0.576333 0.160328 0.576333 0.133606 0.576333 0.106885 0.583838 0.08016395 0.583838 0.106885 0.084028 0.582381 0.07968395 0.586159 0.07131397 0.586159 0.707471 0 0.699967 0.02741998 0.699967 0 0.707471 0.02741998 0.699967 0.05483996 0.699967 0.02741998 0.699967 0.08225995 0.707471 0.05483996 0.707471 0.08225995 0.707471 0.1371009 0.699967 0.109681 0.707471 0.109681 0.707471 0.164521 0.699967 0.1371009 0.707471 0.1371009 0.699967 0.109681 0.707471 0.08225995 0.707471 0.109681 0.051651 0.508984 0.04409396 0.516267 0.051651 0.516267 0.051651 0.516267 0.04409396 0.523549 0.051651 0.523549 0.04409396 0.523549 0.04409396 0.530831 0.051651 0.530831 0.02179294 0.374202 0.02179294 0.381759 0 0.381759 0.043585 0.381759 0.02179294 0.374202 0.043585 0.374202 0.043585 0.374202 0.06537801 0.381759 0.043585 0.381759 0.565899 0 0.558394 0.017295 0.558394 0 0.558394 0.03459095 0.565899 0.017295 0.565899 0.03459095 0.565899 0.05188596 0.558394 0.05188596 0.558394 0.03459095 0.212216 0.693187 0.234008 0.686346 0.234008 0.693187 0.125048 0.686346 0.135944 0.682926 0.135944 0.686346 0.125048 0.682926 0.135944 0.679506 0.135944 0.682926 0.135944 0.682926 0.14684 0.679506 0.14684 0.682926 0.14684 0.684636 0.152288 0.682926 0.152288 0.684636 0.152288 0.684636 0.157736 0.682926 0.157736 0.684636 0.157736 0.682926 0.168632 0.679506 0.168632 0.682926 0.14684 0.687201 0.149564 0.686346 0.149564 0.687201 0.149564 0.687201 0.152288 0.686346 0.152288 0.687201 0.152288 0.687629 0.15365 0.687201 0.15365 0.687629 0.15365 0.687629 0.155012 0.687201 0.155012 0.687629 0.155012 0.687201 0.157736 0.686346 0.157736 0.687201 0.163184 0.688056 0.168632 0.686346 0.168632 0.688056 0.1795279 0.689767 0.190424 0.686346 0.190424 0.689767 0.1795279 0.693187 0.190424 0.689767 0.190424 0.693187 0.154083 0.672665 0.135944 0.679506 0.125048 0.679506 0.103257 0.687781 0.125048 0.682926 0.125048 0.686346 0.178609 0.700027 0.190424 0.693187 0.212216 0.693187 0.639749 0.201495 0.639347 0.199909 0.639749 0.199909 0.640552 0.199909 0.639749 0.196735 0.640552 0.196735 0.642159 0.196735 0.640552 0.190389 0.642159 0.190389 0.645373 0.190389 0.642159 0.177697 0.645373 0.177697 0.6518 0.177697 0.645373 0.152311 0.6518 0.152311 0.664654 0.152311 0.6518 0.101541 0.664654 0.101541 0.664654 0.101541 0.6518 0.05076998 0.664654 0.05076998 0.6518 0.05076998 0.645373 0.02538496 0.6518 0.02538496 0.645373 0.02538496 0.642159 0.01269298 0.645373 0.01269298 0.642159 0.01269298 0.640552 0.006345987 0.642159 0.006345987 0.640552 0.006345987 0.639749 0.003172993 0.640552 0.003172993 0.639749 0.003172993 0.639347 0.001586973 0.639749 0.001586973 0.677508 0.101541 0.664654 0.05076998 0.677508 0.05076998 0.664949 0 0.677508 0.05076998 0.664654 0.05076998 0.06341397 0.385153 0.08882695 0.392711 0.06341397 0.392711 0.01899999 0.385153 0.03799998 0.392711 0.01899999 0.392711 0 0.385153 0.01899999 0.392711 0 0.392711 0.03799998 0.385153 0.06341397 0.392711 0.03799998 0.392711 0.605824 0.238255 0.653254 0.226013 0.653254 0.238255 0.653254 0.256618 0.67697 0.250497 0.67697 0.256618 0.67697 0.256618 0.700685 0.250497 0.700685 0.256618 0.67697 0.262739 0.700685 0.256618 0.700685 0.262739 0.605824 0.256618 0.629539 0.250497 0.629539 0.256618 0.629539 0.256618 0.653254 0.250497 0.653254 0.256618 0.748115 0.274982 0.77183 0.268861 0.77183 0.274982 0.77183 0.274982 0.795545 0.268861 0.795545 0.274982 0.795545 0.287224 0.842976 0.274982 0.842976 0.287224 0.700685 0.268861 0.748115 0.262739 0.748115 0.268861 0.748115 0.268861 0.700685 0.274982 0.700685 0.268861 0.748115 0.305587 0.77183 0.299466 0.77183 0.305587 0.77183 0.305587 0.795545 0.299466 0.795545 0.305587 0.795545 0.299466 0.842976 0.287224 0.842976 0.299466 0.558394 0.21377 0.605824 0.226013 0.605824 0.238255 0.145832 0.36325 0.174335 0.370808 0.145832 0.370808 0.08882695 0.36325 0.11733 0.370808 0.08882695 0.370808 0.11733 0.36325 0.145832 0.370808 0.11733 0.370808 0.05082696 0.36325 0.06982696 0.370808 0.05082696 0.370808 0 0.36325 0.02541297 0.370808 0 0.370808 0.02541297 0.36325 0.05082696 0.370808 0.02541297 0.370808 0.06982696 0.36325 0.08882695 0.370808 0.06982696 0.370808 0.572248 0.429411 0.560006 0.371292 0.572248 0.371292 0.572248 0.48753 0.560006 0.429411 0.572248 0.429411 0.58449 0.429411 0.572248 0.371292 0.58449 0.371292 0.596733 0.545649 0.590612 0.516589 0.596733 0.516589 0.590612 0.545649 0.58449 0.516589 0.590612 0.516589 0.590612 0.516589 0.58449 0.48753 0.590612 0.48753 0.590612 0.48753 0.58449 0.45847 0.590612 0.45847 0.590612 0.45847 0.58449 0.429411 0.590612 0.429411 0.596733 0.574708 0.590612 0.545649 0.596733 0.545649 0.608975 0.661886 0.602854 0.632827 0.608975 0.632827 0.608975 0.632827 0.602854 0.603767 0.608975 0.603767 0.621217 0.720005 0.608975 0.661886 0.621217 0.661886 0.639581 0.661886 0.63346 0.632827 0.639581 0.632827 0.639581 0.632827 0.63346 0.603767 0.639581 0.603767 0.642641 0.603767 0.639581 0.589238 0.642641 0.589238 0.63346 0.720005 0.621217 0.661886 0.63346 0.661886 0.622007 0.778124 0.608975 0.720005 0.621217 0.720005 0.244125 0.640132 0.246901 0.638007 0.246901 0.640132 0.246901 0.640132 0.249677 0.638007 0.249677 0.640132 0.252453 0.640132 0.255229 0.638007 0.255229 0.640132 0.255229 0.644384 0.26078 0.640132 0.26078 0.644384 0.26078 0.644384 0.266332 0.640132 0.266332 0.644384 0.233022 0.644384 0.238574 0.640132 0.238574 0.644384 0.238574 0.644384 0.244125 0.640132 0.244125 0.644384 0.212419 0.63777 0.225125 0.652886 0.212419 0.652886 0.266332 0.644384 0.275872 0.652886 0.263205 0.652886 0.115732 0.825749 0.05786597 0.811052 0.115732 0.811052 0.405062 0.840445 0.347196 0.825749 0.405062 0.825749 0.28933 0.825749 0.231464 0.811052 0.28933 0.811052 0.433995 0.825749 0.405062 0.8184 0.433995 0.8184 0.448462 0.8184 0.433995 0.814726 0.448462 0.814726 0.448462 0.814726 0.433995 0.811052 0.448462 0.811052 0.448462 0.811052 0.433995 0.807378 0.448462 0.807378 0.147664 0.796355 0.115732 0.811052 0.05786597 0.811052 0.231464 0.811052 0.115732 0.825749 0.115732 0.811052 0.308619 0.855142 0.231464 0.825749 0.28933 0.825749 0.448462 0.811052 0.462928 0.807044 0.462928 0.812388 0.308619 0.855142 0.347196 0.840445 0.405062 0.840445 0.918762 0.506521 0.899362 0.49271 0.918762 0.49271 0.899362 0.506521 0.879963 0.49271 0.899362 0.49271 0.918762 0.49271 0.899362 0.4789 0.918762 0.4789 0.938161 0.506521 0.918762 0.49271 0.938161 0.49271 0.947861 0.49271 0.938161 0.485805 0.947861 0.485805 0.947861 0.485805 0.938161 0.4789 0.947861 0.4789 0.860563 0.4789 0.841163 0.465089 0.860563 0.465089 0.860563 0.465089 0.841163 0.451279 0.860563 0.451279 0.879963 0.465089 0.860563 0.451279 0.879963 0.451279 0.841163 0.451279 0.802364 0.423658 0.841163 0.423658 0.938161 0.4789 0.918762 0.465089 0.938161 0.465089 0.938161 0.465089 0.918762 0.451279 0.938161 0.451279 0.879963 0.465089 0.918762 0.451279 0.918762 0.465089 0.918762 0.451279 0.879963 0.423658 0.918762 0.423658 0.802364 0.396037 0.724765 0.423658 0.724765 0.396037 0.724765 0.396037 0.802364 0.368416 0.802364 0.396037 0.724765 0.423658 0.685966 0.396037 0.724765 0.396037 0.724765 0.396037 0.685966 0.368416 0.724765 0.368416 0.724765 0.368416 0.685966 0.340795 0.724765 0.340795 0.841163 0.423658 0.802364 0.396037 0.841163 0.396037 0.841163 0.396037 0.802364 0.368416 0.841163 0.368416 0.841163 0.368416 0.802364 0.340795 0.841163 0.340795 0.685966 0.340795 0.647167 0.363665 0.647167 0.338419 0.724765 0.340795 0.718423 0.313173 0.78968 0.313173 0.802364 0.340795 0.724765 0.368416 0.724765 0.340795 0.685966 0.423658 0.647167 0.429731 0.647167 0.401415 0.860937 0.401415 0.918762 0.423658 0.879963 0.423658 0.957561 0.48636 0.947861 0.485805 0.947861 0.4789 0.874191 0.49167 0.879963 0.485805 0.879963 0.49271 0.957561 0.49167 0.947861 0.49271 0.947861 0.485805 0.885647 0.940669 0.902165 0.882803 0.902165 0.940669 0.869129 0.651339 0.885647 0.593473 0.885647 0.651339 0.885647 0.593473 0.893906 0.56454 0.893906 0.593473 0.893906 0.56454 0.898035 0.550073 0.898035 0.56454 0.898035 0.56454 0.902165 0.550073 0.902165 0.56454 0.902165 0.593473 0.910423 0.56454 0.910423 0.593473 0.910423 0.593473 0.918682 0.56454 0.918682 0.593473 0.918682 0.651339 0.9352 0.593473 0.9352 0.651339 0.9352 0.651339 0.951718 0.593473 0.951718 0.651339 0.894897 0.535607 0.898035 0.550073 0.893906 0.550073 0.910754 0.869469 0.902165 0.940669 0.902165 0.882803</float_array>
          <technique_common>
            <accessor source="#mesh-ec969fc3-8f5b-41e7-8fb9-3cb9bc839c5b-mesh-map-0-array" count="4788" stride="2">
              <param name="S" type="float"/>
              <param name="T" type="float"/>
            </accessor>
          </technique_common>
        </source>
        <vertices id="mesh-ec969fc3-8f5b-41e7-8fb9-3cb9bc839c5b-mesh-vertices">
          <input semantic="POSITION" source="#mesh-ec969fc3-8f5b-41e7-8fb9-3cb9bc839c5b-mesh-positions"/>
        </vertices>
        <polylist material="Dgrey-material" count="1596">
          <input semantic="VERTEX" source="#mesh-ec969fc3-8f5b-41e7-8fb9-3cb9bc839c5b-mesh-vertices" offset="0"/>
          <input semantic="NORMAL" source="#mesh-ec969fc3-8f5b-41e7-8fb9-3cb9bc839c5b-mesh-normals" offset="1"/>
          <input semantic="TEXCOORD" source="#mesh-ec969fc3-8f5b-41e7-8fb9-3cb9bc839c5b-mesh-map-0" offset="2" set="0"/>
          <vcount>3 3 3 3 3 3 3 3 3 3 3 3 3 3 3 3 3 3 3 3 3 3 3 3 3 3 3 3 3 3 3 3 3 3 3 3 3 3 3 3 3 3 3 3 3 3 3 3 3 3 3 3 3 3 3 3 3 3 3 3 3 3 3 3 3 3 3 3 3 3 3 3 3 3 3 3 3 3 3 3 3 3 3 3 3 3 3 3 3 3 3 3 3 3 3 3 3 3 3 3 3 3 3 3 3 3 3 3 3 3 3 3 3 3 3 3 3 3 3 3 3 3 3 3 3 3 3 3 3 3 3 3 3 3 3 3 3 3 3 3 3 3 3 3 3 3 3 3 3 3 3 3 3 3 3 3 3 3 3 3 3 3 3 3 3 3 3 3 3 3 3 3 3 3 3 3 3 3 3 3 3 3 3 3 3 3 3 3 3 3 3 3 3 3 3 3 3 3 3 3 3 3 3 3 3 3 3 3 3 3 3 3 3 3 3 3 3 3 3 3 3 3 3 3 3 3 3 3 3 3 3 3 3 3 3 3 3 3 3 3 3 3 3 3 3 3 3 3 3 3 3 3 3 3 3 3 3 3 3 3 3 3 3 3 3 3 3 3 3 3 3 3 3 3 3 3 3 3 3 3 3 3 3 3 3 3 3 3 3 3 3 3 3 3 3 3 3 3 3 3 3 3 3 3 3 3 3 3 3 3 3 3 3 3 3 3 3 3 3 3 3 3 3 3 3 3 3 3 3 3 3 3 3 3 3 3 3 3 3 3 3 3 3 3 3 3 3 3 3 3 3 3 3 3 3 3 3 3 3 3 3 3 3 3 3 3 3 3 3 3 3 3 3 3 3 3 3 3 3 3 3 3 3 3 3 3 3 3 3 3 3 3 3 3 3 3 3 3 3 3 3 3 3 3 3 3 3 3 3 3 3 3 3 3 3 3 3 3 3 3 3 3 3 3 3 3 3 3 3 3 3 3 3 3 3 3 3 3 3 3 3 3 3 3 3 3 3 3 3 3 3 3 3 3 3 3 3 3 3 3 3 3 3 3 3 3 3 3 3 3 3 3 3 3 3 3 3 3 3 3 3 3 3 3 3 3 3 3 3 3 3 3 3 3 3 3 3 3 3 3 3 3 3 3 3 3 3 3 3 3 3 3 3 3 3 3 3 3 3 3 3 3 3 3 3 3 3 3 3 3 3 3 3 3 3 3 3 3 3 3 3 3 3 3 3 3 3 3 3 3 3 3 3 3 3 3 3 3 3 3 3 3 3 3 3 3 3 3 3 3 3 3 3 3 3 3 3 3 3 3 3 3 3 3 3 3 3 3 3 3 3 3 3 3 3 3 3 3 3 3 3 3 3 3 3 3 3 3 3 3 3 3 3 3 3 3 3 3 3 3 3 3 3 3 3 3 3 3 3 3 3 3 3 3 3 3 3 3 3 3 3 3 3 3 3 3 3 3 3 3 3 3 3 3 3 3 3 3 3 3 3 3 3 3 3 3 3 3 3 3 3 3 3 3 3 3 3 3 3 3 3 3 3 3 3 3 3 3 3 3 3 3 3 3 3 3 3 3 3 3 3 3 3 3 3 3 3 3 3 3 3 3 3 3 3 3 3 3 3 3 3 3 3 3 3 3 3 3 3 3 3 3 3 3 3 3 3 3 3 3 3 3 3 3 3 3 3 3 3 3 3 3 3 3 3 3 3 3 3 3 3 3 3 3 3 3 3 3 3 3 3 3 3 3 3 3 3 3 3 3 3 3 3 3 3 3 3 3 3 3 3 3 3 3 3 3 3 3 3 3 3 3 3 3 3 3 3 3 3 3 3 3 3 3 3 3 3 3 3 3 3 3 3 3 3 3 3 3 3 3 3 3 3 3 3 3 3 3 3 3 3 3 3 3 3 3 3 3 3 3 3 3 3 3 3 3 3 3 3 3 3 3 3 3 3 3 3 3 3 3 3 3 3 3 3 3 3 3 3 3 3 3 3 3 3 3 3 3 3 3 3 3 3 3 3 3 3 3 3 3 3 3 3 3 3 3 3 3 3 3 3 3 3 3 3 3 3 3 3 3 3 3 3 3 3 3 3 3 3 3 3 3 3 3 3 3 3 3 3 3 3 3 3 3 3 3 3 3 3 3 3 3 3 3 3 3 3 3 3 3 3 3 3 3 3 3 3 3 3 3 3 3 3 3 3 3 3 3 3 3 3 3 3 3 3 3 3 3 3 3 3 3 3 3 3 3 3 3 3 3 3 3 3 3 3 3 3 3 3 3 3 3 3 3 3 3 3 3 3 3 3 3 3 3 3 3 3 3 3 3 3 3 3 3 3 3 3 3 3 3 3 3 3 3 3 3 3 3 3 3 3 3 3 3 3 3 3 3 3 3 3 3 3 3 3 3 3 3 3 3 3 3 3 3 3 3 3 3 3 3 3 3 3 3 3 3 3 3 3 3 3 3 3 3 3 3 3 3 3 3 3 3 3 3 3 3 3 3 3 3 3 3 3 3 3 3 3 3 3 3 3 3 3 3 3 3 3 3 3 3 3 3 3 3 3 3 3 3 3 3 3 3 3 3 3 3 3 3 3 3 3 3 3 3 3 3 3 3 3 3 3 3 3 3 3 3 3 3 3 3 3 3 3 3 3 3 3 3 3 3 3 3 3 3 3 3 3 3 3 3 3 3 3 3 3 3 3 3 3 3 3 3 3 3 3 3 3 3 3 3 3 3 3 3 3 3 3 3 3 3 3 3 3 3 3 3 3 3 3 3 3 3 3 3 3 3 3 3 3 3 3 3 3 3 3 3 3 3 3 3 3 3 3 3 3 3 3 3 3 3 3 3 3 3 3 3 3 3 3 3 3 3 3 3 3 3 3 3 3 3 3 3 3 3 3 3 3 3 3 3 3 3 3 3 3 3 3 3 3 3 3 3 3 3 3 3 3 3 3 3 3 3 3 3 3 3 3 3 3 3 3 3 3 3 3 3 3 3 3 3 3 3 3 3 3 3 3 3 3 3 3 3 3 3 3 3 3 3 3 3 3 3 3 3 3 3 3 3 3 3 3 3 3 3 3 3 3 3 3 3 3 3 3 3 3 3 3 3 3 3 3 3 3 3 3 3 3 3 3 3 3 3 3 3 3 3 3 3 3 3 3 3 3 3 3 3 3 3 3 3 3 3 3 3 3 3 3 3 3 3 3 3 3 3 3 3 3 3 3 3 3 3 3 3 3 3 3 3 3 3 3 3 3 3 3 3 3 3 3 3 3 3 3 3 3 3 3 3 3 3 3 3 3 3 3 3 3 3 3 3 3 3 3 3 3 3 3 3 3 3 3 3 3 3 3 3 3 3 3 3 3 3 3 3 3 3 3 3 3 3 3 3 3 3 3 3 3 3 3 3 3 3 3 3 3 3 3 3 3 3 3 3 3 3 3 3 3 3 3 3 3 3 3 3 3 3 3 3 3 3 3 3 3 3 3 3 3 3 3 3 3 3 3 3 3 3 3 3 3 3 3 3 3 3 3 3 3 3 3 3 3 3 3 3 3 3 3 3 3 3 3 3 3 3 3 3 3 3 3 3 3 3 3 3 3 3 </vcount>
          <p>9 0 0 7 0 1 6 0 2 7 0 3 11 0 4 10 0 5 13 0 6 0 0 7 10 0 8 6 1 9 10 1 10 0 1 11 12 0 12 13 0 13 10 0 14 11 0 15 1 0 16 12 0 17 4 2 18 1 2 19 11 2 20 10 0 21 11 0 22 12 0 23 6 3 24 0 3 25 2 3 26 5 0 27 8 0 28 2 0 29 9 0 30 8 0 31 5 0 32 9 0 33 4 0 34 7 0 35 4 2 36 9 2 37 3 2 38 5 0 39 3 0 40 9 0 41 2 4 42 8 4 43 6 4 44 14 5 45 33 6 46 34 7 47 15 8 48 29 9 49 32 10 50 29 9 51 14 5 52 31 11 53 53 12 54 29 9 55 15 8 56 29 9 57 53 12 58 18 13 59 62 14 60 16 15 61 20 16 62 15 8 63 62 14 64 19 17 65 16 15 66 62 14 67 15 8 68 49 18 69 51 19 70 50 20 71 51 19 72 46 21 73 45 22 74 50 20 75 18 13 76 43 23 77 44 24 78 50 20 79 45 22 80 18 13 81 50 20 82 44 24 83 46 21 84 48 25 85 47 26 86 58 27 87 60 28 88 59 29 89 60 28 90 55 30 91 54 31 92 59 29 93 19 17 94 52 32 95 53 12 96 59 29 97 54 31 98 19 17 99 59 29 100 53 12 101 56 33 102 53 12 103 54 31 104 18 13 105 56 33 106 43 23 107 53 12 108 56 33 109 18 13 110 55 30 111 57 34 112 56 33 113 57 34 114 49 18 115 43 23 116 61 35 117 63 36 118 62 14 119 63 36 120 52 32 121 19 17 122 28 37 123 34 7 124 23 38 125 33 6 126 23 38 127 34 7 128 28 37 129 31 11 130 34 7 131 32 10 132 31 11 133 28 37 134 33 6 135 17 39 136 23 38 137 44 24 138 47 26 139 17 39 140 24 40 141 17 39 142 47 26 143 44 24 144 33 6 145 14 5 146 17 39 147 33 6 148 44 24 149 30 41 150 32 10 151 27 42 152 28 37 153 27 42 154 32 10 155 25 43 156 16 15 157 26 44 158 26 44 159 15 8 160 30 41 161 27 42 162 26 44 163 30 41 164 26 44 165 16 15 166 15 8 167 21 45 168 20 16 169 22 46 170 20 16 171 25 43 172 22 46 173 20 16 174 21 45 175 42 47 176 16 15 177 25 43 178 20 16 179 44 24 180 45 22 181 47 26 182 35 48 183 46 21 184 51 19 185 36 49 186 51 19 187 49 18 188 46 21 189 35 48 190 48 25 191 35 48 192 51 19 193 36 49 194 57 34 195 37 50 196 49 18 197 37 50 198 36 49 199 49 18 200 55 30 201 37 50 202 57 34 203 24 40 204 48 25 205 35 48 206 48 25 207 24 40 208 47 26 209 63 36 210 61 35 211 40 51 212 42 47 213 41 52 214 61 35 215 61 35 216 41 52 217 40 51 218 20 16 219 42 47 220 61 35 221 39 53 222 52 32 223 63 36 224 60 28 225 38 54 226 55 30 227 37 50 228 55 30 229 38 54 230 58 27 231 38 54 232 60 28 233 40 51 234 39 53 235 63 36 236 39 53 237 58 27 238 52 32 239 38 54 240 58 27 241 39 53 242 71 55 243 68 55 244 67 55 245 72 56 246 69 56 247 68 56 248 89 57 249 70 57 250 90 57 251 89 58 252 73 58 253 74 58 254 71 59 255 70 59 256 89 59 257 74 60 258 71 60 259 89 60 260 75 61 261 72 61 262 71 61 263 67 62 264 65 62 265 64 62 266 76 63 267 67 63 268 64 63 269 67 64 270 77 64 271 90 64 272 78 65 273 90 65 274 77 65 275 68 62 276 65 62 277 67 62 278 90 66 279 70 66 280 67 66 281 76 67 282 77 67 283 67 67 284 69 68 285 80 68 286 81 68 287 82 69 288 66 69 289 65 69 290 69 70 291 81 70 292 82 70 293 65 71 294 69 71 295 82 71 296 86 72 297 87 72 298 72 72 299 69 73 300 72 73 301 87 73 302 80 74 303 69 74 304 87 74 305 65 75 306 68 75 307 69 75 308 79 76 309 91 76 310 78 76 311 88 77 312 89 77 313 91 77 314 91 78 315 79 78 316 88 78 317 92 79 318 73 79 319 88 79 320 73 80 321 89 80 322 88 80 323 93 81 324 73 81 325 92 81 326 94 77 327 74 77 328 73 77 329 85 82 330 86 82 331 72 82 332 94 83 333 83 83 334 75 83 335 75 84 336 83 84 337 84 84 338 85 85 339 75 85 340 84 85 341 94 86 342 73 86 343 93 86 344 91 87 345 90 87 346 78 87 347 100 0 348 103 0 349 102 0 350 106 0 351 108 0 352 107 0 353 109 0 354 111 0 355 110 0 356 102 0 357 113 0 358 112 0 359 113 0 360 102 0 361 107 0 362 107 0 363 110 0 364 113 0 365 100 0 366 102 0 367 112 0 368 99 0 369 112 0 370 95 0 371 97 88 372 100 88 373 98 88 374 99 89 375 98 89 376 100 89 377 100 90 378 97 90 379 103 90 380 99 0 381 100 0 382 112 0 383 103 0 384 107 0 385 102 0 386 105 0 387 104 0 388 111 0 389 110 0 390 111 0 391 104 0 392 104 0 393 113 0 394 110 0 395 105 0 396 111 0 397 109 0 398 96 0 399 106 0 400 103 0 401 96 91 402 101 91 403 106 91 404 109 92 405 106 92 406 101 92 407 105 0 408 109 0 409 101 0 410 106 0 411 109 0 412 108 0 413 97 0 414 96 0 415 103 0 416 110 0 417 107 0 418 108 0 419 134 93 420 125 93 421 135 93 422 136 93 423 135 93 424 126 93 425 126 93 426 127 93 427 128 93 428 126 93 429 114 93 430 127 93 431 124 93 432 128 93 433 127 93 434 126 94 435 129 94 436 136 94 437 122 93 438 114 93 439 126 93 440 124 95 441 127 95 442 114 95 443 135 93 444 122 93 445 126 93 446 115 93 447 122 93 448 121 93 449 125 93 450 121 93 451 122 93 452 135 93 453 125 93 454 122 93 455 132 93 456 134 93 457 136 93 458 120 96 459 121 96 460 125 96 461 134 93 462 120 93 463 125 93 464 129 93 465 126 93 466 128 93 467 114 97 468 123 97 469 124 97 470 128 93 471 124 93 472 129 93 473 136 93 474 131 93 475 132 93 476 134 93 477 132 93 478 133 93 479 130 93 480 131 93 481 136 93 482 120 93 483 134 93 484 119 93 485 134 98 486 133 98 487 116 98 488 119 93 489 134 93 490 116 93 491 118 99 492 116 99 493 117 99 494 119 100 495 116 100 496 118 100 497 129 93 498 130 93 499 136 93 500 144 93 501 137 93 502 140 93 503 144 93 504 143 93 505 138 93 506 143 93 507 144 93 508 140 93 509 140 93 510 141 93 511 143 93 512 141 93 513 142 93 514 143 93 515 139 93 516 141 93 517 140 93 518 156 93 519 145 93 520 153 93 521 156 93 522 153 93 523 152 93 524 154 101 525 151 101 526 150 101 527 154 102 528 150 102 529 149 102 530 151 93 531 156 93 532 152 93 533 155 93 534 147 93 535 156 93 536 151 93 537 154 93 538 155 93 539 154 93 540 149 93 541 146 93 542 155 93 543 154 93 544 148 93 545 155 93 546 156 93 547 151 93 548 183 103 549 177 104 550 157 105 551 167 106 552 178 107 553 183 103 554 157 105 555 167 106 556 183 103 557 178 107 558 180 108 559 181 109 560 177 104 561 183 103 562 184 110 563 183 103 564 178 107 565 179 111 566 164 112 567 168 113 568 167 106 569 187 114 570 185 115 571 165 116 572 157 105 573 177 104 574 187 114 575 165 116 576 157 105 577 187 114 578 185 115 579 187 114 580 188 117 581 187 114 582 177 104 583 182 118 584 189 119 585 185 115 586 186 120 587 166 121 588 164 112 589 157 105 590 181 109 591 172 122 592 173 123 593 179 111 594 181 109 595 173 123 596 171 124 597 172 122 598 181 109 599 184 110 600 179 111 601 174 125 602 174 125 603 182 118 604 184 110 605 174 125 606 175 126 607 182 118 608 167 106 609 170 127 610 171 124 611 170 127 612 168 113 613 169 128 614 180 108 615 167 106 616 171 124 617 180 108 618 178 107 619 167 106 620 169 128 621 168 113 622 163 129 623 168 113 624 164 112 625 163 129 626 170 127 627 167 106 628 168 113 629 186 120 630 188 117 631 175 126 632 190 130 633 176 131 634 158 132 635 158 132 636 160 133 637 190 130 638 176 131 639 190 130 640 186 120 641 159 134 642 162 135 643 166 121 644 164 112 645 166 121 646 162 135 647 166 121 648 165 116 649 161 136 650 163 129 651 164 112 652 162 135 653 165 116 654 160 133 655 161 136 656 161 136 657 159 134 658 166 121 659 160 133 660 165 116 661 189 119 662 165 116 663 185 115 664 189 119 665 196 137 666 197 138 667 199 139 668 200 140 669 201 141 670 197 138 671 210 142 672 209 143 673 207 144 674 208 145 675 207 144 676 211 146 677 203 147 678 198 148 679 199 139 680 194 149 681 191 150 682 199 139 683 194 149 684 199 139 685 197 138 686 203 147 687 196 137 688 198 148 689 202 151 690 207 144 691 196 137 692 192 152 693 212 153 694 202 151 695 206 154 696 208 145 697 212 153 698 192 152 699 206 154 700 212 153 701 211 146 702 207 144 703 202 151 704 193 155 705 195 156 706 201 141 707 213 157 708 201 141 709 200 140 710 200 140 711 196 137 712 213 157 713 201 141 714 213 157 715 193 155 716 207 144 717 214 158 718 196 137 719 205 159 720 210 142 721 208 145 722 206 154 723 205 159 724 208 145 725 209 143 726 210 142 727 214 158 728 204 160 729 214 158 730 210 142 731 205 159 732 204 160 733 210 142 734 209 143 735 214 158 736 207 144 737 201 141 738 195 156 739 197 138 740 227 161 741 233 162 742 234 163 743 226 164 744 235 165 745 236 166 746 235 165 747 227 161 748 232 167 749 234 163 750 233 162 751 220 168 752 230 169 753 234 163 754 220 168 755 236 166 756 232 167 757 230 169 758 234 163 759 230 169 760 232 167 761 231 170 762 236 166 763 230 169 764 215 171 765 219 172 766 233 162 767 225 173 768 215 171 769 233 162 770 225 173 771 227 161 772 235 165 773 226 164 774 225 173 775 235 165 776 228 174 777 226 164 778 231 170 779 218 175 780 229 176 781 216 177 782 228 174 783 229 176 784 222 178 785 229 176 786 218 175 787 221 179 788 224 180 789 226 164 790 223 181 791 223 181 792 226 164 793 228 174 794 225 173 795 226 164 796 224 180 797 221 179 798 222 178 799 229 176 800 221 179 801 218 175 802 217 182 803 236 166 804 231 170 805 226 164 806 256 183 807 254 184 808 248 185 809 256 183 810 255 186 811 247 187 812 254 184 813 258 188 814 257 189 815 257 189 816 240 190 817 237 191 818 248 185 819 257 189 820 242 192 821 237 191 822 242 192 823 257 189 824 255 186 825 248 185 826 242 192 827 239 193 828 240 190 829 257 189 830 258 188 831 253 194 832 239 193 833 254 184 834 253 194 835 258 188 836 253 194 837 254 184 838 256 183 839 252 195 840 253 194 841 256 183 842 255 186 843 242 192 844 247 187 845 247 187 846 243 196 847 244 197 848 250 198 849 245 199 850 246 200 851 241 201 852 246 200 853 238 202 854 251 203 855 244 197 856 245 199 857 252 195 858 247 187 859 251 203 860 251 203 861 247 187 862 244 197 863 256 183 864 247 187 865 252 195 866 249 204 867 250 198 868 241 201 869 245 199 870 250 198 871 251 203 872 246 200 873 241 201 874 250 198 875 242 192 876 243 196 877 247 187 878 269 205 879 268 205 880 266 205 881 266 205 882 265 205 883 263 205 884 275 205 885 274 205 886 276 205 887 264 205 888 263 205 889 273 205 890 263 205 891 289 205 892 290 205 893 265 205 894 291 205 895 289 205 896 284 205 897 283 205 898 295 205 899 273 205 900 294 205 901 293 205 902 294 206 903 290 206 904 295 206 905 290 205 906 285 205 907 284 205 908 289 205 909 286 205 910 285 205 911 290 207 912 294 207 913 273 207 914 284 208 915 295 208 916 290 208 917 276 209 918 273 209 919 293 209 920 277 210 921 272 210 922 271 210 923 271 205 924 270 205 925 277 205 926 272 205 927 277 205 928 292 205 929 273 205 930 276 205 931 274 205 932 264 205 933 274 205 934 275 205 935 260 205 936 275 205 937 270 205 938 270 205 939 275 205 940 277 205 941 276 205 942 293 205 943 292 205 944 264 211 945 275 211 946 260 211 947 291 205 948 287 205 949 289 205 950 265 212 951 280 212 952 291 212 953 291 205 954 288 205 955 287 205 956 279 205 957 278 205 958 288 205 959 280 205 960 265 205 961 281 205 962 279 205 963 288 205 964 291 205 965 268 213 966 281 213 967 265 213 968 265 205 969 266 205 970 268 205 971 259 205 972 267 205 973 260 205 974 267 214 975 264 214 976 260 214 977 267 205 978 266 205 979 264 205 980 282 205 981 268 205 982 269 205 983 259 205 984 262 205 985 269 205 986 261 205 987 269 205 988 262 205 989 267 205 990 259 205 991 269 205 992 282 205 993 281 205 994 268 205 995 304 215 996 305 216 997 307 217 998 308 218 999 309 219 1000 305 216 1001 316 220 1002 315 221 1003 313 222 1004 314 223 1005 313 222 1006 317 224 1007 311 225 1008 306 226 1009 307 217 1010 302 227 1011 296 228 1012 307 217 1013 302 227 1014 307 217 1015 305 216 1016 302 227 1017 305 216 1018 303 229 1019 310 230 1020 313 222 1021 311 225 1022 297 231 1023 318 232 1024 310 230 1025 317 224 1026 313 222 1027 310 230 1028 304 215 1029 306 226 1030 311 225 1031 312 233 1032 314 223 1033 318 232 1034 298 234 1035 303 229 1036 309 219 1037 300 235 1038 309 219 1039 308 218 1040 308 218 1041 304 215 1042 300 235 1043 309 219 1044 300 235 1045 298 234 1046 300 235 1047 304 215 1048 313 222 1049 312 233 1050 316 220 1051 314 223 1052 315 221 1053 316 220 1054 301 236 1055 299 237 1056 301 236 1057 316 220 1058 312 233 1059 299 237 1060 316 220 1061 315 221 1062 301 236 1063 313 222 1064 324 238 1065 320 238 1066 319 238 1067 328 239 1068 324 239 1069 323 239 1070 330 240 1071 323 240 1072 322 240 1073 323 241 1074 330 241 1075 329 241 1076 328 242 1077 323 242 1078 329 242 1079 320 243 1080 324 243 1081 328 243 1082 332 244 1083 331 244 1084 321 244 1085 320 245 1086 328 245 1087 332 245 1088 332 246 1089 328 246 1090 327 246 1091 332 247 1092 326 247 1093 325 247 1094 326 247 1095 332 247 1096 327 247 1097 321 248 1098 320 248 1099 332 248 1100 334 249 1101 351 250 1102 352 251 1103 356 252 1104 360 253 1105 359 254 1106 353 255 1107 334 249 1108 350 252 1109 358 256 1110 356 252 1111 335 257 1112 352 251 1113 347 258 1114 348 259 1115 346 258 1116 347 258 1117 351 250 1118 352 251 1119 349 233 1120 350 252 1121 345 260 1122 346 258 1123 351 250 1124 349 233 1125 352 251 1126 348 259 1127 334 249 1128 345 260 1129 351 250 1130 359 254 1131 344 258 1132 345 260 1133 359 254 1134 343 261 1135 344 258 1136 345 260 1137 335 257 1138 359 254 1139 355 262 1140 333 263 1141 360 253 1142 360 253 1143 333 263 1144 343 261 1145 359 254 1146 360 253 1147 343 261 1148 335 257 1149 345 260 1150 334 249 1151 335 257 1152 334 249 1153 340 264 1154 336 265 1155 354 266 1156 349 233 1157 338 267 1158 353 255 1159 354 266 1160 340 264 1161 334 249 1162 353 255 1163 354 266 1164 336 265 1165 338 267 1166 353 255 1167 339 267 1168 340 264 1169 353 255 1170 338 267 1171 339 267 1172 335 257 1173 340 264 1174 357 268 1175 358 256 1176 355 262 1177 356 252 1178 357 268 1179 342 267 1180 358 256 1181 355 262 1182 358 256 1183 337 269 1184 342 267 1185 337 269 1186 358 256 1187 341 267 1188 342 267 1189 357 268 1190 341 267 1191 357 268 1192 340 264 1193 354 266 1194 350 252 1195 349 233 1196 362 270 1197 372 270 1198 374 270 1199 375 271 1200 376 271 1201 372 271 1202 374 272 1203 369 272 1204 368 272 1205 369 273 1206 374 273 1207 370 273 1208 373 274 1209 374 274 1210 368 274 1211 377 275 1212 367 275 1213 361 275 1214 367 276 1215 377 276 1216 373 276 1217 373 270 1218 377 270 1219 362 270 1220 373 277 1221 368 277 1222 367 277 1223 370 278 1224 374 278 1225 372 278 1226 376 279 1227 371 279 1228 372 279 1229 370 280 1230 372 280 1231 371 280 1232 365 281 1233 364 281 1234 376 281 1235 371 282 1236 376 282 1237 364 282 1238 375 283 1239 377 283 1240 366 283 1241 365 274 1242 376 274 1243 375 274 1244 366 284 1245 377 284 1246 363 284 1247 362 285 1248 377 285 1249 375 285 1250 425 286 1251 417 286 1252 416 286 1253 418 286 1254 414 286 1255 416 286 1256 402 286 1257 418 286 1258 415 286 1259 414 287 1260 418 287 1261 402 287 1262 417 286 1263 420 286 1264 418 286 1265 420 286 1266 419 286 1267 415 286 1268 421 286 1269 389 286 1270 402 286 1271 388 286 1272 421 286 1273 401 286 1274 389 288 1275 421 288 1276 388 288 1277 415 286 1278 423 286 1279 421 286 1280 423 286 1281 422 286 1282 401 286 1283 439 286 1284 438 286 1285 391 286 1286 437 286 1287 389 286 1288 438 286 1289 436 286 1290 435 286 1291 432 286 1292 433 286 1293 430 286 1294 435 286 1295 434 286 1296 432 286 1297 440 286 1298 432 286 1299 442 286 1300 444 286 1301 442 286 1302 431 286 1303 443 286 1304 435 286 1305 442 286 1306 432 286 1307 442 286 1308 391 286 1309 431 286 1310 391 286 1311 435 286 1312 430 286 1313 435 289 1314 391 289 1315 442 289 1316 391 286 1317 445 286 1318 447 286 1319 445 286 1320 390 286 1321 446 286 1322 438 286 1323 445 286 1324 391 286 1325 445 286 1326 388 286 1327 390 286 1328 388 286 1329 438 286 1330 389 286 1331 438 290 1332 388 290 1333 445 290 1334 388 286 1335 392 286 1336 393 286 1337 401 286 1338 409 286 1339 392 286 1340 387 286 1341 386 286 1342 393 286 1343 386 286 1344 385 286 1345 446 286 1346 384 286 1347 383 286 1348 447 286 1349 444 291 1350 443 291 1351 383 291 1352 383 286 1353 443 286 1354 447 286 1355 384 286 1356 447 286 1357 446 286 1358 380 286 1359 378 286 1360 387 286 1361 393 286 1362 446 286 1363 390 286 1364 393 286 1365 386 286 1366 446 286 1367 393 286 1368 392 286 1369 380 286 1370 381 286 1371 380 286 1372 392 286 1373 393 292 1374 380 292 1375 387 292 1376 431 286 1377 447 286 1378 443 286 1379 382 286 1380 444 286 1381 383 286 1382 429 293 1383 440 293 1384 382 293 1385 440 286 1386 444 286 1387 382 286 1388 441 294 1389 440 294 1390 429 294 1391 441 295 1392 428 295 1393 427 295 1394 427 296 1395 426 296 1396 441 296 1397 441 286 1398 426 286 1399 434 286 1400 441 286 1401 429 286 1402 428 286 1403 400 286 1404 436 286 1405 434 286 1406 439 286 1407 430 286 1408 433 286 1409 399 286 1410 433 286 1411 436 286 1412 433 286 1413 399 286 1414 398 286 1415 398 286 1416 439 286 1417 433 286 1418 439 286 1419 398 286 1420 397 286 1421 426 286 1422 400 286 1423 434 286 1424 404 286 1425 409 286 1426 422 286 1427 422 286 1428 409 286 1429 401 286 1430 402 286 1431 389 286 1432 437 286 1433 406 286 1434 422 286 1435 423 286 1436 403 286 1437 381 286 1438 409 286 1439 381 286 1440 392 286 1441 409 286 1442 403 286 1443 409 286 1444 404 286 1445 405 286 1446 422 286 1447 406 286 1448 404 286 1449 422 286 1450 405 286 1451 419 286 1452 423 286 1453 415 286 1454 423 286 1455 419 286 1456 407 286 1457 406 286 1458 423 286 1459 407 286 1460 420 297 1461 407 297 1462 419 297 1463 379 286 1464 381 286 1465 403 286 1466 437 286 1467 397 286 1468 396 286 1469 414 286 1470 424 286 1471 416 286 1472 413 286 1473 424 286 1474 394 286 1475 424 286 1476 414 286 1477 395 286 1478 424 286 1479 395 286 1480 394 286 1481 395 286 1482 414 286 1483 396 286 1484 408 286 1485 420 286 1486 417 286 1487 417 286 1488 410 286 1489 408 286 1490 408 286 1491 407 286 1492 420 286 1493 425 298 1494 410 298 1495 417 298 1496 412 299 1497 425 299 1498 413 299 1499 425 286 1500 424 286 1501 413 286 1502 425 300 1503 412 300 1504 411 300 1505 411 286 1506 410 286 1507 425 286 1508 467 301 1509 466 301 1510 468 301 1511 466 302 1512 470 302 1513 471 302 1514 462 303 1515 464 303 1516 463 303 1517 465 303 1518 468 303 1519 471 303 1520 449 304 1521 471 304 1522 450 304 1523 466 305 1524 450 305 1525 470 305 1526 451 306 1527 466 306 1528 457 306 1529 448 307 1530 469 307 1531 465 307 1532 469 301 1533 468 301 1534 465 301 1535 458 303 1536 467 303 1537 469 303 1538 458 308 1539 457 308 1540 467 308 1541 467 309 1542 457 309 1543 466 309 1544 451 310 1545 450 310 1546 466 310 1547 451 311 1548 457 311 1549 456 311 1550 453 310 1551 452 310 1552 463 310 1553 463 303 1554 452 303 1555 461 303 1556 463 312 1557 464 312 1558 459 312 1559 460 313 1560 459 313 1561 464 313 1562 453 314 1563 463 314 1564 459 314 1565 455 303 1566 461 303 1567 456 303 1568 452 315 1569 456 315 1570 461 315 1571 462 316 1572 461 316 1573 455 316 1574 454 317 1575 460 317 1576 462 317 1577 455 303 1578 454 303 1579 462 303 1580 462 318 1581 460 318 1582 464 318 1583 477 319 1584 472 319 1585 478 320 1586 477 319 1587 475 320 1588 476 321 1589 475 320 1590 477 319 1591 478 320 1592 478 320 1593 479 322 1594 475 320 1595 479 322 1596 474 323 1597 475 320 1598 473 324 1599 479 322 1600 478 320 1601 487 325 1602 485 325 1603 481 325 1604 485 326 1605 484 326 1606 481 326 1607 481 327 1608 480 327 1609 487 327 1610 484 328 1611 486 328 1612 482 328 1613 486 329 1614 484 329 1615 483 329 1616 482 330 1617 481 330 1618 484 330 1619 491 331 1620 492 332 1621 495 333 1622 492 332 1623 488 334 1624 495 333 1625 491 331 1626 490 322 1627 492 332 1628 496 335 1629 489 336 1630 491 331 1631 493 337 1632 496 335 1633 494 338 1634 491 331 1635 494 338 1636 496 335 1637 495 333 1638 494 338 1639 491 331 1640 515 339 1641 517 339 1642 518 339 1643 519 340 1644 515 340 1645 516 340 1646 513 340 1647 511 340 1648 510 340 1649 507 341 1650 497 341 1651 518 341 1652 514 342 1653 518 342 1654 497 342 1655 520 340 1656 516 340 1657 514 340 1658 514 339 1659 516 339 1660 518 339 1661 506 343 1662 517 343 1663 515 343 1664 506 344 1665 507 344 1666 517 344 1667 502 340 1668 510 340 1669 505 340 1670 498 340 1671 504 340 1672 511 340 1673 505 340 1674 510 340 1675 504 340 1676 505 345 1677 506 345 1678 501 345 1679 501 346 1680 506 346 1681 515 346 1682 500 347 1683 519 347 1684 520 347 1685 514 340 1686 499 340 1687 520 340 1688 499 348 1689 500 348 1690 520 348 1691 500 349 1692 515 349 1693 519 349 1694 500 350 1695 501 350 1696 515 350 1697 512 351 1698 510 351 1699 502 351 1700 513 352 1701 509 352 1702 511 352 1703 498 353 1704 511 353 1705 509 353 1706 513 354 1707 512 354 1708 508 354 1709 503 355 1710 508 355 1711 512 355 1712 509 356 1713 513 356 1714 508 356 1715 503 340 1716 512 340 1717 502 340 1718 524 357 1719 523 358 1720 526 359 1721 526 359 1722 523 358 1723 525 360 1724 528 361 1725 526 359 1726 527 362 1727 524 357 1728 528 361 1729 521 363 1730 524 357 1731 522 364 1732 523 358 1733 528 361 1734 524 357 1735 526 359 1736 534 365 1737 531 365 1738 537 365 1739 534 366 1740 537 366 1741 533 366 1742 537 367 1743 531 367 1744 532 367 1745 530 368 1746 534 368 1747 535 368 1748 535 369 1749 538 369 1750 530 369 1751 530 370 1752 531 370 1753 534 370 1754 538 371 1755 529 371 1756 530 371 1757 538 372 1758 535 372 1759 536 372 1760 546 373 1761 541 374 1762 539 375 1763 545 375 1764 548 376 1765 546 373 1766 546 373 1767 548 376 1768 544 377 1769 542 378 1770 541 374 1771 546 373 1772 544 377 1773 543 379 1774 542 378 1775 540 380 1776 544 377 1777 547 381 1778 544 377 1779 548 376 1780 547 381 1781 542 378 1782 546 373 1783 544 377 1784 556 382 1785 557 383 1786 554 384 1787 557 383 1788 553 385 1789 554 384 1790 553 385 1791 557 383 1792 558 386 1793 558 386 1794 559 387 1795 552 388 1796 559 387 1797 549 389 1798 551 390 1799 553 385 1800 558 386 1801 552 388 1802 564 391 1803 561 391 1804 562 391 1805 563 392 1806 564 392 1807 562 392 1808 561 393 1809 565 393 1810 560 393 1811 564 394 1812 565 394 1813 561 394 1814 567 395 1815 566 395 1816 573 396 1817 568 397 1818 573 396 1819 569 398 1820 569 398 1821 572 399 1822 570 400 1823 581 401 1824 582 401 1825 580 401 1826 582 401 1827 583 401 1828 579 401 1829 578 401 1830 579 401 1831 583 401 1832 585 401 1833 586 401 1834 576 401 1835 586 401 1836 587 401 1837 575 401 1838 577 401 1839 578 401 1840 584 401 1841 601 402 1842 596 403 1843 597 404 1844 601 402 1845 597 404 1846 598 405 1847 601 402 1848 595 406 1849 588 407 1850 595 406 1851 601 402 1852 594 408 1853 601 402 1854 593 409 1855 594 408 1856 601 402 1857 588 407 1858 596 403 1859 599 410 1860 601 402 1861 598 405 1862 601 402 1863 602 411 1864 593 409 1865 600 412 1866 602 411 1867 599 410 1868 602 411 1869 600 412 1870 589 413 1871 590 414 1872 602 411 1873 589 413 1874 602 411 1875 590 414 1876 591 415 1877 591 415 1878 592 416 1879 602 411 1880 599 410 1881 602 411 1882 601 402 1883 610 417 1884 611 417 1885 609 417 1886 611 418 1887 612 418 1888 608 418 1889 607 419 1890 608 419 1891 612 419 1892 614 417 1893 615 417 1894 605 417 1895 615 417 1896 616 417 1897 604 417 1898 606 420 1899 607 420 1900 613 420 1901 630 421 1902 617 422 1903 625 423 1904 630 421 1905 625 423 1906 626 424 1907 630 421 1908 623 425 1909 624 426 1910 623 425 1911 630 421 1912 622 427 1913 630 421 1914 621 428 1915 622 427 1916 630 421 1917 624 426 1918 617 422 1919 627 429 1920 630 421 1921 626 424 1922 630 421 1923 631 430 1924 621 428 1925 628 431 1926 631 430 1927 627 429 1928 631 430 1929 628 431 1930 629 432 1931 618 433 1932 631 430 1933 629 432 1934 631 430 1935 618 433 1936 619 434 1937 619 434 1938 620 435 1939 631 430 1940 627 429 1941 631 430 1942 630 421 1943 639 436 1944 640 436 1945 638 436 1946 640 436 1947 641 436 1948 637 436 1949 636 437 1950 637 437 1951 641 437 1952 644 437 1953 634 437 1954 635 437 1955 645 436 1956 633 436 1957 634 436 1958 635 436 1959 636 436 1960 642 436 1961 648 438 1962 646 439 1963 653 440 1964 649 440 1965 653 440 1966 652 441 1967 650 442 1968 652 441 1969 647 443 1970 654 444 1971 656 444 1972 658 444 1973 660 445 1974 661 445 1975 656 445 1976 657 446 1977 659 446 1978 655 446 1979 667 443 1980 668 441 1981 665 441 1982 664 440 1983 665 441 1984 668 441 1985 669 440 1986 666 438 1987 664 440 1988 715 303 1989 677 303 1990 717 303 1991 719 447 1992 686 447 1993 715 447 1994 717 448 1995 719 448 1996 715 448 1997 719 448 1998 717 448 1999 687 448 2000 681 447 2001 707 447 2002 709 447 2003 707 447 2004 683 447 2005 708 447 2006 709 449 2007 708 449 2008 682 449 2009 703 303 2010 678 303 2011 727 303 2012 727 303 2013 694 303 2014 709 303 2015 709 303 2016 695 303 2017 703 303 2018 703 450 2019 727 450 2020 709 450 2021 725 449 2022 678 449 2023 703 449 2024 706 451 2025 692 451 2026 725 451 2027 703 452 2028 706 452 2029 725 452 2030 703 452 2031 695 452 2032 704 452 2033 706 303 2034 704 303 2035 698 303 2036 700 452 2037 692 452 2038 706 452 2039 705 451 2040 688 451 2041 700 451 2042 706 303 2043 705 303 2044 700 303 2045 704 303 2046 695 303 2047 682 303 2048 696 452 2049 698 452 2050 704 452 2051 682 303 2052 696 303 2053 704 303 2054 698 449 2055 696 449 2056 691 449 2057 710 303 2058 688 303 2059 705 303 2060 705 303 2061 698 303 2062 697 303 2063 697 449 2064 685 449 2065 710 449 2066 710 453 2067 705 453 2068 697 453 2069 714 454 2070 685 454 2071 697 454 2072 697 303 2073 691 303 2074 690 303 2075 690 447 2076 677 447 2077 714 447 2078 714 455 2079 697 455 2080 690 455 2081 724 456 2082 678 456 2083 725 456 2084 726 303 2085 725 303 2086 692 303 2087 720 457 2088 699 457 2089 721 457 2090 723 458 2091 721 458 2092 702 458 2093 721 459 2094 699 459 2095 692 459 2096 700 459 2097 702 459 2098 721 459 2099 692 460 2100 700 460 2101 721 460 2102 702 303 2103 700 303 2104 688 303 2105 701 449 2106 688 449 2107 710 449 2108 712 449 2109 693 449 2110 701 449 2111 710 461 2112 712 461 2113 701 461 2114 712 462 2115 710 462 2116 685 462 2117 711 447 2118 685 447 2119 714 447 2120 716 454 2121 689 454 2122 711 454 2123 714 463 2124 716 463 2125 711 463 2126 716 303 2127 714 303 2128 677 303 2129 713 303 2130 716 303 2131 715 303 2132 717 464 2133 690 464 2134 730 464 2135 691 465 2136 729 465 2137 690 465 2138 730 466 2139 690 466 2140 729 466 2141 691 467 2142 728 467 2143 729 467 2144 687 303 2145 730 303 2146 672 303 2147 717 468 2148 677 468 2149 690 468 2150 722 457 2151 702 457 2152 701 457 2153 687 468 2154 717 468 2155 730 468 2156 687 469 2157 672 469 2158 671 469 2159 696 454 2160 728 454 2161 691 454 2162 708 470 2163 728 470 2164 682 470 2165 682 471 2166 728 471 2167 696 471 2168 670 303 2169 728 303 2170 683 303 2171 680 472 2172 670 472 2173 683 472 2174 678 449 2175 724 449 2176 727 449 2177 727 456 2178 724 456 2179 694 456 2180 679 473 2181 680 473 2182 707 473 2183 683 474 2184 707 474 2185 680 474 2186 724 475 2187 681 475 2188 694 475 2189 713 476 2190 675 476 2191 716 476 2192 689 449 2193 712 449 2194 711 449 2195 716 477 2196 675 477 2197 689 477 2198 675 478 2199 712 478 2200 689 478 2201 719 468 2202 718 468 2203 673 468 2204 671 303 2205 673 303 2206 718 303 2207 673 479 2208 674 479 2209 719 479 2210 713 447 2211 686 447 2212 674 447 2213 675 480 2214 713 480 2215 674 480 2216 671 481 2217 718 481 2218 687 481 2219 684 303 2220 723 303 2221 722 303 2222 699 457 2223 720 457 2224 726 457 2225 726 482 2226 720 482 2227 724 482 2228 676 483 2229 722 483 2230 693 483 2231 676 484 2232 684 484 2233 722 484 2234 675 485 2235 693 485 2236 712 485 2237 676 486 2238 693 486 2239 675 486 2240 684 487 2241 720 487 2242 723 487 2243 720 488 2244 684 488 2245 679 488 2246 681 489 2247 724 489 2248 679 489 2249 722 490 2250 701 490 2251 693 490 2252 724 491 2253 720 491 2254 679 491 2255 754 205 2256 756 205 2257 755 205 2258 751 205 2259 753 205 2260 752 205 2261 748 205 2262 750 205 2263 749 205 2264 745 205 2265 747 205 2266 746 205 2267 742 205 2268 744 205 2269 743 205 2270 739 205 2271 741 205 2272 740 205 2273 738 205 2274 740 205 2275 763 205 2276 763 205 2277 765 205 2278 766 205 2279 766 205 2280 768 205 2281 769 205 2282 769 205 2283 771 205 2284 772 205 2285 772 205 2286 774 205 2287 775 205 2288 775 205 2289 777 205 2290 778 205 2291 779 205 2292 738 205 2293 762 205 2294 778 205 2295 757 205 2296 758 205 2297 776 205 2298 778 205 2299 758 205 2300 777 205 2301 757 205 2302 778 205 2303 773 205 2304 775 205 2305 776 205 2306 774 205 2307 777 205 2308 775 205 2309 776 205 2310 758 205 2311 773 205 2312 732 205 2313 757 205 2314 777 205 2315 770 205 2316 772 205 2317 773 205 2318 771 205 2319 774 205 2320 772 205 2321 767 205 2322 769 205 2323 770 205 2324 768 205 2325 771 205 2326 769 205 2327 770 205 2328 773 205 2329 758 205 2330 732 205 2331 777 205 2332 774 205 2333 770 205 2334 758 205 2335 759 205 2336 771 205 2337 732 205 2338 774 205 2339 755 205 2340 732 205 2341 752 205 2342 749 205 2343 752 205 2344 732 205 2345 731 205 2346 732 205 2347 755 205 2348 737 205 2349 731 205 2350 756 205 2351 755 205 2352 756 205 2353 731 205 2354 756 205 2355 754 205 2356 737 205 2357 753 205 2358 755 205 2359 752 205 2360 749 205 2361 732 205 2362 746 205 2363 749 205 2364 750 205 2365 752 205 2366 768 205 2367 765 205 2368 732 205 2369 751 205 2370 754 205 2371 753 205 2372 750 205 2373 748 205 2374 751 205 2375 737 492 2376 754 492 2377 751 492 2378 746 205 2379 747 205 2380 749 205 2381 743 205 2382 746 205 2383 732 205 2384 768 205 2385 732 205 2386 771 205 2387 748 205 2388 737 205 2389 751 205 2390 764 205 2391 766 205 2392 767 205 2393 770 205 2394 759 205 2395 767 205 2396 759 205 2397 764 205 2398 767 205 2399 766 205 2400 765 205 2401 768 205 2402 764 205 2403 762 205 2404 763 205 2405 763 205 2406 740 205 2407 765 205 2408 760 493 2409 764 493 2410 759 493 2411 740 205 2412 732 205 2413 765 205 2414 760 494 2415 761 494 2416 780 494 2417 780 205 2418 761 205 2419 733 205 2420 733 205 2421 734 205 2422 780 205 2423 764 495 2424 760 495 2425 762 495 2426 779 205 2427 780 205 2428 734 205 2429 740 205 2430 743 205 2431 732 205 2432 742 205 2433 745 205 2434 744 205 2435 748 205 2436 747 205 2437 745 205 2438 737 205 2439 745 205 2440 736 205 2441 740 205 2442 741 205 2443 743 205 2444 744 205 2445 746 205 2446 743 205 2447 779 205 2448 739 205 2449 738 205 2450 734 205 2451 735 205 2452 779 205 2453 735 496 2454 739 496 2455 779 496 2456 739 205 2457 742 205 2458 741 205 2459 742 497 2460 739 497 2461 736 497 2462 735 205 2463 736 205 2464 739 205 2465 745 498 2466 742 498 2467 736 498 2468 748 205 2469 745 205 2470 737 205 2471 787 499 2472 781 499 2473 783 499 2474 785 401 2475 786 401 2476 789 401 2477 782 500 2478 785 500 2479 790 500 2480 786 401 2481 787 401 2482 788 401 2483 841 501 2484 851 501 2485 850 501 2486 837 501 2487 834 501 2488 838 501 2489 840 501 2490 838 501 2491 836 501 2492 832 501 2493 840 501 2494 839 501 2495 838 501 2496 834 501 2497 792 501 2498 835 501 2499 836 501 2500 838 501 2501 792 501 2502 835 501 2503 838 501 2504 844 501 2505 842 501 2506 841 501 2507 792 501 2508 834 501 2509 844 501 2510 841 501 2511 792 501 2512 844 501 2513 843 501 2514 842 501 2515 844 501 2516 845 501 2517 844 501 2518 834 501 2519 856 501 2520 855 501 2521 819 501 2522 795 501 2523 830 501 2524 856 501 2525 819 501 2526 795 501 2527 856 501 2528 830 501 2529 857 501 2530 859 501 2531 856 501 2532 859 501 2533 858 501 2534 819 501 2535 855 501 2536 854 501 2537 832 501 2538 829 501 2539 833 501 2540 833 501 2541 829 501 2542 793 501 2543 857 501 2544 830 501 2545 831 501 2546 822 501 2547 818 501 2548 823 501 2549 825 501 2550 823 501 2551 821 501 2552 823 501 2553 818 501 2554 795 501 2555 819 501 2556 821 501 2557 823 501 2558 795 501 2559 819 501 2560 823 501 2561 821 501 2562 819 501 2563 794 501 2564 835 501 2565 792 501 2566 797 501 2567 798 501 2568 835 501 2569 797 501 2570 835 501 2571 798 501 2572 836 501 2573 799 501 2574 836 501 2575 798 501 2576 850 502 2577 847 502 2578 848 502 2579 849 503 2580 797 503 2581 850 503 2582 792 504 2583 850 504 2584 797 504 2585 848 501 2586 849 501 2587 850 501 2588 846 501 2589 847 501 2590 850 501 2591 793 501 2592 839 501 2593 799 501 2594 836 501 2595 799 501 2596 839 501 2597 799 505 2598 852 505 2599 793 505 2600 853 501 2601 793 501 2602 852 501 2603 829 501 2604 839 501 2605 793 501 2606 827 501 2607 837 501 2608 840 501 2609 827 501 2610 840 501 2611 832 501 2612 828 501 2613 837 501 2614 827 501 2615 862 501 2616 846 501 2617 850 501 2618 850 501 2619 851 501 2620 862 501 2621 861 501 2622 862 501 2623 851 501 2624 860 501 2625 861 501 2626 851 501 2627 796 506 2628 791 506 2629 841 506 2630 851 501 2631 791 501 2632 860 501 2633 842 501 2634 796 501 2635 841 501 2636 845 501 2637 863 501 2638 864 501 2639 843 501 2640 864 501 2641 865 501 2642 843 501 2643 845 501 2644 864 501 2645 867 501 2646 843 501 2647 866 501 2648 865 501 2649 866 501 2650 843 501 2651 867 501 2652 868 501 2653 842 501 2654 868 501 2655 796 501 2656 842 501 2657 867 501 2658 842 501 2659 843 501 2660 828 501 2661 863 501 2662 845 501 2663 837 501 2664 828 501 2665 845 501 2666 832 507 2667 826 507 2668 827 507 2669 854 501 2670 804 501 2671 805 501 2672 854 501 2673 803 501 2674 804 501 2675 807 501 2676 854 501 2677 805 501 2678 858 501 2679 801 501 2680 802 501 2681 855 501 2682 858 501 2683 854 501 2684 802 501 2685 854 501 2686 858 501 2687 854 501 2688 802 501 2689 803 501 2690 800 501 2691 801 501 2692 858 501 2693 807 501 2694 805 501 2695 806 501 2696 809 501 2697 807 501 2698 808 501 2699 820 501 2700 807 501 2701 809 501 2702 810 501 2703 820 501 2704 809 501 2705 807 508 2706 820 508 2707 794 508 2708 821 501 2709 820 501 2710 824 501 2711 824 501 2712 820 501 2713 810 501 2714 825 501 2715 824 501 2716 811 501 2717 824 501 2718 810 501 2719 811 501 2720 854 509 2721 807 509 2722 794 509 2723 859 510 2724 853 510 2725 800 510 2726 853 501 2727 859 501 2728 857 501 2729 800 501 2730 858 501 2731 859 501 2732 816 511 2733 826 511 2734 832 511 2735 816 501 2736 832 501 2737 833 501 2738 815 501 2739 831 501 2740 830 501 2741 816 501 2742 833 501 2743 831 501 2744 815 501 2745 816 501 2746 831 501 2747 857 512 2748 793 512 2749 853 512 2750 822 501 2751 825 501 2752 812 501 2753 812 501 2754 825 501 2755 811 501 2756 812 501 2757 817 501 2758 822 501 2759 814 501 2760 815 501 2761 795 501 2762 814 513 2763 822 513 2764 813 513 2765 817 514 2766 813 514 2767 822 514 2768 818 515 2769 822 515 2770 814 515 2771 814 501 2772 795 501 2773 818 501 2774 830 516 2775 795 516 2776 815 516 2777 884 436 2778 869 436 2779 871 436 2780 882 517 2781 883 517 2782 873 517 2783 883 517 2784 884 517 2785 872 517 2786 880 518 2787 881 518 2788 875 518 2789 878 519 2790 879 519 2791 877 519 2792 879 436 2793 880 436 2794 876 436 2795 881 518 2796 882 518 2797 874 518 2798 886 520 2799 952 520 2800 966 520 2801 926 520 2802 953 520 2803 952 520 2804 927 520 2805 886 520 2806 933 520 2807 887 520 2808 936 520 2809 938 520 2810 936 520 2811 925 520 2812 937 520 2813 938 520 2814 937 520 2815 928 520 2816 926 520 2817 928 520 2818 937 520 2819 937 520 2820 925 520 2821 926 520 2822 930 520 2823 928 520 2824 926 520 2825 886 520 2826 927 520 2827 930 520 2828 926 520 2829 886 520 2830 930 520 2831 929 520 2832 928 520 2833 930 520 2834 932 520 2835 930 520 2836 927 520 2837 947 520 2838 948 520 2839 936 520 2840 939 520 2841 887 520 2842 935 520 2843 943 520 2844 912 520 2845 911 520 2846 888 520 2847 903 520 2848 943 520 2849 911 520 2850 888 520 2851 943 520 2852 903 520 2853 944 520 2854 946 520 2855 943 520 2856 946 520 2857 945 520 2858 900 520 2859 904 520 2860 903 520 2861 919 520 2862 901 520 2863 920 520 2864 921 520 2865 920 520 2866 914 520 2867 920 520 2868 901 520 2869 888 520 2870 911 520 2871 914 520 2872 920 520 2873 888 520 2874 911 520 2875 920 520 2876 916 520 2877 915 520 2878 917 520 2879 902 520 2880 900 520 2881 888 520 2882 966 520 2883 965 520 2884 885 520 2885 963 520 2886 964 520 2887 966 520 2888 965 520 2889 966 520 2890 964 520 2891 966 521 2892 885 521 2893 933 521 2894 952 520 2895 962 520 2896 963 520 2897 960 520 2898 961 520 2899 952 520 2900 962 520 2901 952 520 2902 961 520 2903 952 520 2904 953 520 2905 960 520 2906 952 520 2907 963 520 2908 966 520 2909 889 520 2910 934 520 2911 933 520 2912 934 520 2913 889 520 2914 956 520 2915 889 520 2916 933 520 2917 885 520 2918 957 520 2919 934 520 2920 956 520 2921 931 520 2922 927 520 2923 934 520 2924 932 520 2925 931 520 2926 958 520 2927 957 520 2928 958 520 2929 931 520 2930 922 520 2931 932 520 2932 958 520 2933 931 522 2934 934 522 2935 957 522 2936 953 523 2937 955 523 2938 959 523 2939 954 524 2940 955 524 2941 953 524 2942 960 520 2943 953 520 2944 959 520 2945 926 525 2946 951 525 2947 953 525 2948 951 520 2949 954 520 2950 953 520 2951 949 520 2952 950 520 2953 925 520 2954 926 520 2955 950 520 2956 951 520 2957 948 526 2958 949 526 2959 925 526 2960 926 520 2961 925 520 2962 950 520 2963 923 520 2964 938 520 2965 929 520 2966 938 527 2967 923 527 2968 935 527 2969 923 528 2970 924 528 2971 935 528 2972 922 520 2973 923 520 2974 929 520 2975 925 520 2976 936 520 2977 948 520 2978 947 520 2979 941 520 2980 942 520 2981 942 520 2982 948 520 2983 947 520 2984 949 529 2985 948 529 2986 942 529 2987 932 520 2988 922 520 2989 929 520 2990 947 520 2991 887 520 2992 939 520 2993 890 530 2994 935 530 2995 924 530 2996 890 531 2997 939 531 2998 935 531 2999 891 520 3000 912 520 3001 939 520 3002 945 520 3003 947 520 3004 939 520 3005 945 532 3006 910 532 3007 940 532 3008 939 520 3009 912 520 3010 945 520 3011 910 520 3012 945 520 3013 946 520 3014 945 520 3015 940 520 3016 947 520 3017 909 520 3018 910 520 3019 946 520 3020 891 533 3021 939 533 3022 890 533 3023 914 520 3024 891 520 3025 917 520 3026 892 534 3027 917 534 3028 891 534 3029 918 535 3030 892 535 3031 913 535 3032 917 536 3033 892 536 3034 918 536 3035 913 520 3036 916 520 3037 918 520 3038 914 537 3039 911 537 3040 891 537 3041 917 520 3042 915 520 3043 914 520 3044 894 520 3045 916 520 3046 893 520 3047 893 520 3048 916 520 3049 913 520 3050 912 538 3051 891 538 3052 911 538 3053 916 520 3054 921 520 3055 915 520 3056 944 520 3057 908 520 3058 909 520 3059 907 520 3060 908 520 3061 944 520 3062 946 520 3063 944 520 3064 909 520 3065 903 520 3066 904 520 3067 944 520 3068 904 520 3069 906 520 3070 907 520 3071 899 520 3072 905 520 3073 904 520 3074 906 520 3075 904 520 3076 905 520 3077 898 539 3078 899 539 3079 904 539 3080 904 540 3081 907 540 3082 944 540 3083 895 520 3084 919 520 3085 894 520 3086 921 520 3087 894 520 3088 919 520 3089 902 520 3090 901 520 3091 919 520 3092 894 520 3093 921 520 3094 916 520 3095 895 541 3096 902 541 3097 919 541 3098 902 542 3099 898 542 3100 900 542 3101 897 520 3102 902 520 3103 896 520 3104 895 520 3105 896 520 3106 902 520 3107 898 539 3108 902 539 3109 897 539 3110 940 520 3111 941 520 3112 947 520 3113 1009 340 3114 968 340 3115 1011 340 3116 1012 340 3117 980 340 3118 1009 340 3119 1011 340 3120 1012 340 3121 1009 340 3122 1013 543 3123 1002 543 3124 999 543 3125 979 544 3126 1000 544 3127 1013 544 3128 999 340 3129 979 340 3130 1013 340 3131 1000 545 3132 1014 545 3133 1015 545 3134 1013 546 3135 1015 546 3136 1005 546 3137 1007 547 3138 1004 547 3139 1002 547 3140 1004 546 3141 1007 546 3142 1006 546 3143 1004 544 3144 1001 544 3145 981 544 3146 999 543 3147 1002 543 3148 1004 543 3149 981 340 3150 999 340 3151 1004 340 3152 981 340 3153 1001 340 3154 1010 340 3155 1008 547 3156 1010 547 3157 1009 547 3158 1003 548 3159 1017 548 3160 1018 548 3161 1016 547 3162 1018 547 3163 1000 547 3164 978 549 3165 967 549 3166 984 549 3167 977 550 3168 984 550 3169 985 550 3170 984 551 3171 977 551 3172 978 551 3173 985 552 3174 976 552 3175 977 552 3176 976 553 3177 985 553 3178 975 553 3179 986 554 3180 974 554 3181 975 554 3182 985 555 3183 986 555 3184 975 555 3185 987 556 3186 1011 556 3187 986 556 3188 973 557 3189 974 557 3190 1011 557 3191 986 558 3192 1011 558 3193 974 558 3194 968 559 3195 973 559 3196 1011 559 3197 1010 560 3198 971 560 3199 972 560 3200 973 561 3201 968 561 3202 972 561 3203 1001 562 3204 1006 562 3205 971 562 3206 1002 563 3207 1005 563 3208 998 563 3209 998 564 3210 1015 564 3211 1014 564 3212 970 340 3213 971 340 3214 1007 340 3215 998 565 3216 970 565 3217 1002 565 3218 1007 566 3219 1002 566 3220 970 566 3221 1005 564 3222 1015 564 3223 998 564 3224 995 567 3225 996 567 3226 993 567 3227 997 568 3228 998 568 3229 1014 568 3230 983 567 3231 995 567 3232 982 567 3233 1017 569 3234 996 569 3235 997 569 3236 1006 570 3237 1007 570 3238 971 570 3239 972 340 3240 968 340 3241 1010 340 3242 1012 571 3243 1011 571 3244 987 571 3245 980 572 3246 1012 572 3247 989 572 3248 1010 573 3249 1001 573 3250 971 573 3251 980 574 3252 990 574 3253 1008 574 3254 1008 574 3255 990 574 3256 981 574 3257 991 340 3258 981 340 3259 990 340 3260 988 575 3261 989 575 3262 1012 575 3263 988 576 3264 1012 576 3265 987 576 3266 991 543 3267 999 543 3268 981 543 3269 1018 546 3270 1014 546 3271 1000 546 3272 1018 577 3273 1017 577 3274 997 577 3275 999 548 3276 991 548 3277 979 548 3278 1003 578 3279 996 578 3280 1017 578 3281 1003 579 3282 1016 579 3283 992 579 3284 979 580 3285 992 580 3286 1016 580 3287 993 581 3288 1003 581 3289 992 581 3290 994 582 3291 982 582 3292 995 582 3293 982 583 3294 994 583 3295 969 583 3296 996 584 3297 1003 584 3298 993 584 3299 979 585 3300 991 585 3301 992 585 3302 1018 586 3303 997 586 3304 1014 586 3305 1009 548 3306 1010 548 3307 968 548 3308 1024 205 3309 1023 205 3310 1026 205 3311 1026 205 3312 1023 205 3313 1020 205 3314 1024 205 3315 1026 205 3316 1019 205 3317 1025 205 3318 1024 205 3319 1021 205 3320 1025 205 3321 1022 205 3322 1023 205 3323 1024 205 3324 1025 205 3325 1023 205 3326 1040 520 3327 1048 520 3328 1049 520 3329 1059 520 3330 1058 520 3331 1035 520 3332 1041 520 3333 1036 520 3334 1035 520 3335 1037 520 3336 1039 520 3337 1041 520 3338 1035 520 3339 1037 520 3340 1041 520 3341 1037 520 3342 1034 520 3343 1038 520 3344 1055 520 3345 1042 520 3346 1056 520 3347 1061 520 3348 1057 520 3349 1056 520 3350 1043 520 3351 1051 520 3352 1061 520 3353 1056 520 3354 1043 520 3355 1061 520 3356 1060 520 3357 1057 520 3358 1061 520 3359 1062 520 3360 1061 520 3361 1051 520 3362 1056 520 3363 1042 520 3364 1035 520 3365 1036 520 3366 1043 520 3367 1056 520 3368 1035 520 3369 1036 520 3370 1056 520 3371 1052 520 3372 1051 520 3373 1053 520 3374 1027 587 3375 1045 587 3376 1049 587 3377 1047 588 3378 1045 588 3379 1038 588 3380 1046 520 3381 1027 520 3382 1049 520 3383 1038 520 3384 1032 520 3385 1033 520 3386 1033 589 3387 1039 589 3388 1038 589 3389 1039 590 3390 1033 590 3391 1041 590 3392 1045 520 3393 1032 520 3394 1038 520 3395 1038 520 3396 1034 520 3397 1040 520 3398 1028 520 3399 1046 520 3400 1048 520 3401 1048 520 3402 1046 520 3403 1049 520 3404 1040 520 3405 1031 520 3406 1048 520 3407 1028 591 3408 1048 591 3409 1031 591 3410 1030 520 3411 1031 520 3412 1034 520 3413 1037 520 3414 1058 520 3415 1030 520 3416 1040 592 3417 1034 592 3418 1031 592 3419 1033 593 3420 1036 593 3421 1041 593 3422 1053 594 3423 1036 594 3424 1033 594 3425 1036 595 3426 1053 595 3427 1043 595 3428 1053 520 3429 1051 520 3430 1043 520 3431 1052 520 3432 1054 520 3433 1044 520 3434 1053 596 3435 1044 596 3436 1054 596 3437 1053 520 3438 1033 520 3439 1044 520 3440 1062 520 3441 1052 520 3442 1050 520 3443 1029 597 3444 1030 597 3445 1059 597 3446 1059 520 3447 1042 520 3448 1055 520 3449 1037 520 3450 1035 520 3451 1058 520 3452 1029 598 3453 1055 598 3454 1060 598 3455 1057 520 3456 1060 520 3457 1055 520 3458 1050 520 3459 1060 520 3460 1062 520 3461 1059 599 3462 1055 599 3463 1029 599 3464 1060 520 3465 1050 520 3466 1029 520 3467 1111 286 3468 1121 286 3469 1123 286 3470 1121 286 3471 1103 286 3472 1105 286 3473 1112 286 3474 1088 286 3475 1122 286 3476 1123 286 3477 1105 286 3478 1112 286 3479 1122 600 3480 1123 600 3481 1112 600 3482 1120 286 3483 1123 286 3484 1122 286 3485 1131 286 3486 1111 286 3487 1120 286 3488 1134 286 3489 1132 286 3490 1120 286 3491 1110 286 3492 1127 286 3493 1134 286 3494 1120 601 3495 1110 601 3496 1134 601 3497 1133 286 3498 1132 286 3499 1134 286 3500 1136 286 3501 1134 286 3502 1127 286 3503 1113 286 3504 1106 286 3505 1117 286 3506 1114 286 3507 1088 286 3508 1113 286 3509 1117 286 3510 1114 286 3511 1113 286 3512 1106 286 3513 1104 286 3514 1115 286 3515 1117 286 3516 1115 286 3517 1109 286 3518 1114 286 3519 1117 286 3520 1116 286 3521 1115 286 3522 1104 286 3523 1087 286 3524 1108 286 3525 1109 286 3526 1115 286 3527 1087 602 3528 1108 602 3529 1115 602 3530 1109 286 3531 1108 286 3532 1065 286 3533 1116 286 3534 1109 286 3535 1084 286 3536 1077 286 3537 1107 286 3538 1116 286 3539 1084 286 3540 1077 286 3541 1116 286 3542 1127 286 3543 1110 286 3544 1128 286 3545 1130 286 3546 1128 286 3547 1119 286 3548 1114 286 3549 1128 286 3550 1122 286 3551 1128 286 3552 1110 286 3553 1122 286 3554 1122 286 3555 1088 286 3556 1114 286 3557 1114 286 3558 1107 286 3559 1119 286 3560 1119 286 3561 1107 286 3562 1077 286 3563 1085 286 3564 1065 286 3565 1082 286 3566 1096 286 3567 1083 286 3568 1078 286 3569 1082 286 3570 1097 286 3571 1099 286 3572 1096 286 3573 1099 286 3574 1098 286 3575 1083 286 3576 1098 286 3577 1101 286 3578 1084 286 3579 1065 286 3580 1085 286 3581 1086 286 3582 1085 286 3583 1078 286 3584 1079 286 3585 1078 286 3586 1080 286 3587 1101 603 3588 1095 603 3589 1070 603 3590 1071 286 3591 1101 286 3592 1070 286 3593 1098 286 3594 1093 286 3595 1094 286 3596 1101 604 3597 1098 604 3598 1094 604 3599 1098 602 3600 1099 602 3601 1093 602 3602 1100 286 3603 1101 286 3604 1071 286 3605 1080 286 3606 1100 286 3607 1072 286 3608 1072 286 3609 1081 286 3610 1080 286 3611 1081 286 3612 1072 286 3613 1073 286 3614 1080 286 3615 1078 286 3616 1083 286 3617 1079 286 3618 1075 286 3619 1076 286 3620 1075 286 3621 1079 286 3622 1081 286 3623 1086 605 3624 1079 605 3625 1076 605 3626 1099 286 3627 1097 286 3628 1092 286 3629 1093 606 3630 1099 606 3631 1092 606 3632 1090 286 3633 1091 286 3634 1097 286 3635 1082 607 3636 1069 607 3637 1090 607 3638 1089 286 3639 1090 286 3640 1069 286 3641 1090 286 3642 1097 286 3643 1082 286 3644 1082 286 3645 1108 286 3646 1069 286 3647 1066 286 3648 1084 286 3649 1086 286 3650 1068 286 3651 1069 286 3652 1087 286 3653 1108 608 3654 1087 608 3655 1069 608 3656 1068 286 3657 1087 286 3658 1104 286 3659 1068 286 3660 1104 286 3661 1106 286 3662 1065 286 3663 1108 286 3664 1082 286 3665 1076 609 3666 1066 609 3667 1086 609 3668 1075 610 3669 1081 610 3670 1074 610 3671 1066 286 3672 1067 286 3673 1118 286 3674 1068 286 3675 1106 286 3676 1113 286 3677 1068 286 3678 1113 286 3679 1088 286 3680 1073 611 3681 1074 611 3682 1081 611 3683 1129 286 3684 1119 286 3685 1118 286 3686 1124 612 3687 1129 612 3688 1067 612 3689 1118 613 3690 1067 613 3691 1129 613 3692 1135 286 3693 1127 286 3694 1130 286 3695 1124 614 3696 1125 614 3697 1135 614 3698 1130 615 3699 1124 615 3700 1135 615 3701 1124 616 3702 1130 616 3703 1129 616 3704 1102 617 3705 1068 617 3706 1112 617 3707 1088 618 3708 1112 618 3709 1068 618 3710 1102 286 3711 1103 286 3712 1064 286 3713 1105 286 3714 1103 286 3715 1102 286 3716 1064 286 3717 1103 286 3718 1121 286 3719 1111 286 3720 1064 286 3721 1121 286 3722 1125 286 3723 1126 286 3724 1136 286 3725 1063 286 3726 1111 286 3727 1131 286 3728 1133 286 3729 1126 286 3730 1131 286 3731 1063 619 3732 1131 619 3733 1126 619 3734 1131 286 3735 1132 286 3736 1133 286 3737 1064 286 3738 1111 286 3739 1063 286 3740 1077 286 3741 1084 286 3742 1066 286 3743 1152 501 3744 1151 501 3745 1153 501 3746 1166 501 3747 1167 501 3748 1159 501 3749 1162 501 3750 1161 501 3751 1158 501 3752 1149 501 3753 1159 501 3754 1162 501 3755 1158 501 3756 1149 501 3757 1162 501 3758 1159 501 3759 1163 501 3760 1165 501 3761 1165 501 3762 1169 501 3763 1171 501 3764 1168 501 3765 1171 501 3766 1170 501 3767 1168 501 3768 1164 501 3769 1161 501 3770 1162 501 3771 1165 501 3772 1168 501 3773 1161 501 3774 1162 501 3775 1168 501 3776 1161 501 3777 1164 501 3778 1174 501 3779 1172 501 3780 1174 501 3781 1173 501 3782 1172 501 3783 1160 501 3784 1147 501 3785 1158 501 3786 1161 501 3787 1172 501 3788 1147 501 3789 1158 501 3790 1172 501 3791 1147 501 3792 1160 501 3793 1177 501 3794 1175 501 3795 1177 501 3796 1176 501 3797 1173 501 3798 1157 501 3799 1176 501 3800 1137 501 3801 1176 501 3802 1157 501 3803 1156 501 3804 1157 501 3805 1170 501 3806 1157 620 3807 1174 620 3808 1170 620 3809 1174 501 3810 1157 501 3811 1173 501 3812 1177 501 3813 1160 501 3814 1173 501 3815 1170 501 3816 1174 501 3817 1164 501 3818 1176 501 3819 1177 501 3820 1173 501 3821 1176 501 3822 1137 501 3823 1141 501 3824 1155 501 3825 1156 501 3826 1171 501 3827 1170 501 3828 1171 501 3829 1156 501 3830 1155 501 3831 1163 501 3832 1138 501 3833 1163 501 3834 1169 501 3835 1165 501 3836 1167 501 3837 1163 501 3838 1159 501 3839 1163 501 3840 1167 501 3841 1138 501 3842 1169 501 3843 1163 501 3844 1155 501 3845 1166 501 3846 1138 501 3847 1167 501 3848 1142 621 3849 1148 621 3850 1141 621 3851 1143 501 3852 1147 501 3853 1175 501 3854 1175 501 3855 1148 501 3856 1146 501 3857 1148 501 3858 1142 501 3859 1146 501 3860 1153 501 3861 1143 501 3862 1144 501 3863 1144 622 3864 1145 622 3865 1154 622 3866 1175 501 3867 1146 501 3868 1143 501 3869 1158 501 3870 1147 501 3871 1143 501 3872 1158 501 3873 1143 501 3874 1149 501 3875 1151 501 3876 1143 501 3877 1153 501 3878 1166 501 3879 1149 501 3880 1140 501 3881 1143 501 3882 1140 501 3883 1149 501 3884 1138 501 3885 1166 501 3886 1140 501 3887 1143 623 3888 1151 623 3889 1140 623 3890 1152 501 3891 1154 501 3892 1150 501 3893 1145 501 3894 1150 501 3895 1154 501 3896 1139 501 3897 1151 501 3898 1152 501 3899 1150 501 3900 1139 501 3901 1152 501 3902 1140 624 3903 1151 624 3904 1139 624 3905 1148 501 3906 1176 501 3907 1141 501 3908 9 0 3909 6 0 3910 8 0 3911 7 0 3912 10 0 3913 6 0 3914 4 0 3915 11 0 3916 7 0 3917 14 5 3918 34 7 3919 31 11 3920 15 8 3921 32 10 3922 30 41 3923 29 9 3924 31 11 3925 32 10 3926 53 12 3927 15 8 3928 19 17 3929 29 9 3930 18 13 3931 14 5 3932 49 18 3933 50 20 3934 43 23 3935 51 19 3936 45 22 3937 50 20 3938 46 21 3939 47 26 3940 45 22 3941 58 27 3942 59 29 3943 52 32 3944 60 28 3945 54 31 3946 59 29 3947 55 30 3948 56 33 3949 54 31 3950 57 34 3951 43 23 3952 56 33 3953 61 35 3954 62 14 3955 20 16 3956 63 36 3957 19 17 3958 62 14 3959 44 24 3960 14 5 3961 18 13 3962 71 625 3963 67 625 3964 70 625 3965 72 626 3966 68 626 3967 71 626 3968 89 627 3969 90 627 3970 91 627 3971 75 628 3972 71 628 3973 74 628 3974 85 629 3975 72 629 3976 75 629 3977 94 630 3978 75 630 3979 74 630 3980 106 0 3981 107 0 3982 103 0 3983 109 0 3984 110 0 3985 108 0 3986 134 93 3987 135 93 3988 136 93 3989 178 107 3990 181 109 3991 179 111 3992 177 104 3993 184 110 3994 182 118 3995 183 103 3996 179 111 3997 184 110 3998 164 112 3999 167 106 4000 157 105 4001 185 115 4002 188 117 4003 186 120 4004 187 114 4005 182 118 4006 188 117 4007 189 119 4008 186 120 4009 190 130 4010 166 121 4011 157 105 4012 165 116 4013 171 124 4014 181 109 4015 180 108 4016 179 111 4017 173 123 4018 174 125 4019 175 126 4020 188 117 4021 182 118 4022 186 120 4023 175 126 4024 176 131 4025 160 133 4026 189 119 4027 190 130 4028 196 137 4029 199 139 4030 198 148 4031 200 140 4032 197 138 4033 196 137 4034 210 142 4035 207 144 4036 208 145 4037 208 145 4038 211 146 4039 212 153 4040 203 147 4041 199 139 4042 191 150 4043 194 149 4044 197 138 4045 195 156 4046 202 151 4047 196 137 4048 203 147 4049 212 153 4050 211 146 4051 202 151 4052 214 158 4053 213 157 4054 196 137 4055 227 161 4056 234 163 4057 232 167 4058 235 165 4059 232 167 4060 236 166 4061 233 162 4062 219 172 4063 220 168 4064 225 173 4065 233 162 4066 227 161 4067 228 174 4068 222 178 4069 223 181 4070 256 183 4071 248 185 4072 255 186 4073 254 184 4074 257 189 4075 248 185 4076 239 193 4077 257 189 4078 258 188 4079 269 205 4080 266 205 4081 267 205 4082 266 205 4083 263 205 4084 264 205 4085 275 205 4086 276 205 4087 277 205 4088 264 205 4089 273 205 4090 274 205 4091 263 205 4092 290 205 4093 273 205 4094 265 205 4095 289 205 4096 263 205 4097 289 205 4098 285 205 4099 290 205 4100 277 631 4101 276 631 4102 292 631 4103 287 205 4104 286 205 4105 289 205 4106 280 632 4107 279 632 4108 291 632 4109 282 205 4110 269 205 4111 261 205 4112 304 215 4113 307 217 4114 306 226 4115 308 218 4116 305 216 4117 304 215 4118 316 220 4119 313 222 4120 314 223 4121 314 223 4122 317 224 4123 318 232 4124 311 225 4125 307 217 4126 296 228 4127 305 216 4128 309 219 4129 303 229 4130 313 222 4131 304 215 4132 311 225 4133 318 232 4134 317 224 4135 310 230 4136 312 233 4137 318 232 4138 297 231 4139 300 235 4140 313 222 4141 301 236 4142 334 249 4143 352 251 4144 350 252 4145 356 252 4146 359 254 4147 335 257 4148 353 255 4149 350 252 4150 354 266 4151 358 256 4152 335 257 4153 357 268 4154 347 258 4155 352 251 4156 351 250 4157 355 262 4158 360 253 4159 356 252 4160 362 633 4161 374 633 4162 373 633 4163 375 634 4164 372 634 4165 362 634 4166 365 635 4167 375 635 4168 366 635 4169 425 286 4170 416 286 4171 424 286 4172 417 286 4173 418 286 4174 416 286 4175 420 286 4176 415 286 4177 418 286 4178 415 286 4179 421 286 4180 402 286 4181 423 286 4182 401 286 4183 421 286 4184 439 286 4185 391 286 4186 430 286 4187 437 286 4188 438 286 4189 439 286 4190 436 286 4191 432 286 4192 434 286 4193 433 286 4194 435 286 4195 436 286 4196 434 286 4197 440 286 4198 441 286 4199 432 286 4200 444 286 4201 440 286 4202 442 286 4203 443 286 4204 444 286 4205 391 286 4206 447 286 4207 431 286 4208 445 286 4209 446 286 4210 447 286 4211 388 286 4212 393 286 4213 390 286 4214 401 286 4215 392 286 4216 388 286 4217 384 286 4218 446 286 4219 385 286 4220 399 286 4221 436 286 4222 400 286 4223 439 286 4224 397 286 4225 437 286 4226 402 286 4227 437 286 4228 414 286 4229 437 286 4230 396 286 4231 414 286 4232 467 303 4233 468 303 4234 469 303 4235 466 636 4236 471 636 4237 468 636 4238 462 303 4239 463 303 4240 461 303 4241 465 637 4242 471 637 4243 449 637 4244 471 638 4245 470 638 4246 450 638 4247 458 639 4248 469 639 4249 448 639 4250 451 640 4251 456 640 4252 452 640 4253 515 641 4254 518 641 4255 516 641 4256 519 642 4257 516 642 4258 520 642 4259 513 340 4260 510 340 4261 512 340 4262 507 340 4263 518 340 4264 517 340 4265 504 643 4266 510 643 4267 511 643 4268 505 644 4269 501 644 4270 502 644 4271 556 382 4272 554 384 4273 555 645 4274 559 387 4275 551 390 4276 552 388 4277 549 389 4278 550 646 4279 551 390 4280 567 395 4281 573 396 4282 568 397 4283 573 396 4284 572 399 4285 569 398 4286 572 399 4287 571 647 4288 570 400 4289 581 401 4290 580 401 4291 574 401 4292 582 401 4293 579 401 4294 580 401 4295 578 648 4296 583 648 4297 584 648 4298 585 401 4299 576 401 4300 577 401 4301 586 401 4302 575 401 4303 576 401 4304 577 401 4305 584 401 4306 585 401 4307 602 411 4308 592 416 4309 593 409 4310 610 649 4311 609 649 4312 603 649 4313 611 650 4314 608 650 4315 609 650 4316 607 420 4317 612 420 4318 613 420 4319 614 418 4320 605 418 4321 606 418 4322 615 649 4323 604 649 4324 605 649 4325 606 419 4326 613 419 4327 614 419 4328 631 430 4329 620 435 4330 621 428 4331 639 437 4332 638 437 4333 632 437 4334 640 436 4335 637 436 4336 638 436 4337 636 436 4338 641 436 4339 642 436 4340 644 436 4341 635 436 4342 643 436 4343 645 436 4344 634 436 4345 644 436 4346 635 436 4347 642 436 4348 643 436 4349 648 438 4350 653 440 4351 649 440 4352 649 440 4353 652 441 4354 650 442 4355 652 441 4356 651 443 4357 647 443 4358 656 651 4359 661 651 4360 658 651 4361 660 652 4362 656 652 4363 657 652 4364 657 446 4365 655 446 4366 660 446 4367 667 443 4368 665 441 4369 662 443 4370 664 440 4371 668 441 4372 669 440 4373 666 438 4374 663 438 4375 664 440 4376 719 468 4377 687 468 4378 718 468 4379 681 452 4380 709 452 4381 694 452 4382 707 454 4383 708 454 4384 709 454 4385 709 454 4386 682 454 4387 695 454 4388 703 449 4389 704 449 4390 706 449 4391 706 449 4392 698 449 4393 705 449 4394 698 454 4395 691 454 4396 697 454 4397 724 460 4398 725 460 4399 726 460 4400 726 456 4401 692 456 4402 699 456 4403 720 458 4404 721 458 4405 723 458 4406 723 457 4407 702 457 4408 722 457 4409 702 456 4410 688 456 4411 701 456 4412 712 449 4413 685 449 4414 711 449 4415 716 447 4416 677 447 4417 715 447 4418 713 303 4419 715 303 4420 686 303 4421 728 303 4422 708 303 4423 683 303 4424 679 448 4425 707 448 4426 681 448 4427 674 303 4428 686 303 4429 719 303 4430 754 205 4431 755 205 4432 753 205 4433 751 205 4434 752 205 4435 750 205 4436 748 205 4437 749 205 4438 747 205 4439 745 205 4440 746 205 4441 744 205 4442 742 205 4443 743 205 4444 741 205 4445 739 205 4446 740 205 4447 738 205 4448 738 205 4449 763 205 4450 762 205 4451 763 205 4452 766 205 4453 764 205 4454 766 205 4455 769 205 4456 767 205 4457 769 205 4458 772 205 4459 770 205 4460 772 205 4461 775 205 4462 773 205 4463 775 205 4464 778 205 4465 776 205 4466 779 205 4467 762 205 4468 780 205 4469 760 205 4470 780 205 4471 762 205 4472 787 653 4473 783 653 4474 788 653 4475 785 500 4476 789 500 4477 790 500 4478 782 401 4479 790 401 4480 784 401 4481 786 654 4482 788 654 4483 789 654 4484 841 501 4485 850 501 4486 792 501 4487 837 501 4488 838 501 4489 840 501 4490 840 501 4491 836 501 4492 839 501 4493 832 501 4494 839 501 4495 829 501 4496 843 501 4497 844 501 4498 845 501 4499 845 501 4500 834 501 4501 837 501 4502 830 501 4503 859 501 4504 856 501 4505 856 501 4506 858 501 4507 855 501 4508 819 501 4509 854 501 4510 794 501 4511 833 501 4512 793 501 4513 857 501 4514 857 501 4515 831 501 4516 833 501 4517 822 501 4518 823 501 4519 825 501 4520 825 501 4521 821 501 4522 824 501 4523 821 501 4524 794 501 4525 820 501 4526 791 655 4527 851 655 4528 841 655 4529 884 517 4530 871 517 4531 872 517 4532 882 436 4533 873 436 4534 874 436 4535 883 436 4536 872 436 4537 873 436 4538 880 436 4539 875 436 4540 876 436 4541 878 436 4542 877 436 4543 870 436 4544 879 656 4545 876 656 4546 877 656 4547 881 518 4548 874 518 4549 875 518 4550 886 520 4551 966 520 4552 933 520 4553 926 520 4554 952 520 4555 886 520 4556 927 520 4557 933 520 4558 934 520 4559 887 520 4560 938 520 4561 935 520 4562 936 520 4563 937 520 4564 938 520 4565 938 520 4566 928 520 4567 929 520 4568 929 520 4569 930 520 4570 932 520 4571 932 520 4572 927 520 4573 931 520 4574 947 520 4575 936 520 4576 887 520 4577 903 520 4578 946 520 4579 943 520 4580 943 520 4581 945 520 4582 912 520 4583 900 520 4584 903 520 4585 888 520 4586 919 520 4587 920 520 4588 921 520 4589 921 520 4590 914 520 4591 915 520 4592 916 520 4593 917 520 4594 918 520 4595 902 520 4596 888 520 4597 901 520 4598 898 520 4599 904 520 4600 900 520 4601 1000 547 4602 1015 547 4603 1013 547 4604 1013 547 4605 1005 547 4606 1002 547 4607 1004 546 4608 1006 546 4609 1001 546 4610 981 340 4611 1010 340 4612 1008 340 4613 1008 546 4614 1009 546 4615 980 546 4616 1003 340 4617 1018 340 4618 1016 340 4619 1016 548 4620 1000 548 4621 979 548 4622 995 567 4623 993 567 4624 994 567 4625 980 340 4626 989 340 4627 990 340 4628 1040 520 4629 1049 520 4630 1047 520 4631 1059 520 4632 1035 520 4633 1042 520 4634 1037 520 4635 1038 520 4636 1039 520 4637 1055 520 4638 1056 520 4639 1057 520 4640 1060 520 4641 1061 520 4642 1062 520 4643 1062 520 4644 1051 520 4645 1052 520 4646 1052 520 4647 1053 520 4648 1054 520 4649 1045 657 4650 1047 657 4651 1049 657 4652 1038 520 4653 1040 520 4654 1047 520 4655 1030 520 4656 1034 520 4657 1037 520 4658 1052 520 4659 1044 520 4660 1050 520 4661 1030 658 4662 1058 658 4663 1059 658 4664 1111 286 4665 1123 286 4666 1120 286 4667 1121 286 4668 1105 286 4669 1123 286 4670 1120 286 4671 1122 286 4672 1110 286 4673 1131 286 4674 1120 286 4675 1132 286 4676 1133 286 4677 1134 286 4678 1136 286 4679 1136 286 4680 1127 286 4681 1135 286 4682 1106 286 4683 1115 286 4684 1117 286 4685 1117 286 4686 1109 286 4687 1116 286 4688 1114 286 4689 1116 286 4690 1107 286 4691 1109 286 4692 1065 286 4693 1084 286 4694 1127 286 4695 1128 286 4696 1130 286 4697 1130 286 4698 1119 286 4699 1129 286 4700 1114 286 4701 1119 286 4702 1128 286 4703 1119 286 4704 1077 286 4705 1118 286 4706 1085 286 4707 1082 286 4708 1096 286 4709 1096 286 4710 1078 286 4711 1085 286 4712 1082 286 4713 1099 286 4714 1096 286 4715 1096 286 4716 1098 286 4717 1083 286 4718 1083 286 4719 1101 286 4720 1100 286 4721 1084 286 4722 1085 286 4723 1086 286 4724 1086 286 4725 1078 286 4726 1079 286 4727 1079 286 4728 1080 286 4729 1081 286 4730 1101 286 4731 1094 286 4732 1095 286 4733 1100 286 4734 1071 286 4735 1072 286 4736 1080 286 4737 1083 286 4738 1100 286 4739 1097 286 4740 1091 286 4741 1092 286 4742 1066 286 4743 1118 286 4744 1077 286 4745 1125 286 4746 1136 286 4747 1135 286 4748 1102 286 4749 1112 286 4750 1105 286 4751 1126 286 4752 1133 286 4753 1136 286 4754 1152 501 4755 1153 501 4756 1154 501 4757 1166 501 4758 1159 501 4759 1149 501 4760 1159 501 4761 1165 501 4762 1162 501 4763 1165 501 4764 1171 501 4765 1168 501 4766 1168 501 4767 1170 501 4768 1164 501 4769 1161 501 4770 1174 501 4771 1172 501 4772 1172 501 4773 1173 501 4774 1160 501 4775 1147 501 4776 1177 501 4777 1175 501 4778 1175 501 4779 1176 501 4780 1148 501 4781 1155 501 4782 1171 501 4783 1169 501 4784 1144 659 4785 1154 659 4786 1153 659 4787</p>
        </polylist>
      </mesh>
    </geometry>
  </library_geometries>
  <library_controllers/>
  <library_visual_scenes>
    <visual_scene id="Scene" name="Scene">
      <node id="Mesh" name="Mesh" type="NODE">
        <matrix sid="transform">1 0 0 0 0 1 0 0 0 0 1 0 0 0 0 1</matrix>
        <instance_geometry url="#mesh-ec969fc3-8f5b-41e7-8fb9-3cb9bc839c5b-mesh" name="Mesh">
          <bind_material>
            <technique_common>
              <instance_material symbol="Dgrey-material" target="#Dgrey-material"/>
            </technique_common>
          </bind_material>
        </instance_geometry>
      </node>
    </visual_scene>
  </library_visual_scenes>
  <scene>
    <instance_visual_scene url="#Scene"/>
  </scene>
</COLLADA>
