<?xml version="1.0" encoding="utf-8"?>
<COLLADA xmlns="http://www.collada.org/2005/11/COLLADASchema" version="1.4.1">
  <asset>
    <contributor>
      <author>Blender User</author>
      <authoring_tool>Blender 2.78.0 commit date:2017-02-24, commit time:14:33, hash:e92f235283</authoring_tool>
    </contributor>
    <created>2020-10-12T17:40:44</created>
    <modified>2020-10-12T17:40:44</modified>
    <unit name="meter" meter="1"/>
    <up_axis>Z_UP</up_axis>
  </asset>
  <library_images/>
  <library_effects>
    <effect id="JointGrey-effect">
      <profile_COMMON>
        <technique sid="common">
          <phong>
            <emission>
              <color sid="emission">0 0 0 1</color>
            </emission>
            <ambient>
              <color sid="ambient">0 0 0 1</color>
            </ambient>
            <diffuse>
              <color sid="diffuse">0.2784314 0.2784314 0.2784314 1</color>
            </diffuse>
            <specular>
              <color sid="specular">0.01575251 0.01575251 0.01575251 1</color>
            </specular>
            <shininess>
              <float sid="shininess">0</float>
            </shininess>
            <index_of_refraction>
              <float sid="index_of_refraction">1</float>
            </index_of_refraction>
          </phong>
        </technique>
      </profile_COMMON>
    </effect>
    <effect id="Black-effect">
      <profile_COMMON>
        <technique sid="common">
          <phong>
            <emission>
              <color sid="emission">0 0 0 1</color>
            </emission>
            <ambient>
              <color sid="ambient">0 0 0 1</color>
            </ambient>
            <diffuse>
              <color sid="diffuse">0.03310248 0.03310248 0.03310248 1</color>
            </diffuse>
            <specular>
              <color sid="specular">0.01575251 0.01575251 0.01575251 1</color>
            </specular>
            <shininess>
              <float sid="shininess">0</float>
            </shininess>
            <index_of_refraction>
              <float sid="index_of_refraction">1</float>
            </index_of_refraction>
          </phong>
        </technique>
      </profile_COMMON>
    </effect>
  </library_effects>
  <library_materials>
    <material id="JointGrey-material" name="JointGrey">
      <instance_effect url="#JointGrey-effect"/>
    </material>
    <material id="Black-material" name="Black">
      <instance_effect url="#Black-effect"/>
    </material>
  </library_materials>
  <library_geometries>
    <geometry id="eSeries_UR5e_013-mesh" name="eSeries UR5e.013">
      <mesh>
        <source id="eSeries_UR5e_013-mesh-positions">
          <float_array id="eSeries_UR5e_013-mesh-positions-array" count="4011">46.97103 15.99983 -42.46565 48.70748 15.99938 -42.9514 48.6407 16.29988 -42.60695 49.91112 16.29988 -43.52628 50.08314 15.99983 -44.19847 50.97118 16.29956 -45.20978 50.72223 15.99983 -45.51515 50.87261 15.99998 -46.97103 51.16052 16.29988 -47.13246 50.38669 15.99938 -48.70748 50.55228 16.29956 -49.02666 49.13961 15.99983 -50.08315 49.20109 16.29988 -50.4076 47.82294 15.99983 -50.72223 47.76979 16.29988 -51.04814 46.36707 15.99983 -50.87245 46.20564 16.29988 -51.16052 44.63061 15.99938 -50.38669 44.31142 16.29956 -50.55227 43.25495 15.99983 -49.13961 42.68566 16.29956 -48.85319 42.61586 15.99983 -47.82293 42.16534 16.29988 -46.99261 42.46565 15.99983 -46.36706 42.43542 16.29956 -45.02154 42.82242 15.99983 -44.94765 43.64316 15.99983 -43.73583 43.52627 16.29988 -43.42698 45.13146 15.99938 -42.71785 44.82464 16.29988 -42.54761 46.76921 16.29956 -42.12726 46.97102 15.99983 50.87245 47.13246 16.29988 51.16052 48.70748 15.99938 50.38669 49.02666 16.29956 50.55228 50.08315 15.99983 49.13961 50.4076 16.29988 49.20109 50.72223 15.99983 47.82294 51.04814 16.29988 47.76979 50.87245 15.99983 46.36707 51.16052 16.29988 46.20564 50.51582 15.99998 44.94758 50.55227 16.29956 44.31142 49.4653 15.99938 43.48204 48.85319 16.29956 42.68566 47.82293 15.99983 42.61586 46.99261 16.29988 42.16534 46.36706 15.99983 42.46565 45.02154 16.29956 42.43542 44.94765 15.99983 42.82242 43.73583 15.99983 43.64316 43.42698 16.29988 43.52627 42.71785 15.99938 45.13146 42.54761 16.29988 44.82464 42.12726 16.29956 46.76921 42.46565 15.99983 46.97103 42.9514 15.99938 48.70748 42.60695 16.29988 48.6407 43.52628 16.29988 49.91112 44.19847 15.99983 50.08314 45.20978 16.29956 50.97118 45.51515 15.99983 50.72223 -46.36707 15.99983 50.87245 -46.20564 16.29988 51.16052 -44.63061 15.99938 50.38669 -44.31142 16.29956 50.55227 -43.25495 15.99983 49.13961 -42.68566 16.29956 48.85319 -42.61586 15.99983 47.82293 -42.16534 16.29988 46.99261 -42.46565 15.99983 46.36706 -42.43542 16.29956 45.02154 -42.82242 15.99983 44.94765 -43.64316 15.99983 43.73583 -43.52627 16.29988 43.42698 -44.82464 16.29988 42.54761 -44.82881 15.99998 42.87766 -46.57556 15.99938 42.43025 -46.76921 16.29956 42.12726 -48.70748 15.99938 42.9514 -48.6407 16.29988 42.60695 -49.91112 16.29988 43.52628 -50.08314 15.99983 44.19847 -50.97118 16.29956 45.20978 -50.72223 15.99983 45.51515 -50.87245 15.99983 46.97102 -51.16052 16.29988 47.13246 -50.38669 15.99938 48.70748 -50.55228 16.29956 49.02666 -49.13961 15.99983 50.08315 -49.20109 16.29988 50.4076 -47.82294 15.99983 50.72223 -47.76979 16.29988 51.04814 -46.36706 15.99983 -42.46565 -45.02154 16.29956 -42.43542 -44.94765 15.99983 -42.82242 -43.73583 15.99983 -43.64316 -43.42698 16.29988 -43.52627 -42.71785 15.99938 -45.13146 -42.54761 16.29988 -44.82464 -42.12726 16.29956 -46.76921 -42.46549 15.99998 -46.97105 -42.9514 15.99938 -48.70748 -42.60695 16.29988 -48.6407 -43.52628 16.29988 -49.91112 -44.19847 15.99983 -50.08314 -45.20978 16.29956 -50.97118 -45.51515 15.99983 -50.72223 -46.97102 15.99983 -50.87245 -47.13246 16.29988 -51.16052 -48.70748 15.99938 -50.38669 -49.02666 16.29956 -50.55228 -50.08315 15.99983 -49.13961 -50.4076 16.29988 -49.20109 -50.72223 15.99983 -47.82294 -51.04814 16.29988 -47.76979 -50.87245 15.99983 -46.36707 -51.16052 16.29988 -46.20564 -50.38669 15.99938 -44.63061 -50.55227 16.29956 -44.31142 -49.13961 15.99983 -43.25495 -48.85319 16.29956 -42.68566 -47.82293 15.99983 -42.61586 -46.99261 16.29988 -42.16534 45.01798 16.3 -53.23789 43.29404 16.3 -52.51472 41.95474 16.3 -51.53228 40.57573 16.3 -49.62661 39.93166 16.3 -47.36421 40.02159 16.3 -45.49692 40.48672 16.3 -43.90238 41.80582 16.3 -41.95475 43.71149 16.3 -40.57573 45.97389 16.3 -39.93166 47.84117 16.3 -40.02159 49.43571 16.3 -40.48672 51.38335 16.3 -41.80581 52.76237 16.3 -43.71149 53.40644 16.3 -45.97386 53.23789 16.3 -48.32012 52.51472 16.3 -50.04405 51.53228 16.3 -51.38335 49.62661 16.3 -52.76237 47.36424 16.3 -53.40644 47.36421 16.3 39.93166 45.49692 16.3 40.02159 43.90238 16.3 40.48672 41.95475 16.3 41.80582 40.57573 16.3 43.71149 39.93166 16.3 45.97389 40.02159 16.3 47.84117 40.48672 16.3 49.43571 41.80581 16.3 51.38335 43.71149 16.3 52.76237 45.97386 16.3 53.40644 48.32012 16.3 53.23789 50.04405 16.3 52.51472 51.38335 16.3 51.53228 52.76237 16.3 49.62661 53.40644 16.3 47.36424 53.23789 16.3 45.01798 52.51472 16.3 43.29404 51.53228 16.3 41.95474 49.62661 16.3 40.57573 -45.97389 16.3 39.93166 -47.84117 16.3 40.02159 -49.43571 16.3 40.48672 -51.38335 16.3 41.80581 -52.76237 16.3 43.71149 -53.40644 16.3 45.97386 -53.23789 16.3 48.32012 -52.51472 16.3 50.04405 -51.53228 16.3 51.38335 -49.62661 16.3 52.76237 -47.36424 16.3 53.40644 -45.01798 16.3 53.23789 -43.29404 16.3 52.51472 -41.95474 16.3 51.53228 -40.57573 16.3 49.62661 -39.93166 16.3 47.36421 -40.02159 16.3 45.49692 -40.48672 16.3 43.90238 -41.80582 16.3 41.95475 -43.71149 16.3 40.57573 -43.90238 16.3 -40.48672 -41.95475 16.3 -41.80582 -40.57573 16.3 -43.71149 -39.93166 16.3 -45.97389 -40.02159 16.3 -47.84117 -40.48672 16.3 -49.43571 -41.80581 16.3 -51.38335 -43.71149 16.3 -52.76237 -45.97386 16.3 -53.40644 -48.32012 16.3 -53.23789 -50.04405 16.3 -52.51472 -51.38335 16.3 -51.53228 -52.76237 16.3 -49.62661 -53.40644 16.3 -47.36424 -53.23789 16.3 -45.01798 -52.51472 16.3 -43.29404 -51.53228 16.3 -41.95474 -49.62661 16.3 -40.57573 -47.36421 16.3 -39.93166 -45.49692 16.3 -40.02159 47.2948 24.99735 -39.92376 48.97768 25 -40.32612 50.58362 24.99735 -41.14034 52.23846 24.99735 -42.81261 53.01197 25 -44.36041 53.42052 24.99736 -46.11396 53.2032 24.99735 -48.45659 52.51472 25 -50.04405 51.43402 24.99735 -51.48419 49.49978 24.99735 -52.82352 47.22414 24.99736 -53.42052 44.8815 24.99735 -53.2032 43.29404 25 -52.51472 41.85391 24.99735 -51.43401 40.82338 25 -50.04405 40.11653 24.99735 -48.38805 39.92376 24.99735 -46.04329 40.54457 24.99735 -43.77401 41.90408 24.99735 -41.85391 43.29404 25 -40.82338 44.95005 24.99735 -40.11653 46.11396 24.99736 53.42052 48.45659 24.99735 53.2032 50.04405 25 52.51472 51.48419 24.99735 51.43402 52.82352 24.99735 49.49978 53.42052 24.99736 47.22414 53.2032 24.99735 44.8815 52.51472 25 43.29404 51.43401 24.99735 41.85391 50.04405 25 40.82338 48.38805 24.99735 40.11653 46.04329 24.99735 39.92376 43.77401 24.99735 40.54457 41.85391 24.99735 41.90408 40.82338 25 43.29404 40.11653 24.99735 44.95005 39.92376 24.99735 47.2948 40.32612 25 48.97768 41.14034 24.99735 50.58362 42.81261 24.99735 52.23846 44.36041 25 53.01197 -47.22414 24.99736 53.42052 -44.8815 24.99735 53.2032 -43.29404 25 52.51472 -41.85391 24.99735 51.43401 -40.82338 25 50.04405 -40.11653 24.99735 48.38805 -39.92376 24.99735 46.04329 -40.54457 24.99735 43.77401 -41.90408 24.99735 41.85391 -43.29404 25 40.82338 -44.95005 24.99735 40.11653 -47.2948 24.99735 39.92376 -48.97768 25 40.32612 -50.58362 24.99735 41.14034 -52.23846 24.99735 42.81261 -53.01197 25 44.36041 -53.42052 24.99736 46.11396 -53.2032 24.99735 48.45659 -52.51472 25 50.04405 -51.43402 24.99735 51.48419 -49.49978 24.99735 52.82352 -46.04329 24.99735 -39.92376 -43.77401 24.99735 -40.54457 -41.85391 24.99735 -41.90408 -40.82338 25 -43.29404 -40.11653 24.99735 -44.95005 -39.92376 24.99735 -47.2948 -40.32612 25 -48.97768 -41.14034 24.99735 -50.58362 -42.81261 24.99735 -52.23846 -44.36041 25 -53.01197 -46.11396 24.99736 -53.42052 -48.45659 24.99735 -53.2032 -50.04405 25 -52.51472 -51.48419 24.99735 -51.43402 -52.82352 24.99735 -49.49978 -53.42052 24.99736 -47.22414 -53.2032 24.99735 -44.8815 -52.51472 25 -43.29404 -51.43401 24.99735 -41.85391 -50.04405 25 -40.82338 -48.38805 24.99735 -40.11653 48.05917 25.29931 -39.68893 50.81613 25.29981 -40.93816 52.52614 25.29986 -42.70213 53.52964 25.29981 -44.94463 53.70558 25.29971 -47.39509 53.03297 25.29977 -49.75794 51.59271 25.29977 -51.74825 49.55855 25.29971 -53.12588 47.17595 25.29977 -53.72481 44.73215 25.29977 -53.47267 42.52193 25.29986 -52.39997 40.81197 25.29983 -50.63597 39.80846 25.29981 -48.39346 39.63239 25.29983 -45.94301 39.3725 25.30261 -45.83803 40.93812 25.29986 -42.52193 42.70212 25.29986 -40.81196 44.94462 25.29987 -39.80839 38.46696 25.32754 -53.21727 37.61573 25.306 -56.94543 36.1233 25.33623 -60.47985 33.71968 25.30303 -65.33173 34.20775 25.73389 -63.67211 35.92449 25.70986 -60.29556 38.19979 25.68246 -53.23548 38.80367 25.56102 -49.31391 39.16748 25.30536 -49.35622 38.99145 25.55928 -45.88231 34.29339 25.45309 -63.77676 33.14329 25.35761 -65.83405 37.31814 25.55484 -56.72111 49.25889 25.57637 -38.80446 53.07537 25.70056 -38.22671 58.81836 25.8 -36.48763 65.44276 25.29955 -33.64544 58.81427 25.30752 -37.00638 53.05175 25.32448 -38.50444 45.88187 25.71081 -38.96374 49.36352 25.3067 -39.15396 45.88344 25.46733 -39.07317 63.79644 25.38949 -34.34362 65.90823 25.37403 -33.05187 63.66118 25.74116 -34.21192 65.95042 25.64899 -32.7888 56.77441 25.55497 -37.30095 60.32971 25.55132 -35.95368 47.39509 25.29971 53.70558 49.75794 25.29977 53.03297 51.74825 25.29977 51.59271 53.12588 25.29971 49.55855 53.72481 25.29977 47.17595 53.47267 25.29977 44.73215 52.39997 25.29986 42.52193 50.63597 25.29983 40.81197 48.39346 25.29981 39.80846 45.94301 25.29983 39.63239 45.83803 25.30261 39.3725 42.52193 25.29986 40.93812 40.81196 25.29986 42.70212 39.80839 25.29987 44.94462 39.68893 25.29931 48.05917 40.93816 25.29981 50.81613 42.70213 25.29986 52.52614 44.94463 25.29981 53.52964 53.21727 25.32754 38.46696 56.94543 25.306 37.61573 60.47985 25.33623 36.1233 65.33173 25.30303 33.71968 63.67276 25.73418 34.20738 60.29556 25.70986 35.92449 53.23548 25.68246 38.19979 49.31391 25.56102 38.80367 49.35622 25.30536 39.16748 45.88231 25.55928 38.99145 63.77676 25.45309 34.29339 65.83405 25.35761 33.14329 56.72111 25.55484 37.31814 38.8016 25.57518 49.29656 38.22684 25.70045 53.07491 36.48763 25.8 58.81836 33.64544 25.29955 65.44276 37.00638 25.30752 58.81427 38.50444 25.32448 53.05175 38.96374 25.71081 45.88187 39.15396 25.3067 49.36352 39.07317 25.46733 45.88344 34.34362 25.38949 63.79644 33.05187 25.37403 65.90823 34.20251 25.72543 63.68537 32.79029 25.65111 65.94691 37.30095 25.55497 56.77441 35.95368 25.55132 60.32971 -53.70558 25.29971 47.39509 -53.03297 25.29977 49.75794 -51.59271 25.29977 51.74825 -49.55855 25.29971 53.12588 -47.17595 25.29977 53.72481 -44.73215 25.29977 53.47267 -42.52193 25.29986 52.39997 -40.81197 25.29983 50.63597 -39.80846 25.29981 48.39346 -39.63239 25.29983 45.94301 -39.3725 25.30261 45.83803 -40.93812 25.29986 42.52193 -42.70212 25.29986 40.81196 -44.94462 25.29987 39.80839 -48.05917 25.29931 39.68893 -50.81613 25.29981 40.93816 -52.52614 25.29986 42.70213 -53.52964 25.29981 44.94463 -38.46696 25.32754 53.21727 -37.61573 25.306 56.94543 -36.1233 25.33623 60.47985 -33.71968 25.30303 65.33173 -34.20738 25.73418 63.67276 -35.92449 25.70986 60.29556 -38.19979 25.68246 53.23548 -38.80367 25.56102 49.31391 -39.16748 25.30536 49.35622 -38.99145 25.55928 45.88231 -34.29339 25.45309 63.77676 -33.14329 25.35761 65.83405 -37.31814 25.55484 56.72111 -49.25889 25.57637 38.80446 -53.07537 25.70056 38.22671 -58.81836 25.8 36.48763 -65.46641 25.30572 33.57379 -58.81427 25.30752 37.00638 -53.05175 25.32448 38.50444 -45.88187 25.71081 38.96374 -49.36352 25.3067 39.15396 -45.88344 25.46733 39.07317 -63.79644 25.38949 34.34362 -63.66118 25.74116 34.21192 -65.94691 25.65111 32.79029 -56.77441 25.55497 37.30095 -60.32971 25.55132 35.95368 -53.47267 25.29977 -44.73215 -52.39997 25.29986 -42.52193 -50.63597 25.29983 -40.81197 -48.39346 25.29981 -39.80846 -45.94301 25.29983 -39.63239 -45.83803 25.30261 -39.3725 -42.52193 25.29986 -40.93812 -40.81196 25.29986 -42.70212 -39.80839 25.29987 -44.94462 -39.68893 25.29931 -48.05917 -40.93816 25.29981 -50.81613 -42.70213 25.29986 -52.52614 -44.94463 25.29981 -53.52964 -47.39509 25.29971 -53.70558 -49.75794 25.29977 -53.03297 -51.74825 25.29977 -51.59271 -53.12588 25.29971 -49.55855 -53.72481 25.29977 -47.17595 -53.21727 25.32754 -38.46696 -56.94543 25.306 -37.61573 -60.47985 25.33623 -36.1233 -65.78256 25.32925 -33.24921 -65.33173 25.30303 -33.71968 -63.67276 25.73418 -34.20738 -60.29556 25.70986 -35.92449 -53.23548 25.68246 -38.19979 -49.31391 25.56102 -38.80367 -49.35622 25.30536 -39.16748 -45.88231 25.55928 -38.99145 -63.77676 25.45309 -34.29339 -66.01461 25.67947 -32.72915 -66.03349 25.43534 -32.87073 -56.72111 25.55484 -37.31814 -38.80066 25.57637 -49.29665 -38.22684 25.70045 -53.07491 -36.48763 25.8 -58.81836 -33.64544 25.29955 -65.44276 -37.00638 25.30752 -58.81427 -38.50444 25.32448 -53.05175 -38.96258 25.71752 -45.87618 -39.15396 25.3067 -49.36352 -39.07317 25.46733 -45.88344 -34.34362 25.38949 -63.79644 -33.05187 25.37403 -65.90823 -34.20251 25.72543 -63.68537 -32.79029 25.65111 -65.94691 -37.30168 25.5576 -56.76503 -35.95368 25.55132 -60.32971 -0.4862008 16.26727 -75.52264 0 0 0 -42.53064 0 -62.38104 -47.07351 0 -59.02824 -51.35305 0 -55.34541 -55.34541 0 -51.35304 -59.02829 0 -47.07345 -62.38103 0 -42.53064 -65.38491 0 -37.75 -68.02315 0 -32.75822 -70.28096 0 -27.58325 -72.14575 0 -22.254 -73.60704 0 -16.80041 -74.65673 0 -11.2526 -75.28888 0 -5.642122 -75.5 0 -5.68284e-5 -75.28888 0 5.642056 -74.65672 0 11.25269 -73.60705 0 16.80033 -72.14576 0 22.25396 -70.28095 0 27.58329 -68.02315 0 32.75822 -65.38494 0 37.74996 -62.38099 0 42.53071 -59.02827 0 47.07348 -55.34541 0 51.35304 -51.35305 0 55.3454 -47.07347 0 59.02827 -42.53067 0 62.38101 -37.75001 0 65.38491 -32.7582 0 68.02316 -27.58325 0 70.28096 -22.25408 0 72.14572 -16.80027 0 73.60707 -11.25268 0 74.65673 -5.642122 0 75.28888 0 0 75.5 5.642126 0 75.28888 11.25269 0 74.65672 16.8003 0 73.60706 22.25409 0 72.14572 27.5832 0 70.28099 32.75822 0 68.02315 37.75005 0 65.38488 42.53066 0 62.38102 47.07347 0 59.02827 51.35304 0 55.34542 55.34539 0 51.35306 59.02828 0 47.07347 62.38102 0 42.53066 65.38491 0 37.75001 68.02315 0 32.75822 70.28096 0 27.58326 72.14574 0 22.25403 73.60705 0 16.80033 74.65673 0 11.25265 75.28888 0 5.642082 75.5 0 -1.07625e-4 75.28888 0 -5.642122 74.65671 0 -11.25276 73.60705 0 -16.80033 72.14575 0 -22.25398 70.28096 0 -27.58325 68.02316 0 -32.7582 65.38491 0 -37.75 62.38103 0 -42.53064 59.02826 0 -47.07349 44.8761 25.31898 -39.40667 43.48686 25.3073 -39.99085 41.44347 25.30749 -41.43285 39.99688 25.30743 -43.47473 44.56692 25.6818 -39.21695 43.34615 25.60125 -39.69022 42.2019 25.68309 -40.34412 42.33251 25.37863 -40.49418 41.19239 25.61636 -41.20074 40.33687 25.68261 -42.21275 40.52142 25.37863 -42.29398 39.67883 25.60234 -43.36875 39.21373 25.68116 -44.57973 39.41426 25.37863 -44.59476 39.41105 25.3172 44.86955 39.99102 25.30836 43.4811 41.43285 25.30749 41.44347 43.47473 25.30743 39.99688 39.21695 25.6818 44.56692 39.69022 25.60125 43.34615 40.34412 25.68309 42.2019 40.49418 25.37863 42.33251 41.20082 25.61577 41.19285 42.21275 25.68261 40.33687 42.29398 25.37863 40.52142 43.36875 25.60234 39.67883 44.57973 25.68116 39.21373 44.59476 25.37863 39.41426 38.97613 68.24309 -45.65153 38.75869 59.97725 -49.22349 38.56218 55.75922 -51.09707 37.76799 47.15107 -55.02133 38.09606 50.25656 -53.62874 36.72093 40.55104 -58.33718 33.643 28.03346 -64.59831 35.56045 34.98571 -61.09295 54.03513 25.28632 -49.98716 50.15081 25.28632 -53.88328 60.72118 25.29285 -41.59428 41.30445 25.29381 -60.91817 45.95523 25.29232 -57.45146 62.68041 31.74537 -34.75813 58.8225 39.31781 -36.52556 55.92985 45.53259 -37.51232 45.89287 67.72677 -38.95142 45.77609 67.90071 38.96826 49.22399 59.97643 38.75881 51.09708 55.7592 38.56218 55.02133 47.15107 37.76799 53.62874 50.25656 38.09606 58.33834 40.53752 36.72091 64.94921 27.41131 33.43218 63.29324 30.66785 34.39846 61.21456 34.61679 35.48678 41.59428 25.29285 60.72118 53.88328 25.28632 50.15081 57.45146 25.29232 45.95523 49.98716 25.28632 54.03513 60.91817 25.29381 41.30445 36.52556 39.31781 58.8225 34.71184 31.59916 62.79029 38.49097 54.60689 51.60554 38.9611 68.19482 45.7095 -44.87611 25.31898 39.40666 -43.48686 25.3073 39.99085 -41.44347 25.30749 41.43285 -39.99688 25.30743 43.47473 -44.56692 25.6818 39.21695 -43.34615 25.60125 39.69022 -42.2019 25.68309 40.34412 -42.33251 25.37863 40.49418 -41.19285 25.61577 41.20082 -40.33687 25.68261 42.21275 -40.52142 25.37863 42.29398 -39.67883 25.60234 43.36875 -39.21373 25.68116 44.57973 -39.41426 25.37863 44.59476 -39.40666 25.31898 -44.87611 -39.99232 25.30646 -43.48789 -41.43486 25.30837 -41.43874 -43.47473 25.30743 -39.99688 -39.21695 25.6818 -44.56692 -39.69022 25.60125 -43.34615 -40.34412 25.68309 -42.2019 -40.49418 25.37863 -42.33251 -41.20082 25.61577 -41.19285 -42.21275 25.68261 -40.33687 -42.29398 25.37863 -40.52142 -43.36875 25.60234 -39.67883 -44.57973 25.68116 -39.21373 -44.59476 25.37863 -39.41426 -38.97663 68.2558 45.64753 -38.75881 59.97643 49.22399 -38.56218 55.7592 51.09708 -37.76799 47.15107 55.02133 -38.09606 50.25656 53.62874 -36.73011 40.60716 58.31159 -33.43218 27.41131 64.94921 -34.39846 30.66785 63.29324 -35.57297 35.05052 61.06713 -63.74286 25.29387 36.72356 -60.72118 25.29285 41.59428 -50.15081 25.28632 53.88328 -45.95523 25.29232 57.45146 -54.03513 25.28632 49.98716 -41.30445 25.29381 60.91817 -62.66448 31.76722 34.76457 -58.8225 39.31781 36.52556 -52.53932 52.51095 38.32654 -45.89287 67.72677 38.95142 -45.77609 67.90071 -38.96826 -49.22399 59.97643 -38.75881 -51.09708 55.7592 -38.56218 -55.02133 47.15107 -37.76799 -53.62874 50.25656 -38.09606 -58.33834 40.5377 -36.72089 -64.94921 27.41131 -33.43218 -63.29324 30.66785 -34.39846 -61.06711 35.05111 -35.57297 -53.88328 25.28632 -50.15081 -57.45146 25.29232 -45.95523 -49.98716 25.28632 -54.03513 -41.59428 25.29285 -60.72118 -60.91817 25.29381 -41.30445 -34.66447 31.46504 -62.86858 -36.4468 38.85792 -59.04357 -38.49097 54.60689 -51.60554 -38.9611 68.19482 -45.7095 55.3454 0 -51.35305 51.35304 0 -55.34541 47.0735 0 -59.02825 42.53064 0 -62.38104 37.75008 0 -65.38486 32.75822 0 -68.02315 27.58324 0 -70.28097 22.25407 0 -72.14572 16.80033 0 -73.60705 -16.80033 0 -73.60705 -22.25411 0 -72.14571 -27.58318 0 -70.28099 -32.75822 0 -68.02315 -37.75011 0 -65.38485 11.25259 0 -74.65673 5.642198 0 -75.28888 -5.641977 0 -75.28889 -11.25279 0 -74.65671 -11.40171 17.81662 -74.58885 -5.863621 17.96506 -75.21653 5.50368 17.74532 -75.25721 -1.88514e-5 0 -75.5264 11.15802 17.74829 -74.63467 -32.88048 17.81664 -67.91444 -27.68681 17.78367 -70.19781 -22.36352 17.78361 -72.07055 -16.95971 17.9611 -73.51644 16.77275 17.84934 -73.56584 22.07068 17.96107 -72.14696 27.42039 17.81657 -70.29666 32.61708 17.88964 -68.03929 37.58027 17.85939 -65.4286 42.47522 17.76567 -62.37258 47.03077 17.84935 -59.00309 51.2624 17.74825 -55.38052 55.26501 18.06684 -51.3457 58.91828 17.78368 -47.14794 62.27692 17.78364 -42.61311 65.25135 17.96114 -37.8756 67.91444 17.81664 -32.88048 70.14016 17.96849 -27.78907 72.04346 17.81937 -22.439 73.52826 17.81658 -16.94377 74.5987 17.7837 -11.37217 75.22303 17.96105 -5.813294 75.4551 17.81655 -0.1574373 75.25981 17.74822 5.549404 74.61356 17.84937 11.22834 73.59458 17.9611 16.61738 72.14923 17.81653 22.09038 70.28052 17.74825 27.48608 67.94671 17.97595 32.79545 65.40233 17.8604 37.62196 62.41974 17.78365 42.40362 59.0964 17.96113 46.90324 55.41954 17.81659 51.20714 51.41905 17.78363 55.23019 47.22863 17.9685 58.83307 42.67728 17.81941 62.22875 37.86387 17.81662 65.26733 32.85523 17.78367 67.93252 27.72738 17.9611 70.1676 22.39124 17.81651 72.05643 16.88032 17.74828 73.55196 11.23332 17.80746 74.61718 5.686542 18.06683 75.22145 0.1756091 17.96109 75.44712 -5.512766 17.78357 75.2589 -11.0713 17.9611 74.63059 -16.63687 17.81659 73.59832 -22.12125 17.7836 72.14529 -27.40056 17.96108 70.29586 -32.7047 17.76571 68.00653 -37.71149 17.84934 65.35368 -42.4591 17.88871 62.37686 -47.0475 17.80426 58.9957 -51.23209 17.86033 55.39088 -55.23017 17.78364 51.41906 -58.87749 17.96113 47.17773 -62.32633 17.76567 42.54306 -65.33597 17.84935 37.74216 -67.89936 17.96111 32.89342 -70.18165 17.8166 27.7134 -72.07057 17.7836 22.36349 -73.54026 17.78366 16.91513 -74.57827 17.96113 11.4184 -75.23236 17.81659 5.79564 -75.44412 17.96844 0.2430362 -75.26126 17.81933 -5.432514 -74.63578 17.81661 -11.09035 -73.59667 17.78367 -16.66799 -72.1453 17.78361 -22.12123 -70.26097 17.88872 -27.51444 -67.98908 17.84937 -32.72222 -65.41403 17.78373 -37.62042 -62.43623 17.96109 -42.35582 -59.02402 17.76572 -47.01753 -55.32348 17.8493 -51.30859 -51.41904 17.78363 -55.23019 -47.17778 17.96112 -58.87746 -42.61308 17.78363 -62.27693 -37.8756 17.96112 -65.25135 42.98808 73.42521 -39.85147 40.08907 74.28108 -42.55641 39.45338 71.82337 -43.8604 39.96842 74.03459 42.72403 43.10423 73.38357 39.78179 43.8604 71.82337 39.45338 38.89008 68.01789 -45.96587 39.16947 70.56118 -44.64624 37.44886 45.64667 -55.95893 38.70029 60.89871 -49.05552 38.22893 52.78065 -52.65649 34.35446 30.69178 -63.37147 32.76167 25.62592 -65.99263 32.6171 25.57964 -66.11898 33.25171 25.10961 -65.96778 33.65229 25.25432 -65.55656 36.83032 25.17045 -63.98021 65.65933 25.22441 -33.59373 63.9291 25.10355 -36.99466 41.62073 25.01028 -61.0888 46.05718 25.10671 -57.73862 50.23527 25.02544 -54.21181 54.16625 25.01035 -50.30046 57.81349 25.01935 -46.05184 61.04746 25.03604 -41.65038 65.95617 25.07534 -33.30649 57.61622 25.2532 -45.91011 66.11096 25.5669 -32.6406 58.38117 40.64295 -36.64147 52.70516 52.20167 -38.29819 51.17433 55.62429 -38.54789 60.76638 35.52457 -35.69557 60.81656 35.79747 -35.6133 63.34741 30.85327 -34.32484 49.14155 60.42379 -38.77656 52.6163 52.86849 -38.23748 46.01525 67.92754 -38.87768 44.6592 70.56617 -39.15735 46.01331 67.91402 38.88536 44.5338 70.97939 39.13862 44.78921 70.16649 39.13697 52.57915 52.97139 38.23744 55.94953 45.66311 37.45234 49.05915 60.88668 38.70098 60.92054 35.48211 35.60605 63.99237 29.62539 33.95302 66.11833 25.57325 32.62197 65.96767 25.09591 33.26461 65.99119 25.62593 32.76313 65.58443 25.24518 33.64445 63.78855 25.17397 37.14998 33.59373 25.22441 65.65933 36.93553 25.1105 63.95559 61.03698 25.0258 41.67953 57.81814 25.07334 46.00661 50.30036 25.01035 54.16634 54.23398 25.01953 50.21722 46.0939 25.03603 57.76591 33.32445 25.06615 65.9526 41.70595 25.01965 61.02209 45.91011 25.2532 57.61622 32.63345 25.57255 66.11295 35.60214 35.72647 60.8473 36.63864 40.63853 58.38576 38.12204 50.56283 53.48293 35.69557 35.52455 60.76638 37.51188 45.54278 55.92961 34.28429 30.77729 63.39514 38.77599 60.41487 49.1464 38.22489 52.77786 52.66358 38.88068 67.99011 45.98662 39.24026 70.99645 44.39296 -42.98808 73.42521 39.85147 -40.08907 74.28108 42.55641 -39.45338 71.82337 43.8604 -39.96842 74.03459 -42.72403 -43.09401 73.41242 -39.7871 -43.8604 71.82337 -39.45338 -38.89088 68.01898 45.96387 -39.16936 70.56013 44.64671 -38.22681 52.81123 52.64821 -38.69934 60.8839 49.06262 -37.44884 45.6445 55.95959 -34.10696 30.1045 63.73379 -32.62238 25.57255 66.1181 -33.25098 25.11011 65.96778 -32.76313 25.62593 65.99119 -33.65229 25.25432 65.55656 -36.86078 25.25092 63.79116 -63.9583 25.10979 36.93215 -36.92481 25.0163 64.03332 -41.62201 25.03594 61.0669 -46.01692 25.10105 57.77788 -50.25749 25.01033 54.20615 -54.21155 25.02588 50.2374 -57.75091 25.02554 46.12294 -61.05572 25.01038 41.66909 -57.61622 25.2532 45.91011 -65.97426 25.1058 33.24676 -66.10221 25.59665 32.6383 -65.90959 25.4035 33.01502 -65.69856 25.21357 33.56435 -63.37474 30.80633 34.30928 -60.84597 35.73942 35.59941 -57.62765 42.19643 36.92314 -48.66265 61.24479 38.81921 -51.17433 55.62429 38.54789 -60.76638 35.52455 35.69557 -55.83181 45.56089 37.5472 -50.07899 58.51061 38.62775 -53.57528 50.74974 38.04834 -46.02156 67.92029 38.87562 -44.65707 70.59448 39.15599 -46.26904 67.36656 -38.85749 -44.53426 70.9783 -39.13858 -44.78921 70.16649 -39.13697 -52.7115 52.70357 -38.2052 -55.94825 45.66811 -37.45219 -49.05271 60.90836 -38.69964 -64.1554 29.31685 -33.85488 -65.82218 25.08588 -33.55101 -65.55656 25.25432 -33.65229 -63.79116 25.25092 -36.86078 -33.59373 25.22441 -65.65933 -64.0657 25.03167 -36.84797 -61.11009 25.01942 -41.57718 -57.7136 25.10181 -46.09665 -54.14648 25.02586 -50.30755 -50.30791 25.02549 -54.14437 -46.11362 25.01037 -57.77239 -41.60047 25.0259 -61.09081 -37.02466 25.07762 -63.93958 -33.30236 25.07821 -65.95635 -45.91011 25.2532 -57.61622 -32.60157 25.59648 -66.1258 -35.58637 35.69765 -60.87216 -38.12204 50.56283 -53.48293 -35.69557 35.52455 -60.76638 -37.50594 45.49373 -55.95067 -36.62977 40.63221 -58.39718 -34.30695 30.8923 -63.34622 -38.66623 61.58041 -48.81361 -38.23416 52.8239 -52.63638 -38.90669 68.59259 -45.71606 -38.81698 61.16774 -48.73159 -39.24024 70.99623 -44.39306 0 18.55348 -75.38114 -0.03610777 22.08357 -74.79371 -5.696189 21.907 -74.62043 -11.0616 22.01484 -73.98454 -16.52078 22.04047 -72.95561 -21.98972 21.92628 -71.52861 -32.17313 22.24218 -67.48163 -27.28612 21.9828 -69.6608 -37.47407 21.34239 -64.90701 -42.21979 21.34239 -61.92507 -46.72941 21.34239 -58.59682 -50.97769 21.34239 -54.94088 -61.92507 21.34239 -42.21979 -58.47706 22.07851 -46.63366 -54.94088 21.34239 -50.97769 -64.90701 21.34239 -37.47407 -69.76727 21.34239 -27.38163 -67.38363 22.10128 -32.46562 -71.48513 22.08746 -21.99673 -69.20203 23.69374 -27.11044 -72.9853 21.90649 -16.5475 -73.95659 22.02288 -11.23566 -74.59114 22.01556 -5.691592 -73.968 22.08364 11.08271 -74.60343 22.00236 5.55966 -74.83251 21.92589 -0.06321078 -72.94844 21.91745 16.69729 -71.47616 22.09859 22.01669 -67.5061 22.08955 32.2071 -69.20247 23.69276 27.11016 -69.76727 21.34239 27.38163 -64.77835 21.91425 37.47204 -61.92507 21.34239 42.21979 -58.59682 21.34239 46.72941 -46.6287 22.07843 58.481 -50.97769 21.34239 54.94088 -54.94088 21.34239 50.97769 -42.21979 21.34239 61.92507 -37.47407 21.34239 64.90701 -27.4065 21.99315 69.61187 -32.30308 22.1823 67.43722 -22.11053 21.92541 71.49163 -16.65334 22.02385 72.92887 -11.20482 22.07585 73.95126 -5.54039 21.91643 74.62985 -0.1437824 22.03485 74.80208 5.387728 22.07259 74.60192 11.35947 22.19327 73.90333 27.50964 22.31408 69.49713 22.00753 22.03861 71.49179 16.78336 21.89938 72.93306 32.18733 22.14468 67.50214 37.48006 21.99703 64.74784 42.21979 21.34239 61.92507 46.72941 21.34239 58.59682 50.97769 21.34239 54.94088 54.94088 21.34239 50.97769 58.59682 21.34239 46.72941 66.90438 23.73103 32.32485 67.52596 21.34239 32.51878 64.68914 22.01289 37.56689 61.92507 21.34239 42.21979 69.68363 21.91542 27.28627 71.44049 22.03003 22.17641 72.89582 22.03415 16.78874 73.97564 21.92853 11.28565 74.60975 22.00399 5.489947 74.83061 21.93447 0.07267105 74.73858 21.34239 -5.600882 74.03627 23.74035 -6.290402 71.46441 22.08113 -22.06838 72.92042 22.02835 -16.68916 73.98481 21.88994 -11.28823 69.62773 21.90761 -27.43375 67.41766 22.25275 -32.28208 64.77218 22.07758 -37.4013 61.92507 21.34239 -42.21979 58.59682 21.34239 -46.72941 54.94088 21.34239 -50.97769 50.97769 21.34239 -54.94088 37.5652 21.91485 -64.71739 42.21979 21.34239 -61.92507 46.60876 21.9126 -58.54971 32.45807 22.1209 -67.38233 22.17106 22.08897 -71.43092 27.72095 22.30513 -69.40906 16.6679 21.9245 -72.95323 11.35103 22.13751 -73.91371 5.51006 22.04895 -74.59877 40.90342 75.74127 -41.47956 39.61243 73.08067 -43.3675 41.81423 75.44665 -40.61503 43.45981 72.82868 -39.57004 40.85829 75.71381 41.52976 41.74858 75.56496 40.66197 39.57434 72.97554 43.42491 -43.82333 72.03601 39.44116 -40.89525 75.74724 41.48731 -39.61196 73.0792 43.36842 -43.30714 73.24364 39.63541 -41.81692 75.44653 40.61272 -40.8583 75.71382 -41.52975 -41.74877 75.56471 -40.66183 -39.5742 72.97528 -43.42514 -24.64202 70.47805 54.08034 -50.17045 70.93927 -31.6058 33.44756 70.45741 49.13092 36.79928 72.77095 45.84243 28.98202 70.54674 51.86848 24.51309 70.44758 54.15347 54.6157 72.54701 21.88796 52.72277 72.47705 26.14049 50.59055 70.48886 31.18908 47.76727 70.54475 35.33583 47.7615 70.53407 -35.34812 50.58413 70.48466 -31.20313 53.08675 70.50515 -26.70759 19.38349 72.59366 -55.53642 24.47199 70.56149 -54.13813 33.37532 70.63973 -49.12031 28.35551 72.44493 -51.57268 36.78121 72.94448 -45.81976 -33.02481 70.70316 -49.33576 -24.62996 70.36283 -54.12031 -28.73713 72.83437 -51.26743 -52.99705 70.55979 -26.84799 -54.66617 72.53292 -21.76867 -47.77611 70.33345 -35.41951 -47.38438 72.40269 34.91125 -50.61606 70.42761 31.17746 -53.03653 70.44626 26.8406 -28.39774 72.4604 51.54502 -33.37894 70.35409 49.2191 -37.3781 70.18595 46.31056 57.45709 72.47256 -12.74569 56.23303 72.47145 -17.36679 54.4867 72.68701 -22.11306 15.0521 70.31951 -57.53876 9.880112 72.47991 -58.01741 4.721823 72.44725 -58.66955 -0.1438599 72.46821 -58.8542 -5.194669 72.68769 -58.573 -10.04129 72.48616 -57.98899 -19.78661 72.45535 -55.43152 -14.77064 72.45624 -56.97224 -56.3187 72.46377 -17.09243 -57.52785 72.68828 -12.17873 -58.38874 72.48602 -7.370765 -58.79772 72.47264 -2.540895 -58.79872 72.43762 2.705914 -58.35712 72.49991 7.584075 -57.45334 72.67995 12.52977 -56.22635 72.4981 17.3767 -54.59541 72.50214 21.96268 -19.63026 72.48785 55.47909 -14.61181 72.41835 57.02277 -9.830677 72.50044 58.02081 -4.837704 72.68112 58.60423 0.04292368 72.44689 58.85921 4.865246 72.48722 58.64707 10.03261 72.54417 57.97669 14.96867 70.10048 57.62339 19.66319 72.67736 55.41863 56.29327 72.45063 17.18718 58.37429 72.54151 7.379941 57.50299 72.50723 12.49382 58.35493 72.53286 -7.553035 58.77625 72.59106 -2.469169 58.75932 72.69865 2.225306 47.16426 73.38914 -34.8825 49.95259 73.38914 -30.75703 -36.85278 73.38914 -45.6413 5.020676 79.92088 57.76757 4.93084 76.73583 57.93317 9.735363 77.51728 57.23417 14.41682 77.71781 56.2235 19.36962 76.73583 54.82137 19.36442 79.79283 54.66301 23.83791 77.51609 52.93676 28.20165 79.88995 50.66764 28.35587 76.73583 50.75933 32.5202 77.64112 48.08504 36.31418 77.32985 45.30828 39.95862 79.4345 42.04687 43.6065 77.30494 38.33551 46.7465 76.73583 34.57353 46.63981 79.82488 34.46252 53.85137 77.67156 21.66775 51.74523 79.81938 26.17948 51.91705 76.73583 26.17603 49.38655 77.5089 30.52216 55.48526 77.49543 17.09279 57.57867 77.6169 7.40009 56.72136 77.7154 12.3203 57.99654 77.66713 -2.386209 58.01301 77.44553 2.46565 57.60576 77.69927 -7.121521 56.7597 77.67969 -12.15683 51.87028 77.63583 -26.0654 53.88822 77.71231 -21.56704 55.54925 77.48509 -16.88745 49.50254 77.4636 -30.34199 43.72507 77.34956 -38.20346 46.73309 77.68086 -34.42973 36.41559 77.25469 -45.23091 40.14276 79.72961 -41.85911 32.58222 77.69341 -48.03767 28.42338 77.6336 -50.61779 24.05702 77.45401 -52.84449 14.767 77.61806 -56.14433 19.44684 77.66944 -54.69252 9.981328 77.44651 -57.19927 -4.752782 77.61012 -57.86027 0.1845951 77.44354 -58.06377 5.051837 77.65631 -57.82776 -9.617547 77.43963 -57.26256 -14.4835 77.64274 -56.21319 -19.15658 77.60847 -54.80424 -23.7128 77.43876 -53.00234 -28.16945 77.64035 -50.75619 -32.31927 77.62313 -48.22738 -36.20791 77.31492 -45.40126 -40.15462 79.75543 -41.84708 -43.67937 77.25392 -38.26775 -46.61914 77.67423 -34.58625 -53.76639 77.61022 -21.90673 -51.73976 77.60987 -26.32563 -49.29625 77.42792 -30.68643 -55.42565 77.43955 -17.3122 -57.59023 77.65954 -7.261985 -56.72365 77.58907 -12.35844 -57.99418 77.65821 -2.546925 -58.03108 77.41603 2.112911 -57.60652 77.53974 7.235233 -56.7719 77.70671 12.09941 -51.91705 76.73583 26.17603 -53.92013 77.57659 21.51992 -55.63855 77.43334 16.62279 -49.56974 77.63016 30.20283 -51.73391 79.79406 26.20124 -43.61351 77.33512 38.32576 -46.80616 77.62655 34.33872 -36.66748 77.14099 45.03904 -40.00115 79.49696 42.00505 -32.64961 77.54924 48.0081 -28.35587 76.73583 50.75933 -24.20734 77.65338 52.75664 -28.17716 79.86482 50.68079 -14.57175 77.68035 56.18633 -19.47983 77.60844 54.68744 -9.826152 76.73583 57.3063 -0.07576781 77.55512 58.05139 -5.010425 77.49577 57.84171 -9.80201 79.65773 57.16573 -36.85278 73.38914 45.6413 -49.95259 73.38914 30.75703 -52.38101 73.38914 26.40995 -52.38101 73.38914 -26.40995 -49.95259 73.38914 -30.75703 -47.16426 73.38914 -34.8825 -32.84936 73.38914 -48.60221 -24.16304 73.38914 -53.45468 14.78159 73.38914 -56.76936 24.16304 73.38914 -53.45468 32.84936 73.38914 -48.60221 52.38101 73.38914 -26.40995 49.95259 73.38914 30.75703 47.16426 73.38914 34.8825 32.84936 73.38914 48.60221 28.60927 73.38914 51.21295 24.16304 73.38914 53.45468 14.78159 73.38914 56.76936 -24.16304 73.38914 53.45468 -32.84936 73.38914 48.60221 -48.46958 84.7599 31.8416 -21.86418 84.79046 53.70479 -12.40816 84.7876 56.64381 -34.87393 84.79353 46.32305 -54.9903 84.78987 18.3948 -55.73819 84.75836 -16.0163 30.78121 84.78448 49.14488 34.87057 84.78856 46.32981 53.21109 84.78448 23.04958 54.98929 84.78638 18.40518 0.001645803 84.7844 -57.98888 -9.915698 84.87994 -57.03175 -4.976317 84.88102 -57.67368 -14.78172 84.8808 -55.96876 -9.91958 84.80235 -57.12859 -19.53829 84.88139 -54.49126 -24.15025 84.87993 -52.60901 -24.17804 84.80234 -52.70196 -28.58348 84.88139 -50.33911 -32.80503 84.8808 -47.6952 -36.78376 84.88138 -44.69896 -43.8963 84.87994 -37.73668 -40.49021 84.88102 -41.371 -46.97817 84.8808 -33.82386 -43.94092 84.79692 -37.83922 -52.0772 84.87993 -25.27662 -49.71211 84.88138 -29.66055 -52.13949 84.79752 -25.37768 -54.05778 84.88101 -20.70689 -56.80521 84.87993 -11.14051 -55.6415 84.8884 -15.98645 -57.55311 84.8808 -6.216247 -56.89882 84.80113 -11.16773 -57.87457 84.88101 -1.246086 -57.76675 84.87993 3.734221 -57.86362 84.80236 3.724814 -57.23262 84.88101 8.685935 -54.89873 84.88102 18.36156 -56.27424 84.88139 13.57396 -53.11698 84.8808 23.01278 -48.3926 84.88731 31.77449 -50.94155 84.87993 27.49365 -51.04441 84.80077 27.50833 -42.23212 84.87993 39.59028 -45.47914 84.87993 35.81326 -45.56388 84.80124 35.86248 -38.67284 84.8808 43.07451 -42.33598 84.80419 39.61785 -34.82725 84.88101 46.23938 -30.72256 84.87993 49.06187 -30.77147 84.80242 49.14453 -26.39195 84.88101 51.52168 -17.17596 84.87993 55.28046 -21.86514 84.88138 53.59998 -12.36039 84.8808 56.55283 -17.20316 84.80242 55.37255 -2.490421 84.88102 57.83438 -7.453331 84.88138 57.40636 2.490291 84.8808 57.83425 7.457794 84.8836 57.40736 12.35018 84.88288 56.55673 10.24613 84.87993 56.97332 17.17595 84.87993 55.28046 17.20316 84.80242 55.37255 26.39131 84.8808 51.52185 21.8645 84.87993 53.5993 21.86818 84.80189 53.7021 30.72244 84.88101 49.06271 34.82639 84.88101 46.24003 38.67246 84.88101 43.07503 42.23254 84.88138 39.59109 45.47948 84.8808 35.81367 48.38949 84.87993 31.77105 48.45273 84.80094 31.85211 50.94156 84.87993 27.49364 51.04441 84.80078 27.50835 53.11713 84.88138 23.01332 54.89857 84.8808 18.36161 56.27383 84.88101 13.57474 57.2327 84.88138 8.686766 57.7674 84.88101 3.734195 57.87444 84.8808 -1.245432 57.5535 84.88138 -6.215801 56.80574 84.8808 -11.14048 54.05786 84.8808 -20.70628 55.63723 84.87993 -15.98251 55.73928 84.80097 -15.97979 49.71155 84.87993 -29.65981 52.08304 84.88841 -25.27647 46.97834 84.88102 -33.82385 49.7986 84.80236 -29.70139 43.89679 84.8808 -37.7369 40.48976 84.87993 -41.37053 40.56388 84.80239 -41.43239 32.80521 84.88102 -47.69523 36.78347 84.87993 -44.69808 36.87293 84.79985 -44.75171 28.58371 84.8808 -50.33859 19.53853 84.88102 -54.49094 24.15022 84.87993 -52.60902 24.2003 84.80235 -52.69174 9.915678 84.87993 -57.03176 14.78186 84.88102 -55.96886 4.976289 84.87993 -57.67303 9.943755 84.80236 -57.12438 1.13748e-5 84.88102 -57.88797 5.02705 84.7989 -57.76806 38.73055 84.78185 43.16083 42.33864 84.78919 39.62049 56.37032 84.78137 13.61376 57.34539 84.77825 8.641526 -5.00587 84.78102 -57.77463 -19.59148 84.78112 -54.58143 -32.8809 84.78062 -47.76863 -36.85876 84.78241 -44.76937 -40.55867 84.78441 -41.44518 -47.07686 84.78308 -33.86118 -49.79702 84.78437 -29.71477 -54.16108 84.78063 -20.72611 -57.97625 84.78406 -1.220643 -56.36638 84.78205 13.62774 -53.20519 84.78447 23.06316 -38.71811 84.78245 43.17131 -7.432457 84.78399 57.51083 -2.469629 84.78195 57.9379 2.502084 84.78449 57.9348 7.456892 84.76834 57.51158 12.41534 84.77539 56.64463 26.46499 84.78339 51.59838 45.56172 84.78449 35.87244 57.86822 84.78445 3.738175 57.97659 84.78327 -1.23375 57.64826 84.78553 -6.269125 56.90444 84.78446 -11.16196 52.16202 84.74681 -25.35526 43.95458 84.78024 -37.82882 28.60712 84.77986 -50.44486 14.78396 84.78059 -56.07525 -14.78516 84.78092 -56.0748 -28.60914 84.78023 -50.44358 -57.64961 84.78568 -6.257052 -57.35013 84.77561 8.623339 -26.45325 84.78338 51.6045 54.16066 84.78111 -20.72658 47.07053 84.78227 -33.87104 32.88032 84.78102 -47.76882 19.59124 84.78149 -54.58135</float_array>
          <technique_common>
            <accessor source="#eSeries_UR5e_013-mesh-positions-array" count="1337" stride="3">
              <param name="X" type="float"/>
              <param name="Y" type="float"/>
              <param name="Z" type="float"/>
            </accessor>
          </technique_common>
        </source>
        <source id="eSeries_UR5e_013-mesh-normals">
          <float_array id="eSeries_UR5e_013-mesh-normals-array" count="7512">3.19877e-4 1 2.16422e-4 7.56971e-6 1 -7.14413e-5 -8.30863e-5 1 -2.58253e-4 -2.68053e-5 1 -1.8645e-6 -3.25037e-4 1 2.00685e-6 -7.10623e-5 1 2.539e-4 2.99513e-4 1 3.25521e-5 -2.47151e-6 1 2.33256e-5 9.40548e-5 1 4.49852e-5 4.33891e-5 1 2.47826e-4 -1.9069e-6 1 1.83175e-5 -3.26627e-5 1 -1.50725e-5 -1.66876e-4 1 -1.75889e-4 1.01395e-4 1 -2.53183e-5 3.26628e-5 1 1.63285e-5 -2.31343e-4 1 -1.16619e-4 4.52397e-6 1 -4.2698e-5 -1.80572e-5 1 -2.512e-6 6.86182e-7 1 2.58211e-4 -2.04094e-4 1 1.97476e-4 3.2206e-5 1 -6.63401e-5 2.49293e-4 1 -1.71866e-4 2.79543e-4 1 7.25306e-5 5.53325e-5 1 5.77314e-6 -1.67965e-4 0.9999998 -6.87566e-4 -7.86591e-6 1 1.62033e-5 -1.65231e-4 1 -5.41329e-4 -2.48729e-4 1 8.61974e-5 1.26646e-4 1 2.22472e-4 4.13589e-5 1 6.12357e-5 -2.04095e-4 1 1.97474e-4 4.52437e-6 1 -4.26983e-5 6.31453e-5 1 -2.90922e-4 -1.73791e-5 1 -8.01972e-6 0.001074254 0.9999993 -6.47259e-4 3.54447e-4 1 3.39761e-4 -1.59948e-5 1 1.06929e-5 1.07451e-5 1 4.26983e-5 0.001150369 0.9999993 4.82856e-4 -1.76055e-5 1 2.51207e-6 -1.3608e-4 1 -2.04326e-4 -1.05149e-5 1 2.16596e-5 6.3144e-5 1 -2.90922e-4 -3.16777e-6 1 3.09645e-5 0.001074194 0.9999992 -6.47245e-4 -2.22825e-4 1 -1.5881e-4 2.70879e-4 1 1.30208e-4 3.22048e-5 1 -6.63394e-5 -1.80571e-5 1 -2.512e-6 -3.74653e-4 1 -5.32517e-5 1.07018e-4 1 2.85764e-4 -1.7379e-5 1 -8.0198e-6 -1.73077e-5 1 -2.56259e-5 -1.07453e-5 1 -4.26989e-5 -8.91708e-6 1 1.83683e-5 7.88297e-4 0.9999992 -9.73406e-4 -0.1994751 0.6714447 -0.7137029 -0.1709144 0.7258106 -0.6663237 -0.4581497 0.6239071 -0.6331183 -0.4148097 0.7866463 -0.4572972 -0.6903389 0.5782577 -0.434799 -0.5781682 0.7661387 -0.2806299 -0.7281123 0.6813272 -0.07513827 -0.7387177 0.6700898 -0.07263457 -0.6577735 0.7304425 0.183815 -0.7254195 0.6477332 0.2328274 -0.4925934 0.7468116 0.4467933 -0.5304686 0.6701107 0.5191868 -0.2993019 0.7281206 0.6166512 -0.3007553 0.6766898 0.6720396 -0.07035052 0.7281229 0.6818268 -0.05276429 0.6766794 0.7343847 0.183818 0.7304279 0.6577887 0.2328335 0.64772 0.7254291 0.446796 0.7468109 0.492592 0.5886689 0.5798279 0.5632659 0.5507924 0.7906682 0.267342 0.7885844 0.5740607 0.2204293 0.6338197 0.7707114 0.06539607 0.8082894 0.5782932 -0.1106582 0.623274 0.7661507 -0.1566609 0.606059 0.6813271 -0.4104703 0.6125547 0.6701182 -0.4191878 0.3857396 0.7304239 -0.5636363 0.3883612 0.7213767 -0.5734034 0.1675373 0.6098835 -0.7745795 0.08634984 0.7707806 -0.6312218 -0.183818 0.7304279 -0.6577887 -0.2328291 0.6477391 -0.7254135 -0.4467922 0.7468083 -0.4925994 -0.5191934 0.6701111 -0.5304615 -0.6166433 0.7281266 -0.299304 -0.6720391 0.6766923 -0.3007508 -0.6818296 0.7281201 -0.07035338 -0.7343929 0.6766706 -0.05276489 -0.6647621 0.7281299 0.1670873 -0.7563116 0.6075049 0.2427564 -0.4873503 0.800425 0.3490124 -0.6165903 0.4522991 0.6443927 -0.2714286 0.8130291 0.5150827 -0.2204311 0.5740548 0.7885882 -0.06539791 0.770708 0.6338237 0.1106587 0.5782887 0.8082926 0.1566641 0.7661437 0.6232818 0.4104729 0.6813262 0.6060582 0.4191868 0.6701189 0.6125546 0.5636272 0.7304346 0.3857327 0.5734059 0.7213763 0.3883581 0.774567 0.6098995 0.167537 0.631215 0.7707864 0.08634847 0.7136925 0.6714558 -0.1994748 0.6663353 0.7257999 -0.1709147 0.6331174 0.6239062 -0.4581522 0.4572932 0.7866511 -0.4148048 0.434794 0.5782886 -0.6903163 0.2806294 0.7661311 -0.5781785 0.07513165 0.6813107 -0.7281284 0.07263213 0.6701226 -0.7386883 -0.2328335 0.64772 -0.7254291 -0.446796 0.7468109 -0.492592 -0.5886689 0.5798279 -0.5632659 -0.5507924 0.7906682 -0.267342 -0.7885844 0.5740607 -0.2204293 -0.6338197 0.7707114 -0.06539607 -0.8082894 0.5782932 0.1106582 -0.623274 0.7661507 0.1566609 -0.606059 0.6813271 0.4104703 -0.6125547 0.6701182 0.4191878 -0.4018341 0.7281344 0.5552924 -0.4128982 0.6766528 0.6096361 -0.169701 0.7304363 0.6615621 -0.161076 0.6477187 0.7446577 0.1570809 0.7499375 0.642588 0.1709144 0.7258106 0.6663237 0.4581497 0.6239071 0.6331183 0.4148097 0.7866463 0.4572972 0.6903389 0.5782577 0.434799 0.5781682 0.7661387 0.2806299 0.7281405 0.6812978 0.07513159 0.7386899 0.6701208 0.07263219 0.657787 0.7304288 -0.1838206 0.7254195 0.6477332 -0.2328274 0.4925934 0.7468116 -0.4467933 0.5304686 0.6701107 -0.5191868 0.2993019 0.7281206 -0.6166512 0.3007553 0.6766898 -0.6720396 0.07035052 0.7281229 -0.6818268 0.05276429 0.6766794 -0.7343847 -0.1566641 0.7661437 -0.6232818 -0.4104729 0.6813262 -0.6060582 -0.4191868 0.6701189 -0.6125546 -0.5636272 0.7304346 -0.3857327 -0.5734059 0.7213763 -0.3883581 -0.774567 0.6098995 -0.167537 -0.6312018 0.7707983 -0.08633953 -0.7137366 0.6714023 0.1994972 -0.6663353 0.7257999 0.1709147 -0.6331174 0.6239062 0.4581522 -0.4572932 0.7866511 0.4148048 -0.434794 0.5782886 0.6903163 -0.2806294 0.7661311 0.5781785 -0.07513165 0.6813107 0.7281284 -0.07263213 0.6701226 0.7386883 0.2328291 0.6477391 0.7254135 0.4467922 0.7468083 0.4925994 0.5191934 0.6701111 0.5304615 0.6166433 0.7281266 0.299304 0.6720391 0.6766923 0.3007508 0.6818296 0.7281201 0.07035338 0.7343929 0.6766706 0.05276489 0.7254317 0.6477172 -0.2328336 0.4925966 0.7468052 -0.4468004 0.5632674 0.5798295 -0.5886661 0.2673409 0.7906687 -0.5507922 0.2204311 0.5740548 -0.7885882 0.06539791 0.770708 -0.6338237 -0.1106587 0.5782887 -0.8082926 7.76924e-5 1 1.84303e-4 1.19833e-4 1 1.64036e-4 1.3432e-4 1 1.28464e-4 1.65757e-4 1 1.19973e-4 2.47487e-4 1 -1.0224e-4 5.21784e-5 1 1.44145e-5 2.82481e-5 1 1.59597e-4 1.85076e-4 1 -8.9182e-6 1.94493e-4 1 -5.67814e-5 8.01692e-5 1 -2.55597e-4 4.4919e-5 1 -3.09914e-5 3.1347e-5 1 -4.45589e-5 3.18049e-5 1 -4.39647e-5 1.58789e-4 1 2.83729e-5 5.20128e-5 1 -1.82396e-4 -9.87952e-6 1 -2.05496e-4 -1.99103e-4 1 -1.08748e-4 -1.51385e-5 1 -5.1872e-5 -3.27711e-5 1 -4.53936e-5 -3.04225e-5 1 -4.46849e-5 8.03738e-5 1 -1.39871e-4 -1.53893e-4 1 -1.1069e-4 -1.9953e-4 1 -5.70228e-5 -1.33543e-4 1 1.53006e-4 -5.64439e-5 1 3.38301e-6 -1.3136e-4 1 -1.26137e-4 -1.85209e-4 1 7.7334e-5 -1.63361e-4 1 1.20924e-4 3.17543e-5 1 2.01762e-4 -3.31749e-5 1 4.58586e-5 -2.14635e-5 1 4.8169e-5 -1.54947e-5 1 5.56327e-5 -3.7655e-6 1 5.2354e-5 4.05476e-6 1 5.56316e-5 -1.26984e-4 1 1.3146e-4 -1.58698e-4 1 2.83728e-5 8.91236e-6 1 1.85413e-4 5.67355e-5 1 1.9453e-4 2.55799e-4 1 7.99841e-5 3.04231e-5 1 4.54061e-5 4.62832e-5 1 3.06343e-5 4.39515e-5 1 3.17124e-5 -2.7733e-5 1 1.59598e-4 1.82701e-4 1 5.22126e-5 2.0512e-4 1 -9.88411e-6 1.08789e-4 1 -2.0037e-4 5.18972e-5 1 -1.52564e-5 4.52864e-5 1 -3.11908e-5 4.49187e-5 1 -3.09911e-5 1.3973e-4 1 7.97998e-5 1.11363e-4 1 -1.53156e-4 5.68038e-5 1 -1.992e-4 -1.5351e-4 1 -1.3367e-4 -4.05476e-6 1 -5.56317e-5 1.26985e-4 1 -1.31461e-4 -7.7692e-5 1 -1.85231e-4 -1.19834e-4 1 -1.62985e-4 -2.0097e-4 1 3.15252e-5 -4.58448e-5 1 -3.38302e-5 -4.79611e-5 1 -2.0943e-5 -5.44263e-5 1 -1.57876e-5 -5.24095e-5 1 -4.18832e-6 -1.3136e-4 1 -1.26135e-4 -1.85208e-4 1 7.73334e-5 -1.63362e-4 1 1.20924e-4 -1.28524e-4 1 1.34938e-4 -1.19948e-4 1 1.65713e-4 1.03014e-4 1 2.46786e-4 -1.48545e-5 1 5.18925e-5 9.87952e-6 1 2.05496e-4 1.99103e-4 1 1.08748e-4 1.51385e-5 1 5.1872e-5 3.27711e-5 1 4.53936e-5 3.04225e-5 1 4.46849e-5 -8.03738e-5 1 1.39871e-4 1.53893e-4 1 1.1069e-4 1.9953e-4 1 5.70228e-5 1.33543e-4 1 -1.53006e-4 5.64439e-5 1 -3.38301e-6 1.3136e-4 1 1.26137e-4 1.85209e-4 1 -7.7334e-5 1.63361e-4 1 -1.20924e-4 -3.17543e-5 1 -2.01762e-4 3.31749e-5 1 -4.58586e-5 2.14635e-5 1 -4.8169e-5 1.54947e-5 1 -5.56327e-5 3.7655e-6 1 -5.2354e-5 -4.05476e-6 1 -5.56316e-5 1.26984e-4 1 -1.3146e-4 -7.76924e-5 1 -1.84303e-4 -1.19833e-4 1 -1.64036e-4 -1.3432e-4 1 -1.28464e-4 -1.65757e-4 1 -1.19973e-4 -2.47487e-4 1 1.0224e-4 -5.21784e-5 1 -1.44145e-5 -2.82481e-5 1 -1.59597e-4 -1.85076e-4 1 8.9182e-6 -1.94493e-4 1 5.67814e-5 -8.01692e-5 1 2.55597e-4 -4.4919e-5 1 3.09914e-5 -3.1347e-5 1 4.45589e-5 -3.18049e-5 1 4.39647e-5 -1.58789e-4 1 -2.83729e-5 -5.20128e-5 1 1.82396e-4 -2.55799e-4 1 -7.99841e-5 -3.04231e-5 1 -4.54061e-5 -4.62832e-5 1 -3.06343e-5 -4.39515e-5 1 -3.17124e-5 2.7733e-5 1 -1.59598e-4 -1.82701e-4 1 -5.22126e-5 -2.0512e-4 1 9.88411e-6 -1.08789e-4 1 2.0037e-4 -5.18972e-5 1 1.52564e-5 -4.52864e-5 1 3.11908e-5 -4.49187e-5 1 3.09911e-5 -1.3973e-4 1 -7.97998e-5 -1.11363e-4 1 1.53156e-4 -5.68038e-5 1 1.992e-4 1.5351e-4 1 1.3367e-4 4.05476e-6 1 5.56317e-5 -1.26985e-4 1 1.31461e-4 7.7692e-5 1 1.85231e-4 1.19834e-4 1 1.62985e-4 2.0097e-4 1 -3.15252e-5 4.58448e-5 1 3.38302e-5 4.79611e-5 1 2.0943e-5 5.44263e-5 1 1.57876e-5 5.24095e-5 1 4.18832e-6 1.3136e-4 1 1.26135e-4 1.85208e-4 1 -7.73334e-5 1.63362e-4 1 -1.20924e-4 1.28524e-4 1 -1.34938e-4 1.19948e-4 1 -1.65713e-4 -1.03014e-4 1 -2.46786e-4 1.48545e-5 1 -5.18925e-5 1.58698e-4 1 -2.83728e-5 -8.91236e-6 1 -1.85413e-4 -5.67355e-5 1 -1.9453e-4 -0.04809689 0.008212804 -0.9988089 -0.2800254 -0.00679332 -0.9599686 -0.2325425 0.005710899 -0.9725695 -0.4522032 -0.007343471 -0.8918848 -0.5607277 0.01178777 -0.8279163 -0.7107551 -0.01153916 -0.703345 -0.810079 0.01178705 -0.5862023 -0.8944849 -0.007680892 -0.4470323 -0.9617595 0.007169604 -0.2738015 -0.9739153 -0.002078294 -0.2269026 -0.9974259 0.002768456 0.07165187 -0.9957215 -0.002521216 0.09237092 -0.9221483 0.002390205 0.3868293 -0.9174321 0 0.3978925 -0.8063251 0 0.5914725 -0.7998373 -0.002078294 0.6002133 -0.586242 0.002769231 0.8101314 -0.5692775 -0.002521216 0.8221416 -0.2738068 0.002769291 0.9617807 -0.2537562 -0.002521455 0.967265 0.07165288 0.002768874 0.9974258 0.09236872 -0.002522051 0.9957217 0.3868333 0.002392053 0.9221466 0.3978854 0 0.9174351 0.5914759 0 0.8063227 0.6002162 -0.002079248 0.7998352 0.8101326 0.002768516 0.5862401 0.8032936 0.005709111 0.5955559 0.9196984 -0.007344007 0.3925569 0.9617186 0.01178663 0.2737852 0.9965713 -0.01153695 0.08193063 0.9988088 0.008212625 -0.04810184 0.9599689 -0.006794631 -0.2800241 0.9645538 -0.002520501 -0.2638744 0.8279667 0.002769231 -0.5607705 0.8161347 -0.002519726 -0.5778564 0.5862419 0.002769589 -0.8101314 0.5955573 0.005710124 -0.8032926 0.3925523 -0.007343947 -0.9197004 0.2737886 0.01178771 -0.9617177 0.08192795 -0.01153808 -0.9965715 -0.07165288 0.002768933 -0.9974258 -0.09236919 -0.00252223 -0.9957217 -0.3868348 0.002392113 -0.922146 -0.3978854 0 -0.9174351 -0.5914759 0 -0.8063227 -0.6002141 -0.002077341 -0.7998367 -0.8101312 0.002768516 -0.5862423 -0.822141 -0.002520501 -0.5692784 -0.9617807 0.002768516 -0.2738071 -0.9672651 -0.002521216 -0.2537561 -0.9974259 0.002769231 0.07165229 -0.9957216 -0.002521932 0.09236979 -0.9221477 0.002391159 0.3868306 -0.9174326 0 0.3978914 -0.8063238 0 0.5914746 -0.7998343 -0.002078294 0.6002173 -0.5862399 0.002768516 0.8101328 -0.5955573 0.005709111 0.8032926 -0.3925545 -0.007344484 0.9196994 -0.2737882 0.01178795 0.9617179 -0.08192753 -0.01153808 0.9965716 0.04809659 0.008212864 0.9988089 0.2800254 -0.00679332 0.9599686 0.2638722 -0.002521038 0.9645544 0.5607716 0.002769589 0.8279659 0.5778573 -0.002520084 0.8161339 0.8101304 0.002770006 0.5862432 0.8032925 0.005710124 0.5955573 0.9197007 -0.007343888 0.3925516 0.961718 0.01178675 0.2737876 0.9965714 -0.01153689 0.08193039 0.9988086 0.008212745 -0.04810237 0.9599686 -0.006794691 -0.2800252 0.9725703 0.005711138 -0.2325392 0.8918839 -0.007342994 -0.4522048 0.8279164 0.01178741 -0.5607277 0.7033465 -0.01153844 -0.7107536 0.5862011 0.01178705 -0.8100799 0.4470321 -0.007680356 -0.8944849 0.2738011 0.007170379 -0.9617596 0.2269009 -0.002078294 -0.9739156 -0.07165288 0.002768874 -0.9974258 -0.09236872 -0.002522051 -0.9957217 -0.3868333 0.002392053 -0.9221466 -0.6002162 -0.002079248 -0.7998352 -0.8101326 0.002768516 -0.5862401 -0.8032936 0.005709111 -0.5955559 -0.9196984 -0.007344007 -0.3925569 -0.9617186 0.01178663 -0.2737852 -0.9965713 -0.01153695 -0.08193063 -0.9988088 0.008212625 0.04810184 -0.9599689 -0.006794631 0.2800241 -0.9645538 -0.002520501 0.2638744 -0.8279667 0.002769231 0.5607705 -0.8161347 -0.002519726 0.5778564 -0.5862419 0.002769589 0.8101314 -0.5955573 0.005710124 0.8032926 -0.3925523 -0.007343947 0.9197004 -0.2737886 0.01178771 0.9617177 -0.08192795 -0.01153808 0.9965715 0.04809689 0.008212804 0.9988089 0.2325425 0.005710899 0.9725695 0.4522032 -0.007343471 0.8918848 0.5607277 0.01178777 0.8279163 0.7107551 -0.01153916 0.703345 0.810079 0.01178705 0.5862023 0.8944849 -0.007680892 0.4470323 0.9617595 0.007169604 0.2738015 0.9739153 -0.002078294 0.2269026 0.9974259 0.002768456 -0.07165187 0.9957215 -0.002521216 -0.09237092 0.9221483 0.002390205 -0.3868293 0.9174321 0 -0.3978925 0.8063251 0 -0.5914725 0.7998373 -0.002078294 -0.6002133 0.586242 0.002769231 -0.8101314 0.5692775 -0.002521216 -0.8221416 0.2738068 0.002769291 -0.9617807 0.2537562 -0.002521455 -0.967265 -0.04809659 0.008212864 -0.9988089 -0.2638722 -0.002521038 -0.9645544 -0.5607716 0.002769589 -0.8279659 -0.5778573 -0.002520084 -0.8161339 -0.8101304 0.002770006 -0.5862432 -0.8032925 0.005710124 -0.5955573 -0.9197007 -0.007343888 -0.3925516 -0.961718 0.01178675 -0.2737876 -0.9965714 -0.01153689 -0.08193039 -0.9988086 0.008212745 0.04810237 -0.9599686 -0.006794691 0.2800252 -0.9725703 0.005711138 0.2325392 -0.8918839 -0.007342994 0.4522048 -0.8279164 0.01178741 0.5607277 -0.7033465 -0.01153844 0.7107536 -0.5862011 0.01178705 0.8100799 -0.4470321 -0.007680356 0.8944849 -0.2738011 0.007170379 0.9617596 -0.2269009 -0.002078294 0.9739156 0.07165288 0.002768933 0.9974258 0.09236919 -0.00252223 0.9957217 0.3868348 0.002392113 0.922146 0.6002141 -0.002077341 0.7998367 0.8101312 0.002768516 0.5862423 0.822141 -0.002520501 0.5692784 0.9617807 0.002768516 0.2738071 0.9672651 -0.002521216 0.2537561 0.9974259 0.002769231 -0.07165229 0.9957216 -0.002521932 -0.09236979 0.9221477 0.002391159 -0.3868306 0.9174326 0 -0.3978914 0.8063238 0 -0.5914746 0.7998343 -0.002078294 -0.6002173 0.5862399 0.002768516 -0.8101328 0.5955573 0.005709111 -0.8032926 0.3925545 -0.007344484 -0.9196994 0.2737882 0.01178795 -0.9617179 0.08192753 -0.01153808 -0.9965716 -0.1396267 0.8034952 -0.5787055 -0.4016146 0.4570491 -0.793607 -0.3029038 0.6795109 -0.6682173 -0.4984617 0.7129012 -0.4932625 -0.5239465 0.6837489 -0.5079051 -0.6285683 0.7120323 -0.3129087 -0.7196972 0.6150631 -0.3220763 -0.6125161 0.7772543 -0.1438739 -0.8413031 0.537176 -0.06042534 -0.5983468 0.7993125 0.05550414 -0.8112623 0.5371379 0.2309469 -0.5858574 0.7691279 0.2553694 -0.6214424 0.6304033 0.4651892 -0.5911735 0.6837496 0.4277856 -0.3992158 0.7128985 0.5765436 -0.409207 0.6837446 0.6041879 -0.1779499 0.7128976 0.6783147 -0.1778797 0.683754 0.7077 0.06477069 0.7129138 0.6982542 0.07489049 0.6837576 0.7258561 0.2803733 0.712046 0.6437246 0.3442875 0.6150696 0.7093346 0.376749 0.7772378 0.5039463 0.6055956 0.5372423 0.5870476 0.5140861 0.7691274 0.3796822 0.7135612 0.6304318 0.3055915 0.6660594 0.6837562 0.2980645 0.6989256 0.7128826 0.05745995 0.7278217 0.68377 0.05228924 0.676407 0.712904 -0.185045 0.05682373 0.9918059 0.1144208 0.7794131 0.5073583 -0.3675636 0.490472 0.7992728 -0.3472754 0.5870569 0.5372211 -0.6056054 0.3797001 0.7691015 -0.5141118 0.3055896 0.6304205 -0.7135721 0.2980688 0.6837641 -0.6660493 0.05745708 0.7129108 -0.698897 0.03179728 0.5621841 -0.8264006 0.5720949 0.8195356 -0.03269737 0.5608398 0.827371 -0.0302686 0.7625883 0.4169045 -0.4946209 0.6325182 0.6721957 -0.3848035 0.2504652 0.950453 -0.1841365 0.5552144 0.7830121 -0.2804087 0.7245297 0.5738339 -0.3818003 0.8169921 0.4029371 -0.4125116 0.5259695 0.8228662 -0.2150527 0.7827777 0.5551835 -0.2811235 0.5734071 0.8079729 -0.1355882 0.7848019 0.5794891 -0.2197238 0.5645688 0.8195804 -0.09772413 0.7971374 0.5947154 -0.1043345 0.05924439 0.4095515 -0.9103613 0.02260506 0.7947757 -0.6064822 0.02937555 0.8773273 -0.4789927 0.1547884 0.9579542 -0.2415868 0.4239536 0.591304 -0.6860196 0.481165 0.4636715 -0.7439684 0.09984672 0.8020004 -0.5889196 0.1025047 0.5867511 -0.8032534 0.1848325 0.6865405 -0.7032064 0.2204616 0.570442 -0.7911971 0.1712697 0.8766654 -0.4495826 0.3507336 0.1451408 -0.9251595 0.2656578 0.8105281 -0.5219867 0.3266875 0.7019649 -0.632867 0.3931387 0.4512392 -0.80114 -0.230944 0.5371455 -0.811258 -0.2553719 0.7691214 -0.5858649 -0.4651887 0.6303955 -0.6214508 -0.4277927 0.6837489 -0.5911691 -0.5765494 0.7128906 -0.3992216 -0.6041901 0.6837441 -0.4092047 -0.6783149 0.7128978 -0.177948 -0.7076992 0.6837536 -0.177885 -0.6982437 0.712924 0.06477057 -0.7258672 0.6837457 0.07489144 -0.6437265 0.7120454 0.2803705 -0.7093271 0.6150763 0.344291 -0.5039547 0.7772316 0.3767503 -0.5870587 0.5372319 0.6055939 -0.3796834 0.7691274 0.5140851 -0.3055813 0.6304388 0.7135594 -0.2980662 0.6837519 0.6660631 -0.05745816 0.7128959 0.698912 -0.05228936 0.6837575 0.7278335 0.1850417 0.7129061 0.6764056 -0.1144166 0.9918069 0.05681586 0.3675615 0.5073465 0.7794216 0.3472738 0.7992731 0.4904726 0.605606 0.5372197 0.5870575 0.5141057 0.7691066 0.3796978 0.7135561 0.6304424 0.3055815 0.6660511 0.6837609 0.2980723 0.6989054 0.7129024 0.05745923 0.8263942 0.5621936 0.03179711 0.5786979 0.8035008 -0.1396254 0.7936073 0.4570457 -0.4016178 0.6682136 0.6795154 -0.3029019 0.4932648 0.712902 -0.4984584 0.5079008 0.6837489 -0.5239508 0.3129102 0.7120313 -0.6285688 0.3220689 0.615063 -0.7197008 0.143875 0.7772508 -0.6125203 0.06042641 0.5371618 -0.841312 -0.05550408 0.7993117 -0.5983479 0.03269773 0.8195278 0.572106 0.03026974 0.82738 0.5608264 0.4946371 0.4164428 0.7628301 0.3850947 0.6714789 0.6331021 0.1841328 0.9504485 0.2504852 0.2804167 0.7830091 0.5552147 0.3817981 0.5738378 0.7245278 0.4125528 0.4026679 0.8171038 0.2150515 0.8228758 0.5259549 0.2811185 0.5551818 0.7827807 0.1355908 0.8079776 0.5734 0.2197194 0.5794953 0.7847985 0.0977227 0.8195738 0.5645787 0.104335 0.5947104 0.7971411 0.9103504 0.4095399 0.05949199 0.6031686 0.797288 0.02279901 0.4782553 0.8777284 0.02941024 0.2415843 0.9579555 0.1547847 0.6871766 0.5894554 0.4246537 0.7417477 0.4698159 0.4786266 0.5908954 0.8005014 0.1002008 0.8032236 0.5867523 0.1027311 0.7031992 0.68655 0.1848249 0.7911222 0.5705557 0.2204359 0.4495874 0.8766631 0.1712694 0.9251582 0.145149 0.3507339 0.5220162 0.8105082 0.2656611 0.6328623 0.7019671 0.3266918 0.7952772 0.4633271 0.3909759 0.8112623 0.5371379 -0.2309469 0.5858574 0.7691279 -0.2553694 0.6214424 0.6304033 -0.4651892 0.5911735 0.6837496 -0.4277856 0.3992158 0.7128985 -0.5765436 0.409207 0.6837446 -0.6041879 0.1779499 0.7128976 -0.6783147 0.1778797 0.683754 -0.7077 -0.06477069 0.7129138 -0.6982542 -0.07489049 0.6837576 -0.7258561 -0.2803733 0.712046 -0.6437246 -0.3442875 0.6150696 -0.7093346 -0.376749 0.7772378 -0.5039463 -0.6055956 0.5372423 -0.5870476 -0.5140861 0.7691274 -0.3796822 -0.7135612 0.6304318 -0.3055915 -0.6660594 0.6837562 -0.2980645 -0.6989256 0.7128826 -0.05745995 -0.7278217 0.68377 -0.05228924 -0.676407 0.712904 0.185045 -0.05682373 0.9918059 -0.1144208 -0.7794131 0.5073583 0.3675636 -0.490472 0.7992728 0.3472754 -0.5870569 0.5372211 0.6056054 -0.3797001 0.7691015 0.5141118 -0.3055896 0.6304205 0.7135721 -0.2980688 0.6837641 0.6660493 -0.05745708 0.7129108 0.698897 -0.03179728 0.5621841 0.8264006 0.1396267 0.8034952 0.5787055 0.4016146 0.4570491 0.793607 0.3029038 0.6795109 0.6682173 0.4984617 0.7129012 0.4932625 0.5239465 0.6837489 0.5079051 0.6285683 0.7120323 0.3129087 0.7196972 0.6150631 0.3220763 0.6125161 0.7772543 0.1438739 0.8413031 0.537176 0.06042534 0.5983468 0.7993125 -0.05550414 -0.5720949 0.8195356 0.03269737 -0.5608398 0.827371 0.0302686 -0.7628303 0.4164302 0.4946472 -0.6331114 0.6714672 0.3850999 -0.2504652 0.950453 0.1841365 -0.5552144 0.7830121 0.2804087 -0.7245297 0.5738339 0.3818003 -0.8171024 0.4026755 0.4125484 -0.5259695 0.8228662 0.2150527 -0.7827777 0.5551835 0.2811235 -0.5734071 0.8079729 0.1355882 -0.7848019 0.5794891 0.2197238 -0.5645688 0.8195804 0.09772413 -0.7971374 0.5947154 0.1043345 -0.05924439 0.4095515 0.9103613 -0.02260506 0.7947757 0.6064822 -0.02937495 0.8773202 0.4790057 -0.1917199 0.9296153 0.3147362 -0.4352982 0.568196 0.698333 -0.4810381 0.4636633 0.7440556 -0.09984672 0.8020004 0.5889196 -0.1025047 0.5867511 0.8032534 -0.1848325 0.6865405 0.7032064 -0.2204616 0.570442 0.7911971 -0.1712697 0.8766654 0.4495826 -0.3507336 0.1451408 0.9251595 -0.3276585 0.6999355 0.6346103 -0.3266875 0.7019649 0.632867 -0.3931387 0.4512392 0.80114 0.6437265 0.7120454 -0.2803705 0.7093271 0.6150763 -0.344291 0.5039547 0.7772316 -0.3767503 0.5870587 0.5372319 -0.6055939 0.3796834 0.7691274 -0.5140851 0.3055813 0.6304388 -0.7135594 0.2980662 0.6837519 -0.6660631 0.05745816 0.7128959 -0.698912 0.05228936 0.6837575 -0.7278335 -0.1850417 0.7129061 -0.6764056 0.1144166 0.9918069 -0.05681586 -0.3675615 0.5073465 -0.7794216 -0.3472738 0.7992731 -0.4904726 -0.605606 0.5372197 -0.5870575 -0.5141057 0.7691066 -0.3796978 -0.7135561 0.6304424 -0.3055815 -0.6660511 0.6837609 -0.2980723 -0.6989054 0.7129024 -0.05745923 -0.8263942 0.5621936 -0.03179711 -0.5786979 0.8035008 0.1396254 -0.7936073 0.4570457 0.4016178 -0.6682136 0.6795154 0.3029019 -0.4932648 0.712902 0.4984584 -0.5079008 0.6837489 0.5239508 -0.3129102 0.7120313 0.6285688 -0.3220689 0.615063 0.7197008 -0.143875 0.7772508 0.6125203 -0.06042641 0.5371618 0.841312 0.05550408 0.7993117 0.5983479 0.230944 0.5371455 0.811258 0.2553719 0.7691214 0.5858649 0.4651887 0.6303955 0.6214508 0.4277927 0.6837489 0.5911691 0.5765494 0.7128906 0.3992216 0.6041901 0.6837441 0.4092047 0.6783149 0.7128978 0.177948 0.7076992 0.6837536 0.177885 0.6982437 0.712924 -0.06477057 0.7258672 0.6837457 -0.07489144 -0.03269773 0.8195278 -0.572106 -0.03026974 0.82738 -0.5608264 -0.4923134 0.4160611 -0.7645395 -0.4736456 0.4689481 -0.7454848 -0.1738159 0.9598769 -0.2200556 -0.2738186 0.863485 -0.4235764 -0.2804167 0.7830091 -0.5552147 -0.3817981 0.5738378 -0.7245278 -0.4125528 0.4026679 -0.8171038 -0.2150515 0.8228758 -0.5259549 -0.2811185 0.5551818 -0.7827807 -0.1355908 0.8079776 -0.5734 -0.2197194 0.5794953 -0.7847985 -0.0977227 0.8195738 -0.5645787 -0.104335 0.5947104 -0.7971411 -0.9123415 0.4050245 -0.05990141 -0.6038572 0.7967675 -0.02275884 -0.4789998 0.8773234 -0.02937406 -0.2415843 0.9579555 -0.1547847 -0.6871766 0.5894554 -0.4246537 -0.7417477 0.4698159 -0.4786266 -0.5916042 0.7999616 -0.1003288 -0.8032316 0.5867432 -0.1027207 -0.7043699 0.6852667 -0.1851285 -0.7911164 0.5705659 -0.2204303 -0.4502647 0.8762094 -0.1718106 -0.9258748 0.1414094 -0.3503701 -0.5220162 0.8105082 -0.2656611 -0.6328623 0.7019671 -0.3266918 -0.7952772 0.4633271 -0.3909759 0 -1 0 -0.4672686 0.002188146 -0.8841127 0.258648 0.002574384 -0.9659683 -0.4703777 0.003272652 -0.8824592 -0.0420612 -0.001026034 -0.9991145 -0.9994722 0.003545284 -0.03229391 -0.112236 0.002579927 0.9936783 -0.7086381 0.001941978 -0.7055695 -0.8467209 0.002489805 -0.5320317 0.9653774 0.002833545 -0.2608419 -0.652078 0.002579152 -0.7581477 -0.6522844 0.00249046 -0.7579702 0.1642305 0.4052516 -0.8993328 0.180584 0.5722061 -0.7999809 0.251728 0.6081663 -0.7528392 0.2518012 0.7482522 -0.613771 0.445787 0.5422481 -0.7122085 0.3034062 0.7484037 -0.5897768 0.5204944 0.5466045 -0.6559796 0.4584519 0.7411807 -0.4903807 0.1555703 0.9629405 -0.2203264 0.6597905 0.5401542 -0.522408 0.4872258 0.7420584 -0.4603915 0.7095081 0.548851 -0.4419966 0.5900169 0.7466914 -0.3071353 0.2196849 0.9630731 -0.1556562 0.7961817 0.5411915 -0.2705668 0.6057279 0.7493741 -0.2674551 0.813912 0.5489533 -0.1902568 0.562848 0.8236525 -0.06927341 0.2477173 0.966484 -0.06741499 0.8993322 0.40525 0.1642381 0.7979848 0.5749179 0.1808031 0.7521626 0.6091339 0.251411 0.6147109 0.7474089 0.2520129 0.7121993 0.5422703 0.4457747 0.5908399 0.7471038 0.3045392 0.6560009 0.5465955 0.520477 0.4901734 0.7414634 0.4582163 0.2201145 0.9630253 0.1553445 0.5224125 0.5401692 0.6597745 0.4601774 0.7423107 0.4870439 0.4419881 0.5488625 0.7095045 0.3071413 0.7466874 0.5900189 0.1556685 0.9630709 0.2196856 0.2705642 0.5411862 0.7961863 0.2674437 0.749378 0.6057281 0.1902558 0.5489439 0.8139186 0.06926923 0.8236516 0.5628497 0.06741803 0.9664853 0.2477114 0.9980533 6.95517e-4 -0.06236416 0.9985053 0.001448452 -0.05463778 0.9941675 0.001582264 -0.1078358 0.9731435 4.23563e-4 -0.2301989 0.9883571 0.001737296 -0.1521428 0.9844233 -0.002508163 -0.1757971 0.9316565 -0.002052307 -0.3633345 0.9692916 0.01213258 -0.2456145 0.956417 -0.005050182 -0.2919607 0.848782 -0.004502177 -0.528724 0.8909139 0.03645795 -0.4527067 0.8821572 -0.005860447 -0.4709188 0.9198805 0.002388 -0.3921917 0.01080751 0.9988983 -0.04566651 0.01991158 0.9994077 -0.02807068 0.007075667 0.9998498 -0.01582407 0.01957809 0.9996178 -0.01952141 0.007807612 0.9999026 -0.01157045 0.01151281 0.9998991 -0.008328378 0.01119965 0.9998903 -0.009697198 0.001251876 0.9999992 -3.31053e-4 9.54715e-4 0.9999996 2.77012e-5 0.001881003 0.9999964 -0.001958906 3.05775e-5 1 -1.10269e-5 0.02852284 0.9993882 -0.02024078 0.01234054 0.9998429 -0.0127269 0.001989364 0.9988846 -0.04717677 0.004072606 0.99971 -0.02373939 -0.003060281 0.9999752 -0.006352901 -0.00362128 0.9999703 -0.00680983 -0.005384624 0.9999721 -0.005190312 0.01379692 0.9998887 -0.005685627 0.006863594 0.9999663 0.004499495 0.005169987 0.999984 0.002320289 0.007827103 0.9999693 5.54584e-4 0.01075512 0.9999423 1.53867e-4 6.5107e-4 0.9999996 6.48356e-4 0.0242685 0.9996415 -0.01131647 0.007301747 0.9999188 -0.0104596 0.008602976 0.999951 0.004918515 0.002201318 0.9999971 -0.00102514 -2.83618e-4 0.9999998 -6.69225e-4 0.001395821 0.999998 -0.001443207 -1.99471e-4 0.9999982 -0.001933872 0.004338502 0.9999848 -0.003418326 0.003734171 0.9998842 -0.01476019 0.004618108 0.9999687 -0.006444454 0.004280447 0.9999725 -0.006068348 0.5281974 0.009037971 -0.8490735 0.4121427 -0.002682626 -0.9111154 0.4635318 -0.004890024 -0.8860669 0.3402719 0.05208289 -0.9388837 0.2427843 0 -0.9700804 0.3691136 0.005771696 -0.9293664 0.3175458 -0.002758026 -0.9482389 0.1358791 0.001250743 -0.9907247 0.1496964 -5.75652e-4 -0.9887319 0.2381545 7.07336e-4 -0.9712271 0.05437421 2.78518e-4 -0.9985206 0.04715144 9.58526e-4 -0.9988873 0.06223994 7.0277e-4 0.998061 0.05464017 0.00144428 0.9985052 0.1079156 0.001577854 0.9941589 0.2302004 4.23773e-4 0.9731432 0.1521432 0.001737177 0.988357 0.1757977 -0.002508401 0.9844231 0.3633365 -0.002081513 0.9316557 0.2456141 0.01212567 0.9692918 0.2918673 -0.005041897 0.9564455 0.5283888 -0.009759247 0.8489465 0.513077 0.006226301 0.85832 0.4532236 3.4022e-4 0.8913968 0.458419 -0.0036242 0.8887289 0.4007017 0.003680944 0.9162012 9.2815e-6 1 3.04743e-5 0.001960277 0.9999964 0.00188142 -2.8071e-5 0.9999995 9.55141e-4 0.006443202 0.9999686 0.004617512 0.00568521 0.9998888 0.01379168 -6.48423e-4 0.9999996 6.50214e-4 0.01475626 0.9998842 0.003734648 0.003419756 0.9999848 0.004338264 0.01951903 0.9996177 0.01958435 0.01157128 0.9999027 0.00780636 0.00833112 0.9998991 0.01151227 0.009699821 0.9998903 0.01119786 3.31338e-4 0.9999992 0.001251935 0.006070494 0.9999725 0.00428003 0.04150193 0.9990783 0.0109682 0.01273041 0.9998429 0.01234078 0.00519073 0.9999721 -0.005383074 0.006810545 0.9999703 -0.003622889 0.006353795 0.9999752 -0.003058433 0.02266907 0.9997364 0.003632009 0.04322731 0.9990636 0.001838266 0.01798361 0.9998059 0.008043289 0.03025674 0.9993221 0.02097469 0.02023601 0.9993885 0.02851623 0.0104593 0.9999186 0.007301986 -0.00491923 0.999951 0.008603811 0.001024842 0.9999971 0.002201378 6.69718e-4 0.9999998 -2.84401e-4 0.001442849 0.999998 0.001396715 0.001933276 0.9999982 -1.99952e-4 0.01131612 0.9996414 0.02426916 -0.004499137 0.9999664 0.006864786 -0.002322912 0.999984 0.005165934 -5.53829e-4 0.9999694 0.007821142 -1.54978e-4 0.9999424 0.01074397 0.8480802 0.007198154 0.529819 0.9114456 -0.002683639 0.4114118 0.8863902 -0.00632137 0.4628957 0.9386666 0.05419296 0.3405413 0.9702277 1.14898e-4 0.2421946 0.9700798 2.44124e-5 0.2427865 0.9293664 0.005793094 0.3691133 0.9482933 -0.002757787 0.3173835 0.9930109 0.001238703 0.1180168 0.9828733 -0.004136383 0.1842365 0.9886339 0.001699566 0.150334 0.9985182 2.82877e-4 0.05441951 0.9988724 9.3874e-4 0.04746675 -0.1642305 0.4052516 0.8993328 -0.1805863 0.5721912 0.7999912 -0.2517282 0.6081618 0.7528427 -0.251804 0.7482484 0.6137746 -0.445787 0.5422481 0.7122085 -0.3034062 0.7484037 0.5897768 -0.5204802 0.5466006 0.6559941 -0.4582151 0.7414563 0.4901853 -0.1555703 0.9629405 0.2203264 -0.6597753 0.5401667 0.5224141 -0.4870411 0.7423163 0.4601714 -0.7095081 0.548851 0.4419966 -0.5900169 0.7466914 0.3071353 -0.2196849 0.9630731 0.1556562 -0.7961817 0.5411915 0.2705668 -0.6057279 0.7493741 0.2674551 -0.813912 0.5489533 0.1902568 -0.562848 0.8236525 0.06927341 -0.2477173 0.966484 0.06741499 -0.9004865 0.4027913 -0.1639615 -0.79999 0.5721948 -0.1805802 -0.7528347 0.608169 -0.2517347 -0.6128057 0.7490526 -0.2517725 -0.7121993 0.5422703 -0.4457747 -0.5891003 0.7492257 -0.3026908 -0.6560009 0.5465955 -0.520477 -0.4910247 0.7406751 -0.4585794 -0.2198019 0.9630512 -0.1556268 -0.5224125 0.5401692 -0.6597745 -0.4606596 0.741245 -0.4882097 -0.4419881 0.5488625 -0.7095045 -0.3071413 0.7466874 -0.5900189 -0.1555786 0.9631339 -0.2194733 -0.2705642 0.5411862 -0.7961863 -0.2674437 0.749378 -0.6057281 -0.1902558 0.5489439 -0.8139186 -0.06926923 0.8236516 -0.5628497 -0.06741803 0.9664853 -0.2477114 -0.9980522 6.89536e-4 0.06238085 -0.9985053 0.001444339 0.0546379 -0.9941589 0.001577913 0.1079148 -0.9731435 4.23563e-4 0.2301989 -0.9883571 0.001737296 0.1521428 -0.9844233 -0.002508342 0.1757972 -0.9316576 -0.001995086 0.3633321 -0.9692959 0.01191425 0.2456082 -0.956492 -0.005028009 0.2917155 -0.8489466 -0.009757637 0.5283886 -0.8583162 0.006224393 0.5130835 -0.8913984 3.39404e-4 0.4532204 -0.8881032 -0.004543304 0.4596219 -0.9203202 0.002323508 0.3911591 -4.41136e-4 1 -1.7437e-4 -0.00149846 0.9999983 0.001139581 -9.54716e-4 0.9999995 -2.84867e-5 -0.003734171 0.9998842 0.01476019 -0.004338502 0.9999848 0.003418326 -0.01957809 0.9996178 0.01952141 -0.007807612 0.9999026 0.01157045 -0.01151281 0.9998991 0.008328378 -0.01119965 0.9998903 0.009697198 -0.001251876 0.9999992 3.31053e-4 -6.5107e-4 0.9999996 -6.48356e-4 -0.007301747 0.9999188 0.0104596 -0.008602976 0.999951 -0.004918515 -0.002201318 0.9999971 0.00102514 2.83618e-4 0.9999998 6.69225e-4 -0.001395821 0.999998 0.001443207 1.99471e-4 0.9999981 0.001933455 0.005384624 0.9999721 0.005190074 0.00362128 0.9999703 0.006810843 0.003060281 0.9999752 0.006355345 -0.004072546 0.9997101 0.02373188 -0.001989185 0.9988847 0.0471754 -0.02852284 0.9993882 0.02024078 -0.01234054 0.9998429 0.0127269 -0.01379692 0.9998887 0.005685627 -0.0242685 0.9996415 0.01131647 -0.006863594 0.9999663 -0.004499495 -0.005169987 0.999984 -0.002320289 -0.007827103 0.9999693 -5.54584e-4 -0.01075512 0.9999423 -1.53867e-4 -0.004618108 0.9999687 0.006444454 -0.00303936 0.9999843 0.004699349 -0.003082334 0.9999805 0.005450248 -0.01080757 0.9988983 0.04566562 -0.01991158 0.9994077 0.02807068 -0.007075667 0.9998498 0.01582407 -0.528389 0.009536862 0.8489489 -0.4123067 -0.002682507 0.9110413 -0.4635191 -0.004595577 0.886075 -0.3402385 0.05181777 0.9389104 -0.2427656 -5.02642e-4 0.970085 -0.3690956 0.005950748 0.9293724 -0.3181062 -0.002757608 0.9480511 -0.1299804 0.001762688 0.9915151 -0.1496981 -6.88465e-4 0.9887316 -0.2323856 0.001024723 0.9726233 -0.04833489 2.80182e-4 0.9988312 -0.04712796 3.74698e-4 0.9988888 -0.06223994 7.0277e-4 -0.998061 -0.05464017 0.00144428 -0.9985052 -0.1079156 0.001577854 -0.9941589 -0.2302004 4.23773e-4 -0.9731432 -0.1521432 0.001737177 -0.988357 -0.1757977 -0.002508401 -0.9844231 -0.3633382 -0.002080321 -0.9316551 -0.2456114 0.01212638 -0.9692926 -0.2918735 -0.005042254 -0.9564437 -0.5334637 -0.0151205 -0.8456878 -0.513077 0.006226301 -0.85832 -0.4532236 3.4022e-4 -0.8913968 -0.4596191 -0.00454235 -0.8881045 -0.3916457 0.002276718 -0.9201133 -0.01475626 0.9998842 -0.003734648 -0.003419756 0.9999848 -0.004338264 -0.01951903 0.9996177 -0.01958435 -0.01157128 0.9999027 -0.00780636 -0.006443202 0.9999686 -0.004617512 6.48423e-4 0.9999996 -6.50214e-4 -0.00833112 0.9998991 -0.01151227 -0.009699821 0.9998903 -0.01119786 -3.31338e-4 0.9999992 -0.001251935 -9.2815e-6 1 -3.04743e-5 -0.001960277 0.9999964 -0.00188142 2.8071e-5 0.9999995 -9.55141e-4 -0.0104593 0.9999186 -0.007301986 0.00491923 0.999951 -0.008603811 -0.001024842 0.9999971 -0.002201378 -6.69718e-4 0.9999998 2.84401e-4 -0.001442849 0.999998 -0.001396715 -0.001933276 0.9999982 1.99952e-4 -0.00568521 0.9998888 -0.01378935 -0.01131612 0.9996414 -0.02426916 0.004499137 0.9999664 -0.006864786 0.002322912 0.999984 -0.005165934 5.53829e-4 0.9999694 -0.007821142 1.54978e-4 0.9999424 -0.01074397 -0.006070494 0.9999725 -0.00428003 -0.02158665 0.9993203 -0.02988564 -0.01413625 0.9998061 -0.01370662 -0.02749627 0.9994161 -0.02028894 -0.01409268 0.9998809 -0.006301164 -0.00519073 0.9999721 0.005383074 -0.006810545 0.9999703 0.003622889 -0.006353795 0.9999752 0.003058433 -0.02374118 0.9997099 -0.004071772 -0.04717671 0.9988846 -0.001990854 -0.04575973 0.9988995 -0.01029086 -0.8480817 0.00713855 -0.5298175 -0.9095897 -0.004321336 -0.4154852 -0.8864129 -0.005475044 -0.4628632 -0.9382492 0.05812388 -0.3410426 -0.96998 -4.03011e-6 -0.2431849 -0.970166 1.10638e-4 -0.2424417 -0.9434849 0.003869831 -0.3313933 -0.9294638 -0.003455519 -0.3688974 -0.9932681 0.001383364 -0.1158302 -0.9828835 -0.004163146 -0.184181 -0.9886696 0.001703858 -0.1500978 -0.99884 2.23705e-4 -0.04815346 -0.9988809 2.92908e-4 -0.04729712 0.399638 0.002579152 0.9166694 -0.7581493 0.002580046 0.6520759 0.8044332 0.002578556 0.5940377 -0.05578655 0.003333091 -0.9984372 -0.8465756 0.002578556 -0.5322625 0.981709 6.85974e-4 -0.1903865 0.1668133 9.66332e-4 -0.9859881 0.1890735 2.38395e-4 -0.981963 0.3614398 4.95029e-4 -0.9323953 0.3832295 -2.44924e-4 -0.9236531 0.5448843 -3.1997e-4 -0.8385112 0.4962078 7.87953e-4 -0.8682035 0.6884321 -6.56347e-5 -0.7253008 0.6469673 8.88934e-4 -0.7625173 0.7636602 -6.7164e-4 -0.645618 0.7968012 0.001232385 -0.6042405 0.8690901 -0.001022279 -0.4946529 0.8977884 0.001463294 -0.4404246 0.9335254 3.89376e-4 -0.3585111 0.9400098 9.56278e-4 -0.3411464 0.9857298 0.001263856 -0.1683313 0.1705074 8.97307e-4 0.985356 0.9781224 2.95492e-4 0.2080303 0.9819632 8.28195e-4 0.1890706 0.9324037 9.07649e-4 0.3614175 0.9166472 -1.31069e-4 0.3996976 0.8681825 0.001387238 0.4962431 0.6979957 -4.3535e-5 0.716102 0.8008987 0.001448929 0.5987981 0.7622762 -0.001066386 0.6472511 0.5441019 -4.05202e-4 0.8390192 0.6457806 0.001033127 0.7635224 0.4946529 -0.001022517 0.86909 0.403727 0.003100812 0.9148744 0.3585357 -7.763e-5 0.9335161 0.3243243 0.001164197 0.9459453 0.1683112 9.62092e-4 0.9857335 0.9538988 0.04887139 -0.2961229 0.9308697 0.1240049 -0.3436632 0.9672955 -0.1734768 -0.185055 0.7637736 0.09052997 -0.6391043 0.9144155 0.1026688 -0.3915399 0.813591 0.1956359 -0.5475366 0.9144399 0.1279553 -0.3839625 0.9347509 0.1202039 -0.3343529 0.9128749 0.05818879 -0.404071 0.8453947 0.1416257 -0.5150242 0.6052796 0.2073326 -0.7685374 0.7944539 0.1814293 -0.5795917 0.62226 0.564508 -0.5423313 0.5049935 0.4436857 -0.7403544 0.3422433 0.8918368 -0.2957983 0.4794992 0.569608 -0.6675533 0.2995139 0.770374 -0.5628635 0.1474755 0.9565744 -0.2514289 0.6758229 0.6394606 -0.3665428 0.3636438 0.7434424 -0.561299 0.3865442 0.7522853 -0.5335264 0.4294649 0.7577421 -0.4913114 0.4714254 0.7456544 -0.4709115 0.4674628 0.7511884 -0.4660415 0.5093847 0.7402248 -0.438856 0.5251047 0.718949 -0.4553873 0.5576313 0.7203689 -0.4124513 0.5282824 0.7557365 -0.3870142 0.5425406 0.7650575 -0.3468959 0.3214636 0.8432057 -0.4308892 0.3545854 0.8376168 -0.4155328 0.3670858 0.9040845 -0.2188131 0.3659914 0.9046393 -0.2183533 0.1598833 0.9489678 -0.2718411 0.1078778 0.9903753 -0.08671402 0.5942005 0.5748949 -0.5625138 0.7223891 0.4169865 -0.5516126 0.3845536 0.8292137 -0.4056147 0.7151523 0.5163752 -0.4710775 -0.7032318 -0.2664149 0.6591572 -0.8598176 -0.4792152 -0.1762573 0.5954504 0.05592 -0.8014436 0.6908777 0.1759561 -0.7012327 0.3448588 0.1311619 -0.9294456 0.4583214 0.1409623 -0.877537 0.5363216 0.1879615 -0.8228181 0.7127491 0.1618551 -0.6824893 0.624011 0.1181179 -0.7724368 0.5939983 0.1301106 -0.7938749 0.5860365 0.1251487 -0.8005617 0.4725945 0.08064264 -0.8775826 0.5067479 0.1449024 -0.8498294 0.3862084 0.1013147 -0.9168306 0.3254692 0.07155281 0.9428415 0.4277496 0.1325919 0.8941195 0.6945586 0.1667615 0.6998421 0.7113033 0.1585047 0.6847802 0.4034989 0.1086965 0.9085009 0.3219453 0.115232 0.9397196 0.544025 0.1941266 0.8163037 0.3830949 0.1275032 0.9148669 0.3328002 0.1196901 0.9353707 0.5604177 0.0220611 0.8279163 0.7641724 0.2112201 0.6094479 0.5915101 0.09054952 0.8011971 0.4352765 0.0238291 0.8999814 0.4022071 0.05704754 0.9137696 0.5138221 0.141027 0.8462259 0.5857677 0.1853556 0.7889992 0.5413665 0.565092 0.62257 0.7420624 0.4430341 0.503055 0.3070842 0.8844526 0.3513444 0.6816241 0.564076 0.4660547 0.2640308 0.952011 0.1547998 0.6049945 0.7270104 0.3247116 0.3684003 0.6337058 0.6802193 0.5536376 0.7505075 0.3608652 0.5222071 0.763441 0.3800761 0.4936791 0.7559613 0.4298877 0.4743937 0.7416457 0.4742493 0.4660503 0.7511814 0.467465 0.4395343 0.740529 0.5083567 0.4460817 0.7322308 0.5146351 0.4077957 0.7264145 0.5531949 0.3915262 0.7489049 0.5346483 0.3544437 0.7540069 0.553031 0.4482445 0.8290151 0.3343812 0.4367592 0.8187766 0.3726211 0.2156072 0.9070222 0.3616966 0.2173734 0.9049189 0.3658834 0.2622117 0.9526954 0.1536766 0.08671319 0.9903737 0.1078918 0.563159 0.5829696 0.5856608 0.5518271 0.4204457 0.7202168 0.4056165 0.8292173 0.3845439 0.4709337 0.519685 0.7128458 -0.08822828 -0.4389515 -0.8941686 0.6422806 0.2086505 0.7375233 0.719058 0.1285712 0.6829533 0.917559 0.142201 0.3713009 0.8972279 0.1159346 0.4260767 0.8355525 0.178943 0.5194533 0.6781359 0.161391 0.716997 0.7835758 0.118129 0.6099627 0.7943534 0.1297633 0.5934343 0.8002759 0.1253917 0.586375 0.8757063 0.0823642 0.4757676 0.8319113 0.15812 0.5319038 0.947782 0.0532999 0.3144335 -0.9816636 6.86083e-4 0.1906208 -0.1655881 0.001006126 0.9861946 -0.1890735 2.38395e-4 0.981963 -0.3614394 5.40002e-4 0.9323955 -0.3843048 -2.35348e-4 0.9232063 -0.5446063 -3.13633e-4 0.8386918 -0.4962078 7.87953e-4 0.8682035 -0.6883271 -5.92859e-5 0.7254005 -0.6471771 8.91967e-4 0.7623392 -0.7634656 -6.74366e-4 0.6458481 -0.7975858 0.001287698 0.6032042 -0.8690901 -0.001022279 0.4946529 -0.8977884 0.001463294 0.4404246 -0.933525 3.87814e-4 0.3585121 -0.9400327 9.5698e-4 0.3410831 -0.9857297 0.001267671 0.1683315 -0.1705074 8.97307e-4 -0.985356 -0.978122 2.95263e-4 -0.208032 -0.9816483 7.82536e-4 -0.1906994 -0.9324032 9.074e-4 -0.3614188 -0.9166534 -1.31327e-4 -0.3996831 -0.8681825 0.001387238 -0.4962431 -0.6979764 -4.38646e-5 -0.7161208 -0.8008986 0.00144881 -0.5987984 -0.7622762 -0.001066386 -0.6472511 -0.5446867 -3.96889e-4 -0.8386396 -0.6457826 0.001032769 -0.7635207 -0.4946529 -0.001022517 -0.86909 -0.4045587 0.003063976 -0.9145069 -0.3585357 -7.763e-5 -0.9335161 -0.3243243 0.001164197 -0.9459453 -0.1683112 9.62092e-4 -0.9857335 -0.9543538 0.0482046 0.294763 -0.7320522 0.1422219 0.6662377 -0.6847432 0.1585275 0.7113339 -0.9101901 0.1069985 0.4001319 -0.9300708 0.1247892 0.3455374 -0.8134034 0.1957001 0.5477924 -0.9139934 0.1283291 0.3848997 -0.9339218 0.1210051 0.3363747 -0.802088 0.05034822 0.5950798 -0.609035 0.2115017 0.7644236 -0.9124785 0.05885058 0.40487 -0.845425 0.1416211 0.5149758 -0.7928277 0.1825976 0.5814484 -0.6224493 0.5640302 0.5426111 -0.5026194 0.4416287 0.7431944 -0.3422433 0.8918368 0.2957983 -0.479536 0.5694358 0.6676737 -0.3165107 0.755375 0.5737854 -0.6743464 0.6400818 0.3681744 -0.3682982 0.906838 0.204942 -0.1474755 0.9565744 0.2514289 -0.3380919 0.7190148 0.6072164 -0.3717613 0.7139131 0.5933984 -0.3517851 0.75354 0.55536 -0.3780648 0.7657088 0.5203434 -0.4351742 0.750344 0.4976017 -0.4747863 0.7403118 0.4759374 -0.4628405 0.756873 0.4614346 -0.4999289 0.7517841 0.4299905 -0.5186499 0.7271982 0.4496501 -0.5602707 0.717837 0.4132879 -0.5395253 0.7435721 0.394985 -0.5551348 0.751756 0.3559331 -0.3225888 0.8419978 0.4324077 -0.3588124 0.8333256 0.4205024 -0.4519107 0.8468064 0.2805277 -0.4643071 0.8447998 0.2659553 -0.06176173 0.9919748 0.1103248 -0.1078778 0.9903753 0.08671402 -0.7066651 0.4141672 0.5736638 -0.7266424 0.5133039 0.456629 -0.5659435 0.5794626 0.5864564 -0.3490832 0.8360904 0.4231948 0.8596749 -0.3996299 0.3182059 -0.6846069 0.1702556 0.7087499 0.8496365 -0.4821743 0.2136021 -0.3533888 0.1279713 0.9266822 -0.5425289 0.1831977 0.8198177 -0.471767 0.1840087 0.8623089 -0.2913369 0.08421009 0.9529069 -0.5967115 0.06199586 0.8000575 -0.718453 0.1589488 0.677171 -0.6218757 0.1162418 0.7744408 -0.5951004 0.1341814 0.7923706 -0.630198 0.1565346 0.7604916 -0.3705295 0.025586 0.9284682 -0.3706765 0.0717656 0.9259853 -0.4954969 0.1564917 0.8543964 -0.6531091 0.2138676 0.7264359 -0.3871638 0.1014724 0.9164102 -0.2628697 0.04273563 -0.9638845 -0.411638 0.1274766 -0.9023879 -0.7068717 0.1753864 -0.6852533 -0.7068124 0.1545911 -0.6903028 -0.4227323 0.1183895 -0.8984884 -0.3450452 0.1255465 -0.9301516 -0.5546365 0.1986364 -0.8080358 -0.3862623 0.1289837 -0.9133263 -0.3326547 0.120523 -0.9353156 -0.5893926 0.05175364 -0.8061873 -0.4038096 0.05799186 -0.9130032 -0.5140503 0.1411384 -0.8460688 -0.581044 0.1824197 -0.7931652 -0.2935795 0.8966868 -0.3313063 -0.5940732 0.6625165 -0.4562335 -0.4735378 0.7149736 -0.5143682 -0.5918195 0.7370205 -0.3264208 -0.2514406 0.9565714 -0.147475 -0.3654685 0.6416431 -0.6743344 -0.5982921 0.7298305 -0.3307478 -0.590082 0.7172358 -0.370643 -0.5617799 0.7467668 -0.3560094 -0.5311319 0.7545626 -0.3854013 -0.4922134 0.7565082 -0.4306061 -0.4661588 0.7517479 -0.4664453 -0.4598983 0.7587499 -0.4612939 -0.4343374 0.7457119 -0.5052375 -0.4552545 0.7191419 -0.5249556 -0.4172469 0.712502 -0.564133 -0.3913937 0.7491021 -0.5344691 -0.3479645 0.762777 -0.5450615 -0.4351754 0.8397818 -0.3246369 -0.4164427 0.8368375 -0.3553567 -0.2311124 0.8922917 -0.3878176 -0.2223835 0.9034277 -0.3665568 -0.1103384 0.9919736 -0.06175577 -0.08671319 0.9903737 -0.1078918 -0.5684683 0.5767438 -0.5866946 -0.5552347 0.4243127 -0.7153134 -0.4056165 0.8292173 -0.3845439 -0.4711273 0.5153672 -0.7158461 0.03129827 -0.4533342 0.8907911 -0.6515694 0.2028558 -0.7309629 -0.7084175 0.1353957 -0.6926851 -0.9360779 0.122617 -0.3297321 -0.8311835 0.2005559 -0.5185667 -0.9015806 0.1117513 -0.4179285 -0.8128086 0.1993881 -0.547345 -0.8215982 0.1935377 -0.5362086 -0.6480582 0.1825867 -0.73938 -0.781479 0.118707 -0.6125352 -0.790221 0.1329384 -0.5982292 -0.7719835 0.1457866 -0.6186986 -0.871127 0.08629858 -0.4834154 -0.8316606 0.1580551 -0.5323151 -0.8934124 0.115056 -0.4342542 0.03058922 0.05526196 -0.9980033 -0.03492766 0.06913232 -0.9969959 -0.4574029 0.274136 -0.8459505 -0.5107138 0.2726325 -0.815379 -0.5121662 0.2707199 -0.8151053 -0.5707405 0.2714768 -0.7749552 -0.5717486 0.2701088 -0.7746901 -0.6281493 0.2695146 -0.7299249 -0.6290009 0.2718913 -0.7283083 -0.7233621 0.2715047 -0.6348484 -0.6807168 0.2706514 -0.6807147 -0.6804814 0.2709816 -0.6808187 -0.815227 0.2702093 -0.5122421 -0.7799083 0.2714241 -0.5639788 -0.8446701 0.2748636 -0.4593282 -0.8477501 0.2707285 -0.4560983 -0.8155754 0.2726059 -0.5104146 -0.9100326 0.2563343 -0.3257816 -0.8891206 0.2573778 -0.3784458 -0.8897141 0.257354 0.3770647 -0.9099664 0.2563173 0.3259794 -0.8494874 0.2765473 0.4493249 -0.8105484 0.270126 0.5196569 -0.7748278 0.2695 0.5718494 -0.7732523 0.2719162 0.5728373 -0.6349482 0.269689 0.7239535 -0.6808335 0.2700603 0.6808328 -0.6812724 0.2715152 0.6798142 -0.7296764 0.2706768 0.6279382 -0.7297515 0.270963 0.6277275 -0.512208 0.2704321 0.8151745 -0.5129915 0.2721751 0.814101 -0.5636668 0.2724045 0.779792 -0.4582206 0.2698977 0.8468702 0.5198684 0.2715317 0.8099428 0.5717464 0.2701234 0.7746868 0.5727161 0.2724639 0.7731493 0.6265964 0.2720967 0.7303016 0.6280462 0.2700833 0.7298035 0.6809388 0.2695305 0.6809374 0.6815569 0.271555 0.6795132 0.7297834 0.2701783 0.6280286 0.7306808 0.2736703 0.625468 0.8562987 0.2591013 0.4467877 0.8097531 0.2715294 0.5201652 0.7745789 0.270605 0.5716646 0.7734582 0.2723127 0.5723708 0.8819315 0.2613474 0.3922938 0.9620903 0.2692074 -0.04369938 0.9621744 0.2521116 -0.1032491 0.8095734 0.2725074 -0.5199334 0.7749689 0.2720709 -0.570439 0.7746312 0.270376 -0.5717023 0.73006 0.2711261 -0.6272982 0.7298035 0.2700845 -0.6280456 0.6809377 0.2695307 -0.6809384 0.6792937 0.2718642 -0.6816524 0.5195501 0.2697066 -0.8107565 0.5646873 0.2700374 -0.7798771 0.6337814 0.2711588 -0.7244268 -0.03528755 0.1636966 -0.9858794 -0.04289507 0.1511632 -0.9875777 -0.1132653 0.1532593 -0.9816734 -0.1153147 0.1506735 -0.981835 -0.1822907 0.1545428 -0.9710235 -0.1833785 0.1532286 -0.971027 -0.2523832 0.1583918 -0.9545757 -0.2601616 0.14829 -0.9541102 -0.3272991 0.1515458 -0.9326893 -0.3280799 0.1505693 -0.9325731 -0.395616 0.1535493 -0.9054893 -0.3969848 0.1519736 -0.9051559 -0.4529841 0.1582063 -0.8773689 -0.4623043 0.1440029 -0.8749503 -0.5261905 0.1477678 -0.8374296 -0.5301927 0.1412544 -0.8360282 -0.5876597 0.1436705 -0.7962506 -0.5874593 0.1439964 -0.7963396 -0.6451265 0.1477677 -0.749651 -0.6488715 0.1412539 -0.7476719 -0.6997704 0.1436725 -0.6997712 -0.7001795 0.1429556 -0.6995087 -0.7554983 0.1433069 -0.6392852 -0.7499119 0.1524043 -0.6437431 -0.7909899 0.1530392 -0.5923799 -0.7956416 0.1439542 -0.5884147 -0.8374288 0.1477665 -0.5261921 -0.8404219 0.1412579 -0.5231992 -0.8782314 0.143886 -0.4560774 -0.8739708 0.1522988 -0.4614979 -0.9033609 0.1528183 -0.4007315 -0.9065117 0.1448344 -0.39656 -0.9364367 0.1461275 -0.3189563 -0.9339027 0.1526075 -0.3233216 -0.953959 0.1537773 -0.2575169 -0.955553 0.149132 -0.2543193 -0.9720603 0.1494352 -0.1810193 -0.9717093 0.1506201 -0.1819193 -0.9815877 0.1546267 -0.1121444 -0.9826595 0.1502104 -0.1087065 -0.9870822 0.1551774 -0.03985846 -0.9880495 0.1499285 -0.03577166 -0.9871012 0.1554985 0.03810042 -0.9876867 0.1507604 0.04178935 -0.9818854 0.1537725 0.1107032 -0.9818495 0.1543254 0.1102508 -0.9706485 0.1584236 0.1809514 -0.9707908 0.148901 0.1881325 -0.9541297 0.1502471 0.2589641 -0.9542501 0.1521422 0.2574091 -0.9348899 0.1544691 0.319563 -0.9338421 0.140702 0.3288496 -0.9044517 0.144079 0.4015074 -0.9060434 0.1519643 0.3949587 -0.8743646 0.1594788 0.4583155 -0.8725402 0.1505784 0.464758 -0.8393705 0.1498643 0.522492 -0.837621 0.1416528 0.5275658 -0.7963907 0.1424663 0.587763 -0.7967936 0.1439501 0.5868546 -0.7496515 0.1477652 0.6451265 -0.7476725 0.1412522 0.6488711 -0.6997711 0.1436726 0.6997704 -0.699032 0.1416541 0.7009196 -0.6392655 0.1443187 0.7553223 -0.6437704 0.1533558 0.7496944 -0.592304 0.1532891 0.7909985 -0.5886976 0.1448246 0.7952742 -0.5263279 0.1460461 0.8376452 -0.5249175 0.1429731 0.8390592 -0.4536613 0.1433111 0.8795757 -0.4605515 0.1545507 0.8740747 -0.3961912 0.1527336 0.9053757 -0.3963552 0.1529823 0.9052618 -0.3285329 0.1574939 0.931269 -0.3225093 0.1483743 0.9348652 -0.2542976 0.1514068 0.9552009 -0.2540169 0.1510165 0.9553374 -0.1836495 0.1537668 0.9708907 -0.184052 0.1542913 0.9707313 -0.1130572 0.1582742 0.9809013 -0.1063674 0.1489255 0.983111 -0.03482896 0.1501555 0.9880488 -0.03746289 0.1534166 0.9874513 0.03461974 0.158946 0.9866802 0.03743857 0.1554624 0.9871322 0.1115009 0.1600075 0.9807983 0.1141926 0.1563984 0.9810707 0.1820454 0.1528621 0.9713355 0.1848001 0.1491438 0.9713934 0.2593306 0.1483401 0.9543285 0.2571576 0.151019 0.9544964 0.329881 0.1545248 0.9312898 0.3255395 0.1598224 0.9319232 0.3921746 0.1591649 0.9060164 0.3993872 0.1504169 0.9043587 0.4593638 0.1566389 0.8743278 0.4635869 0.1510569 0.8730803 0.5211584 0.1522046 0.8397784 0.5284331 0.1407903 0.8372196 0.5875515 0.1449239 0.7961032 0.5888474 0.1428341 0.7955233 0.6451084 0.1479466 0.7496314 0.6489861 0.1412612 0.7475709 0.6997703 0.1436739 0.699771 0.701461 0.1407003 0.6986816 0.7500907 0.1438397 0.6455031 0.7500022 0.1440004 0.64557 0.7957645 0.147768 0.5873021 0.7989771 0.1412522 0.5845371 0.8415542 0.1438716 0.5206606 0.8376758 0.1508318 0.5249276 0.8698433 0.1556033 0.4681456 0.8734984 0.1473056 0.4640061 0.9088921 0.1457092 0.3907481 0.9076021 0.1488274 0.392567 0.9340264 0.1493478 0.3244844 0.933596 0.1503944 0.3252386 0.9536787 0.155155 0.2577286 0.9544691 0.1529694 0.2561041 0.9694623 0.1584416 0.1871872 0.9721105 0.1494827 0.18071 0.98229 0.1520741 0.1094526 0.9824047 0.1515881 0.1090965 0.9877278 0.1514106 0.03832536 0.988362 0.1478977 0.03559279 0.9879287 0.1516013 -0.03184509 0.9888897 0.1439993 -0.03689712 0.9821702 0.1479992 -0.1159227 0.9820938 0.149175 -0.1150603 0.9708958 0.1489859 -0.187522 0.9708935 0.1513408 -0.1856395 0.9542427 0.1532423 -0.2567838 0.9541748 0.1520559 -0.2577395 0.9331206 0.1550016 -0.3244391 0.9326906 0.1508831 -0.3276012 0.9031994 0.1536463 -0.400779 0.9034829 0.1550794 -0.399586 0.8747501 0.1596735 -0.4575114 0.8736345 0.1548444 -0.4612874 0.8394546 0.1576399 -0.5200632 0.8360301 0.1412547 -0.5301894 0.7962499 0.1436741 -0.5876598 0.7955535 0.1411584 -0.5892106 0.7501075 0.143676 -0.64552 0.7510574 0.1466448 -0.6437454 0.6993432 0.1477741 -0.699344 0.6972243 0.1412014 -0.702809 0.6413342 0.1430118 -0.7538158 0.6449794 0.1505857 -0.7492166 0.5904402 0.1498141 -0.7930549 0.5869788 0.1416502 -0.7971144 0.5220162 0.1424969 -0.8409482 0.5257364 0.1488302 -0.8375267 0.4619361 0.1548647 -0.8732881 0.4607815 0.1530499 -0.8742174 0.3936734 0.1554644 -0.9060088 0.3919066 0.1531479 -0.9071688 0.3322446 0.161512 -0.9292618 0.326691 0.1538162 -0.9325307 0.2588034 0.1589754 -0.952758 0.2528128 0.1501861 -0.9557875 0.1815821 0.1507533 -0.9717518 0.182209 0.1515635 -0.9715083 0.1127206 0.1562223 -0.981269 0.1081215 0.1501931 -0.9827268 0.03566092 0.1510886 -0.9878768 0.04633337 0.1644349 -0.9852992 0.7122665 0.1762513 -0.6794204 0.9190499 0.03753995 -0.3923496 0.4061921 -0.1068704 -0.9075168 0.7170137 0.2622729 -0.6458362 0.625984 0.2548487 0.7370184 0.5978729 0.1862697 0.7796484 0.4601167 0.03627532 0.8871171 -0.2375742 -0.05446517 0.9698413 -0.7123674 0.1761732 0.6793349 -0.9189287 0.03779536 0.3926088 -0.8645224 0.4598843 0.2027496 -0.606573 0.1331954 0.783791 -0.5681143 0.01931273 0.8227231 -0.6260683 0.254805 -0.736962 -0.5977351 0.1861838 -0.7797746 -0.4581114 0.03439116 -0.8882293 0.5765728 0.3070887 0.7571397 0.5773731 0.3075121 0.7563575 0.5715901 0.2721944 0.774077 0.6386059 0.2994049 0.7089 0.4675063 0.3030201 0.8304318 0.4939967 0.3039734 0.8145965 0.5197009 0.3067984 0.7973619 0.5024846 0.3029413 0.8097752 0.5371927 0.3024848 0.7873545 0.4156034 0.2946406 0.8605003 0.3830592 0.3036894 0.8723753 0.4283844 0.303768 0.8510064 0.8696058 0.30017 0.3920254 0.8302994 0.3035723 0.4673829 0.8565369 0.297446 0.421747 0.8502867 0.2742594 0.4492154 0.8348867 0.2988229 0.4622435 0.8116055 0.297536 0.5027613 0.5046163 0.2947412 0.811474 0.4598455 0.2936692 0.8380337 0.4497953 0.275535 0.8495675 0.8093488 0.3023597 0.5035209 0.8288719 0.3038559 0.4697265 0.7867582 0.3051948 0.5365332 0.8052126 0.3024908 0.5100317 0.789334 0.304189 0.5333113 0.7417241 0.308806 0.5953859 0.7433307 0.3065804 0.5945317 0.7572937 0.3028931 0.5785863 0.7487334 0.3022553 -0.5899492 0.7461771 0.3028921 -0.5928543 0.7370943 0.3154624 -0.5976417 0.7929924 0.303466 -0.5282722 0.7895824 0.3039498 -0.5330799 0.789077 0.3041461 -0.533716 0.8128943 0.3030328 -0.4973673 0.8600618 0.2939978 -0.4169641 0.8314026 0.3044399 -0.4648507 0.831687 0.3043823 -0.4643793 0.8465341 0.3031215 -0.4376042 0.3631953 0.3032438 -0.8809839 0.4396992 0.3046561 -0.8448961 0.3843016 0.3019579 -0.8724299 0.4220002 0.2938635 -0.857648 0.3849835 0.3009788 -0.8724675 0.4529334 0.2802952 -0.8463368 0.4603213 0.2936138 -0.837792 0.5006759 0.2971184 -0.8130463 0.5720548 0.2932952 -0.7659839 0.6202387 0.2919811 -0.728046 0.8108319 0.2939232 -0.5061234 0.8446018 0.29533 -0.4465739 0.8447682 0.2696455 -0.4622318 0.5041306 0.3034101 -0.8085758 0.5069343 0.3040347 -0.8065857 0.4190659 0.3021594 -0.8562029 0.4809768 0.3017228 -0.8231796 0.4912071 0.3021125 -0.8169722 0.5439643 0.3027872 -0.7825744 0.642659 0.2960537 -0.7066411 0.5710883 0.2674759 -0.7760894 0.5790613 0.3115363 -0.7534144 0.5685876 0.3057416 -0.7636952 -0.5385854 0.3021246 -0.7865409 -0.566027 0.3062177 -0.7654046 -0.5767359 0.3134686 -0.7543959 -0.5321187 0.3021259 -0.7909297 -0.4235795 0.2924447 -0.8573545 -0.1604765 0.4177081 -0.8942971 -0.4134045 0.3038138 -0.858367 -0.5106919 0.2957127 -0.807309 -0.1968975 0.4059784 -0.8924198 -0.4577469 0.3063775 -0.8346262 -0.766437 0.2949026 -0.5706197 -0.7267276 0.2938075 -0.6209221 -0.4583893 0.272457 -0.845959 -0.8669688 0.3266626 -0.3763731 -0.8645987 0.3021281 -0.4014821 -0.8667849 0.3014298 -0.3972708 -0.8722161 0.2940636 -0.3908526 -0.8702909 0.3054886 -0.3863552 -0.8581948 0.2966293 -0.4189423 -0.8299888 0.3019022 -0.4690136 -0.8187695 0.3055192 -0.4860807 -0.8273406 0.304074 -0.472278 -0.8048987 0.3021765 -0.5107128 -0.76942 0.3094357 -0.5587867 -0.786296 0.3041874 -0.5377813 -0.7425732 0.3104851 -0.593451 -0.8105561 0.218102 -0.5435351 -0.7624469 0.3148196 -0.5652992 -0.7413059 0.3038849 0.5984309 -0.7337794 0.3110855 0.6039816 -0.7630025 0.3010281 0.5720221 -0.794027 0.3033447 0.5267857 -0.790321 0.3044947 0.5316728 -0.8312138 0.3044314 0.4651939 -0.8312005 0.3044337 0.465216 -0.8127807 0.3031181 0.4975008 -0.8602294 0.2930355 0.4172955 -0.8721183 0.301746 0.3851741 -0.8468316 0.3031881 0.4369819 -0.4332182 0.3043999 0.8483294 -0.505537 0.3037898 0.8075544 -0.4924466 0.3022012 0.8161929 -0.4801772 0.301743 0.8236388 -0.418261 0.3028147 0.856365 -0.3876184 0.3023272 0.8708331 -0.4214776 0.2940796 0.8578309 -0.453048 0.2783766 0.8469085 -0.569916 0.2938564 0.7673619 -0.6192941 0.2946408 0.7277787 -0.8123233 0.2935981 0.5039159 -0.8390048 0.2927961 0.4586301 -0.5682454 0.3066264 0.7635952 -0.5675659 0.3062334 0.7642578 -0.5425905 0.3030763 0.7834159 -0.508766 0.3035592 0.805611 -0.6113585 0.3103308 0.7279669 -0.6040064 0.3037826 0.7368124 0.9444045 0.3050468 -0.1226654 0.9370387 0.3010761 -0.1769515 0.9216286 0.3016092 -0.2441983 0.921117 0.3014106 -0.2463636 0.8992052 0.3013929 -0.3171634 0.8990908 0.3013548 -0.3175236 0.8634625 0.2999531 -0.4055377 0.8749839 0.3034523 -0.3772532 0.873815 0.3034229 -0.3799764 0.3161033 0.3006362 -0.8998315 0.264339 0.3027645 -0.9156738 0.2458122 0.3016207 -0.9211956 0.2125406 0.3029922 -0.92899 0.1811915 0.3009352 -0.9362733 0.1176782 0.302142 -0.9459716 0.1065732 0.3011704 -0.9475962 0.03745746 0.3016926 -0.9526692 0.0353688 0.3015031 -0.952809 -0.03994607 0.3013045 -0.952691 -0.03856968 0.3014485 -0.9527021 -0.1264096 0.300044 -0.9455127 -0.1061893 0.3023563 -0.9472616 -0.3873818 0.3025297 -0.8708682 -0.3748019 0.302123 -0.876496 -0.3686718 0.3025705 -0.8789381 -0.3143497 0.3005689 -0.900468 -0.279921 0.3024644 -0.9111309 -0.2466644 0.3006401 -0.9212884 -0.2021774 0.3023368 -0.9315132 -0.1752849 0.3006551 -0.937487 -0.9001642 0.302217 -0.3136389 -0.9022739 0.3016349 -0.3080881 -0.9226485 0.3012177 -0.2408062 -0.9217683 0.3015467 -0.2437475 -0.9411495 0.299888 -0.1559007 -0.9364079 0.3025031 -0.1778545 -0.947605 0.3006119 -0.1080617 -0.9498865 0.3022913 -0.07959747 -0.9530762 0.3005725 -0.03608369 -0.9531608 0.3024584 0.001837909 -0.9531056 0.3006373 0.03474158 -0.9496869 0.3022459 0.08211177 -0.9479362 0.3007802 0.104634 -0.9396317 0.3020999 0.1607111 -0.936785 0.3006474 0.1790116 -0.9215906 0.3013945 0.2446063 -0.9215452 0.301377 0.2447991 -0.8985021 0.3012609 0.3192741 -0.9020351 0.3024322 0.3080059 -0.8721361 0.3016289 0.3852256 -0.8630161 0.3036099 0.4037628 -0.3771731 0.3019709 0.8755307 -0.36689 0.3027004 0.8796387 -0.3156191 0.3005151 0.9000419 -0.2764083 0.3024448 0.9122092 -0.247962 0.3007155 0.9209154 -0.1997509 0.3022783 0.9320555 -0.1786546 0.3008269 0.9367955 -0.1214131 0.3020282 0.9455358 -0.1050977 0.3006955 0.9479117 -0.03532016 0.3012968 0.9528761 -0.03702265 0.3014496 0.9527631 0.03242897 0.3012639 0.9529893 0.03937602 0.3018605 0.9525386 0.1047962 0.3010494 0.9478329 0.1193591 0.302287 0.9457145 0.2148952 0.2996827 0.9295216 0.1836948 0.3038421 0.9348455 0.2460681 0.3018132 0.9210643 0.2638308 0.30289 0.9157789 0.3117293 0.3005399 0.9013882 0.3685895 0.3030831 0.8787961 0.3841686 0.3020338 0.8724622 0.4349395 0.3045403 0.8473978 0.8507439 0.3059761 0.4273329 0.8635223 0.3034886 0.4027703 0.8767495 0.3009213 0.3751757 0.8999619 0.3014125 0.3149909 0.8995571 0.3015161 0.3160459 0.9477137 0.3004341 0.1076014 0.9394039 0.3020769 0.1620804 0.936892 0.3008772 0.1780626 0.9223073 0.3018153 0.2413645 0.920519 0.3011674 0.2488833 0.9400737 0.2978332 -0.1660027 0.9494391 0.3030125 -0.08215266 0.9532149 0.3004051 -0.03373754 0.9521838 0.3035235 0.03492408 0.954492 0.2982175 -0.003392815 0.9498816 0.3021568 0.08016407 0.8009396 0.2558277 -0.5413391 0.1362226 0.04760771 0.9895338 0.2812391 0.0501216 0.958328 0.3809646 0.04847741 0.9233179 0.4403257 0.04759341 0.8965758 0.531863 0.0505793 0.8453186 0.6492849 0.05154055 0.7587969 0.7343183 0.08394145 0.6735952 0.993709 0.002489745 -0.1119649 0.7704467 0.04944998 0.6355838 0.9139726 0.05047833 0.4026242 0.8668726 0.04774904 0.4962378 0.8325583 0.04858279 0.5518029 0.650743 0.0520215 -0.757514 0.7365947 0.07653468 -0.6719901 -0.6497265 0.05358636 -0.7582771 -0.7363326 0.07541024 -0.6724044 -0.8675316 0.04786932 0.4950731 -0.9139811 0.05141294 0.4024863 -0.6522178 0.05109131 0.756308 -0.73489 0.08228325 0.6731762 -0.4418484 0.0477209 0.8958196 -0.5318375 0.05159157 0.8452735 0.03191524 0.05099964 0.9981887 -0.1179536 0.0486896 0.9918248 -0.2202314 0.04868823 0.9742318 -0.6657117 0.1646566 0.7278161 -0.6811065 0.2045963 0.703018 -0.7026474 0.1686529 0.6912618 -0.7065393 0.1620363 0.6888734 -0.7515957 0.2744401 0.5998222 -0.793821 0.2561463 0.5515771 -0.8850386 0.2542107 0.3899792 -0.8437108 0.2569104 0.4713271 -0.8436413 0.2559983 0.4719473 -0.8425804 0.2416767 -0.4813012 -0.8437628 0.2566896 -0.4713545 -0.8856307 0.2531074 -0.3893519 -0.798936 0.2590854 -0.5427488 -0.8010048 0.2555321 -0.5413822 -0.7442092 0.2573403 -0.6163836 -0.7469747 0.2815051 -0.6023153 -0.7020559 0.1756858 -0.6901101 -0.7083202 0.1636493 -0.6866596 -0.6819318 0.2099347 -0.7006401 -0.6641045 0.166451 -0.7288753 -0.8435934 -0.3440195 0.4123116 -0.6312848 0.2815831 -0.7226275 -0.5744841 0.258104 -0.7767563 -0.5710341 0.2507839 -0.7816825 -0.5006322 0.2583444 -0.8262117 -0.4420957 0.2572093 -0.859299 -0.3530235 0.2526098 -0.9008678 0.1940119 0.2545602 -0.9473957 0.2912712 0.2566592 -0.9215678 0.3498767 0.2560333 -0.9011289 0.4432855 0.2560629 -0.8590285 0.4963664 0.2515256 -0.8308762 0.5774893 0.2565235 -0.7750495 0.6242989 0.2634887 -0.7354078 0.6648268 0.1662961 -0.728252 0.6794604 0.2060196 -0.7041943 0.7042368 0.1672487 -0.6899845 0.7064759 0.1633002 -0.6886398 0.7505353 0.2563366 -0.6090882 0.7370818 0.2784155 -0.6157885 0.8443014 0.255239 -0.4711776 0.8439423 0.2559149 -0.4714542 0.800168 0.2572066 -0.5418267 0.883808 0.2566484 -0.3911713 0.8504428 0.2555671 0.4598179 0.8007349 0.2567554 0.5412029 0.8006454 0.2560658 0.5416616 0.7399431 0.2758598 0.6135028 0.7506596 0.256199 0.6089928 0.702142 0.1735932 0.6905521 0.7080361 0.1627513 0.6871659 0.6831883 0.2088657 0.6997349 0.6647103 0.1658359 0.7284632 0.6242365 0.2557079 0.7382021 0.580173 0.2577212 0.7726442 0.5073725 0.2521316 0.8240163 0.5089159 0.2562636 0.8217869 0.4351843 0.256132 0.8631403 0.4354621 0.2567875 0.8628053 0.3524292 0.2557897 0.9002029 0.2922781 0.2559188 0.9214549 0.1949372 0.256904 0.9465727 -0.3524942 0.2517139 0.9013257 -0.4435918 0.2574861 0.8584446 -0.4955833 0.2552205 0.8302167 -0.5753202 0.2581382 0.7761259 -0.5747203 0.2566115 0.7770761 -0.6315472 0.2564494 0.7316979 -0.6267833 0.262211 0.7337493 -0.7674928 0.1425855 0.6249994 -0.7614247 0.1533135 0.6298631 -0.8218473 0.151169 0.5492859 -0.8256446 0.145757 0.5450375 -0.8686231 0.1405032 0.4751345 -0.8626977 0.1532825 0.4819309 -0.8973881 0.1533268 0.4137461 -0.8963051 0.1555086 0.4152761 -0.9339423 0.1524904 0.3232622 -0.9299057 0.1612505 0.3305658 -0.9565494 0.1519429 0.2488507 -0.9569498 0.1509507 0.247913 -0.9758316 0.1461936 0.1624195 -0.9725432 0.1567488 0.1720163 -0.9852777 0.1521368 0.07798999 -0.9829685 0.1619212 0.08691638 -0.9883181 0.1524054 9.46418e-5 -0.9882055 0.1531313 8.34095e-4 -0.9847021 0.1524864 -0.08431929 -0.9846273 0.1537157 -0.08294945 -0.9737634 0.1538214 -0.1677019 -0.9737603 0.1536322 -0.1678932 -0.9556664 0.1474756 -0.2548585 -0.956637 0.1609752 -0.2427607 -0.931334 0.1525515 -0.3306737 -0.9319978 0.1562721 -0.3270462 -0.8989357 0.1480948 -0.4122894 -0.8980281 0.1447366 -0.4154477 -0.8612017 0.1405993 -0.4884297 -0.8633063 0.148724 -0.482269 -0.8201588 0.1429682 -0.5539852 -0.8200387 0.1426359 -0.5542488 -0.7657463 0.1407986 -0.6275416 -0.7629055 0.1339041 -0.6324912 -0.6379163 0.1509627 -0.7551643 -0.5891705 0.1453799 -0.7948226 -0.5884267 0.1441025 -0.7956058 -0.5157113 0.1394025 -0.8453454 -0.5232152 0.1510205 -0.8387125 -0.439951 0.1462206 -0.8860377 -0.4411957 0.1479213 -0.885136 -0.3685745 0.1435679 -0.9184449 -0.3784569 0.1573061 -0.9121541 -0.2864047 0.1502034 -0.9462618 -0.2901316 0.1542872 -0.9444677 -0.2022393 0.1527692 -0.9673473 -0.2084596 0.1593449 -0.9649631 -0.1258192 0.1544739 -0.9799528 -0.1244951 0.1531217 -0.9803341 -0.03580743 0.1463547 -0.9885839 -0.04794985 0.1598084 -0.9859829 0.04113179 0.1541196 -0.9871957 0.03812694 0.1570612 -0.9868527 0.1313213 0.1500366 -0.9799203 0.1228445 0.1588686 -0.9796276 0.2073711 0.1548888 -0.9659227 0.2191416 0.1433969 -0.9650982 0.2919319 0.1408272 -0.9460145 0.2804585 0.1540185 -0.9474288 0.3739398 0.1475667 -0.9156381 0.3742743 0.1471989 -0.9155606 0.4448311 0.1442878 -0.8839154 0.4337337 0.1575924 -0.8871526 0.519836 0.1480351 -0.8413419 0.5247592 0.1426371 -0.8392153 0.5953208 0.1407033 -0.7910725 0.5822373 0.1583356 -0.797452 0.6422649 0.1569776 -0.7502359 0.7676662 0.1437395 -0.6245219 0.7681228 0.1430137 -0.624127 0.8231052 0.1407371 -0.5501738 0.819516 0.1469424 -0.5538967 0.863188 0.1446155 -0.4837281 0.8640324 0.1430757 -0.4826774 0.9023122 0.1415534 -0.4071801 0.8971343 0.1519125 -0.4148163 0.934441 0.1465529 -0.3245648 0.9289137 0.1586757 -0.3345764 0.9556407 0.1543179 -0.2508724 0.9547457 0.1564746 -0.2529356 0.9750453 0.1491821 -0.1644123 0.9731177 0.1553108 -0.1700611 0.9854778 0.1496126 -0.08031123 0.984762 0.1526277 -0.08335834 0.9884099 0.1517668 0.003576159 0.9878654 0.1553132 3.72468e-6 0.985205 0.1507701 0.08148354 0.9849513 0.1540935 0.0782696 0.9742119 0.1520559 0.1667045 0.9742055 0.1517698 0.1670022 0.9551149 0.1518169 0.2543764 0.9557682 0.1577273 0.2482522 0.9321796 0.1554223 0.3269332 0.9317067 0.1531167 0.3293601 0.8965693 0.1516062 0.4161482 0.8997476 0.1668592 0.4032521 0.8651846 0.1597183 0.4753376 0.860742 0.146063 0.487636 0.8162794 0.144046 0.5594093 0.818717 0.1532872 0.5533585 0.7699286 0.1532964 0.6194435 0.7627971 0.1354949 0.632283 0.6422205 0.1562615 0.7504233 0.5916905 0.1556385 0.7909987 0.5817857 0.1424365 0.8007729 0.5126871 0.1426648 0.8466398 0.5181129 0.1532837 0.841465 0.4503875 0.1533217 0.8795701 0.4453805 0.145947 0.8833662 0.3630911 0.1441293 0.9205387 0.3732001 0.1614437 0.913596 0.2981317 0.1600482 0.9410113 0.283293 0.1434495 0.9482445 0.2032606 0.1393426 0.9691588 0.2170417 0.1568274 0.9634823 0.1177685 0.1535245 0.9811018 0.1251828 0.1625242 0.9787315 0.05021816 0.1647444 0.9850571 0.04209321 0.1570155 0.9866988 -0.0438016 0.1550578 0.986934 -0.04413604 0.1547285 0.9869707 -0.1326535 0.150399 0.9796853 -0.1203609 0.1652649 0.9788774 -0.1956953 0.1633366 0.9669667 -0.2044168 0.1551905 0.9665039 -0.2907095 0.1523663 0.9446018 -0.2885168 0.1545605 0.9449176 -0.3724367 0.1524708 0.9154472 -0.3791553 0.1456459 0.913799 -0.4544079 0.1393045 0.8798339 -0.4355007 0.1668257 0.884595 -0.5108394 0.1602178 0.8446143 -0.5244016 0.1450015 0.8390337 -0.5975843 0.141405 0.7892386 -0.5873095 0.1564763 0.7940925 -0.63852 0.1526214 0.7543203 -0.8314628 5.99648e-4 0.5555803 -0.1404576 -0.001727879 0.9900853 -0.08571743 0.01673996 0.9961789 -0.04247248 0.001621186 0.9990963 -0.3780888 0.001143038 0.9257686 -0.3368835 0.01696091 0.9413936 -0.2920945 0.001358091 0.9563885 -0.2561923 0.01577818 0.9664971 -0.2003095 -0.002085208 0.9797306 -0.1716393 0.01302337 0.9850738 -0.4161266 0.01583558 0.9091688 -0.4648412 -0.003353416 0.8853878 -0.4949283 0.01029294 0.868873 -0.5122387 -0.001924395 0.8588411 -0.5666086 0.01764434 0.8237982 -0.5945897 0.004451572 0.804017 -0.6614038 0.02926427 0.749459 -0.6339016 -0.01673775 0.7732327 -0.8104894 0.01597863 0.5855354 -0.7006333 0.01266032 0.7134093 -0.7138471 9.51912e-4 0.700301 -0.7582529 0.01694828 0.6517402 -0.7804937 0.002369999 0.6251593 -0.859522 0.01520603 0.5108727 -0.8802046 -0.002682805 0.474587 -0.899344 0.009734332 0.4371335 -0.9059176 -8.06954e-4 0.4234532 -0.9339135 0.01617032 0.3571332 -0.9856079 0.002496838 0.1690292 -0.9436177 0.003416061 0.3310198 -0.9692955 0.02652716 0.2444637 -0.9607583 -0.004841923 0.277345 -0.9811207 0.01457566 0.1928468 -0.9964309 0.01955437 0.0821163 -0.9945508 -2.02759e-4 0.1042531 -0.999687 0.0241158 -0.006662666 -0.9997391 -0.001724004 0.02277541 -0.9977982 0.01455372 -0.06470853 -0.9963434 0.003736734 -0.08535784 -0.9884352 0.01306885 -0.1510798 -0.9858345 0.003739297 -0.1676793 -0.7809345 0.008403182 -0.6245565 -0.9723883 0.01483178 -0.2328972 -0.9673113 0.00358951 -0.2535666 -0.9405962 0.01984786 -0.3389469 -0.9482492 8.56224e-5 -0.3175272 -0.9088055 0.01860409 -0.416805 -0.917131 0.001563012 -0.3985832 -0.8719838 0.01603406 -0.4892722 -0.8798612 0.002875149 -0.4752222 -0.8248419 0.01848655 -0.5650612 -0.8361312 0.002111434 -0.5485257 -0.785285 0.01257407 -0.6190068 6.14761e-4 0.01590579 0.9998734 0.05766999 -0.004463434 0.9983258 0.08513045 0.009828209 0.9963214 0.1108068 -0.003204166 0.9938369 0.1721827 0.01642358 0.9849281 0.2109646 0.001500308 0.9774926 0.2566742 0.01512616 0.9663797 0.3025055 -0.004489898 0.9531372 0.3370938 0.01209586 0.9413934 0.3596676 -7.79801e-4 0.9330801 0.4161347 0.0170021 0.9091441 0.4631456 -0.004203021 0.8862723 0.4941499 0.01002526 0.8693189 0.5121954 -0.002737462 0.8588647 0.5669469 0.01582163 0.8236024 0.5908044 0.003850758 0.8068057 0.6344611 0.01696038 0.7727687 0.66745 -0.00183928 0.7446523 0.7003098 0.01214736 0.7137357 0.7133277 5.13791e-4 0.7008306 0.7581154 0.01650017 0.6519117 0.7883829 -0.003508269 0.615175 0.8118171 0.01049935 0.5838176 0.8205903 8.49287e-4 0.5715164 0.8586452 0.0165224 0.5123041 0.8794663 -0.003237664 0.4759503 0.8993985 0.009953856 0.4370166 0.9060088 -6.71207e-4 0.4232582 0.9337894 0.01459956 0.3575254 0.9417808 0.003546059 0.3362088 0.9607713 0.0155133 0.2769079 0.96803 0.002178668 0.2508249 0.981221 0.013525 0.1924123 0.9851624 0.002342581 0.1716092 0.9942641 0.01400655 0.1060328 0.9961521 0.00447613 0.08752816 0.9996355 0.01594585 0.02178502 0.9999893 0.003330528 -0.003242075 0.9977926 0.01333314 -0.06505471 0.9966067 0.003912329 -0.08221846 0.9885678 0.01214802 -0.1502867 0.986169 0.003114283 -0.1657139 0.971906 0.01310658 -0.2350045 0.9687175 0.005618572 -0.2481026 0.9487838 0.0145111 -0.3155928 0.9424408 0.003430187 -0.3343555 0.9179748 0.01175749 -0.3964644 0.9123736 0.003448426 -0.4093441 0.8785095 0.01165199 -0.4775827 0.8747226 0.007011055 -0.4845734 0.8366943 0.01403701 -0.5474902 0.8279951 0.004767596 -0.5607152 0.7856604 0.01133102 -0.6185544 0.7816428 0.007302939 -0.6236838 0.7282749 0.0120505 -0.6851792 0.7141057 -3.94411e-4 -0.7000378 0.6686644 0.00703603 -0.7435311 0.6683953 0.006724417 -0.7437759 0.6027904 0.01412969 -0.7977745 0.5911817 0.005728542 -0.8065181 0.5307259 0.009825587 -0.8474866 0.5270968 0.007011532 -0.8497763 0.4542459 0.009877681 -0.8908216 0.4539663 0.009669244 -0.8909664 0.379265 0.01183778 -0.9252124 0.3723456 0.00694704 -0.9280683 0.296747 0.008901774 -0.9549147 0.2961993 0.008510172 -0.9550883 0.2118651 0.008923709 -0.9772583 0.2148783 0.01104021 -0.9765785 0.1297943 0.01075726 -0.9914826 0.1268318 0.00873059 -0.9918859 0.04387205 0.008502185 -0.999001 0.04793328 0.01138401 -0.9987857 -0.04275155 0.009126543 -0.9990441 -0.04082608 0.01049119 -0.9991112 -0.130319 0.00724101 -0.9914457 -0.1223902 0.01303654 -0.9923965 -0.2117006 0.009097814 -0.9772923 -0.2103968 0.01006084 -0.9775644 -0.2967111 0.005974888 -0.9549487 -0.2887285 0.01223158 -0.9573329 -0.3791475 0.005754768 -0.9253184 -0.3681973 0.01465892 -0.9296322 -0.4541071 0.007651567 -0.8909143 -0.4496265 0.0114156 -0.8931438 -0.5307211 0.004424571 -0.847535 -0.5203639 0.01389443 -0.8538315 -0.6020298 0.003937423 -0.7984641 -0.5887023 0.01707595 -0.8081696 -0.6675308 0.004823386 -0.7445666 -0.6683146 0.005750954 -0.7438565 -0.7293705 -0.003930032 -0.6841077 -0.7175521 0.01467978 -0.6963502 -0.1344908 0.7759031 -0.6163496 -0.5061507 0.7646739 -0.3988551 -0.6247997 0.7749795 -0.09503817 -0.6257396 0.7799114 0.01371687 -0.5473599 0.7713966 0.3245685 -0.5619738 0.7808099 0.2729861 -0.4796814 0.7745102 0.4123589 -0.443644 0.7733066 0.4529649 -0.3561941 0.7775084 0.5182726 -0.1606208 0.7779923 0.6073954 0.1610614 0.7779629 0.6073162 0.2646742 0.7726097 0.5770805 0.2102517 0.7822778 0.5863752 0.5461642 0.7717102 0.3258343 0.5072792 0.7806744 0.3649868 0.6027775 0.7720754 -0.2013925 0.6078137 0.7803832 -0.1468494 0.5268266 0.7765258 -0.3456321 0.4571999 0.7791389 -0.4288483 0.383988 0.770126 -0.5093714 0.4184297 0.7795943 -0.465993 0.2383686 0.7761751 -0.5837233 0.2855576 0.7791715 -0.5579864 0.08118736 0.7760782 -0.625389 0.0278089 0.7679041 -0.639961 0.4864748 0.7183936 0.4972454 0.4876109 0.7168689 0.4983319 0.6980494 0.7029252 0.1364672 0.6850384 0.7159981 0.1344213 0.4404904 0.720988 0.534925 0.4374342 0.7252783 0.5316228 0.6666126 0.7204189 0.1913748 0.6625325 0.7244323 0.1903905 0.3864431 0.7308973 0.5625396 0.3915328 0.7229725 0.5692213 0.6400337 0.7281266 0.2453337 0.6475219 0.7205976 0.2479 -0.08091127 0.7794286 -0.6212444 -0.08733671 0.7204089 -0.6880286 -0.2368951 0.7794761 -0.5799119 -0.2609596 0.7184223 -0.644802 -0.4166541 0.7211619 -0.5534663 -0.4203819 0.7155258 -0.5579445 -0.458917 0.7776142 -0.4297806 -0.5036813 0.7215828 -0.4749984 -0.5480942 0.7176381 -0.4296374 -0.5506606 0.7801738 -0.2968194 -0.6101511 0.719484 -0.3317504 -0.5927774 0.7632557 -0.2570132 -0.642691 0.7143936 -0.2767493 -0.6120851 0.7772673 -0.1456276 -0.7667331 0.6135334 -0.1889372 -0.6883167 0.7252939 0.01299148 -0.6658138 0.7211649 0.1913459 -0.6575428 0.7294269 0.1886107 -0.6206904 0.7247798 0.2990613 -0.6721993 0.6196036 0.4052647 -0.4677245 0.7874873 0.4013696 -0.4868175 0.7162225 0.5000342 -0.3841336 0.7369953 0.5561289 -0.2118971 0.7776497 0.5919128 -0.230461 0.7339756 0.63888 -0.0591979 0.7242776 0.6869626 -0.05963164 0.7151144 0.6964593 0.05862241 0.7243361 0.6869503 0.06542164 0.6689637 0.7404105 -0.01129168 -0.9978856 -0.06400692 0.1280861 0.6646147 0.7361259 0.1265023 0.6728245 0.7289063 0.2120341 0.7776825 0.5918205 0.2922034 0.7176293 0.6321594 0.5586487 0.7239738 0.4046896 0.5467873 0.7710897 0.3262583 0.6912834 0.7224315 0.01483261 0.6896498 0.7239907 0.0148589 0.6925464 0.7199915 -0.04462999 0.6977492 0.7149157 -0.04518395 0.6714807 0.7235655 -0.1598964 0.550968 0.7788939 -0.2995974 0.7046685 0.6020067 -0.3755399 0.5060654 0.722026 -0.4717801 0.3174534 0.7215316 -0.6153174 0.1335442 0.779334 -0.6122128 0.150011 0.7204416 -0.6770972 -0.03038924 0.7145885 -0.6988847 -0.02977728 0.7217171 -0.6915473 -0.1494496 0.7221352 -0.6754152 -0.208103 0.7128114 -0.669771 -0.2071657 0.7154849 -0.6672059 -0.2873291 0.7757565 -0.5618221 -0.3185024 0.7189187 -0.6178286 -0.3709366 0.7151753 -0.5923938 -0.3735566 0.7105794 -0.5962654 -0.4619041 0.7224265 -0.5145334 -0.4641348 0.7193761 -0.5167949 -0.5798927 0.7202889 -0.3806683 -0.575329 0.7253851 -0.3779063 -0.7492932 0.6140379 -0.2480269 -0.6579778 0.7196107 -0.2218686 -0.6763963 0.7295628 -0.1011247 -0.6951962 0.7174186 -0.04486459 -0.691597 0.7208954 -0.04476016 -0.6276895 0.7755295 0.06752836 -0.6878975 0.7218135 0.07604169 -0.6891087 0.712058 0.1345462 -0.7009654 0.6998347 0.1374008 -0.6463757 0.7215887 0.2480087 -0.6380146 0.730201 0.244426 -0.6366486 0.6235932 0.4536629 -0.5086406 0.7781637 0.3684377 -0.4325365 0.7329655 0.5250464 -0.4377485 0.7249514 0.5318098 -0.3103563 0.7781727 0.5460095 -0.3394051 0.7232885 0.6013801 -0.2889001 0.7218235 0.628894 -0.29026 0.7184976 0.6320683 -0.1725118 0.731938 0.6591711 -0.119659 0.7142025 0.6896351 -0.1182951 0.7240382 0.6795403 6.19877e-5 0.7221366 0.6917505 5.06217e-5 0.7225288 0.6913408 0.1831063 0.6865053 0.7036921 0.3393637 0.7262942 0.59777 0.3422287 0.7211406 0.6023585 0.5245326 0.7226454 0.4501658 0.5151163 0.7339371 0.4427094 0.5618574 0.7808642 0.2730703 0.6257016 0.7194846 0.3013961 0.688293 0.7216184 0.07429361 0.6893112 0.7206385 0.07436627 0.683005 0.7229737 -0.1039867 0.6780918 0.7277151 -0.1030652 0.6560992 0.7215098 -0.2212635 0.7384599 0.591784 -0.3232164 0.6406254 0.7166894 -0.2756003 0.5777432 0.7216042 -0.3814451 0.550667 0.713088 -0.4339025 0.5475055 0.7171625 -0.4311796 0.4210253 0.7764714 -0.4688601 0.4158313 0.7206018 -0.5548129 0.3722593 0.7124897 -0.5947954 0.3710873 0.7148959 -0.5926367 0.2600402 0.7210662 -0.6422169 0.2078522 0.7133299 -0.6692967 0.2072568 0.7156693 -0.6669799 0.08080035 0.7793589 -0.6213462 0.02828311 0.722265 -0.691038 0.5946256 0.00255686 -0.8039987 -0.8045957 0.00206238 0.5938197 -0.111964 0.002848744 -0.9937082 0.7579701 0.001957118 -0.6522864 0.915506 0.003059327 0.4022928 -0.9825651 0.001957476 -0.1859092 -0.9659239 0.001956343 -0.2588192 0.9438816 0.001989126 -0.3302782 -0.9937099 0.00218749 0.1119638 -0.1859139 0.002187609 0.9825637 -0.1119633 0.002489805 0.9937093 0.9659237 0.002187907 -0.2588177 -0.9825636 0.002490401 0.1859105 -0.9992988 0.001988589 -0.03739279 -0.258817 0.00195676 0.9659244 0.1084569 0.003443479 0.9940952 -0.9659243 0.001956939 0.2588173 0.7071056 0.00195682 0.7071053 -0.5938193 0.002338171 0.8045951 0.982563 0.002629637 0.1859118 -0.9992967 0.002848029 0.03739237 0.6522856 0.001832067 -0.7579711 0.6522832 0.002490103 0.7579714 -0.1859152 0.002188205 -0.9825634 -0.03739154 0.00195682 0.9992988 0.2588186 0.002629816 -0.9659225 -0.2588224 0.002489864 -0.9659217 0.4672726 0.002277731 -0.8841104 0.8841125 0.002487301 0.4672674 0.9992983 0.002187728 -0.03739309 0.9992991 0.001831591 0.03739196 -0.6526504 0.002490818 0.7576552 0.111966 0.002327978 0.9937094 0.1119652 0.001831948 -0.9937105 -0.9937099 0.002189278 -0.1119642 0.9659238 0.002187371 0.2588177 -0.7071052 0.002629339 -0.7071036 0.3302767 0.00218743 -0.9438817 0.3998889 0.00232774 -0.9165608 -0.5320314 0.00249046 -0.8467211 -0.9165596 0.002555608 -0.39989 -0.9438802 0.002489805 -0.330279 -0.5932536 0.002560079 0.8050116 -0.3998914 0.001956939 -0.9165604 -0.9438816 0.001956224 0.3302786 0.5938203 0.001989305 0.8045953 -0.9165601 0.00218749 0.3998911 0.2588189 0.001831829 0.9659242 0.1869587 0.002556681 -0.9823645 0.8467211 0.002489209 -0.5320314 -0.5938189 0.001957654 -0.8045964 0.1853891 0.002383291 0.9826624 -0.4681567 0.002556562 0.8836418 0.5320326 0.002187848 0.8467211 0.8045949 0.002490401 0.593819 0.8045967 0.001956522 -0.5938185 -0.5320336 0.002629756 0.8467192 -0.8841127 0.002629041 0.4672666 0.9825645 0.001956641 -0.1859118 0.9438818 0.001831948 0.3302785 0.8467223 0.001956701 0.5320315 0.7097945 0.003444731 -0.7044005 -0.3302803 0.002489984 0.9438796 -0.804596 0.002062737 -0.593819 0.3302788 0.002188205 0.9438809 -0.8472545 0.00255686 0.531181 0.04205924 0.001488029 -0.999114 -0.7071059 0.001956582 0.707105 -0.3302775 0.001956999 -0.9438819 0.8841134 0.002187609 -0.4672676 -0.3998894 0.002061784 0.9165611 0.9935891 0.002556324 0.1130235 0.3998922 0.002489626 0.9165589 0.5320295 0.002062916 -0.8467234 0.4672681 0.00195682 0.8841135 0.03739267 0.00257641 0.9992974 0.7071059 0.002212464 -0.7071043 -0.8841134 0.001956462 -0.4672684 -0.7579693 0.002489507 0.6522856 -0.7573143 0.002557158 -0.6530456 0.7579697 0.002188026 0.6522863 0.9165585 0.002847433 -0.3998905 0.9937396 0.002578377 -0.1116912 0.5938206 0.002235591 -0.8045945 -0.8023126 0.003270924 0.5968952 -0.1126822 0.002611696 -0.9936277 0.7544505 0.003623783 -0.6563469 0.91656 0.002212285 0.3998911 -0.9830783 0.002823472 -0.1831644 -0.966357 0.002478957 -0.2571929 0.9421817 0.003544211 -0.3350838 -0.9933061 0.003271877 0.1154662 -0.1824453 0.003273665 0.9832106 -0.9826142 0.002578496 0.1856414 -0.2561181 0.00282371 0.9666414 -0.9654871 0.002477765 0.2604393 0.7090777 0.002823829 0.7051247 0.9825959 0.002574682 0.1857385 -0.9992676 0.002591133 0.03817886 0.6503558 0.002627313 -0.7596253 0.652013 0.002606511 0.7582033 -0.189369 0.003272831 -0.9819006 -0.0331729 0.003266751 0.9994444 -0.258554 0.002578735 -0.9659934 0.4655462 0.002874195 -0.885019 0.8845765 0.002796411 0.4663867 0.9991573 0.003273129 -0.04091376 0.9994099 0.002821147 0.0342338 -0.6522842 0.002337694 0.7579709 0.1094352 0.002628207 -0.9939905 -0.9939406 0.002832889 -0.1098827 0.9668265 0.003273725 0.2554133 0.3269478 0.003273308 -0.9450368 0.398388 0.002833425 -0.9172127 -0.5318013 0.002578973 -0.8468654 -0.9165673 0.002562999 -0.3998723 -0.9440495 0.00232315 -0.3297958 -0.4024473 0.002824008 -0.9154388 -0.9429523 0.002823472 0.332916 0.5979095 0.003544509 0.8015559 -0.9151433 0.003273189 0.4031155 0.2618685 0.002821028 0.9650995 0.1859106 0.002212047 -0.9825642 0.8468672 0.002578556 -0.5317984 -0.5972069 0.003266274 -0.8020807 0.1859102 0.002212166 0.9825643 -0.4672675 0.002234339 0.8841132 0.5338037 0.002833545 0.8456038 0.8035963 0.002477705 -0.5951697 -0.5312099 0.0023216 0.8472372 -0.8840309 0.002575099 0.4674215 0.9820389 0.002824127 -0.1886574 0.9449188 0.002821207 0.3272929 0.8484473 0.002967238 0.5292717 -0.3305389 0.002579033 0.943789 -0.8068617 0.003269731 -0.5907315 0.3336024 0.003273665 0.9427083 -0.8467218 0.002235293 0.5320312 0.04374855 0.002124428 -0.9990404 -0.7047988 0.002967298 0.7094011 -0.3318619 0.002478599 -0.9433248 0.8824592 0.003273069 -0.4703775 -0.3963733 0.003270208 0.9180836 0.99371 0.002213239 0.1119624 0.5296213 0.002958178 -0.8482292 0.4697356 0.00282377 0.8828026 0.04084593 0.003628611 0.9991589 -0.8851209 0.002628028 -0.4653539 -0.7579709 0.002235233 -0.6522846 0.7602625 0.003273069 0.6496077 0.9162427 0.002590954 -0.4006153</float_array>
          <technique_common>
            <accessor source="#eSeries_UR5e_013-mesh-normals-array" count="2504" stride="3">
              <param name="X" type="float"/>
              <param name="Y" type="float"/>
              <param name="Z" type="float"/>
            </accessor>
          </technique_common>
        </source>
        <vertices id="eSeries_UR5e_013-mesh-vertices">
          <input semantic="POSITION" source="#eSeries_UR5e_013-mesh-positions"/>
        </vertices>
        <polylist material="JointGrey-material" count="2598">
          <input semantic="VERTEX" source="#eSeries_UR5e_013-mesh-vertices" offset="0"/>
          <input semantic="NORMAL" source="#eSeries_UR5e_013-mesh-normals" offset="1"/>
          <vcount>3 3 3 3 3 3 3 3 3 3 3 3 3 3 3 3 3 3 3 3 3 3 3 3 3 3 3 3 3 3 3 3 3 3 3 3 3 3 3 3 3 3 3 3 3 3 3 3 3 3 3 3 3 3 3 3 3 3 3 3 3 3 3 3 3 3 3 3 3 3 3 3 3 3 3 3 3 3 3 3 3 3 3 3 3 3 3 3 3 3 3 3 3 3 3 3 3 3 3 3 3 3 3 3 3 3 3 3 3 3 3 3 3 3 3 3 3 3 3 3 3 3 3 3 3 3 3 3 3 3 3 3 3 3 3 3 3 3 3 3 3 3 3 3 3 3 3 3 3 3 3 3 3 3 3 3 3 3 3 3 3 3 3 3 3 3 3 3 3 3 3 3 3 3 3 3 3 3 3 3 3 3 3 3 3 3 3 3 3 3 3 3 3 3 3 3 3 3 3 3 3 3 3 3 3 3 3 3 3 3 3 3 3 3 3 3 3 3 3 3 3 3 3 3 3 3 3 3 3 3 3 3 3 3 3 3 3 3 3 3 3 3 3 3 3 3 3 3 3 3 3 3 3 3 3 3 3 3 3 3 3 3 3 3 3 3 3 3 3 3 3 3 3 3 3 3 3 3 3 3 3 3 3 3 3 3 3 3 3 3 3 3 3 3 3 3 3 3 3 3 3 3 3 3 3 3 3 3 3 3 3 3 3 3 3 3 3 3 3 3 3 3 3 3 3 3 3 3 3 3 3 3 3 3 3 3 3 3 3 3 3 3 3 3 3 3 3 3 3 3 3 3 3 3 3 3 3 3 3 3 3 3 3 3 3 3 3 3 3 3 3 3 3 3 3 3 3 3 3 3 3 3 3 3 3 3 3 3 3 3 3 3 3 3 3 3 3 3 3 3 3 3 3 3 3 3 3 3 3 3 3 3 3 3 3 3 3 3 3 3 3 3 3 3 3 3 3 3 3 3 3 3 3 3 3 3 3 3 3 3 3 3 3 3 3 3 3 3 3 3 3 3 3 3 3 3 3 3 3 3 3 3 3 3 3 3 3 3 3 3 3 3 3 3 3 3 3 3 3 3 3 3 3 3 3 3 3 3 3 3 3 3 3 3 3 3 3 3 3 3 3 3 3 3 3 3 3 3 3 3 3 3 3 3 3 3 3 3 3 3 3 3 3 3 3 3 3 3 3 3 3 3 3 3 3 3 3 3 3 3 3 3 3 3 3 3 3 3 3 3 3 3 3 3 3 3 3 3 3 3 3 3 3 3 3 3 3 3 3 3 3 3 3 3 3 3 3 3 3 3 3 3 3 3 3 3 3 3 3 3 3 3 3 3 3 3 3 3 3 3 3 3 3 3 3 3 3 3 3 3 3 3 3 3 3 3 3 3 3 3 3 3 3 3 3 3 3 3 3 3 3 3 3 3 3 3 3 3 3 3 3 3 3 3 3 3 3 3 3 3 3 3 3 3 3 3 3 3 3 3 3 3 3 3 3 3 3 3 3 3 3 3 3 3 3 3 3 3 3 3 3 3 3 3 3 3 3 3 3 3 3 3 3 3 3 3 3 3 3 3 3 3 3 3 3 3 3 3 3 3 3 3 3 3 3 3 3 3 3 3 3 3 3 3 3 3 3 3 3 3 3 3 3 3 3 3 3 3 3 3 3 3 3 3 3 3 3 3 3 3 3 3 3 3 3 3 3 3 3 3 3 3 3 3 3 3 3 3 3 3 3 3 3 3 3 3 3 3 3 3 3 3 3 3 3 3 3 3 3 3 3 3 3 3 3 3 3 3 3 3 3 3 3 3 3 3 3 3 3 3 3 3 3 3 3 3 3 3 3 3 3 3 3 3 3 3 3 3 3 3 3 3 3 3 3 3 3 3 3 3 3 3 3 3 3 3 3 3 3 3 3 3 3 3 3 3 3 3 3 3 3 3 3 3 3 3 3 3 3 3 3 3 3 3 3 3 3 3 3 3 3 3 3 3 3 3 3 3 3 3 3 3 3 3 3 3 3 3 3 3 3 3 3 3 3 3 3 3 3 3 3 3 3 3 3 3 3 3 3 3 3 3 3 3 3 3 3 3 3 3 3 3 3 3 3 3 3 3 3 3 3 3 3 3 3 3 3 3 3 3 3 3 3 3 3 3 3 3 3 3 3 3 3 3 3 3 3 3 3 3 3 3 3 3 3 3 3 3 3 3 3 3 3 3 3 3 3 3 3 3 3 3 3 3 3 3 3 3 3 3 3 3 3 3 3 3 3 3 3 3 3 3 3 3 3 3 3 3 3 3 3 3 3 3 3 3 3 3 3 3 3 3 3 3 3 3 3 3 3 3 3 3 3 3 3 3 3 3 3 3 3 3 3 3 3 3 3 3 3 3 3 3 3 3 3 3 3 3 3 3 3 3 3 3 3 3 3 3 3 3 3 3 3 3 3 3 3 3 3 3 3 3 3 3 3 3 3 3 3 3 3 3 3 3 3 3 3 3 3 3 3 3 3 3 3 3 3 3 3 3 3 3 3 3 3 3 3 3 3 3 3 3 3 3 3 3 3 3 3 3 3 3 3 3 3 3 3 3 3 3 3 3 3 3 3 3 3 3 3 3 3 3 3 3 3 3 3 3 3 3 3 3 3 3 3 3 3 3 3 3 3 3 3 3 3 3 3 3 3 3 3 3 3 3 3 3 3 3 3 3 3 3 3 3 3 3 3 3 3 3 3 3 3 3 3 3 3 3 3 3 3 3 3 3 3 3 3 3 3 3 3 3 3 3 3 3 3 3 3 3 3 3 3 3 3 3 3 3 3 3 3 3 3 3 3 3 3 3 3 3 3 3 3 3 3 3 3 3 3 3 3 3 3 3 3 3 3 3 3 3 3 3 3 3 3 3 3 3 3 3 3 3 3 3 3 3 3 3 3 3 3 3 3 3 3 3 3 3 3 3 3 3 3 3 3 3 3 3 3 3 3 3 3 3 3 3 3 3 3 3 3 3 3 3 3 3 3 3 3 3 3 3 3 3 3 3 3 3 3 3 3 3 3 3 3 3 3 3 3 3 3 3 3 3 3 3 3 3 3 3 3 3 3 3 3 3 3 3 3 3 3 3 3 3 3 3 3 3 3 3 3 3 3 3 3 3 3 3 3 3 3 3 3 3 3 3 3 3 3 3 3 3 3 3 3 3 3 3 3 3 3 3 3 3 3 3 3 3 3 3 3 3 3 3 3 3 3 3 3 3 3 3 3 3 3 3 3 3 3 3 3 3 3 3 3 3 3 3 3 3 3 3 3 3 3 3 3 3 3 3 3 3 3 3 3 3 3 3 3 3 3 3 3 3 3 3 3 3 3 3 3 3 3 3 3 3 3 3 3 3 3 3 3 3 3 3 3 3 3 3 3 3 3 3 3 3 3 3 3 3 3 3 3 3 3 3 3 3 3 3 3 3 3 3 3 3 3 3 3 3 3 3 3 3 3 3 3 3 3 3 3 3 3 3 3 3 3 3 3 3 3 3 3 3 3 3 3 3 3 3 3 3 3 3 3 3 3 3 3 3 3 3 3 3 3 3 3 3 3 3 3 3 3 3 3 3 3 3 3 3 3 3 3 3 3 3 3 3 3 3 3 3 3 3 3 3 3 3 3 3 3 3 3 3 3 3 3 3 3 3 3 3 3 3 3 3 3 3 3 3 3 3 3 3 3 3 3 3 3 3 3 3 3 3 3 3 3 3 3 3 3 3 3 3 3 3 3 3 3 3 3 3 3 3 3 3 3 3 3 3 3 3 3 3 3 3 3 3 3 3 3 3 3 3 3 3 3 3 3 3 3 3 3 3 3 3 3 3 3 3 3 3 3 3 3 3 3 3 3 3 3 3 3 3 3 3 3 3 3 3 3 3 3 3 3 3 3 3 3 3 3 3 3 3 3 3 3 3 3 3 3 3 3 3 3 3 3 3 3 3 3 3 3 3 3 3 3 3 3 3 3 3 3 3 3 3 3 3 3 3 3 3 3 3 3 3 3 3 3 3 3 3 3 3 3 3 3 3 3 3 3 3 3 3 3 3 3 3 3 3 3 3 3 3 3 3 3 3 3 3 3 3 3 3 3 3 3 3 3 3 3 3 3 3 3 3 3 3 3 3 3 3 3 3 3 3 3 3 3 3 3 3 3 3 3 3 3 3 3 3 3 3 3 3 3 3 3 3 3 3 3 3 3 3 3 3 3 3 3 3 3 3 3 3 3 3 3 3 3 3 3 3 3 3 3 3 3 3 3 3 3 3 3 3 3 3 3 3 3 3 3 3 3 3 3 3 3 3 3 3 3 3 3 3 3 3 3 3 3 3 3 3 3 3 3 3 3 3 3 3 3 3 3 3 3 3 3 3 3 3 3 3 3 3 3 3 3 3 3 3 3 3 3 3 3 3 3 3 3 3 3 3 3 3 3 3 3 3 3 3 3 3 3 3 3 3 3 3 3 3 3 3 3 3 3 3 3 3 3 3 3 3 3 3 3 3 3 3 3 3 3 3 3 3 3 3 3 3 3 3 3 3 3 3 3 3 3 3 3 3 3 3 3 3 3 3 3 3 3 3 3 3 3 3 3 3 3 3 3 3 3 3 3 3 3 3 3 3 3 3 3 3 3 3 3 3 3 3 3 3 3 3 3 3 3 3 3 3 3 3 3 3 3 3 3 3 3 3 3 3 3 3 3 3 3 3 3 3 3 3 3 3 3 3 3 3 3 3 3 3 3 3 3 3 3 3 3 3 3 3 3 3 3 3 3 3 3 3 3 3 3 3 3 3 3 3 3 3 3 3 3 3 3 3 3 3 3 3 3 3 3 3 3 3 3 3 3 3 3 3 3 3 3 3 3 3 3 3 3 3 3 3 3 3 3 3 3 3 3 3 3 3 3 3 3 3 3 3 3 3 3 3 3 3 3 3 3 3 3 3 3 3 3 3 3 3 3 3 3 3 3 3 3 3 3 3 3 3 3 3 3 3 3 3 3 3 3 3 3 3 3 3 3 3 3 3 3 3 3 3 3 3 3 3 3 3 3 3 3 3 3 3 3 3 3 3 3 3 3 3 3 3 3 3 3 3 3 3 3 3 3 3 3 3 3 3 3 3 3 3 3 3 3 3 3 3 3 3 3 3 3 3 3 3 3 3 3 3 3 3 3 3 3 3 3 3 3 3 3 3 3 3 3 3 3 3 3 3 3 3 3 3 3 3 3 3 3 3 3 3 3 3 3 3 3 3 3 3 3 3 3 3 3 3 3 3 3 3 3 3 3 3 3 3 3 3 3 3 3 3 3 3 3 3 3 3 3 3 3 3 3 3 3 3 3 3 3 3 3 3 3 3 3 3 3 3 3 3 3 3 3 3 3 3 3 3 3 3 3 3 3 3 3 3 3 3 3 3 3 3 3 3 3 3 3 3 3 3 3 3 3 3 3 3 3 3 3 3 3 3 3 3 3 3 3 3 3 3 3 3 3 3 3 3 3 3 3 3 3 3 3 3 3 3 3 3 3 3 3 3 3 3 3 3 3 3 3 3 3 3 3 3 3 3 3 3 3 3 3 3 3 3 3 3 3 3 3 3 3 3 3 3 3 3 3 3 3 3 3 3 3 3 3 3 3 3 3 3 3 3 3 3 3 3 3 3 3 3 3 3 3 3 3 3 3 3 3 3 3 3 3 3 3 3 3 3 3 3 3 3 3 3 3 3 3 3 3 3 3 3 3 3 3 3 3 3 3 3 3 3 3 3 3 3 3 3 3 3 3 3 3 3 3 3 3 3 3 3 3 3 3 3 3 3 3 3 3 3 3 3 3 3 3 3 3 3 3 3 </vcount>
          <p>31 0 33 0 41 0 45 1 47 1 41 1 52 2 55 2 41 2 84 3 85 3 76 3 33 4 35 4 41 4 50 5 52 5 41 5 37 6 39 6 41 6 61 7 31 7 41 7 35 8 37 8 41 8 55 9 56 9 41 9 91 10 62 10 76 10 82 11 84 11 76 11 56 12 59 12 41 12 70 13 72 13 76 13 66 14 68 14 76 14 87 15 89 15 76 15 107 16 108 16 101 16 114 17 116 17 101 17 116 18 118 18 101 18 108 19 110 19 101 19 105 20 107 20 101 20 72 21 73 21 76 21 62 22 64 22 76 22 68 23 70 23 76 23 77 24 79 24 76 24 89 25 91 25 76 25 79 26 82 26 76 26 64 27 66 27 76 27 85 28 87 28 76 28 95 29 96 29 101 29 15 30 17 30 7 30 13 31 15 31 7 31 17 32 19 32 7 32 19 33 21 33 7 33 102 34 105 34 101 34 0 35 1 35 7 35 25 36 26 36 7 36 93 37 95 37 101 37 96 38 98 38 101 38 23 39 25 39 7 39 118 40 120 40 101 40 120 41 122 41 101 41 110 42 112 42 101 42 122 43 93 43 101 43 9 44 11 44 7 44 28 45 0 45 7 45 4 46 6 46 7 46 11 47 13 47 7 47 21 48 23 48 7 48 1 49 4 49 7 49 26 50 28 50 7 50 112 51 114 51 101 51 49 52 50 52 41 52 47 53 49 53 41 53 59 54 61 54 41 54 43 55 45 55 41 55 0 56 30 56 1 56 1 57 30 57 2 57 1 58 2 58 3 58 1 59 3 59 4 59 4 60 3 60 5 60 4 61 5 61 6 61 6 62 5 62 7 62 7 63 5 63 8 63 7 64 8 64 9 64 9 65 8 65 10 65 9 66 10 66 11 66 11 67 10 67 12 67 11 68 12 68 13 68 13 69 12 69 14 69 13 70 14 70 15 70 15 71 14 71 16 71 15 72 16 72 17 72 17 73 16 73 18 73 17 74 18 74 19 74 19 75 18 75 20 75 19 76 20 76 21 76 21 77 20 77 22 77 21 78 22 78 23 78 23 79 22 79 24 79 23 80 24 80 25 80 25 81 24 81 26 81 26 82 24 82 27 82 26 83 27 83 28 83 28 84 27 84 29 84 28 85 29 85 30 85 28 86 30 86 0 86 31 87 32 87 33 87 33 88 32 88 34 88 33 89 34 89 35 89 35 90 34 90 36 90 35 91 36 91 37 91 37 92 36 92 38 92 37 93 38 93 39 93 39 94 38 94 40 94 39 95 40 95 41 95 41 96 40 96 42 96 41 97 42 97 43 97 43 98 42 98 44 98 43 99 44 99 45 99 45 100 44 100 46 100 45 101 46 101 47 101 47 102 46 102 48 102 47 103 48 103 49 103 49 104 48 104 50 104 50 105 48 105 51 105 50 106 51 106 52 106 52 107 51 107 53 107 52 108 53 108 54 108 52 109 54 109 55 109 55 110 54 110 56 110 56 111 54 111 57 111 56 112 57 112 58 112 56 113 58 113 59 113 59 114 58 114 60 114 59 115 60 115 61 115 61 116 60 116 31 116 31 117 60 117 32 117 62 87 63 87 64 87 64 118 63 118 65 118 64 119 65 119 66 119 66 120 65 120 67 120 66 121 67 121 68 121 68 122 67 122 69 122 68 123 69 123 70 123 70 124 69 124 71 124 70 125 71 125 72 125 72 126 71 126 73 126 73 127 71 127 74 127 73 128 74 128 76 128 76 129 74 129 75 129 76 130 75 130 77 130 77 131 75 131 78 131 77 132 78 132 79 132 79 133 78 133 80 133 79 134 80 134 81 134 79 135 81 135 82 135 82 136 81 136 83 136 82 137 83 137 84 137 84 138 83 138 85 138 85 139 83 139 86 139 85 140 86 140 87 140 87 141 86 141 88 141 87 142 88 142 89 142 89 143 88 143 90 143 89 144 90 144 91 144 91 145 90 145 92 145 91 146 92 146 62 146 62 147 92 147 63 147 93 148 94 148 95 148 95 149 94 149 96 149 96 150 94 150 97 150 96 151 97 151 98 151 98 152 97 152 99 152 98 153 99 153 100 153 98 154 100 154 101 154 101 155 100 155 102 155 102 156 100 156 103 156 102 157 103 157 104 157 102 158 104 158 105 158 105 159 104 159 106 159 105 160 106 160 107 160 107 161 106 161 108 161 108 162 106 162 109 162 108 72 109 72 110 72 110 163 109 163 111 163 110 164 111 164 112 164 112 165 111 165 113 165 112 166 113 166 114 166 114 167 113 167 115 167 114 168 115 168 116 168 116 169 115 169 117 169 116 140 117 140 118 140 118 170 117 170 119 170 118 171 119 171 120 171 120 172 119 172 121 172 120 173 121 173 122 173 122 174 121 174 123 174 122 175 123 175 93 175 93 176 123 176 94 176 18 177 124 177 125 177 18 178 125 178 126 178 18 179 126 179 20 179 20 180 126 180 127 180 20 181 127 181 22 181 22 182 127 182 128 182 22 183 128 183 24 183 24 184 128 184 129 184 24 185 129 185 130 185 24 186 130 186 27 186 27 187 130 187 131 187 27 188 131 188 29 188 29 189 131 189 132 189 29 190 132 190 30 190 30 191 132 191 133 191 30 192 133 192 134 192 30 193 134 193 2 193 2 194 134 194 135 194 2 195 135 195 3 195 3 196 135 196 136 196 3 197 136 197 5 197 5 198 136 198 137 198 5 199 137 199 138 199 5 200 138 200 8 200 8 201 138 201 139 201 8 202 139 202 10 202 10 203 139 203 140 203 10 204 140 204 141 204 10 205 141 205 12 205 12 206 141 206 142 206 12 207 142 207 14 207 14 208 142 208 143 208 14 209 143 209 16 209 16 210 143 210 124 210 16 211 124 211 18 211 46 212 144 212 48 212 48 213 144 213 145 213 48 214 145 214 146 214 48 215 146 215 51 215 51 216 146 216 147 216 51 217 147 217 53 217 53 218 147 218 148 218 53 219 148 219 54 219 54 220 148 220 149 220 54 221 149 221 150 221 54 222 150 222 57 222 57 223 150 223 151 223 57 224 151 224 58 224 58 225 151 225 152 225 58 226 152 226 60 226 60 227 152 227 153 227 60 228 153 228 154 228 60 229 154 229 32 229 32 230 154 230 155 230 32 231 155 231 34 231 34 232 155 232 156 232 34 233 156 233 157 233 34 234 157 234 36 234 36 235 157 235 158 235 36 236 158 236 38 236 38 237 158 237 159 237 38 238 159 238 40 238 40 201 159 201 160 201 40 239 160 239 42 239 42 240 160 240 161 240 42 241 161 241 162 241 42 242 162 242 44 242 44 243 162 243 163 243 44 244 163 244 46 244 46 245 163 245 144 245 78 246 164 246 165 246 78 247 165 247 80 247 80 248 165 248 166 248 80 249 166 249 81 249 81 250 166 250 167 250 81 251 167 251 83 251 83 252 167 252 168 252 83 253 168 253 169 253 83 254 169 254 86 254 86 255 169 255 170 255 86 256 170 256 88 256 88 257 170 257 171 257 88 258 171 258 172 258 88 259 172 259 90 259 90 260 172 260 173 260 90 261 173 261 92 261 92 262 173 262 174 262 92 263 174 263 63 263 63 264 174 264 175 264 63 265 175 265 65 265 65 266 175 266 176 266 65 267 176 267 177 267 65 268 177 268 67 268 67 269 177 269 178 269 67 270 178 270 69 270 69 271 178 271 179 271 69 272 179 272 71 272 71 273 179 273 180 273 71 274 180 274 181 274 71 275 181 275 74 275 74 276 181 276 182 276 74 277 182 277 75 277 75 278 182 278 183 278 75 279 183 279 78 279 78 280 183 280 164 280 94 281 184 281 97 281 97 282 184 282 185 282 97 283 185 283 99 283 99 284 185 284 186 284 99 285 186 285 100 285 100 286 186 286 187 286 100 287 187 287 188 287 100 288 188 288 103 288 103 289 188 289 189 289 103 290 189 290 104 290 104 291 189 291 190 291 104 292 190 292 106 292 106 293 190 293 191 293 106 294 191 294 192 294 106 295 192 295 109 295 109 296 192 296 193 296 109 297 193 297 111 297 111 298 193 298 194 298 111 299 194 299 195 299 111 300 195 300 113 300 113 301 195 301 196 301 113 302 196 302 115 302 115 303 196 303 197 303 115 304 197 304 117 304 117 255 197 255 198 255 117 305 198 305 119 305 119 306 198 306 199 306 119 307 199 307 200 307 119 308 200 308 121 308 121 309 200 309 201 309 121 310 201 310 123 310 123 311 201 311 202 311 123 312 202 312 94 312 94 313 202 313 203 313 94 314 203 314 184 314 133 315 204 315 134 315 134 316 204 316 135 316 135 317 204 317 205 317 135 318 205 318 206 318 135 319 206 319 136 319 136 320 206 320 207 320 136 321 207 321 137 321 137 322 207 322 208 322 137 323 208 323 138 323 138 324 208 324 209 324 138 325 209 325 139 325 139 326 209 326 210 326 139 327 210 327 140 327 140 328 210 328 211 328 140 329 211 329 141 329 141 330 211 330 212 330 141 331 212 331 142 331 142 332 212 332 213 332 142 333 213 333 143 333 143 334 213 334 214 334 143 335 214 335 124 335 124 336 214 336 215 336 124 337 215 337 125 337 125 338 215 338 216 338 125 339 216 339 126 339 126 340 216 340 217 340 126 341 217 341 127 341 127 342 217 342 218 342 127 343 218 343 219 343 127 344 219 344 128 344 128 345 219 345 220 345 128 346 220 346 129 346 129 347 220 347 130 347 130 348 220 348 221 348 130 349 221 349 131 349 131 350 221 350 222 350 131 351 222 351 132 351 132 352 222 352 223 352 132 353 223 353 224 353 132 354 224 354 133 354 133 355 224 355 204 355 154 356 225 356 155 356 155 357 225 357 226 357 155 358 226 358 156 358 156 359 226 359 227 359 156 360 227 360 157 360 157 361 227 361 228 361 157 362 228 362 158 362 158 363 228 363 229 363 158 364 229 364 159 364 159 365 229 365 230 365 159 366 230 366 160 366 160 367 230 367 231 367 160 368 231 368 161 368 161 369 231 369 232 369 161 370 232 370 162 370 162 371 232 371 233 371 162 372 233 372 163 372 163 373 233 373 234 373 163 374 234 374 235 374 163 375 235 375 144 375 144 376 235 376 236 376 144 377 236 377 145 377 145 378 236 378 146 378 146 379 236 379 237 379 146 380 237 380 147 380 147 381 237 381 238 381 147 382 238 382 148 382 148 383 238 383 239 383 148 384 239 384 240 384 148 385 240 385 149 385 149 386 240 386 241 386 149 387 241 387 150 387 150 388 241 388 151 388 151 389 241 389 242 389 151 390 242 390 243 390 151 391 243 391 152 391 152 392 243 392 244 392 152 393 244 393 153 393 153 394 244 394 245 394 153 395 245 395 154 395 154 396 245 396 225 396 174 397 246 397 175 397 175 398 246 398 247 398 175 399 247 399 176 399 176 359 247 359 248 359 176 360 248 360 177 360 177 400 248 400 249 400 177 401 249 401 178 401 178 402 249 402 250 402 178 403 250 403 251 403 178 404 251 404 179 404 179 405 251 405 252 405 179 406 252 406 180 406 180 407 252 407 181 407 181 408 252 408 253 408 181 409 253 409 182 409 182 410 253 410 254 410 182 411 254 411 183 411 183 412 254 412 255 412 183 413 255 413 256 413 183 414 256 414 164 414 164 415 256 415 257 415 164 416 257 416 165 416 165 378 257 378 166 378 166 417 257 417 258 417 166 418 258 418 259 418 166 419 259 419 167 419 167 420 259 420 260 420 167 421 260 421 168 421 168 422 260 422 261 422 168 423 261 423 169 423 169 424 261 424 262 424 169 425 262 425 170 425 170 426 262 426 263 426 170 427 263 427 171 427 171 428 263 428 264 428 171 429 264 429 172 429 172 430 264 430 265 430 172 431 265 431 173 431 173 432 265 432 266 432 173 433 266 433 174 433 174 434 266 434 246 434 202 435 267 435 203 435 203 316 267 316 184 316 184 436 267 436 268 436 184 437 268 437 185 437 185 438 268 438 269 438 185 439 269 439 186 439 186 440 269 440 270 440 186 441 270 441 271 441 186 442 271 442 187 442 187 443 271 443 272 443 187 444 272 444 188 444 188 445 272 445 189 445 189 446 272 446 273 446 189 447 273 447 274 447 189 448 274 448 190 448 190 449 274 449 275 449 190 450 275 450 191 450 191 451 275 451 276 451 191 452 276 452 192 452 192 453 276 453 277 453 192 454 277 454 193 454 193 455 277 455 278 455 193 456 278 456 194 456 194 338 278 338 279 338 194 339 279 339 195 339 195 457 279 457 280 457 195 458 280 458 196 458 196 459 280 459 281 459 196 460 281 460 197 460 197 461 281 461 282 461 197 462 282 462 198 462 198 463 282 463 283 463 198 464 283 464 199 464 199 465 283 465 284 465 199 466 284 466 200 466 200 467 284 467 285 467 200 468 285 468 201 468 201 469 285 469 286 469 201 470 286 470 287 470 201 471 287 471 202 471 202 472 287 472 267 472 204 473 288 473 205 473 205 474 288 474 206 474 206 475 288 475 289 475 206 476 289 476 207 476 207 477 289 477 290 477 207 478 290 478 208 478 208 479 290 479 291 479 208 480 291 480 209 480 209 481 291 481 292 481 209 482 292 482 210 482 210 483 292 483 293 483 210 484 293 484 211 484 211 485 293 485 212 485 212 486 293 486 294 486 212 487 294 487 213 487 213 488 294 488 295 488 213 489 295 489 214 489 214 490 295 490 296 490 214 491 296 491 215 491 215 492 296 492 297 492 215 493 297 493 216 493 216 494 297 494 298 494 216 495 298 495 217 495 217 496 298 496 299 496 217 497 299 497 218 497 218 498 299 498 219 498 219 499 299 499 300 499 219 500 300 500 220 500 220 501 300 501 301 501 220 502 301 502 221 502 221 503 301 503 302 503 221 504 302 504 303 504 221 505 303 505 222 505 222 506 303 506 304 506 222 507 304 507 223 507 223 508 304 508 224 508 224 509 304 509 305 509 224 510 305 510 204 510 204 511 305 511 288 511 302 512 314 512 313 512 302 513 313 513 315 513 316 514 782 514 310 514 317 515 782 515 316 515 309 516 317 516 316 516 308 517 309 517 316 517 308 518 316 518 311 518 311 519 316 519 310 519 307 520 308 520 318 520 318 521 308 521 311 521 306 522 307 522 318 522 306 523 318 523 312 523 314 524 306 524 313 524 313 525 306 525 312 525 325 526 319 526 327 526 327 527 319 527 326 527 327 528 326 528 540 528 328 529 329 529 322 529 328 530 331 530 329 530 330 531 331 531 328 531 324 532 326 532 319 532 324 533 319 533 320 533 323 534 324 534 332 534 332 535 324 535 320 535 333 536 323 536 332 536 333 537 332 537 321 537 322 538 323 538 328 538 328 539 323 539 333 539 328 540 333 540 330 540 226 541 334 541 335 541 226 542 335 542 227 542 227 543 335 543 228 543 228 544 335 544 336 544 228 545 336 545 229 545 229 546 336 546 337 546 229 547 337 547 230 547 230 548 337 548 338 548 230 549 338 549 231 549 231 550 338 550 339 550 231 551 339 551 232 551 232 552 339 552 340 552 232 553 340 553 233 553 233 554 340 554 341 554 233 555 341 555 234 555 234 556 341 556 235 556 235 557 341 557 342 557 235 558 342 558 236 558 236 559 342 559 343 559 236 560 343 560 237 560 237 561 343 561 344 561 237 562 344 562 345 562 237 563 345 563 238 563 238 564 345 564 346 564 238 565 346 565 239 565 239 566 346 566 240 566 240 567 346 567 347 567 240 568 347 568 241 568 241 569 347 569 348 569 241 570 348 570 242 570 242 571 348 571 243 571 243 572 348 572 349 572 243 573 349 573 244 573 244 574 349 574 350 574 244 575 350 575 245 575 245 576 350 576 351 576 245 577 351 577 225 577 225 578 351 578 334 578 225 579 334 579 226 579 344 580 360 580 359 580 344 581 359 581 361 581 362 582 818 582 356 582 363 583 818 583 362 583 355 584 363 584 362 584 354 585 355 585 362 585 354 586 362 586 357 586 357 587 362 587 356 587 353 588 354 588 364 588 364 589 354 589 357 589 352 590 353 590 364 590 352 591 364 591 358 591 360 592 352 592 359 592 359 593 352 593 358 593 371 594 365 594 373 594 373 595 365 595 372 595 373 596 372 596 554 596 374 597 375 597 368 597 374 598 377 598 375 598 376 599 377 599 374 599 370 600 372 600 365 600 370 601 365 601 366 601 369 602 370 602 378 602 378 603 370 603 366 603 379 604 369 604 378 604 379 605 378 605 367 605 368 606 369 606 374 606 374 607 369 607 379 607 374 608 379 608 376 608 263 609 380 609 381 609 263 610 381 610 264 610 264 611 381 611 265 611 265 612 381 612 382 612 265 613 382 613 266 613 266 614 382 614 383 614 266 615 383 615 246 615 246 616 383 616 384 616 246 617 384 617 247 617 247 618 384 618 385 618 247 619 385 619 248 619 248 620 385 620 386 620 248 621 386 621 249 621 249 622 386 622 387 622 249 623 387 623 250 623 250 624 387 624 251 624 251 625 387 625 388 625 251 626 388 626 252 626 252 627 388 627 389 627 252 628 389 628 253 628 253 629 389 629 390 629 253 630 390 630 391 630 253 631 391 631 254 631 254 632 391 632 392 632 254 633 392 633 255 633 255 634 392 634 256 634 256 635 392 635 393 635 256 636 393 636 257 636 257 637 393 637 394 637 257 638 394 638 258 638 258 639 394 639 259 639 259 640 394 640 395 640 259 641 395 641 260 641 260 642 395 642 396 642 260 643 396 643 261 643 261 644 396 644 397 644 261 645 397 645 262 645 262 646 397 646 380 646 262 647 380 647 263 647 390 648 406 648 405 648 390 649 405 649 407 649 408 650 856 650 402 650 409 651 856 651 408 651 401 652 409 652 408 652 400 653 401 653 408 653 400 654 408 654 403 654 403 655 408 655 402 655 399 656 400 656 410 656 410 657 400 657 403 657 398 658 399 658 410 658 398 659 410 659 404 659 406 660 398 660 405 660 405 661 398 661 404 661 417 662 411 662 419 662 419 663 411 663 418 663 419 664 418 664 603 664 420 665 870 665 414 665 420 666 422 666 870 666 421 667 422 667 420 667 416 668 418 668 411 668 416 669 411 669 412 669 415 670 416 670 423 670 423 671 416 671 412 671 424 672 415 672 423 672 424 673 423 673 413 673 414 674 415 674 420 674 420 675 415 675 424 675 420 676 424 676 421 676 283 677 425 677 284 677 284 678 425 678 426 678 284 679 426 679 285 679 285 680 426 680 427 680 285 681 427 681 286 681 286 682 427 682 287 682 287 683 427 683 428 683 287 684 428 684 267 684 267 685 428 685 429 685 267 686 429 686 268 686 268 687 429 687 430 687 268 688 430 688 431 688 268 689 431 689 269 689 269 690 431 690 432 690 269 691 432 691 270 691 270 692 432 692 271 692 271 693 432 693 433 693 271 694 433 694 272 694 272 695 433 695 434 695 272 696 434 696 273 696 273 697 434 697 274 697 274 698 434 698 435 698 274 699 435 699 275 699 275 700 435 700 436 700 275 701 436 701 276 701 276 702 436 702 437 702 276 703 437 703 277 703 277 704 437 704 438 704 277 705 438 705 278 705 278 706 438 706 439 706 278 707 439 707 279 707 279 708 439 708 280 708 280 709 439 709 440 709 280 710 440 710 281 710 281 711 440 711 441 711 281 712 441 712 282 712 282 713 441 713 442 713 282 714 442 714 283 714 283 715 442 715 425 715 430 716 452 716 451 716 430 717 451 717 453 717 454 718 455 718 448 718 456 719 455 719 454 719 447 720 446 720 454 720 454 721 446 721 456 721 445 722 447 722 454 722 445 723 454 723 449 723 449 724 454 724 448 724 444 725 445 725 457 725 457 726 445 726 449 726 443 727 444 727 457 727 443 728 457 728 450 728 452 729 443 729 451 729 451 730 443 730 450 730 464 731 458 731 466 731 466 732 458 732 465 732 466 733 465 733 617 733 467 734 468 734 461 734 467 735 470 735 468 735 469 736 470 736 467 736 463 737 465 737 458 737 463 738 458 738 459 738 462 739 463 739 471 739 471 740 463 740 459 740 472 741 462 741 471 741 472 742 471 742 460 742 461 743 462 743 467 743 467 744 462 744 472 744 467 745 472 745 469 745 490 746 489 746 474 746 530 746 529 746 474 746 507 746 506 746 474 746 505 746 504 746 474 746 496 746 495 746 474 746 684 746 689 746 474 746 503 746 502 746 474 746 529 746 528 746 474 746 487 746 486 746 474 746 523 746 522 746 474 746 681 746 680 746 474 746 528 746 527 746 474 746 506 746 505 746 474 746 476 746 475 746 474 746 680 746 679 746 474 746 539 746 538 746 474 746 512 746 511 746 474 746 485 746 484 746 474 746 515 746 514 746 474 746 669 746 668 746 474 746 538 746 537 746 474 746 678 746 677 746 474 746 673 746 672 746 474 746 533 746 532 746 474 746 488 746 487 746 474 746 531 746 530 746 474 746 682 746 676 746 474 746 494 746 493 746 474 746 518 746 517 746 474 746 520 746 519 746 474 746 514 746 513 746 474 746 535 746 534 746 474 746 525 746 524 746 474 746 675 746 674 746 474 746 536 746 535 746 474 746 513 746 512 746 474 746 670 746 669 746 474 746 493 746 492 746 474 746 502 746 501 746 474 746 500 746 499 746 474 746 683 746 682 746 474 746 495 746 494 746 474 746 479 746 478 746 474 746 499 746 498 746 474 746 517 746 516 746 474 746 679 746 678 746 474 746 477 746 476 746 474 746 527 746 526 746 474 746 516 746 515 746 474 746 478 746 477 746 474 746 481 746 480 746 474 746 498 746 497 746 474 746 486 746 485 746 474 746 521 746 520 746 474 746 519 746 518 746 474 746 524 746 523 746 474 746 689 746 683 746 474 746 482 746 481 746 474 746 671 746 670 746 474 746 691 747 680 747 681 747 674 746 673 746 474 746 501 746 500 746 474 746 696 748 675 748 695 748 497 746 496 746 474 746 676 746 675 746 474 746 492 746 491 746 474 746 483 746 482 746 474 746 491 746 490 746 474 746 511 746 510 746 474 746 480 746 479 746 474 746 534 746 533 746 474 746 484 746 483 746 474 746 504 746 503 746 474 746 691 749 681 749 769 749 526 746 525 746 474 746 509 746 508 746 474 746 510 746 509 746 474 746 473 750 689 750 684 750 508 746 507 746 474 746 756 751 488 751 755 751 736 752 507 752 735 752 766 753 477 753 765 753 762 754 480 754 481 754 475 746 681 746 474 746 685 746 684 746 474 746 532 746 531 746 474 746 668 746 539 746 474 746 672 746 671 746 474 746 489 746 488 746 474 746 710 755 534 755 709 755 767 756 476 756 766 756 766 757 476 757 477 757 544 758 325 758 327 758 544 759 327 759 540 759 545 760 544 760 540 760 545 761 540 761 541 761 546 762 545 762 547 762 547 763 545 763 541 763 548 764 546 764 547 764 548 765 547 765 542 765 542 766 547 766 541 766 549 767 548 767 550 767 550 768 548 768 542 768 551 769 549 769 550 769 551 770 550 770 543 770 543 771 550 771 542 771 552 772 551 772 553 772 553 773 551 773 543 773 315 774 552 774 553 774 315 775 553 775 302 775 302 776 553 776 543 776 558 777 371 777 373 777 558 778 373 778 554 778 559 779 558 779 554 779 559 780 554 780 555 780 560 781 559 781 561 781 561 782 559 782 555 782 562 783 560 783 561 783 562 784 561 784 556 784 556 785 561 785 555 785 563 786 562 786 564 786 564 787 562 787 556 787 565 788 563 788 564 788 565 789 564 789 557 789 557 790 564 790 556 790 566 791 565 791 567 791 567 792 565 792 557 792 361 793 566 793 567 793 361 794 567 794 344 794 344 795 567 795 557 795 568 796 315 796 569 796 569 797 315 797 313 797 569 798 313 798 570 798 312 799 571 799 572 799 312 800 572 800 313 800 313 801 572 801 570 801 311 802 573 802 318 802 318 803 573 803 312 803 312 804 573 804 571 804 782 805 574 805 310 805 310 806 574 806 311 806 311 807 574 807 575 807 311 808 575 808 573 808 540 809 305 809 541 809 304 810 542 810 541 810 304 811 541 811 305 811 294 812 576 812 577 812 294 813 577 813 295 813 294 814 293 814 576 814 576 815 293 815 578 815 578 816 293 816 292 816 578 817 292 817 291 817 578 818 291 818 322 818 322 819 291 819 290 819 303 820 543 820 542 820 303 821 542 821 304 821 305 822 540 822 288 822 288 823 540 823 326 823 288 824 326 824 289 824 289 825 326 825 324 825 289 826 324 826 290 826 302 827 543 827 303 827 299 828 306 828 314 828 299 829 314 829 300 829 300 830 314 830 301 830 301 831 314 831 302 831 298 832 307 832 299 832 299 833 307 833 306 833 579 834 309 834 308 834 308 835 307 835 579 835 579 836 307 836 298 836 579 837 298 837 297 837 579 838 297 838 580 838 297 839 296 839 580 839 580 840 296 840 577 840 577 841 296 841 295 841 290 842 324 842 323 842 290 843 323 843 322 843 331 844 330 844 581 844 321 845 582 845 581 845 581 846 330 846 333 846 581 847 333 847 321 847 320 848 583 848 332 848 332 849 583 849 321 849 321 850 583 850 582 850 319 851 804 851 799 851 319 852 799 852 320 852 320 853 799 853 583 853 584 854 804 854 325 854 804 855 319 855 325 855 585 856 361 856 586 856 586 857 361 857 359 857 586 858 359 858 587 858 358 859 588 859 589 859 358 860 589 860 359 860 359 861 589 861 587 861 357 862 590 862 364 862 364 863 590 863 358 863 358 864 590 864 588 864 818 865 591 865 356 865 591 866 592 866 356 866 356 867 592 867 357 867 357 868 592 868 593 868 357 869 593 869 590 869 350 870 368 870 351 870 351 871 368 871 594 871 351 872 594 872 334 872 370 873 369 873 350 873 345 874 344 874 557 874 340 875 353 875 341 875 337 876 595 876 338 876 338 877 595 877 596 877 336 878 597 878 595 878 336 879 595 879 337 879 336 880 335 880 597 880 597 881 335 881 594 881 594 882 335 882 334 882 350 883 369 883 368 883 347 884 555 884 554 884 346 885 345 885 556 885 370 886 350 886 349 886 370 887 349 887 372 887 372 888 349 888 348 888 372 889 348 889 554 889 554 890 348 890 347 890 346 891 555 891 347 891 346 892 556 892 555 892 345 893 557 893 556 893 598 894 355 894 354 894 354 895 353 895 598 895 598 896 353 896 340 896 598 897 340 897 339 897 598 898 339 898 596 898 596 899 339 899 338 899 353 900 352 900 341 900 341 901 352 901 360 901 341 902 360 902 342 902 342 903 360 903 343 903 343 904 360 904 344 904 600 905 377 905 376 905 367 906 599 906 600 906 600 907 376 907 379 907 600 908 379 908 367 908 366 909 834 909 836 909 366 910 836 910 378 910 378 911 836 911 367 911 367 912 836 912 599 912 365 913 838 913 601 913 365 914 601 914 834 914 834 915 366 915 365 915 602 916 838 916 371 916 838 917 365 917 371 917 607 918 417 918 419 918 607 919 419 919 603 919 608 920 607 920 603 920 608 921 603 921 604 921 609 922 608 922 610 922 610 923 608 923 604 923 611 924 609 924 610 924 611 925 610 925 605 925 605 926 610 926 604 926 612 927 611 927 613 927 613 928 611 928 605 928 614 929 612 929 613 929 614 930 613 930 606 930 606 931 613 931 605 931 615 932 614 932 616 932 616 933 614 933 606 933 407 934 615 934 616 934 407 935 616 935 390 935 390 936 616 936 606 936 621 937 464 937 466 937 621 938 466 938 617 938 622 939 621 939 617 939 622 940 617 940 618 940 623 941 622 941 624 941 624 942 622 942 618 942 625 943 623 943 624 943 625 944 624 944 619 944 619 945 624 945 618 945 626 946 625 946 627 946 627 947 625 947 619 947 628 948 626 948 627 948 628 949 627 949 620 949 620 950 627 950 619 950 629 951 628 951 630 951 630 952 628 952 620 952 453 953 629 953 630 953 453 954 630 954 430 954 430 955 630 955 620 955 631 956 407 956 632 956 632 957 407 957 405 957 632 958 405 958 633 958 404 959 634 959 635 959 404 960 635 960 405 960 405 961 635 961 633 961 403 962 636 962 410 962 410 963 636 963 404 963 404 964 636 964 634 964 856 965 637 965 402 965 637 966 638 966 402 966 402 967 638 967 403 967 403 968 638 968 639 968 403 969 639 969 636 969 396 970 640 970 397 970 397 971 640 971 641 971 397 972 641 972 380 972 383 973 642 973 384 973 384 974 642 974 643 974 382 975 644 975 642 975 382 976 642 976 383 976 382 977 381 977 644 977 644 978 381 978 641 978 641 979 381 979 380 979 386 980 399 980 387 980 645 981 401 981 400 981 400 982 399 982 645 982 645 983 399 983 386 983 645 984 386 984 385 984 645 985 385 985 643 985 643 986 385 986 384 986 396 987 395 987 416 987 416 988 395 988 418 988 418 989 395 989 394 989 418 990 394 990 603 990 603 991 394 991 393 991 391 992 606 992 605 992 391 993 605 993 392 993 390 994 606 994 391 994 399 995 398 995 387 995 387 996 398 996 406 996 387 997 406 997 388 997 388 998 406 998 389 998 389 999 406 999 390 999 396 1000 416 1000 415 1000 396 1001 415 1001 640 1001 415 1002 414 1002 640 1002 393 1003 604 1003 603 1003 392 1004 605 1004 604 1004 392 1005 604 1005 393 1005 422 1006 421 1006 646 1006 413 1007 647 1007 646 1007 646 1008 421 1008 424 1008 646 1009 424 1009 413 1009 412 1010 878 1010 423 1010 423 1011 878 1011 413 1011 413 1012 878 1012 647 1012 411 1013 875 1013 648 1013 411 1014 648 1014 412 1014 412 1015 648 1015 878 1015 649 1016 875 1016 417 1016 875 1017 411 1017 417 1017 650 1018 453 1018 651 1018 651 1019 453 1019 451 1019 651 1020 451 1020 652 1020 450 1021 653 1021 654 1021 450 1022 654 1022 451 1022 451 1023 654 1023 652 1023 449 1024 655 1024 457 1024 457 1025 655 1025 450 1025 450 1026 655 1026 653 1026 455 1027 656 1027 448 1027 656 1028 657 1028 448 1028 448 1029 657 1029 449 1029 449 1030 657 1030 658 1030 449 1031 658 1031 655 1031 441 1032 659 1032 442 1032 442 1033 659 1033 660 1033 440 1034 661 1034 659 1034 440 1035 659 1035 441 1035 463 1036 462 1036 436 1036 426 1037 444 1037 427 1037 440 1038 439 1038 661 1038 661 1039 439 1039 662 1039 662 1040 439 1040 438 1040 436 1041 461 1041 437 1041 437 1042 461 1042 662 1042 437 1043 662 1043 438 1043 663 1044 447 1044 445 1044 445 1045 444 1045 663 1045 663 1046 444 1046 426 1046 663 1047 426 1047 425 1047 663 1048 425 1048 660 1048 660 1049 425 1049 442 1049 430 1050 620 1050 431 1050 444 1051 443 1051 427 1051 427 1052 443 1052 452 1052 427 1053 452 1053 428 1053 428 1054 452 1054 429 1054 429 1055 452 1055 430 1055 436 1056 462 1056 461 1056 431 1057 620 1057 619 1057 431 1058 619 1058 432 1058 619 1059 618 1059 432 1059 432 1060 618 1060 433 1060 463 1061 436 1061 435 1061 463 1062 435 1062 465 1062 465 1063 435 1063 434 1063 465 1064 434 1064 617 1064 617 1065 434 1065 433 1065 433 1066 618 1066 617 1066 664 1067 470 1067 469 1067 664 1068 460 1068 665 1068 664 1069 469 1069 472 1069 664 1070 472 1070 460 1070 471 1071 459 1071 908 1071 908 1072 459 1072 906 1072 471 1073 908 1073 665 1073 471 1074 665 1074 460 1074 914 1075 666 1075 458 1075 458 1076 666 1076 906 1076 906 1077 459 1077 458 1077 464 1078 667 1078 914 1078 464 1079 914 1079 458 1079 729 1080 514 1080 728 1080 746 1081 497 1081 745 1081 722 1082 521 1082 721 1082 473 1083 684 1083 687 1083 763 1084 480 1084 762 1084 537 746 536 746 474 746 522 746 521 746 474 746 677 746 685 746 474 746 568 1085 777 1085 552 1085 544 1086 807 1086 584 1086 544 1087 584 1087 325 1087 807 1088 544 1088 545 1088 807 1089 545 1089 770 1089 1007 1090 770 1090 546 1090 546 1091 770 1091 545 1091 1005 1092 1007 1092 548 1092 548 1093 1007 1093 546 1093 549 1094 771 1094 548 1094 548 1095 771 1095 1005 1095 551 1096 772 1096 549 1096 549 1097 772 1097 771 1097 552 1098 777 1098 551 1098 551 1099 777 1099 772 1099 315 1100 568 1100 552 1100 585 1101 810 1101 566 1101 558 1102 841 1102 602 1102 558 1103 602 1103 371 1103 841 1104 558 1104 559 1104 841 1105 559 1105 773 1105 560 1106 773 1106 559 1106 1010 1107 1009 1107 562 1107 1009 1108 773 1108 562 1108 562 1109 773 1109 560 1109 774 1110 1010 1110 563 1110 563 1111 1010 1111 562 1111 565 1112 775 1112 563 1112 563 1113 775 1113 774 1113 566 1114 810 1114 565 1114 565 1115 810 1115 775 1115 361 1116 585 1116 566 1116 776 1117 777 1117 568 1117 569 1118 776 1118 568 1118 575 1119 574 1119 781 1119 782 1120 781 1120 574 1120 570 1121 572 1121 780 1121 780 1122 779 1122 570 1122 570 1123 779 1123 569 1123 569 1124 779 1124 776 1124 573 1125 778 1125 571 1125 571 1126 778 1126 572 1126 783 1127 781 1127 782 1127 572 1128 778 1128 780 1128 317 1129 784 1129 782 1129 783 1130 782 1130 784 1130 309 1131 785 1131 317 1131 317 1132 785 1132 784 1132 784 1133 785 1133 786 1133 785 1134 309 1134 579 1134 795 1135 788 1135 787 1135 789 1136 786 1136 579 1136 789 1137 579 1137 790 1137 791 1138 790 1138 577 1138 791 1139 577 1139 792 1139 792 1140 577 1140 576 1140 792 1141 576 1141 793 1141 793 1142 576 1142 796 1142 793 1143 796 1143 794 1143 794 1144 796 1144 578 1144 794 1145 578 1145 788 1145 790 1146 579 1146 580 1146 790 1147 580 1147 577 1147 788 1148 578 1148 322 1148 788 1149 322 1149 787 1149 786 1150 785 1150 579 1150 796 1151 576 1151 578 1151 795 1152 329 1152 797 1152 797 1153 329 1153 331 1153 787 1154 322 1154 329 1154 787 1155 329 1155 795 1155 800 1156 799 1156 804 1156 581 1157 582 1157 801 1157 803 1158 797 1158 581 1158 803 1159 581 1159 801 1159 584 1160 806 1160 804 1160 799 1161 800 1161 805 1161 800 1162 804 1162 805 1162 797 1163 331 1163 581 1163 802 1164 803 1164 801 1164 802 1165 801 1165 798 1165 798 1166 801 1166 582 1166 798 1167 582 1167 583 1167 583 1168 799 1168 805 1168 584 1169 807 1169 806 1169 810 1170 585 1170 808 1170 808 1171 809 1171 810 1171 814 1172 592 1172 815 1172 818 1173 592 1173 591 1173 589 1174 811 1174 587 1174 586 1175 808 1175 585 1175 811 1176 813 1176 587 1176 587 1177 813 1177 586 1177 586 1178 813 1178 808 1178 816 1179 815 1179 592 1179 816 1180 592 1180 818 1180 592 1181 814 1181 593 1181 593 1182 814 1182 590 1182 590 1183 812 1183 588 1183 588 1184 812 1184 589 1184 589 1185 812 1185 811 1185 363 1186 817 1186 818 1186 816 1187 818 1187 817 1187 355 1188 819 1188 363 1188 363 1189 819 1189 817 1189 819 1190 355 1190 598 1190 820 1191 817 1191 819 1191 828 1192 822 1192 821 1192 823 1193 820 1193 598 1193 823 1194 598 1194 824 1194 826 1195 824 1195 595 1195 826 1196 595 1196 825 1196 825 1197 595 1197 597 1197 825 1198 597 1198 827 1198 827 1199 597 1199 830 1199 827 1200 830 1200 829 1200 829 1201 830 1201 594 1201 829 1202 594 1202 822 1202 824 1203 598 1203 596 1203 824 1204 596 1204 595 1204 822 1205 594 1205 368 1205 822 1206 368 1206 821 1206 820 1207 819 1207 598 1207 830 1208 597 1208 594 1208 828 1209 375 1209 831 1209 831 1210 375 1210 377 1210 821 1211 368 1211 375 1211 821 1212 375 1212 828 1212 600 1213 599 1213 835 1213 832 1214 837 1214 600 1214 831 1215 600 1215 837 1215 602 1216 840 1216 838 1216 834 1217 601 1217 839 1217 601 1218 838 1218 839 1218 831 1219 377 1219 600 1219 832 1220 600 1220 835 1220 832 1221 835 1221 833 1221 833 1222 835 1222 599 1222 833 1223 599 1223 836 1223 836 1224 834 1224 839 1224 841 1225 840 1225 602 1225 631 1226 849 1226 615 1226 607 1227 882 1227 649 1227 607 1228 649 1228 417 1228 882 1229 607 1229 608 1229 882 1230 608 1230 842 1230 1016 1231 842 1231 609 1231 609 1232 842 1232 608 1232 1013 1233 1016 1233 611 1233 611 1234 1016 1234 609 1234 612 1235 843 1235 611 1235 611 1236 843 1236 1013 1236 614 1237 844 1237 612 1237 612 1238 844 1238 843 1238 615 1239 849 1239 614 1239 614 1240 849 1240 844 1240 407 1241 631 1241 615 1241 650 1242 885 1242 629 1242 621 1243 915 1243 667 1243 621 1244 667 1244 464 1244 915 1245 621 1245 622 1245 915 1246 622 1246 845 1246 623 1247 845 1247 622 1247 1018 1248 1017 1248 625 1248 1017 1249 845 1249 625 1249 625 1250 845 1250 623 1250 846 1251 1018 1251 626 1251 626 1252 1018 1252 625 1252 628 1253 847 1253 626 1253 626 1254 847 1254 846 1254 629 1255 885 1255 628 1255 628 1256 885 1256 847 1256 453 1257 650 1257 629 1257 848 1258 849 1258 631 1258 639 1259 638 1259 853 1259 856 1260 638 1260 637 1260 635 1261 850 1261 633 1261 632 1262 848 1262 631 1262 850 1263 851 1263 633 1263 633 1264 851 1264 632 1264 632 1265 851 1265 848 1265 854 1266 853 1266 638 1266 854 1267 638 1267 856 1267 636 1268 852 1268 634 1268 634 1269 852 1269 635 1269 635 1270 852 1270 850 1270 409 1271 855 1271 856 1271 854 1272 856 1272 855 1272 401 1273 857 1273 409 1273 409 1274 857 1274 855 1274 855 1275 857 1275 858 1275 868 1276 859 1276 871 1276 640 1277 414 1277 871 1277 857 1278 401 1278 645 1278 860 1279 855 1279 858 1279 860 1280 858 1280 861 1280 861 1281 858 1281 645 1281 861 1282 645 1282 862 1282 863 1283 862 1283 642 1283 863 1284 642 1284 864 1284 864 1285 642 1285 644 1285 864 1286 644 1286 865 1286 865 1287 644 1287 867 1287 865 1288 867 1288 866 1288 866 1289 867 1289 641 1289 866 1290 641 1290 859 1290 862 1291 645 1291 643 1291 862 1292 643 1292 642 1292 859 1293 641 1293 640 1293 859 1294 640 1294 871 1294 858 1295 857 1295 645 1295 867 1296 644 1296 641 1296 869 1297 870 1297 422 1297 870 1298 868 1298 871 1298 869 1299 868 1299 870 1299 870 1300 871 1300 414 1300 876 1301 648 1301 875 1301 646 1302 877 1302 872 1302 646 1303 647 1303 877 1303 649 1304 881 1304 879 1304 880 1305 876 1305 879 1305 875 1306 649 1306 879 1306 875 1307 879 1307 876 1307 872 1308 422 1308 646 1308 869 1309 422 1309 872 1309 873 1310 872 1310 877 1310 873 1311 877 1311 874 1311 874 1312 877 1312 647 1312 874 1313 647 1313 878 1313 880 1314 878 1314 648 1314 880 1315 648 1315 876 1315 878 1316 880 1316 874 1316 649 1317 882 1317 881 1317 885 1318 650 1318 883 1318 883 1319 884 1319 885 1319 658 1320 657 1320 889 1320 455 1321 657 1321 656 1321 654 1322 886 1322 652 1322 651 1323 883 1323 650 1323 886 1324 888 1324 652 1324 652 1325 888 1325 651 1325 651 1326 888 1326 883 1326 455 1327 889 1327 657 1327 655 1328 887 1328 653 1328 653 1329 887 1329 654 1329 654 1330 887 1330 886 1330 447 1331 891 1331 446 1331 446 1332 891 1332 890 1332 446 1333 890 1333 456 1333 890 1334 891 1334 892 1334 891 1335 447 1335 663 1335 902 1336 901 1336 893 1336 894 1337 890 1337 892 1337 894 1338 892 1338 895 1338 895 1339 892 1339 663 1339 895 1340 663 1340 896 1340 897 1341 896 1341 659 1341 897 1342 659 1342 898 1342 898 1343 659 1343 661 1343 898 1344 661 1344 899 1344 899 1345 661 1345 903 1345 899 1346 903 1346 900 1346 900 1347 903 1347 662 1347 900 1348 662 1348 901 1348 896 1349 663 1349 660 1349 896 1350 660 1350 659 1350 901 1351 662 1351 461 1351 901 1352 461 1352 893 1352 892 1353 891 1353 663 1353 903 1354 661 1354 662 1354 902 1355 468 1355 904 1355 904 1356 468 1356 470 1356 893 1357 461 1357 468 1357 893 1358 468 1358 902 1358 907 1359 664 1359 665 1359 905 1360 910 1360 664 1360 904 1361 664 1361 910 1361 667 1362 913 1362 914 1362 914 1363 913 1363 911 1363 906 1364 666 1364 912 1364 666 1365 914 1365 912 1365 912 1366 914 1366 911 1366 904 1367 470 1367 664 1367 905 1368 664 1368 907 1368 905 1369 907 1369 909 1369 909 1370 907 1370 665 1370 909 1371 665 1371 908 1371 908 1372 906 1372 912 1372 915 1373 913 1373 667 1373 473 1374 916 1374 688 1374 916 1375 473 1375 687 1375 924 1376 901 1376 922 1376 901 1377 924 1377 900 1377 900 1378 924 1378 925 1378 900 1379 925 1379 899 1379 899 1380 925 1380 926 1380 899 1381 926 1381 927 1381 899 1382 927 1382 898 1382 930 1383 929 1383 897 1383 930 1384 897 1384 927 1384 927 1385 897 1385 898 1385 931 1386 895 1386 928 1386 928 1387 895 1387 929 1387 933 1388 890 1388 931 1388 931 1389 890 1389 894 1389 931 1390 894 1390 895 1390 934 1391 935 1391 932 1391 932 1392 935 1392 933 1392 944 1393 945 1393 946 1393 946 1394 945 1394 943 1394 868 1395 944 1395 947 1395 866 1396 947 1396 948 1396 866 1397 948 1397 949 1397 866 1398 949 1398 865 1398 950 1399 863 1399 951 1399 951 1400 863 1400 952 1400 952 1401 863 1401 864 1401 952 1402 864 1402 949 1402 949 1403 864 1403 865 1403 954 1404 860 1404 953 1404 953 1405 860 1405 861 1405 953 1406 861 1406 950 1406 954 1407 956 1407 860 1407 968 1408 969 1408 829 1408 829 1409 969 1409 970 1409 829 1410 970 1410 827 1410 827 1411 970 1411 825 1411 825 1412 970 1412 971 1412 825 1413 971 1413 972 1413 825 1414 972 1414 826 1414 826 1415 972 1415 973 1415 826 1416 973 1416 824 1416 975 1417 974 1417 976 1417 977 1418 976 1418 823 1418 977 1419 823 1419 973 1419 973 1420 823 1420 824 1420 974 1421 975 1421 978 1421 983 1422 984 1422 985 1422 984 1423 988 1423 985 1423 991 1424 992 1424 794 1424 794 1425 992 1425 793 1425 793 1426 992 1426 993 1426 793 1427 993 1427 792 1427 792 1428 993 1428 994 1428 792 1429 994 1429 995 1429 792 1430 995 1430 791 1430 996 1431 789 1431 997 1431 997 1432 789 1432 998 1432 995 1433 998 1433 791 1433 917 1434 916 1434 918 1434 918 1435 916 1435 687 1435 918 1436 687 1436 919 1436 919 1437 687 1437 686 1437 919 1438 686 1438 920 1438 920 1439 686 1439 694 1439 920 1440 694 1440 921 1440 921 1441 694 1441 693 1441 921 1442 693 1442 923 1442 923 1443 693 1443 692 1443 923 1444 692 1444 922 1444 922 1445 692 1445 691 1445 922 1446 691 1446 924 1446 924 1447 691 1447 769 1447 924 1448 769 1448 925 1448 925 1449 769 1449 768 1449 925 1450 768 1450 926 1450 926 1451 768 1451 767 1451 926 1452 767 1452 927 1452 927 1453 767 1453 766 1453 927 1454 766 1454 930 1454 930 1455 766 1455 765 1455 930 1456 765 1456 929 1456 929 1457 765 1457 764 1457 929 1458 764 1458 928 1458 928 1459 764 1459 763 1459 928 1460 763 1460 931 1460 931 1461 763 1461 762 1461 931 1462 762 1462 933 1462 933 1463 762 1463 761 1463 933 1464 761 1464 932 1464 932 1465 761 1465 760 1465 932 1466 760 1466 934 1466 934 1467 760 1467 759 1467 934 1468 759 1468 936 1468 936 1469 759 1469 758 1469 936 1470 758 1470 937 1470 937 1471 758 1471 757 1471 937 1472 757 1472 938 1472 938 1473 757 1473 756 1473 938 1474 756 1474 941 1474 941 1475 756 1475 755 1475 941 1476 755 1476 940 1476 940 1477 755 1477 754 1477 940 1478 754 1478 939 1478 939 1479 754 1479 753 1479 939 1480 753 1480 942 1480 942 1481 753 1481 752 1481 942 1482 752 1482 943 1482 943 1483 752 1483 751 1483 943 1484 751 1484 946 1484 946 1485 751 1485 750 1485 946 1486 750 1486 944 1486 944 1487 750 1487 749 1487 944 1488 749 1488 947 1488 947 1489 749 1489 748 1489 947 1490 748 1490 948 1490 948 1491 748 1491 747 1491 948 1492 747 1492 949 1492 949 1493 747 1493 746 1493 949 1494 746 1494 952 1494 952 1495 746 1495 745 1495 952 1496 745 1496 951 1496 951 1497 745 1497 744 1497 951 1498 744 1498 950 1498 950 1499 744 1499 743 1499 950 1500 743 1500 953 1500 953 1501 743 1501 742 1501 953 1502 742 1502 954 1502 954 1503 742 1503 741 1503 954 1504 741 1504 956 1504 956 1505 741 1505 740 1505 956 1506 740 1506 955 1506 955 1507 740 1507 739 1507 955 1508 739 1508 957 1508 957 1509 739 1509 738 1509 957 1510 738 1510 958 1510 958 1511 738 1511 737 1511 958 1512 737 1512 959 1512 959 1513 737 1513 736 1513 959 1514 736 1514 960 1514 960 1515 736 1515 735 1515 960 1516 735 1516 961 1516 961 1517 735 1517 734 1517 961 1518 734 1518 962 1518 962 1519 734 1519 733 1519 962 1520 733 1520 963 1520 963 1521 733 1521 732 1521 963 1522 732 1522 966 1522 966 1523 732 1523 731 1523 966 1524 731 1524 965 1524 965 1525 731 1525 730 1525 965 1526 730 1526 964 1526 964 1527 730 1527 729 1527 964 1528 729 1528 967 1528 967 1529 729 1529 728 1529 967 1530 728 1530 968 1530 968 1531 728 1531 727 1531 968 1532 727 1532 969 1532 969 1533 727 1533 726 1533 969 1534 726 1534 970 1534 970 1535 726 1535 725 1535 970 1536 725 1536 971 1536 971 1537 725 1537 724 1537 971 1538 724 1538 972 1538 972 1539 724 1539 723 1539 972 1540 723 1540 973 1540 973 1541 723 1541 722 1541 973 1542 722 1542 977 1542 977 1543 722 1543 721 1543 977 1544 721 1544 976 1544 976 1545 721 1545 720 1545 976 1546 720 1546 975 1546 975 1547 720 1547 719 1547 975 1548 719 1548 978 1548 978 1549 719 1549 718 1549 978 1550 718 1550 979 1550 979 1551 718 1551 717 1551 979 1552 717 1552 980 1552 980 1553 717 1553 716 1553 980 1554 716 1554 981 1554 981 1555 716 1555 715 1555 981 1556 715 1556 982 1556 982 1557 715 1557 714 1557 982 1558 714 1558 983 1558 983 1559 714 1559 713 1559 983 1560 713 1560 984 1560 984 1561 713 1561 712 1561 984 1562 712 1562 988 1562 988 1563 712 1563 711 1563 988 1564 711 1564 987 1564 987 1565 711 1565 710 1565 987 1566 710 1566 986 1566 986 1567 710 1567 709 1567 986 1568 709 1568 989 1568 989 1569 709 1569 708 1569 989 1570 708 1570 990 1570 990 1571 708 1571 707 1571 990 1572 707 1572 991 1572 991 1573 707 1573 706 1573 991 1574 706 1574 992 1574 992 1575 706 1575 705 1575 992 1576 705 1576 993 1576 993 1577 705 1577 704 1577 993 1578 704 1578 994 1578 994 1579 704 1579 703 1579 994 1580 703 1580 995 1580 995 1581 703 1581 702 1581 995 1582 702 1582 998 1582 998 1583 702 1583 701 1583 998 1584 701 1584 997 1584 997 1585 701 1585 700 1585 997 1586 700 1586 996 1586 996 1587 700 1587 699 1587 996 1588 699 1588 999 1588 999 1589 699 1589 698 1589 999 1590 698 1590 1001 1590 1001 1591 698 1591 697 1591 1001 1592 697 1592 1000 1592 1000 1593 697 1593 696 1593 1000 1594 696 1594 1002 1594 1002 1595 696 1595 695 1595 1002 1596 695 1596 1003 1596 1003 1597 695 1597 690 1597 1003 1598 690 1598 1004 1598 1004 1599 690 1599 688 1599 1004 1600 688 1600 917 1600 917 1601 688 1601 916 1601 771 1602 772 1602 1006 1602 1006 1603 772 1603 777 1603 1007 1604 1008 1604 770 1604 1008 1605 807 1605 770 1605 1011 1606 841 1606 773 1606 775 1607 810 1607 809 1607 775 1608 809 1608 774 1608 1012 1609 1015 1609 882 1609 843 1610 844 1610 1014 1610 1014 1611 844 1611 849 1611 882 1612 842 1612 1012 1612 1015 1613 1012 1613 842 1613 1015 1614 842 1614 1016 1614 1019 1615 915 1615 845 1615 847 1616 885 1616 884 1616 847 1617 884 1617 846 1617 839 1618 838 1618 1022 1618 1022 1619 838 1619 840 1619 1022 1620 840 1620 1023 1620 1023 1621 840 1621 841 1621 837 1622 832 1622 1024 1622 1024 1623 832 1623 833 1623 1024 1624 833 1624 836 1624 1024 1625 836 1625 1022 1625 1022 1626 836 1626 839 1626 967 1627 828 1627 831 1627 967 1628 831 1628 964 1628 837 1629 1024 1629 1025 1629 1026 1630 1027 1630 815 1630 814 1631 815 1631 1027 1631 816 1632 817 1632 974 1632 974 1633 817 1633 976 1633 976 1634 817 1634 820 1634 976 1635 820 1635 823 1635 968 1636 829 1636 822 1636 968 1637 822 1637 828 1637 968 1638 828 1638 967 1638 1028 1639 590 1639 814 1639 1028 1640 814 1640 1027 1640 811 1641 812 1641 1028 1641 1028 1642 812 1642 590 1642 1029 1643 811 1643 1028 1643 809 1644 808 1644 1029 1644 1029 1645 808 1645 813 1645 1029 1646 813 1646 811 1646 805 1647 804 1647 1030 1647 1030 1648 804 1648 806 1648 1030 1649 806 1649 807 1649 798 1650 583 1650 1031 1650 583 1651 805 1651 1031 1651 1031 1652 805 1652 1030 1652 1031 1653 802 1653 798 1653 990 1654 795 1654 797 1654 803 1655 802 1655 1032 1655 1032 1656 802 1656 1031 1656 1032 1657 797 1657 803 1657 1033 1658 1034 1658 1001 1658 1034 1659 781 1659 783 1659 1034 1660 783 1660 1001 1660 783 1661 784 1661 999 1661 1001 1662 783 1662 999 1662 999 1663 784 1663 996 1663 996 1664 784 1664 786 1664 996 1665 786 1665 789 1665 998 1666 789 1666 790 1666 998 1667 790 1667 791 1667 991 1668 794 1668 788 1668 991 1669 788 1669 990 1669 990 1670 788 1670 795 1670 1035 1671 778 1671 1036 1671 778 1672 573 1672 1036 1672 781 1673 1034 1673 1036 1673 781 1674 1036 1674 575 1674 575 1675 1036 1675 573 1675 1035 1676 780 1676 778 1676 777 1677 776 1677 1037 1677 1037 1678 776 1678 1035 1678 776 1679 779 1679 1035 1679 779 1680 780 1680 1035 1680 908 1681 912 1681 1038 1681 1038 1682 912 1682 911 1682 1038 1683 911 1683 913 1683 908 1684 1038 1684 909 1684 922 1685 902 1685 904 1685 904 1686 910 1686 905 1686 1039 1687 904 1687 1040 1687 1040 1688 904 1688 1038 1688 904 1689 905 1689 909 1689 904 1690 909 1690 1038 1690 929 1691 895 1691 896 1691 929 1692 896 1692 897 1692 922 1693 901 1693 902 1693 889 1694 455 1694 935 1694 1041 1695 889 1695 1042 1695 1042 1696 889 1696 935 1696 935 1697 455 1697 456 1697 935 1698 456 1698 933 1698 933 1699 456 1699 890 1699 1021 1700 655 1700 1041 1700 1041 1701 655 1701 658 1701 658 1702 889 1702 1041 1702 1021 1703 887 1703 655 1703 1021 1704 888 1704 886 1704 1021 1705 886 1705 887 1705 1043 1706 884 1706 883 1706 1043 1707 883 1707 1021 1707 1021 1708 883 1708 888 1708 879 1709 881 1709 1044 1709 1044 1710 881 1710 882 1710 879 1711 1044 1711 880 1711 880 1712 1044 1712 1045 1712 880 1713 1045 1713 874 1713 1046 1714 872 1714 873 1714 1046 1715 873 1715 1045 1715 1045 1716 873 1716 874 1716 944 1717 868 1717 869 1717 944 1718 869 1718 945 1718 869 1719 872 1719 1046 1719 853 1720 854 1720 1020 1720 1047 1721 1048 1721 636 1721 1047 1722 636 1722 639 1722 1047 1723 639 1723 853 1723 1047 1724 853 1724 1020 1724 1020 1725 854 1725 956 1725 854 1726 855 1726 956 1726 956 1727 855 1727 860 1727 950 1728 861 1728 862 1728 950 1729 862 1729 863 1729 947 1730 866 1730 859 1730 947 1731 859 1731 868 1731 851 1732 1048 1732 1049 1732 1048 1733 851 1733 850 1733 1048 1734 850 1734 852 1734 1048 1735 852 1735 636 1735 1049 1736 849 1736 848 1736 1049 1737 848 1737 851 1737 1050 1738 985 1738 988 1738 988 1739 987 1739 1050 1739 1050 1740 987 1740 1051 1740 1051 1741 987 1741 986 1741 1051 1742 986 1742 1052 1742 1052 1743 986 1743 989 1743 1052 1744 989 1744 1032 1744 1032 1745 989 1745 990 1745 1032 1746 990 1746 797 1746 1033 1747 1001 1747 1000 1747 1033 1748 1000 1748 1053 1748 1053 1749 1000 1749 1002 1749 1053 1750 1002 1750 1054 1750 1054 1751 1002 1751 1003 1751 1054 1752 1003 1752 1055 1752 1055 1753 1003 1753 1004 1753 1055 1754 1004 1754 1056 1754 1056 1755 1004 1755 917 1755 1056 1756 917 1756 1057 1756 1057 1757 917 1757 918 1757 1057 1758 918 1758 1058 1758 1058 1759 918 1759 919 1759 922 1760 904 1760 1039 1760 922 1761 1039 1761 923 1761 923 1762 1039 1762 1059 1762 923 1763 1059 1763 921 1763 921 1764 1059 1764 1060 1764 921 1765 1060 1765 920 1765 920 1766 1060 1766 1058 1766 920 1767 1058 1767 919 1767 1042 1768 935 1768 1061 1768 1061 1769 935 1769 934 1769 1061 1770 934 1770 1062 1770 1062 1771 934 1771 936 1771 1062 1772 936 1772 1063 1772 1063 1773 936 1773 937 1773 1063 1774 937 1774 938 1774 1063 1775 938 1775 1064 1775 1064 1776 938 1776 941 1776 1064 1777 941 1777 1065 1777 1065 1778 941 1778 940 1778 1065 1779 940 1779 1066 1779 1066 1780 940 1780 939 1780 1066 1781 939 1781 1067 1781 1067 1782 939 1782 942 1782 1067 1783 942 1783 1068 1783 1068 1784 942 1784 943 1784 1068 1785 943 1785 1069 1785 1069 1786 943 1786 945 1786 1069 1787 945 1787 869 1787 1069 1788 869 1788 1046 1788 1020 1789 956 1789 955 1789 1020 1790 955 1790 1070 1790 1070 1791 955 1791 957 1791 1070 1792 957 1792 1071 1792 1071 1793 957 1793 958 1793 1071 1794 958 1794 1072 1794 1072 1795 958 1795 959 1795 1072 1796 959 1796 1073 1796 1073 1797 959 1797 960 1797 1073 1798 960 1798 1074 1798 1074 1799 960 1799 961 1799 1074 1800 961 1800 962 1800 1074 1801 962 1801 1075 1801 1075 1802 962 1802 963 1802 1075 1803 963 1803 1076 1803 1076 1804 963 1804 1077 1804 1077 1805 963 1805 966 1805 966 1806 965 1806 1077 1806 1077 1807 965 1807 1078 1807 1078 1808 965 1808 964 1808 1078 1809 964 1809 1025 1809 1025 1810 964 1810 831 1810 1025 1811 831 1811 837 1811 815 1812 816 1812 1026 1812 1026 1813 816 1813 974 1813 1026 1814 974 1814 978 1814 1026 1815 978 1815 1079 1815 1079 1816 978 1816 979 1816 982 1817 1080 1817 981 1817 981 1818 1080 1818 1081 1818 981 1819 1081 1819 980 1819 980 1820 1081 1820 1079 1820 980 1821 1079 1821 979 1821 1050 1822 1082 1822 985 1822 985 1823 1082 1823 1083 1823 985 1824 1083 1824 983 1824 983 1825 1083 1825 982 1825 982 1826 1083 1826 1084 1826 982 1827 1084 1827 1080 1827 1030 1828 1085 1828 1086 1828 1088 1829 1089 1829 1090 1829 1091 1830 1092 1830 1093 1830 1093 1831 1092 1831 1094 1831 1095 1832 1094 1832 1096 1832 1095 1833 1096 1833 1097 1833 1099 1834 1098 1834 1009 1834 1099 1835 1009 1835 1100 1835 711 1836 531 1836 532 1836 1100 1837 1101 1837 1102 1837 1103 1838 1104 1838 1105 1838 1105 1839 1104 1839 1106 1839 1101 1840 1106 1840 1102 1840 1120 1841 1121 1841 1005 1841 1005 1842 1121 1842 1118 1842 1138 1843 1137 1843 1017 1843 1138 1844 1017 1844 1139 1844 1154 1845 1155 1845 1151 1845 1151 1846 1155 1846 1152 1846 1158 1847 1159 1847 1013 1847 1013 1848 1159 1848 1156 1848 1162 1849 1163 1849 1161 1849 1161 1850 1163 1850 1160 1850 1089 1851 1088 1851 1167 1851 1168 1852 1169 1852 1166 1852 1166 1853 1169 1853 1164 1853 1158 1854 1013 1854 843 1854 1158 1855 843 1855 1014 1855 1015 1856 1016 1856 1156 1856 1016 1857 1013 1857 1156 1857 882 1858 1015 1858 1044 1858 1045 1859 1044 1859 1171 1859 1069 1860 1046 1860 1172 1860 1172 1861 1046 1861 1171 1861 1171 1862 1046 1862 1045 1862 1174 1863 1021 1863 1041 1863 1174 1864 1041 1864 1173 1864 1173 1865 1041 1865 1042 1865 1021 1866 1174 1866 1043 1866 1043 1867 1174 1867 1175 1867 1043 1868 1175 1868 846 1868 1043 1869 846 1869 884 1869 1017 1870 1018 1870 1139 1870 1139 1871 1018 1871 846 1871 1019 1872 845 1872 1137 1872 1137 1873 845 1873 1017 1873 915 1874 1019 1874 913 1874 913 1875 1019 1875 1087 1875 913 1876 1087 1876 1176 1876 913 1877 1176 1877 1038 1877 1038 1878 1176 1878 1040 1878 1039 1879 1040 1879 1177 1879 1039 1880 1177 1880 1059 1880 1178 1881 1053 1881 1054 1881 1053 1882 1178 1882 1033 1882 1034 1883 1033 1883 1179 1883 1034 1884 1179 1884 1036 1884 1036 1885 1180 1885 1035 1885 1035 1886 1180 1886 1037 1886 1037 1887 1006 1887 777 1887 1120 1888 1005 1888 771 1888 1120 1889 771 1889 1006 1889 1008 1890 1007 1890 1118 1890 1007 1891 1005 1891 1118 1891 1085 1892 1030 1892 807 1892 1085 1893 807 1893 1008 1893 1181 1894 1032 1894 1031 1894 1181 1895 1031 1895 1086 1895 1086 1896 1031 1896 1030 1896 1032 1897 1181 1897 1052 1897 1028 1898 1027 1898 1182 1898 1028 1899 1182 1899 1183 1899 1028 1900 1183 1900 1029 1900 774 1901 809 1901 1183 1901 1183 1902 809 1902 1029 1902 1009 1903 1010 1903 1100 1903 1100 1904 1010 1904 774 1904 1011 1905 773 1905 1098 1905 1098 1906 773 1906 1009 1906 841 1907 1011 1907 1023 1907 1022 1908 1023 1908 1184 1908 1022 1909 1184 1909 1185 1909 1022 1910 1185 1910 1024 1910 1024 1911 1185 1911 1186 1911 1024 1912 1186 1912 1025 1912 1025 1913 1186 1913 1078 1913 1077 1914 1078 1914 1187 1914 1077 1915 1187 1915 1076 1915 1070 1916 1188 1916 1020 1916 1020 1917 1188 1917 1047 1917 1048 1918 1047 1918 1189 1918 1048 1919 1189 1919 1049 1919 1049 1920 1189 1920 1170 1920 1049 1921 1170 1921 1014 1921 1049 1922 1014 1922 849 1922 1015 1923 1156 1923 1157 1923 1015 1924 1157 1924 1044 1924 1044 1925 1157 1925 1154 1925 1044 1926 1154 1926 1171 1926 1171 1927 1154 1927 1151 1927 1171 1928 1151 1928 1172 1928 1172 1929 1151 1929 1152 1929 1172 1930 1152 1930 1069 1930 1069 1931 1152 1931 1153 1931 1069 1932 1153 1932 1068 1932 1068 1933 1153 1933 1150 1933 1068 1934 1150 1934 1067 1934 1067 1935 1150 1935 1149 1935 1067 1936 1149 1936 1066 1936 1066 1937 1149 1937 1148 1937 1066 1938 1148 1938 1065 1938 1065 1939 1148 1939 1147 1939 1065 1940 1147 1940 1064 1940 1064 1941 1147 1941 1145 1941 1064 1942 1145 1942 1063 1942 1063 1943 1145 1943 1146 1943 1063 1944 1146 1944 1062 1944 1062 1945 1146 1945 1144 1945 1062 1946 1144 1946 1061 1946 1061 1947 1144 1947 1141 1947 1061 1948 1141 1948 1042 1948 1042 1949 1141 1949 1142 1949 1042 1950 1142 1950 1173 1950 1173 1951 1142 1951 1143 1951 1173 1952 1143 1952 1174 1952 1174 1953 1143 1953 1140 1953 1174 1954 1140 1954 1175 1954 1175 1955 1140 1955 1139 1955 1175 1956 1139 1956 846 1956 1019 1957 1137 1957 1087 1957 1087 1958 1137 1958 1136 1958 1087 1959 1136 1959 1176 1959 1176 1960 1136 1960 1135 1960 1176 1961 1135 1961 1040 1961 1040 1962 1135 1962 1134 1962 1040 1963 1134 1963 1177 1963 1177 1964 1134 1964 1133 1964 1177 1965 1133 1965 1059 1965 1059 1966 1133 1966 1132 1966 1059 1967 1132 1967 1060 1967 1060 1968 1132 1968 1131 1968 1060 1969 1131 1969 1058 1969 1058 1970 1131 1970 1128 1970 1058 1971 1128 1971 1057 1971 1057 1972 1128 1972 1129 1972 1057 1973 1129 1973 1056 1973 1056 1974 1129 1974 1130 1974 1056 1975 1130 1975 1055 1975 1055 1976 1130 1976 1127 1976 1055 1977 1127 1977 1054 1977 1054 1978 1127 1978 1125 1978 1054 1979 1125 1979 1178 1979 1178 1980 1125 1980 1126 1980 1178 1981 1126 1981 1033 1981 1033 1982 1126 1982 1124 1982 1033 1983 1124 1983 1179 1983 1179 1984 1124 1984 1123 1984 1179 1985 1123 1985 1036 1985 1036 1986 1123 1986 1122 1986 1036 1987 1122 1987 1180 1987 1180 1988 1122 1988 1120 1988 1180 1989 1120 1989 1037 1989 1037 1990 1120 1990 1006 1990 1008 1991 1118 1991 1119 1991 1008 1992 1119 1992 1085 1992 1085 1993 1119 1993 1117 1993 1085 1994 1117 1994 1086 1994 1086 1995 1117 1995 1114 1995 1086 1996 1114 1996 1181 1996 1181 1997 1114 1997 1115 1997 1181 1998 1115 1998 1052 1998 1052 1999 1115 1999 1116 1999 1052 2000 1116 2000 1051 2000 1051 2001 1116 2001 1113 2001 1051 2002 1113 2002 1050 2002 1050 2003 1113 2003 1112 2003 1050 2004 1112 2004 1082 2004 1082 2005 1112 2005 1110 2005 1082 2006 1110 2006 1083 2006 1083 2007 1110 2007 1111 2007 1083 2008 1111 2008 1084 2008 1084 2009 1111 2009 1108 2009 1084 2010 1108 2010 1080 2010 1080 2011 1108 2011 1109 2011 1080 2012 1109 2012 1081 2012 1081 2013 1109 2013 1107 2013 1081 2014 1107 2014 1079 2014 1079 2015 1107 2015 1103 2015 1079 2016 1103 2016 1026 2016 1026 2017 1103 2017 1105 2017 1026 2018 1105 2018 1027 2018 1027 2019 1105 2019 1106 2019 1027 2020 1106 2020 1182 2020 1182 2021 1106 2021 1101 2021 1182 2022 1101 2022 1183 2022 1183 2023 1101 2023 1100 2023 1183 2024 1100 2024 774 2024 1011 2025 1098 2025 1023 2025 1023 2026 1098 2026 1097 2026 1023 2027 1097 2027 1184 2027 1184 2028 1097 2028 1096 2028 1184 2029 1096 2029 1185 2029 1185 2030 1096 2030 1094 2030 1185 2031 1094 2031 1186 2031 1186 2032 1094 2032 1092 2032 1186 2033 1092 2033 1078 2033 1078 2034 1092 2034 1091 2034 1078 2035 1091 2035 1187 2035 1187 2036 1091 2036 1090 2036 1187 2037 1090 2037 1076 2037 1076 2038 1090 2038 1089 2038 1076 2039 1089 2039 1075 2039 1075 2040 1089 2040 1167 2040 1075 2041 1167 2041 1074 2041 1074 2042 1167 2042 1168 2042 1074 2043 1168 2043 1073 2043 1073 2044 1168 2044 1166 2044 1073 2045 1166 2045 1072 2045 1072 2046 1166 2046 1164 2046 1072 2047 1164 2047 1071 2047 1071 2048 1164 2048 1165 2048 1071 2049 1165 2049 1070 2049 1070 2050 1165 2050 1162 2050 1070 2051 1162 2051 1188 2051 1188 2052 1162 2052 1161 2052 1188 2053 1161 2053 1047 2053 1047 2054 1161 2054 1160 2054 1047 2055 1160 2055 1189 2055 1189 2056 1160 2056 1158 2056 1189 2057 1158 2057 1170 2057 1170 2058 1158 2058 1014 2058 1154 2059 1157 2059 1190 2059 1313 2060 1169 2060 1168 2060 1313 2061 1168 2061 1314 2061 1314 2062 1168 2062 1167 2062 1162 2063 1165 2063 1191 2063 1191 2064 1165 2064 1245 2064 1245 2065 1165 2065 1164 2065 1245 2066 1164 2066 1192 2066 1192 2067 1164 2067 1169 2067 1192 2068 1169 2068 1313 2068 1162 2069 1191 2069 1332 2069 1162 2070 1332 2070 1163 2070 1163 2071 1332 2071 1240 2071 1163 2072 1240 2072 1160 2072 1160 2073 1240 2073 1193 2073 1160 2074 1193 2074 1158 2074 1158 2075 1193 2075 1159 2075 1159 2076 1193 2076 1312 2076 1190 2077 1157 2077 1235 2077 1159 2078 1312 2078 1237 2078 1159 2079 1237 2079 1156 2079 1156 2080 1237 2080 1235 2080 1156 2081 1235 2081 1157 2081 1154 2082 1190 2082 1232 2082 1154 2083 1232 2083 1155 2083 1155 2084 1232 2084 1311 2084 1155 2085 1311 2085 1152 2085 1152 2086 1311 2086 1194 2086 1150 2087 1331 2087 1149 2087 1152 2088 1194 2088 1153 2088 1153 2089 1194 2089 1150 2089 1150 2090 1194 2090 1310 2090 1150 2091 1310 2091 1331 2091 1149 2092 1331 2092 1148 2092 1148 2093 1331 2093 1225 2093 1148 2094 1225 2094 1147 2094 1147 2095 1225 2095 1309 2095 1147 2096 1309 2096 1330 2096 1147 2097 1330 2097 1145 2097 1145 2098 1330 2098 1222 2098 1145 2099 1222 2099 1146 2099 1214 2100 1139 2100 1140 2100 1146 2101 1222 2101 1195 2101 1146 2102 1195 2102 1144 2102 1144 2103 1195 2103 1141 2103 1141 2104 1195 2104 1308 2104 1141 2105 1308 2105 1142 2105 1142 2106 1308 2106 1217 2106 1142 2107 1217 2107 1143 2107 1143 2108 1217 2108 1307 2108 1143 2109 1307 2109 1140 2109 1140 2110 1307 2110 1306 2110 1140 2111 1306 2111 1214 2111 1314 2112 1167 2112 1315 2112 1315 2113 1167 2113 1088 2113 1315 2114 1088 2114 1316 2114 1316 2115 1088 2115 1090 2115 1316 2116 1090 2116 1317 2116 1317 2117 1090 2117 1091 2117 1317 2118 1091 2118 1253 2118 1253 2119 1091 2119 1093 2119 1253 2120 1093 2120 1256 2120 1256 2121 1093 2121 1094 2121 1256 2122 1094 2122 1318 2122 1318 2123 1094 2123 1095 2123 1318 2124 1095 2124 1196 2124 1196 2125 1095 2125 1097 2125 1196 2126 1097 2126 1197 2126 1197 2127 1097 2127 1098 2127 1197 2128 1098 2128 1297 2128 1297 2129 1098 2129 1099 2129 1297 2130 1099 2130 1298 2130 1298 2131 1099 2131 1100 2131 1298 2132 1100 2132 1319 2132 1319 2133 1100 2133 1102 2133 1319 2134 1102 2134 1263 2134 1263 2135 1102 2135 1106 2135 1263 2136 1106 2136 1265 2136 1265 2137 1106 2137 1104 2137 1265 2138 1104 2138 1198 2138 1198 2139 1104 2139 1103 2139 1198 2140 1103 2140 1199 2140 1199 2141 1103 2141 1107 2141 1199 2142 1107 2142 1299 2142 1299 2143 1107 2143 1109 2143 1299 2144 1109 2144 1300 2144 1300 2145 1109 2145 1108 2145 1300 2146 1108 2146 1320 2146 1320 2147 1108 2147 1111 2147 1320 2148 1111 2148 1321 2148 1321 2149 1111 2149 1110 2149 1321 2150 1110 2150 1322 2150 1322 2151 1110 2151 1112 2151 1322 2152 1112 2152 1323 2152 1323 2153 1112 2153 1113 2153 1323 2154 1113 2154 1276 2154 1276 2155 1113 2155 1116 2155 1276 2156 1116 2156 1333 2156 1333 2157 1116 2157 1115 2157 1333 2158 1115 2158 1324 2158 1324 2159 1115 2159 1114 2159 1324 2160 1114 2160 1280 2160 1280 2161 1114 2161 1117 2161 1280 2162 1117 2162 1334 2162 1334 2163 1117 2163 1119 2163 1334 2164 1119 2164 1325 2164 1325 2165 1119 2165 1118 2165 1325 2166 1118 2166 1283 2166 1283 2167 1118 2167 1121 2167 1283 2168 1121 2168 1286 2168 1286 2169 1121 2169 1120 2169 1286 2170 1120 2170 1335 2170 1335 2171 1120 2171 1122 2171 1335 2172 1122 2172 1326 2172 1326 2173 1122 2173 1123 2173 1326 2174 1123 2174 1290 2174 1290 2175 1123 2175 1124 2175 1290 2176 1124 2176 1336 2176 1336 2177 1124 2177 1126 2177 1336 2178 1126 2178 1327 2178 1327 2179 1126 2179 1125 2179 1327 2180 1125 2180 1294 2180 1294 2181 1125 2181 1127 2181 1294 2182 1127 2182 1296 2182 1296 2183 1127 2183 1130 2183 1296 2184 1130 2184 1200 2184 1200 2185 1130 2185 1129 2185 1200 2186 1129 2186 1301 2186 1301 2187 1129 2187 1128 2187 1301 2188 1128 2188 1204 2188 1204 2189 1128 2189 1131 2189 1204 2190 1131 2190 1328 2190 1328 2191 1131 2191 1132 2191 1328 2192 1132 2192 1302 2192 1302 2193 1132 2193 1133 2193 1302 2194 1133 2194 1207 2194 1207 2195 1133 2195 1134 2195 1207 2196 1134 2196 1329 2196 1329 2197 1134 2197 1135 2197 1329 2198 1135 2198 1303 2198 1303 2199 1135 2199 1136 2199 1303 2200 1136 2200 1304 2200 1304 2201 1136 2201 1137 2201 1304 2202 1137 2202 1138 2202 1304 2203 1138 2203 1305 2203 1305 2204 1138 2204 1214 2204 1214 2205 1138 2205 1139 2205 1203 2206 1201 2206 1204 2206 1213 2207 1211 2207 1214 2207 1221 2208 1219 2208 1222 2208 1225 2209 1224 2209 1223 2209 1230 2210 1231 2210 1232 2210 1232 2211 1231 2211 1229 2211 1233 2212 1234 2212 1235 2212 1236 2213 1233 2213 1237 2213 1240 2214 1239 2214 1238 2214 1244 2215 1242 2215 1245 2215 1253 2216 1252 2216 1250 2216 1254 2217 1255 2217 1256 2217 1256 2218 1255 2218 1252 2218 1264 2219 1262 2219 1263 2219 1263 2220 1262 2220 1261 2220 1274 2221 1275 2221 1276 2221 1276 2222 1275 2222 1273 2222 1279 2223 1277 2223 1280 2223 1283 2224 1282 2224 1281 2224 1284 2225 1285 2225 1286 2225 1286 2226 1285 2226 1282 2226 1288 2227 1289 2227 1290 2227 1290 2228 1289 2228 1287 2228 1293 2229 1291 2229 1294 2229 1295 2230 1293 2230 1296 2230 1297 2231 1298 2231 1260 2231 1297 2232 1260 2232 1259 2232 1299 2233 1300 2233 1269 2233 1299 2234 1269 2234 1268 2234 1197 2235 1297 2235 1259 2235 1197 2236 1259 2236 1258 2236 1199 2237 1299 2237 1268 2237 1199 2238 1268 2238 1267 2238 1196 2239 1197 2239 1258 2239 1196 2240 1258 2240 1257 2240 1198 2241 1199 2241 1267 2241 1198 2242 1267 2242 1266 2242 1201 2243 1202 2243 1204 2243 1204 2244 1202 2244 1301 2244 1206 2245 1205 2245 1207 2245 1207 2246 1205 2246 1302 2246 1210 2247 1209 2247 1303 2247 1210 2248 1303 2248 1304 2248 1211 2249 1212 2249 1214 2249 1214 2250 1212 2250 1305 2250 1213 2251 1214 2251 1306 2251 1215 2252 1216 2252 1217 2252 1217 2253 1216 2253 1307 2253 1215 2254 1217 2254 1218 2254 1218 2255 1217 2255 1308 2255 1219 2256 1220 2256 1222 2256 1222 2257 1220 2257 1195 2257 1225 2258 1223 2258 1309 2258 1227 2259 1228 2259 1310 2259 1227 2260 1310 2260 1194 2260 1232 2261 1229 2261 1311 2261 1230 2262 1232 2262 1190 2262 1233 2263 1235 2263 1237 2263 1236 2264 1237 2264 1312 2264 1240 2265 1238 2265 1193 2265 1242 2266 1243 2266 1245 2266 1245 2267 1243 2267 1191 2267 1246 2268 1247 2268 1313 2268 1246 2269 1313 2269 1314 2269 1249 2270 1248 2270 1315 2270 1249 2271 1315 2271 1316 2271 1251 2272 1249 2272 1250 2272 1250 2273 1249 2273 1316 2273 1250 2274 1316 2274 1317 2274 1252 2275 1253 2275 1256 2275 1254 2276 1256 2276 1318 2276 1263 2277 1261 2277 1319 2277 1264 2278 1263 2278 1265 2278 1271 2279 1270 2279 1320 2279 1271 2280 1320 2280 1321 2280 1272 2281 1271 2281 1321 2281 1272 2282 1321 2282 1322 2282 1276 2283 1273 2283 1323 2283 1277 2284 1278 2284 1280 2284 1280 2285 1278 2285 1324 2285 1283 2286 1281 2286 1325 2286 1290 2287 1287 2287 1326 2287 1291 2288 1292 2288 1294 2288 1294 2289 1292 2289 1327 2289 1200 2290 1301 2290 1202 2290 1200 2291 1202 2291 1295 2291 1203 2292 1204 2292 1328 2292 1328 2293 1302 2293 1205 2293 1328 2294 1205 2294 1203 2294 1206 2295 1207 2295 1208 2295 1208 2296 1207 2296 1329 2296 1329 2297 1303 2297 1209 2297 1329 2298 1209 2298 1208 2298 1304 2299 1305 2299 1212 2299 1304 2300 1212 2300 1210 2300 1306 2301 1307 2301 1216 2301 1306 2302 1216 2302 1213 2302 1308 2303 1195 2303 1220 2303 1308 2304 1220 2304 1218 2304 1221 2305 1222 2305 1330 2305 1330 2306 1309 2306 1223 2306 1330 2307 1223 2307 1221 2307 1224 2308 1225 2308 1226 2308 1226 2309 1225 2309 1331 2309 1331 2310 1310 2310 1228 2310 1331 2311 1228 2311 1226 2311 1194 2312 1311 2312 1229 2312 1194 2313 1229 2313 1227 2313 1190 2314 1235 2314 1230 2314 1230 2315 1235 2315 1234 2315 1312 2316 1193 2316 1238 2316 1312 2317 1238 2317 1236 2317 1239 2318 1240 2318 1241 2318 1241 2319 1240 2319 1332 2319 1332 2320 1191 2320 1243 2320 1332 2321 1243 2321 1241 2321 1244 2322 1245 2322 1192 2322 1192 2323 1313 2323 1247 2323 1192 2324 1247 2324 1244 2324 1314 2325 1315 2325 1248 2325 1314 2326 1248 2326 1246 2326 1317 2327 1253 2327 1250 2327 1257 2328 1254 2328 1318 2328 1257 2329 1318 2329 1196 2329 1298 2330 1319 2330 1261 2330 1298 2331 1261 2331 1260 2331 1264 2332 1265 2332 1266 2332 1266 2333 1265 2333 1198 2333 1300 2334 1320 2334 1270 2334 1300 2335 1270 2335 1269 2335 1322 2336 1323 2336 1273 2336 1322 2337 1273 2337 1272 2337 1274 2338 1276 2338 1333 2338 1333 2339 1324 2339 1278 2339 1333 2340 1278 2340 1274 2340 1279 2341 1280 2341 1334 2341 1334 2342 1325 2342 1281 2342 1334 2343 1281 2343 1279 2343 1282 2344 1283 2344 1286 2344 1284 2345 1286 2345 1335 2345 1335 2346 1326 2346 1287 2346 1335 2347 1287 2347 1284 2347 1288 2348 1290 2348 1336 2348 1336 2349 1327 2349 1292 2349 1336 2350 1292 2350 1288 2350 1293 2351 1294 2351 1296 2351 1295 2352 1296 2352 1200 2352 670 2353 700 2353 701 2353 497 2354 747 2354 496 2354 686 2355 684 2355 685 2355 668 2356 704 2356 539 2356 524 2357 718 2357 719 2357 486 2358 758 2358 485 2358 485 2359 759 2359 484 2359 535 2360 709 2360 534 2360 490 2361 754 2361 489 2361 507 2362 737 2362 506 2362 735 2363 507 2363 508 2363 710 2364 533 2364 534 2364 752 2365 490 2365 491 2365 756 2366 487 2366 488 2366 506 2367 738 2367 505 2367 732 2368 733 2368 510 2368 492 2369 752 2369 491 2369 520 2370 724 2370 519 2370 743 2371 500 2371 501 2371 715 2372 527 2372 528 2372 754 2373 488 2373 489 2373 670 2374 702 2374 669 2374 724 2375 518 2375 519 2375 677 2376 686 2376 685 2376 509 2377 735 2377 508 2377 695 2378 675 2378 676 2378 693 2379 677 2379 678 2379 673 2380 699 2380 672 2380 524 2381 720 2381 523 2381 531 2382 713 2382 530 2382 530 2383 714 2383 529 2383 499 2384 743 2384 744 2384 732 2385 510 2385 511 2385 683 2386 690 2386 682 2386 487 2387 757 2387 486 2387 527 2388 717 2388 526 2388 765 2389 477 2389 478 2389 675 2390 697 2390 674 2390 674 2391 698 2391 673 2391 768 2392 681 2392 475 2392 483 2393 761 2393 482 2393 759 2394 483 2394 484 2394 742 2395 743 2395 501 2395 680 2396 692 2396 679 2396 493 2397 751 2397 492 2397 518 2398 726 2398 517 2398 494 2399 750 2399 493 2399 513 2400 731 2400 512 2400 676 2401 690 2401 695 2401 705 2402 537 2402 538 2402 476 2403 768 2403 475 2403 511 2404 731 2404 732 2404 502 2405 740 2405 741 2405 517 2406 727 2406 516 2406 721 2407 521 2407 522 2407 539 2408 705 2408 538 2408 741 2409 501 2409 502 2409 748 2410 494 2410 495 2410 533 2411 711 2411 532 2411 526 2412 718 2412 525 2412 523 2413 721 2413 522 2413 702 2414 703 2414 668 2414 738 2415 504 2415 505 2415 480 2416 764 2416 479 2416 514 2417 730 2417 513 2417 495 2418 747 2418 748 2418 473 2419 683 2419 689 2419 499 2420 745 2420 498 2420 679 2421 693 2421 678 2421 537 2422 707 2422 536 2422 504 2423 740 2423 503 2423 528 2424 714 2424 715 2424 728 2425 514 2425 515 2425 672 2426 700 2426 671 2426 516 2427 728 2427 515 2427 510 2428 734 2428 509 2428 702 2429 668 2429 669 2429 482 2430 762 2430 481 2430 745 2431 497 2431 498 2431 478 2432 764 2432 765 2432 521 2433 723 2433 520 2433 707 2434 535 2434 536 2434 711 2435 712 2435 531 2435 670 2436 671 2436 700 2436 497 2437 746 2437 747 2437 686 2438 687 2438 684 2438 668 2439 703 2439 704 2439 524 2440 525 2440 718 2440 486 2441 757 2441 758 2441 485 2442 758 2442 759 2442 535 2443 708 2443 709 2443 490 2444 753 2444 754 2444 507 2445 736 2445 737 2445 752 2446 753 2446 490 2446 506 2447 737 2447 738 2447 492 2448 751 2448 752 2448 520 2449 723 2449 724 2449 715 2450 716 2450 527 2450 754 2451 755 2451 488 2451 670 2452 701 2452 702 2452 724 2453 725 2453 518 2453 677 2454 694 2454 686 2454 509 2455 734 2455 735 2455 693 2456 694 2456 677 2456 673 2457 698 2457 699 2457 524 2458 719 2458 720 2458 531 2459 712 2459 713 2459 530 2460 713 2460 714 2460 499 2461 500 2461 743 2461 683 2462 688 2462 690 2462 487 2463 756 2463 757 2463 527 2464 716 2464 717 2464 675 2465 696 2465 697 2465 674 2466 697 2466 698 2466 768 2467 769 2467 681 2467 483 2468 760 2468 761 2468 759 2469 760 2469 483 2469 680 2470 691 2470 692 2470 493 2471 750 2471 751 2471 518 2472 725 2472 726 2472 494 2473 749 2473 750 2473 513 2474 730 2474 731 2474 676 2475 682 2475 690 2475 705 2476 706 2476 537 2476 476 2477 767 2477 768 2477 511 2478 512 2478 731 2478 502 2479 503 2479 740 2479 517 2480 726 2480 727 2480 539 2481 704 2481 705 2481 741 2482 742 2482 501 2482 748 2483 749 2483 494 2483 533 2484 710 2484 711 2484 526 2485 717 2485 718 2485 523 2486 720 2486 721 2486 738 2487 739 2487 504 2487 480 2488 763 2488 764 2488 514 2489 729 2489 730 2489 495 2490 496 2490 747 2490 473 2491 688 2491 683 2491 499 2492 744 2492 745 2492 679 2493 692 2493 693 2493 537 2494 706 2494 707 2494 504 2495 739 2495 740 2495 528 2496 529 2496 714 2496 672 2497 699 2497 700 2497 516 2498 727 2498 728 2498 510 2499 733 2499 734 2499 482 2500 761 2500 762 2500 478 2501 479 2501 764 2501 521 2502 722 2502 723 2502 707 2503 708 2503 535 2503</p>
        </polylist>
      </mesh>
    </geometry>
    <geometry id="eSeries_UR5e_066-mesh" name="eSeries UR5e.066">
      <mesh>
        <source id="eSeries_UR5e_066-mesh-positions">
          <float_array id="eSeries_UR5e_066-mesh-positions-array" count="3474">-4.97624 84.87993 -57.67304 -14.78172 84.87993 -55.96823 -9.915702 84.87993 -57.03175 -19.5383 84.87993 -54.49034 -24.15025 84.87993 -52.60901 -28.58335 84.87993 -50.3382 -32.80485 84.87993 -47.6947 -36.78347 84.87993 -44.69808 -43.8963 84.87993 -37.73668 -40.48974 84.87993 -41.37056 -46.97783 84.87993 -33.82345 -52.0772 84.87993 -25.27661 -49.71153 84.87993 -29.65983 -54.05736 84.87993 -20.70615 -55.63723 84.87993 -15.9825 -57.55261 84.87993 -6.216058 -56.80521 84.87993 -11.14051 -57.76675 84.87993 3.73423 -57.87392 84.87993 -1.245509 -57.23189 84.87993 8.686348 -54.89812 84.87993 18.36132 -56.27332 84.87993 13.57408 -53.11646 84.87993 23.0127 -48.38949 84.87993 31.77105 -50.94155 84.87993 27.49365 -42.23212 84.87993 39.59028 -45.47914 84.87993 35.81326 -38.6724 84.87993 43.07422 -34.82643 84.87993 46.23918 -26.3912 84.87993 51.52132 -30.72254 84.87993 49.06187 -17.17596 84.87993 55.28045 -21.86452 84.87993 53.5993 -12.36016 84.87993 56.55235 -2.49042 84.87993 57.83373 -7.452896 84.87993 57.40555 2.490408 84.87993 57.83373 7.452888 84.87993 57.40555 12.36016 84.87993 56.55235 10.29587 84.87657 56.97967 17.17596 84.87993 55.28045 26.3912 84.87993 51.52132 21.8645 84.87993 53.5993 30.72253 84.87993 49.06188 34.82642 84.87993 46.23919 38.67242 84.87993 43.07419 42.23213 84.87993 39.59027 45.47916 84.87993 35.81324 48.38947 84.87993 31.77108 53.11647 84.87993 23.01268 50.94155 84.87993 27.49365 54.89812 84.87993 18.36134 56.27331 84.87993 13.57409 57.2319 84.87993 8.68631 57.76676 84.87993 3.73418 57.87392 84.87993 -1.245556 57.55261 84.87993 -6.216019 55.63722 84.87993 -15.98254 56.8052 84.87993 -11.14052 54.05733 84.87993 -20.70623 52.07722 84.87993 -25.27657 46.97783 84.87993 -33.82345 49.71155 84.87993 -29.65981 43.89631 84.87993 -37.73667 36.78349 84.87993 -44.69807 40.48977 84.87993 -41.37053 32.80487 84.87993 -47.69468 28.58334 84.87993 -50.33821 19.53834 84.87993 -54.49032 24.15022 84.87993 -52.60902 14.78172 84.87993 -55.96823 9.915684 84.87993 -57.03176 3.87091e-5 84.87993 -57.88732 4.976272 84.87993 -57.67303 28.84856 85.05792 50.17643 -23.85446 85.06838 52.72287 -28.29858 85.05528 50.48982 -43.66608 85.06861 37.9737 -57.27215 85.0581 -8.35545 -53.2261 85.0698 -22.70753 -51.087 85.05527 -27.2057 -12.6835 85.0581 -56.47159 7.123241 85.06861 -57.42811 30.4439 85.06838 -49.21285 34.55672 85.06655 -46.41856 38.41796 85.05809 -43.2894 48.1917 85.06861 -32.03573 55.71974 85.05809 15.65961 47.16448 85.05809 33.54734 44.09134 85.05793 37.49488 40.70487 85.05792 41.1464 49.8633 85.06861 29.36631 54.15933 85.05792 20.41275 52.20132 85.06655 24.97743 56.85867 85.05528 10.82237 57.57629 85.05792 5.906276 57.87124 85.05809 0.9122454 57.15363 85.07812 -9.000271 57.72695 85.06655 -4.055629 56.17978 85.06838 -13.87688 54.77448 85.06861 -18.66776 50.7738 85.06838 -27.76251 52.98022 85.05527 -23.30512 45.27278 85.05528 -36.06115 42.01269 85.05792 -39.81013 26.10063 85.06838 -51.64778 21.55234 85.0581 -53.716 16.85502 85.06861 -55.35916 12.04324 85.05528 -56.61265 2.160078 85.06861 -57.82788 -7.759529 85.05792 -57.35593 -2.813601 85.08677 -57.77962 -17.47903 85.06655 -55.16641 -22.14984 85.06838 -53.46139 -26.68323 85.05809 -51.36066 -30.99966 85.05809 -48.87672 -35.07323 85.06655 -46.02952 -38.89447 85.06838 -42.84806 -42.44305 85.06861 -39.33594 -48.55177 85.05792 -31.50617 -45.66427 85.06655 -35.54748 -56.31051 85.08737 -13.24557 -54.96318 85.08677 -18.04024 -57.77881 85.05528 -3.411834 -57.85752 85.05792 1.55572 -57.50704 85.05809 6.54616 -56.73142 85.05809 11.46552 -55.52973 85.06655 16.288 -53.9256 85.06838 20.99442 -51.91517 85.06861 25.56451 -49.5324 85.05809 29.94083 -46.7735 85.06655 34.07475 -40.24005 85.06861 41.58686 -32.54352 85.05792 47.86264 -36.50689 85.08679 44.87367 -19.21568 85.08737 54.56259 -14.45771 85.06861 56.03305 -9.587347 85.06861 57.06848 -4.652521 85.06655 57.68191 19.83548 85.07845 54.35141 15.08546 85.07813 55.85669 10.23014 85.07701 56.94719 5.307896 84.93669 57.65679 5.299074 85.07844 57.61461 15.10567 84.93669 55.89542 19.88152 84.92205 54.38363 0.3465583 84.91046 57.89649 0.3104946 85.05792 57.8776 24.43613 85.06655 52.45689 24.47305 84.91249 52.47406 28.88689 84.91029 50.17624 37.02106 85.06655 44.47798 33.05517 85.05792 47.51073 37.06114 84.91249 44.48516 33.09338 84.91029 47.50722 40.74192 84.91029 41.1364 44.12736 84.91029 37.48179 49.90105 84.91249 29.36567 47.18612 84.91029 33.54964 52.24074 84.91249 24.96722 54.18881 84.91029 20.38825 55.74089 84.91029 15.65442 56.88027 84.91029 10.80475 57.59854 84.91029 5.874989 57.89037 84.91029 0.9018759 57.19462 84.91867 -9.038209 57.7562 84.91249 -4.083985 56.20302 84.91249 -13.91684 54.79861 84.91249 -18.6968 50.78604 84.91249 -27.80711 52.98803 84.91029 -23.33187 48.20762 84.91249 -32.06997 45.27347 84.91029 -36.08906 42.00352 84.91029 -39.84737 38.42254 84.91029 -43.31069 34.55432 84.91249 -46.45919 30.43255 84.91249 -49.25766 26.08545 84.91249 -51.69146 21.54947 84.91029 -53.73759 16.84554 84.91249 -55.39572 12.02606 84.91029 -56.63463 7.107651 84.91249 -57.4625 2.14161 84.91249 -57.86079 -2.845967 84.93026 -57.83807 -7.795159 84.91029 -57.37023 -17.51342 84.91249 -55.1882 -12.69809 84.91029 -56.48776 -22.19282 84.91249 -53.47837 -26.70145 84.91028 -51.37257 -35.11297 84.91249 -46.03843 -31.01887 84.91029 -48.88699 -38.94069 84.91249 -42.84951 -42.48006 84.91249 -39.34339 -45.70497 84.91249 -35.54594 -48.58581 84.91029 -31.48852 -53.26652 84.91249 -22.69659 -51.11286 84.91029 -27.19528 -55.02935 84.93026 -18.0309 -56.37565 84.93026 -13.23358 -57.29246 84.91029 -8.34758 -57.79797 84.91029 -3.391587 -57.87557 84.91029 1.589542 -57.52467 84.91029 6.558925 -55.55224 84.91249 16.32194 -56.74789 84.91029 11.47976 -53.94349 84.91249 21.03704 -51.93534 84.91249 25.59644 -46.78327 84.91249 34.11427 -49.54309 84.91029 29.95981 -43.67746 84.91249 38.0097 -40.24825 84.91249 41.62374 -36.52183 84.93026 44.93883 -32.52661 84.91029 47.89705 -23.83743 84.91249 52.76585 -28.28872 84.91029 50.5159 -19.21076 84.93025 54.62865 -14.44668 84.91249 56.06916 -9.573253 84.91249 57.10351 -4.628893 84.91249 57.71508 56.96775 85.23876 -9.000328 55.99348 85.22417 -13.8696 52.75246 85.28109 -23.24601 45.09442 85.23876 -35.95586 34.41998 85.27444 -46.24394 21.47034 85.27444 -53.50011 7.092756 85.24736 -57.22809 -2.827601 85.23329 -57.6072 -17.44672 85.23875 -54.9722 -30.87236 85.27444 -48.68404 -38.79883 85.23561 -42.67472 -42.30709 85.23513 -39.19951 -50.90466 85.24736 -27.09385 -56.54151 85.22368 11.433 -53.74176 85.22417 20.96326 -51.73913 85.23513 25.48635 -28.18965 85.22368 50.32891 -19.12677 85.23561 54.41184 36.91563 85.22368 44.32709 43.96812 85.24782 37.31171 56.66255 85.23875 10.75578 32.96216 85.50952 47.39003 57.45592 85.52314 5.898672 26.04836 85.50952 -51.51507 -38.81246 85.52314 -42.77347 24.37907 85.23876 52.26846 19.78319 85.23513 54.17673 15.06653 85.26611 55.65224 10.20367 85.37962 56.74226 5.287018 85.39636 57.41143 0.3022649 85.50952 57.72545 -9.592787 85.52314 56.95573 -14.45347 85.52314 55.92024 -19.20712 85.52314 54.47075 -28.25372 85.52314 50.37564 -40.10675 85.2237 41.46207 -40.08448 85.38047 41.43112 -43.50976 85.24736 37.84524 -46.56882 85.26089 33.99444 -49.40495 85.50106 29.82744 -51.72177 85.39636 25.47318 -53.71429 85.38047 20.93033 -55.32071 85.39637 16.23711 -56.61871 85.52314 11.41485 -57.35922 85.50951 6.499141 -57.73718 85.52314 1.547755 -57.62471 85.50952 -3.422162 -57.14894 85.52314 -8.365133 -9.523684 85.23561 56.88392 -14.38859 85.23876 55.8507 -19.14674 85.39636 54.38223 -23.80262 85.50106 52.57338 -28.17604 85.38047 50.29328 -32.46404 85.50952 47.73264 -36.37447 85.38046 44.72361 -40.18063 85.52314 41.49089 -43.59865 85.52314 37.88317 -46.65796 85.50106 33.9641 -51.82685 85.52314 25.49419 0.3870198 85.27486 57.64633 -32.34941 85.27486 47.71546 10.21069 85.23513 56.76472 28.79209 85.23561 49.97496 -36.38615 85.22637 44.76093 -4.569983 85.27486 57.4662 -36.46516 85.52314 44.7914 -14.40091 85.39637 55.82686 -9.548456 85.39636 56.85817 5.293122 85.23513 57.43235 -4.661218 85.50952 57.53775 5.269051 85.52314 57.51708 15.02748 85.50106 55.71984 19.77194 85.39637 54.15806 24.35442 85.39637 52.25789 28.75661 85.39636 49.97081 32.98713 85.27487 47.27682 40.57745 85.28109 40.94716 10.18976 85.51686 56.83579 36.88816 85.36335 44.30064 49.71407 85.22636 29.25757 19.78156 85.52314 54.26479 24.37318 85.52314 52.3634 28.78437 85.52314 50.07431 43.94098 85.41166 37.33671 46.99271 85.24736 33.42225 52.03343 85.2609 24.83545 53.97072 85.27487 20.25859 55.53588 85.22368 15.60198 36.92505 85.51686 44.39233 40.59257 85.50951 41.04342 43.99644 85.52314 37.42044 46.98798 85.41167 33.4211 49.67541 85.38045 29.25162 52.04907 85.50106 24.92829 55.49805 85.38045 15.59709 57.3798 85.23561 5.834367 57.67876 85.22368 0.9034457 47.05043 85.52314 33.49976 49.75605 85.52314 29.33109 56.63956 85.39636 10.76963 57.3557 85.39636 5.860742 57.51408 85.26045 -4.049985 54.57318 85.26044 -18.60216 54.0143 85.50952 20.36603 55.59632 85.52314 15.65333 56.73614 85.52314 10.81605 57.64442 85.41531 0.9142407 57.54057 85.45706 -4.048711 56.94867 85.37963 -8.980445 55.96199 85.38045 -13.8405 50.58288 85.23561 -27.71017 50.57798 85.39636 -27.67476 48.0085 85.27444 -31.91272 41.83007 85.23561 -39.70801 38.2858 85.22369 -43.14919 57.04187 85.51686 -8.964549 56.07519 85.52314 -13.84011 54.63438 85.50106 -18.5906 45.08994 85.39636 -35.9294 41.83435 85.39636 -39.67255 30.29043 85.2811 -49.04782 52.84777 85.50952 -23.22569 50.68206 85.52314 -27.70028 48.08828 85.50952 -31.93488 38.26491 85.38047 -43.11728 25.93688 85.27487 -51.48327 16.79171 85.27444 -55.14776 45.18809 85.52314 -35.97239 41.92846 85.52314 -39.72381 2.135251 85.22637 -57.64489 38.35841 85.52314 -43.18112 34.48759 85.50952 -46.29174 30.38047 85.50952 -49.08509 11.95812 85.2811 -56.39329 -7.772492 85.23876 -57.14822 21.52351 85.50952 -53.56359 16.83922 85.50952 -55.21557 7.093964 85.41166 -57.22338 2.148391 85.38045 -57.60805 -2.812156 85.39636 -57.58573 -7.752071 85.39636 -57.13081 -12.64339 85.23513 -56.27288 -22.1222 85.24782 -53.2538 -26.59955 85.22368 -51.1871 12.03028 85.50952 -56.45876 7.133553 85.52314 -57.3157 2.180011 85.52314 -57.71676 -12.63463 85.39636 -56.25291 -17.42363 85.39636 -54.95854 -34.97392 85.25201 -45.84806 -2.789664 85.52314 -57.6905 -7.738691 85.52314 -57.23713 -12.63043 85.52314 -56.35999 -22.08666 85.41166 -53.26368 -26.57724 85.38045 -51.15616 -45.50212 85.26044 -35.40946 -17.42865 85.52314 -55.06559 -22.09783 85.52314 -53.3635 -34.95548 85.41167 -45.85799 -38.76325 85.39637 -42.67827 -42.28858 85.39637 -39.18801 -26.6034 85.52314 -51.26633 -30.89281 85.50952 -48.76427 -34.9918 85.52314 -45.95162 -45.52603 85.50106 -35.46696 -48.38474 85.28109 -31.33874 -53.04533 85.24736 -22.61756 -56.12294 85.28109 -13.16873 -57.08239 85.22369 -8.321965 -42.34581 85.52314 -39.27861 -50.89982 85.41166 -27.09332 -53.04048 85.41168 -22.61745 -54.77371 85.27443 -17.97439 -57.65241 85.23876 1.590894 -48.42007 85.50952 -31.42955 -50.97188 85.52314 -27.16329 -53.11827 85.52314 -22.68097 -56.18684 85.50952 -13.2423 -57.04426 85.38046 -8.32199 -57.54766 85.27444 -3.39187 -57.63291 85.39636 1.572497 -57.27811 85.27443 6.515795 -55.33486 85.23876 16.2599 -56.50562 85.38047 11.42009 -54.84047 85.50952 -18.02337 -49.32921 85.2661 29.8463 -55.42785 85.52314 16.2398 -53.82661 85.52314 20.94452 -43.50754 85.41167 37.8409 -23.72953 85.26611 52.546 42.08802 85.63706 -39.90148 38.4917 85.64731 -43.38313 10.26546 85.63484 57.07907 15.12406 85.63706 55.98921 24.50048 85.63484 52.56544 19.8996 85.63685 54.47503 28.91967 85.63706 50.27109 33.13417 85.63706 47.59891 40.79784 85.63707 41.21973 37.11099 85.63484 44.56652 44.19024 85.63706 37.55997 49.9808 85.63684 29.4184 47.26684 85.63685 33.60609 52.31999 85.63484 25.02037 54.27439 85.63707 20.44063 56.97356 85.63706 10.84171 55.83253 85.63484 15.68848 57.69667 85.64749 5.899567 57.83898 85.60369 -4.109955 58.00143 85.67327 0.7506896 57.28953 85.63707 -9.024388 56.30211 85.64749 -13.92057 53.07787 85.63685 -23.37226 54.89057 85.63685 -18.72291 50.87549 85.63485 -27.84034 45.35468 85.63484 -36.1435 48.28988 85.63686 -32.1187 30.50372 85.63706 -49.32598 34.62312 85.64566 -46.52819 26.15052 85.63707 -51.76562 16.8969 85.63706 -55.47994 21.59316 85.63484 -53.82504 12.06504 85.63706 -56.7271 2.158828 85.63484 -57.95463 7.124351 85.63685 -57.55664 -2.820409 85.63706 -57.92732 -7.789669 85.63706 -57.47043 -17.52889 85.63484 -55.28234 -12.72042 85.63684 -56.58369 -22.2067 85.63706 -53.57604 -31.07223 85.63685 -48.96978 -26.74752 85.63686 -51.45963 -35.1593 85.63484 -46.12183 -38.98668 85.63706 -42.93679 -45.77104 85.63484 -35.61476 -42.5467 85.63684 -39.41194 -48.65824 85.63707 -31.55796 -53.35239 85.63685 -22.73863 -51.20017 85.63684 -27.24087 -55.10587 85.63484 -18.07603 -56.45438 85.63706 -13.28281 -57.89633 85.63685 -3.396648 -57.39096 85.6473 -8.365653 -57.97318 85.63483 1.584232 -56.84428 85.63685 11.50004 -57.62453 85.64732 6.566652 -55.6467 85.63484 16.33535 -54.04145 85.63706 21.04879 -49.63719 85.63706 29.99464 -52.02612 85.63484 25.62581 -46.87498 85.63707 34.15063 -40.32379 85.63483 41.68201 -43.75275 85.63685 38.06861 -36.598 85.64749 44.99218 -32.59477 85.64749 47.97177 -23.88885 85.63484 52.84621 -28.33623 85.63685 50.60219 -19.26814 85.63707 54.70163 -9.60442 85.63848 57.19589 -14.48357 85.63484 56.15715 -4.650177 85.63484 57.80809 0.3256295 85.63706 57.99503 5.329498 85.63684 57.75049 57.95272 85.57924 0.9047081 57.63029 85.55218 5.863712 56.22755 85.55218 -13.9319 38.43195 85.55218 -43.34304 34.56365 85.55218 -46.48643 -57.32466 85.55218 -8.337681 -57.55327 85.55218 6.576807 -36.53161 85.55218 44.95637 -32.53171 85.55218 47.93038 10.2728 85.54899 56.99873 15.13468 85.54899 55.90463 19.88448 85.54899 54.39663 24.48708 85.54899 52.48589 28.90836 85.54899 50.18658 33.11561 85.54899 47.51571 37.07771 85.54899 44.49303 40.7653 85.54899 41.14094 44.15105 85.54899 37.48427 47.20994 85.54899 33.55007 49.91931 85.54899 29.36747 52.25908 85.54899 24.96748 54.21197 85.54899 20.38257 55.76345 85.54899 15.64687 56.90211 85.54899 10.7952 57.20657 85.54899 -9.044026 54.81187 85.54899 -18.70949 53.00063 85.54899 -23.35208 50.79696 85.54899 -27.82184 48.21723 85.54899 -32.08559 45.28049 85.54899 -36.11182 42.00852 85.54899 -39.87067 30.43476 85.54899 -49.27587 26.08609 85.54899 -51.70979 21.54432 85.54899 -53.76085 16.84301 85.54899 -55.41389 12.01705 85.54899 -56.65666 7.102062 85.54899 -57.47997 2.134501 85.54899 -57.87772 -2.848832 85.54899 -57.84695 -7.811081 85.54899 -57.38792 -12.71551 85.54899 -56.504 -17.52579 85.54899 -55.20175 -22.20634 85.54899 -53.49079 -26.72244 85.54899 -51.38383 -31.04073 85.54899 -48.89642 -35.12919 85.54899 -46.04701 -38.95756 85.54899 -42.85668 -42.49752 85.54899 -39.34905 -45.72283 85.54899 -35.55009 -48.60963 85.54899 -31.48793 -51.13653 85.54899 -27.19268 -53.28485 85.54899 -22.69605 -55.03866 85.54899 -18.03143 -56.38498 85.54899 -13.23329 -57.81839 85.54899 -3.379325 -57.89486 85.54899 1.603502 -56.76451 85.54899 11.49682 -55.56605 85.54899 16.33403 -53.95621 85.54899 21.05027 -51.94688 85.54899 25.61069 -49.55298 85.54899 29.98147 -46.79219 85.54899 34.1303 -43.68497 85.54899 38.02643 -40.25432 85.54899 41.64103 -28.28661 85.54899 50.53963 -23.83729 85.54899 52.78418 -19.21145 85.54899 54.63795 -14.44338 85.54899 56.08721 -9.568412 85.54899 57.1212 -4.622599 85.54899 57.73229 0.3574621 85.54899 57.91596 5.334873 85.54899 57.67083 57.80191 85.53415 0.8965838 57.665 85.53415 -4.075673 24.50102 97.5543 52.56742 -9.602204 97.55137 57.19753 -40.32153 97.5525 41.68795 56.30175 97.55266 -13.92197 15.0944 97.64783 55.92668 10.23078 97.64783 57.01724 19.84626 97.64783 54.42206 44.13035 97.64783 37.52528 40.73432 97.65103 41.17158 47.19284 97.64783 33.59271 52.24956 97.64783 25.01236 49.90594 97.64783 29.4114 54.20632 97.64783 20.42816 56.90436 97.64783 10.84106 55.75165 97.65103 15.68876 57.62564 97.64783 5.909227 57.78615 97.64783 -4.049069 57.92031 97.64783 0.9334617 57.22417 97.64783 -9.001618 56.23851 97.64783 -13.88758 53.02846 97.64783 -23.31559 54.83648 97.64783 -18.67071 50.82784 97.64783 -27.78785 45.31674 97.64783 -36.08362 48.2509 97.64783 -32.05442 42.04708 97.64783 -39.84567 34.60031 97.64783 -46.45914 38.46608 97.64783 -43.31275 26.13076 97.64783 -51.69931 30.47836 97.64783 -49.26158 21.58979 97.64783 -53.75421 12.06291 97.64783 -56.65793 16.88884 97.64783 -55.4112 7.147662 97.64783 -57.48517 -2.804803 97.64783 -57.85989 2.179522 97.64783 -57.88682 -7.7683 97.64783 -57.4046 -17.48651 97.64783 -55.2255 -12.67436 97.64783 -56.52429 -22.16922 97.64783 -53.51785 -31.00879 97.64783 -48.92943 -26.68785 97.64783 -51.41394 -38.93178 97.64783 -42.89464 -35.10024 97.64783 -46.08262 -42.47508 97.64783 -39.3891 -48.59439 97.64783 -31.53125 -45.70395 97.64783 -35.59189 -51.12507 97.64783 -27.23713 -55.03499 97.64783 -18.07717 -53.27727 97.64783 -22.7413 -56.38526 97.64783 -13.27917 -57.82652 97.64783 -3.424501 -57.31807 97.64783 -8.382885 -57.90685 97.64783 1.559212 -56.78391 97.64783 11.45523 -57.55845 97.64783 6.531391 -53.98244 97.64783 21.01262 -55.58896 97.64783 16.29424 -51.97628 97.64783 25.57539 -46.82717 97.64783 34.10059 -49.58529 97.64783 29.94885 -43.72238 97.64783 37.99983 -19.25715 97.64783 54.63329 -23.88234 97.64783 52.77564 -14.48929 97.64783 56.08649 33.13988 97.55266 47.5968 37.05031 97.64783 44.52986 33.08517 97.64783 47.55004 -32.59358 97.55268 47.97255 -28.33082 97.64783 50.52721 -32.56952 97.64783 47.9047 0.3271144 97.56315 57.99496 5.291474 97.64783 57.68565 0.3138871 97.65103 57.91618 28.92554 97.55268 50.26948 28.87504 97.64783 50.21818 -36.59289 97.55431 44.99549 -36.56706 97.64783 44.92755 -4.650707 97.5543 57.81008 -4.667908 97.64783 57.73946 24.45115 97.64783 52.51453 37.11201 97.5543 44.56829 -40.29389 97.64783 41.61773 -28.33963 97.5525 50.60214 -9.614218 97.64783 57.12443 5.326662 97.55249 57.75238 10.27162 97.55249 57.08068 15.13443 97.55431 55.98734 19.89734 97.5525 54.47758 40.79885 97.56314 41.21865 44.19522 97.55268 37.55649 47.26642 97.55249 33.60946 49.98067 97.5525 29.42181 52.32165 97.5543 25.02156 55.83637 97.56294 15.67894 56.97641 97.55431 10.83156 57.98802 97.5588 0.9059099 57.85332 97.55434 -4.077357 54.89308 97.5525 -18.72059 53.08055 97.5525 -23.37018 48.29288 97.55249 -32.11711 45.35318 97.55249 -36.14968 38.49066 97.55251 -43.38409 34.61868 97.5525 -46.53232 30.49526 97.55431 -49.33227 26.14595 97.55268 -51.76965 21.58883 97.5525 -53.82966 16.88144 97.5525 -55.48628 12.05494 97.5543 -56.73017 7.127518 97.55249 -57.55788 2.15319 97.55249 -57.95752 -2.830953 97.5543 -57.92771 -12.71785 97.5525 -56.58592 -17.52914 97.55431 -55.28438 -26.74564 97.5525 -51.46243 -31.06505 97.55432 -48.97546 -35.15691 97.55268 -46.12699 -38.99206 97.55268 -42.93397 -42.54586 97.55251 -39.41522 -45.77241 97.5543 -35.61628 -48.66273 97.55267 -31.55386 -51.20019 97.55249 -27.24429 -53.3497 97.55431 -22.74738 -55.10684 97.55266 -18.08159 -57.39119 97.55251 -8.364273 -57.89675 97.55431 -3.405784 -57.6244 97.55249 6.568037 -56.84646 97.55249 11.49741 -55.64874 97.55432 16.33558 -54.04073 97.55267 21.05485 -52.0281 97.55429 25.62637 -49.63546 97.55267 30.00047 -46.87274 97.55266 34.15631 -43.75595 97.5525 38.06741 -23.89003 97.5543 52.8479 -19.26308 97.55265 54.70504 -14.48443 97.5543 56.15901 54.2779 97.55267 20.43567 57.69679 97.55267 5.898146 57.29013 97.55267 -9.030453 50.87742 97.5543 -27.841 42.08143 97.55432 -39.90974 -7.79571 97.55267 -57.47116 -22.2127 97.55267 -53.57521 -56.45721 97.55268 -13.27743 -57.97597 97.55268 1.579306 41.84981 97.96488 -39.68734 38.30118 97.95219 -43.10891 10.19218 97.97585 56.77813 15.04102 97.97364 55.68896 24.34129 97.9644 52.2875 19.75628 97.96441 54.18645 28.75479 97.96127 49.99494 32.95425 97.95265 47.32207 40.58472 97.97633 40.99433 36.88501 97.94802 44.32513 43.94558 97.95266 37.33829 49.68123 97.94802 29.2745 46.97247 97.95219 33.45066 52.02314 97.95265 24.87878 53.96142 97.93957 20.30856 56.65947 97.96673 10.78371 55.50953 97.94802 15.61771 57.37421 97.96126 5.876313 57.52573 97.95219 -4.018684 57.65824 97.95219 0.9413385 56.97267 97.96126 -8.969175 55.97879 97.95266 -13.84689 52.78935 97.96488 -23.2331 54.59426 97.96126 -18.59565 50.59671 97.96488 -27.68512 45.11408 97.96126 -35.9312 48.04295 97.9644 -31.91171 30.31387 97.93957 -49.04428 34.43699 97.93391 -46.24139 25.99856 97.96489 -51.48365 16.81897 97.9644 -55.16887 21.49928 97.9644 -53.51881 12.00435 97.94802 -56.40139 2.173819 97.9644 -57.63468 7.120315 97.9644 -57.23445 -2.795908 97.94802 -57.5969 -8.001237 97.97555 -57.13615 -12.61123 97.95629 -56.27195 -17.40522 97.93391 -54.96572 -22.08903 97.93957 -53.25737 -30.87059 97.9644 -48.71845 -26.55642 97.9522 -51.18707 -34.91934 97.93912 -45.87937 -38.7578 97.94802 -42.69723 -45.51127 97.95266 -35.41308 -42.294 97.96127 -39.21159 -48.38068 97.93957 -31.36211 -53.03163 97.95218 -22.64961 -50.88825 97.95219 -27.12462 -54.78623 97.94802 -17.99139 -56.14463 97.96488 -13.20122 -57.59702 97.98801 -3.393841 -57.06828 97.96126 -8.339221 -57.64373 97.94802 1.555999 -56.53404 97.96126 11.41197 -57.29957 97.95219 6.489881 -55.34122 97.96488 16.24319 -53.72032 97.93958 20.938 -49.33981 97.93958 29.83045 -51.73163 97.93391 25.45606 -46.61117 97.96489 33.96896 -40.11707 97.97364 41.45013 -43.53262 97.95219 37.81891 -36.38409 97.95266 44.73878 -32.41064 97.96488 47.70788 -23.77037 97.94802 52.53751 -28.21078 97.9644 50.3054 -19.14863 97.95266 54.39386 -9.568105 97.9339 56.85617 -14.44156 97.93912 55.81863 -4.620564 97.93958 57.47106 0.3322924 97.96489 57.67479 5.273525 97.97585 57.44411 -57.54335 97.83608 -3.383242 10.20589 97.81955 56.73749 15.04556 97.81955 55.6501 40.56211 97.81955 40.96363 -7.75547 97.81956 -57.12404 -40.08139 97.81954 41.43411 5.290701 97.81954 57.4048 19.77593 97.80364 54.1566 24.35827 97.80364 52.25609 28.7603 97.80364 49.96868 56.64035 97.80364 10.76545 57.35613 97.80364 5.856484 56.95013 97.80364 -8.983724 54.56956 97.80364 -18.60612 52.76809 97.80364 -23.22829 50.57593 97.80364 -27.67851 48.00931 97.80364 -31.92382 45.08729 97.80364 -35.93273 41.83143 97.80364 -39.67564 25.98522 97.80364 -51.46642 21.46471 97.80364 -53.50973 16.78532 97.80364 -55.15684 7.089223 97.80364 -57.21685 2.144359 97.80364 -57.61446 -30.88344 97.80364 -48.68509 -42.29149 97.80364 -39.18488 -56.12476 97.80364 -13.19225 -57.05107 97.80364 -8.318673 -56.5109 97.80363 11.42554 -55.31952 97.80363 16.24118 -46.59143 97.80364 33.95972 -32.39518 97.80364 47.69252 -28.17535 97.80362 50.30084 0.3363153 97.80364 57.65337 32.95317 97.78833 47.31732 36.89878 97.78833 44.30938 43.9433 97.78835 37.33398 46.99005 97.78833 33.4182 49.68889 97.78833 29.25499 52.01985 97.78833 24.8752 55.51195 97.78833 15.5969 57.65433 97.78833 0.9046837 57.51868 97.78833 -4.054929 55.97398 97.78835 -13.84752 38.27083 97.78833 -43.12985 11.98343 97.78834 -56.40246 -2.8164 97.78833 -57.59261 -12.64 97.78835 -56.25896 -26.58687 97.78833 -51.16619 -38.7709 97.78833 -42.68088 -45.50882 97.78833 -35.40887 -50.90149 97.78835 -27.09019 -53.04188 97.78833 -22.61416 -54.78954 97.78833 -17.97073 -57.63988 97.78833 1.576582 -57.29097 97.78833 6.525749 -43.50521 97.78834 37.84359 -36.37983 97.78833 44.73643 -23.75015 97.78833 52.54304 -19.1454 97.78835 54.3902 54.02293 97.69895 20.29895 34.42547 97.69896 -46.31858 30.31628 97.69895 -49.10649 -17.47459 97.69895 -55.00148 -22.13811 97.69896 -53.29567 -35.01339 97.69896 -45.87577 -48.44283 97.69896 -31.36585 -53.75966 97.69896 20.98624 -51.75656 97.69895 25.53003 -49.37031 97.69896 29.88472 -14.38052 97.69895 55.89029 -9.522676 97.69895 56.91962 -4.594345 97.69896 57.52752 10.25243 97.67687 56.84068 15.10079 97.67687 55.74891 19.83734 97.67687 54.2444 24.42702 97.67687 52.33829 28.83582 97.67687 50.04468 33.03118 97.67687 47.38055 36.98197 97.67687 44.36563 40.65895 97.67687 41.02225 44.03489 97.67687 37.37517 47.08484 97.67687 33.45135 49.78618 97.67687 29.27989 52.11891 97.67687 24.89164 55.61237 97.67687 15.59612 56.74722 97.67687 10.7577 57.46193 97.67687 5.839625 57.75122 97.67687 0.8782483 57.61294 97.67687 -4.089535 57.04811 97.67687 -9.027091 56.06091 97.67687 -13.89782 54.65866 97.67688 -18.66561 52.85173 97.67687 -23.29526 50.65352 97.67687 -27.7524 48.08028 97.67687 -32.00407 45.15107 97.67687 -36.01882 41.88758 97.67687 -39.76689 38.31396 97.67687 -43.22055 26.0073 97.67687 -51.57127 21.47768 97.67687 -53.61608 16.78908 97.67687 -55.26393 11.97619 97.67687 -56.50262 7.07461 97.67687 -57.32298 2.120657 97.67687 -57.71895 -2.84901 97.67687 -57.68759 -7.797525 97.67687 -57.22913 -12.6884 97.67687 -56.34695 -26.6561 97.67687 -51.23893 -30.96217 97.67687 -48.75776 -38.85643 97.67687 -42.73351 -42.38617 97.67687 -39.23504 -45.60208 97.67687 -35.44609 -50.99977 97.67687 -27.11085 -53.14156 97.67687 -22.6263 -54.88991 97.67687 -17.97423 -56.23186 97.67687 -13.18912 -57.1575 97.67687 -8.306339 -57.65996 97.67687 -3.362053 -57.73554 97.67687 1.607158 -57.38367 97.67687 6.564348 -56.60692 97.67687 11.47307 -55.41109 97.67687 16.29682 -46.65887 97.67687 34.04298 -43.55965 97.67687 37.92798 -40.13793 97.67687 41.53218 -36.41904 97.67687 44.82889 -32.43053 97.67687 47.79368 -28.2019 97.67687 50.40465 -23.76448 97.67687 52.64243 -19.15114 97.67687 54.49045 0.3645389 97.67687 57.75675 5.328206 97.67687 57.51161 -7.754538 98.11902 -57.33219 -40.23587 98.14798 41.6103 -9.570628 98.14798 57.08542 24.46983 98.16083 52.46661 56.15348 98.11377 -13.9021 15.09919 98.29947 55.89184 10.24725 98.30001 56.97954 10.26109 98.16083 56.97568 19.84188 98.28646 54.39778 24.45745 98.30001 52.47388 44.11585 98.27809 37.51206 40.73335 98.30001 41.13962 40.74258 98.16083 41.12858 47.17779 98.27127 33.57873 52.23214 98.27809 25.00334 49.88809 98.30001 29.37436 49.90322 98.15702 29.34427 54.18505 98.28647 20.41565 56.88118 98.29026 10.83351 55.73931 98.29026 15.68321 57.60192 98.29026 5.903645 57.89986 98.29157 0.8435983 57.74286 98.15907 -4.139255 57.75045 98.30001 -4.069459 57.20469 98.2781 -8.999214 56.2181 98.27127 -13.88527 52.98796 98.30001 -23.32275 54.81771 98.2781 -18.66499 50.79282 98.29947 -27.78441 52.97238 98.15702 -23.35259 45.28284 98.29947 -36.07419 48.23246 98.27127 -32.04535 42.0274 98.29026 -39.83129 34.58343 98.29026 -46.44158 38.45057 98.27127 -43.29929 26.11925 98.27127 -51.6823 30.44959 98.29947 -49.24131 21.58184 98.27809 -53.73628 12.0582 98.2781 -56.63888 16.85702 98.30001 -55.38516 16.84296 98.16083 -55.38802 7.142562 98.27127 -57.46529 -2.825953 98.30001 -57.82464 2.178155 98.27809 -57.86725 -7.769236 98.28647 -57.37994 -2.859378 98.15701 -57.82076 -17.49798 98.30001 -55.18601 -12.68071 98.29947 -56.48967 -22.16231 98.2781 -53.49948 -17.5293 98.15702 -55.17373 -31.00981 98.30001 -48.8883 -26.68521 98.2992 -51.37886 -38.92005 98.27127 -42.87779 -35.09769 98.30001 -46.04157 -35.0943 98.15691 -46.04141 -42.45947 98.29026 -39.37039 -48.57472 98.29947 -31.50206 -45.69099 98.30001 -35.55289 -45.6987 98.16083 -35.54077 -51.10836 98.27127 -27.22519 -55.00963 98.30001 -18.04479 -53.25478 98.30001 -22.70688 -53.25915 98.16083 -22.69321 -56.36256 98.28647 -13.26951 -55.00674 98.1569 -18.04658 -57.79374 98.30001 -3.399674 -57.29877 98.27809 -8.379405 -57.8826 98.29026 1.561617 -57.79141 98.15691 -3.402157 -56.74587 98.30001 11.47086 -57.52474 98.2992 6.541504 -53.95827 98.28647 21.00771 -55.55401 98.29947 16.29833 -51.95322 98.29026 25.5675 -46.79288 98.29947 34.09267 -49.5442 98.30001 29.95075 -49.53564 98.16083 29.96229 -43.70528 98.27127 37.98846 -40.26144 98.29947 41.60408 -19.24618 98.29026 54.61153 -23.84746 98.30001 52.75389 -23.83387 98.16083 52.75855 -14.46781 98.2992 56.05863 -9.595251 98.29947 57.09479 5.290295 98.2781 57.66607 33.07185 98.12354 47.47644 37.03569 98.12386 44.45373 37.03719 98.29026 44.50933 33.07474 98.28647 47.52767 -32.49652 98.11376 47.85872 -28.32068 98.27809 50.51042 -32.55588 98.27127 47.88935 0.3469681 98.11378 57.84775 0.3154609 98.27127 57.90661 28.86813 98.12354 50.14369 28.86568 98.29026 50.19568 -36.49998 98.12353 44.89444 -36.5494 98.29026 44.91075 -4.644808 98.1569 57.70483 -4.642383 98.30001 57.70722 -28.26524 98.11423 50.47372 5.315188 98.11423 57.60441 15.10581 98.14493 55.87522 19.85815 98.12385 54.34547 44.09249 98.11378 37.44776 47.14672 98.11423 33.52173 52.19351 98.11486 24.9487 55.70656 98.12385 15.63828 56.84495 98.12507 10.79476 57.85305 98.12385 0.8949673 54.75194 98.11424 -18.67472 45.25825 98.14797 -36.08369 48.16814 98.11423 -32.03669 34.53272 98.12506 -46.42592 38.39059 98.11423 -43.2745 30.43301 98.14493 -49.23472 26.06436 98.11377 -51.64427 21.53158 98.11421 -53.69273 12.01272 98.11376 -56.58777 7.107141 98.11422 -57.41086 2.145534 98.11422 -57.8093 -12.75066 98.14389 -56.45681 -31.02116 98.16083 -48.8795 -26.71076 98.1451 -51.3494 -38.90419 98.11378 -42.81293 -42.45077 98.12385 -39.3155 -48.5685 98.14494 -31.48534 -51.07019 98.11422 -27.17269 -57.24567 98.11485 -8.338669 -56.73703 98.15702 11.50333 -57.50637 98.1451 6.575908 -55.53483 98.14798 16.3164 -53.90778 98.12354 21.01693 -51.89884 98.12385 25.57905 -46.77504 98.14494 34.09283 -43.64258 98.11422 37.97162 -19.20516 98.12355 54.5795 -14.42911 98.1451 56.05378 54.15364 98.12354 20.37505 57.56116 98.12354 5.871267 57.14191 98.11486 -9.02234 50.77023 98.14799 -27.79796 41.97629 98.12355 -39.82149 -22.17008 98.11486 -53.43302 -56.32619 98.12355 -13.23332 -57.83802 98.12354 1.588474 58 98.30001 0 -26.95394 98.30001 -51.35645 -32.94776 98.30001 -47.73307 -38.46112 98.30001 -43.41362 -43.41362 98.30001 -38.46112 -47.73307 98.30001 -32.94776 -51.35645 98.30001 -26.95394 -54.23094 98.30001 -20.56708 -56.31462 98.30001 -13.88031 57.57711 98.30001 -6.991127 56.31462 98.30001 -13.88031 26.95394 98.30001 -51.35645 20.56708 98.30001 -54.23094 13.88031 98.30001 -56.31462 6.991127 98.30001 -57.57711 0 98.30001 -58 -6.991127 98.30001 -57.57711 -13.88031 98.30001 -56.31462 -20.56708 98.30001 -54.23094 -57.57711 98.30001 -6.991127 -58 98.30001 0 -57.57711 98.30001 6.991127 -56.31462 98.30001 13.88031 -54.23094 98.30001 20.56708 -13.88031 98.30001 56.31462 -6.991127 98.30001 57.57711 0 98.30001 58 54.23094 98.30001 -20.56708 51.35645 98.30001 -26.95394 47.73307 98.30001 -32.94776 -51.35645 98.30001 26.95394 -47.73307 98.30001 32.94776 -43.41362 98.30001 38.46112 -38.46112 98.30001 43.41362 -32.94776 98.30001 47.73307 -26.95394 98.30001 51.35645 -20.56708 98.30001 54.23094 6.991127 98.30001 57.57711 13.88031 98.30001 56.31462 20.56708 98.30001 54.23094 43.41362 98.30001 -38.46112 38.46112 98.30001 -43.41362 32.94776 98.30001 -47.73307 26.95394 98.30001 51.35645 32.94776 98.30001 47.73307 38.46112 98.30001 43.41362 43.41362 98.30001 38.46112 47.73307 98.30001 32.94776 51.35645 98.30001 26.95394 54.23094 98.30001 20.56708 56.31462 98.30001 13.88031 57.57711 98.30001 6.991127 57.57019 99.1 6.990286 56.30785 99.1 13.87864 54.22441 99.1 20.56461 51.35027 99.1 26.9507 47.72732 99.1 32.94379 43.4084 99.1 38.45648 38.45648 99.1 43.4084 32.94379 99.1 47.72732 26.9507 99.1 51.35027 20.56461 99.1 54.22441 13.87864 99.1 56.30785 6.990286 99.1 57.57019 0 99.1 57.99301 -6.990286 99.1 57.57019 -13.87864 99.1 56.30785 -20.56461 99.1 54.22441 -26.9507 99.1 51.35027 -32.94379 99.1 47.72732 -38.45648 99.1 43.4084 -43.4084 99.1 38.45648 -47.72732 99.1 32.94379 -51.35027 99.1 26.9507 -54.22441 99.1 20.56461 -56.30785 99.1 13.87864 -57.57019 99.1 6.990286 -57.99301 99.1 0 -57.57019 99.1 -6.990286 -56.30785 99.1 -13.87864 -54.22441 99.1 -20.56461 -51.35027 99.1 -26.9507 -47.72732 99.1 -32.94379 -43.4084 99.1 -38.45648 -38.45648 99.1 -43.40841 -32.94379 99.1 -47.72732 -26.9507 99.1 -51.35027 -20.56461 99.1 -54.22441 -13.87864 99.1 -56.30785 -6.990286 99.1 -57.57019 0 99.1 -57.99301 6.990286 99.1 -57.57019 13.87864 99.1 -56.30785 20.56461 99.1 -54.22441 26.9507 99.1 -51.35027 32.94379 99.1 -47.72732 38.45648 99.1 -43.4084 43.4084 99.1 -38.45648 47.72732 99.1 -32.94379 51.35027 99.1 -26.9507 54.22441 99.1 -20.56461 56.30785 99.1 -13.87864 57.57019 99.1 -6.990286 57.99301 99.1 0</float_array>
          <technique_common>
            <accessor source="#eSeries_UR5e_066-mesh-positions-array" count="1158" stride="3">
              <param name="X" type="float"/>
              <param name="Y" type="float"/>
              <param name="Z" type="float"/>
            </accessor>
          </technique_common>
        </source>
        <source id="eSeries_UR5e_066-mesh-normals">
          <float_array id="eSeries_UR5e_066-mesh-normals-array" count="6642">0.2889997 0.2910479 0.9120144 0.2073367 0.2858341 0.9355802 0.2135183 0.2240965 0.9508895 0.134145 0.2012163 0.9703181 0.1284345 0.2901721 0.9483168 0.04706662 0.1382537 0.9892779 0.04923886 0.2876642 0.9564648 0.4496893 0.204653 0.8694232 0.4586446 0.1179547 0.8807564 0.5959663 0.1913489 0.779878 0.6002309 0.1366406 0.7880687 0.7263485 0.1366897 0.6735976 0.728507 0.1178812 0.6748197 0.8234667 0.1969223 0.5320944 0.8317063 0.1302042 0.5397329 0.8996922 0.2047228 0.3855422 0.9137923 0.1179526 0.3886784 0.9651188 0.1301494 0.2271715 0.9668776 0.1164074 0.2271497 0.9889006 0.1366189 0.05840384 0.990553 0.1241993 0.05813103 0.9559546 0.2720427 -0.1101984 0.9725872 0.2048792 -0.1099941 0.938095 0.2104009 -0.2751532 0.9406766 0.1968054 -0.276397 0.8795115 0.1934441 -0.4347862 0.8898333 0.1287202 -0.4377532 0.7917616 0.2067712 -0.574769 0.8021163 0.1165406 -0.5856858 0.689001 0.1367785 -0.7117368 0.6897781 0.1240667 -0.7133118 0.5501216 0.2049286 -0.8095496 0.5511314 0.1932007 -0.8117437 0.4043161 0.2100699 -0.8901681 0.4079858 0.1241698 -0.9045052 0.2461112 0.206807 -0.9469214 0.247224 0.1165382 -0.9619248 0.07855123 0.2069724 -0.9751883 0.07837474 0.1967422 -0.9773178 -0.08161324 0.3634445 -0.9280343 -0.09393674 0.1184232 -0.9885099 -0.25743 0.191419 -0.9471477 -0.2582954 0.1302209 -0.9572493 -0.4114418 0.2100397 -0.8869042 -0.4199549 0.1241919 -0.8990075 -0.562038 0.1914993 -0.8046374 -0.5662501 0.1301466 -0.8138936 -0.6877073 0.2103701 -0.6948404 -0.6899714 0.1967998 -0.6965698 -0.7966069 0.2047922 -0.5687509 -0.8097453 0.1179559 -0.5748034 -0.8849412 0.1980725 -0.4214813 -0.8944471 0.1287654 -0.4282336 -0.8966075 0.364139 -0.2519876 -0.9004458 0.3540295 -0.2527064 -0.9863362 0.1301462 -0.1010093 -0.9880736 0.1164072 -0.1007968 -0.9881841 0.1366679 0.06938415 -0.9898028 0.1241162 0.06989759 -0.9524744 0.1913983 0.2369796 -0.9626029 0.1301212 0.237622 -0.8948709 0.2103329 0.3936575 -0.8972638 0.1967653 0.3952232 -0.8165775 0.1915121 0.5445406 -0.8259072 0.1301817 0.5485709 -0.7099499 0.2070058 0.6731417 -0.7112126 0.1967626 0.6748786 -0.5592167 0.3635175 0.7450717 -0.5904994 0.1184066 0.7983046 -0.4409791 0.193493 0.876412 -0.4473841 0.1287652 0.8850237 -0.2735279 0.3655028 0.8897135 -0.2830907 0.1971355 0.9386146 -0.1206009 0.20696 0.9708877 -0.1204909 0.1912713 0.9741137 0.2416315 0.6066334 0.7573707 0.1758787 -0.8535638 0.4904036 0.3772394 0.1913803 0.9061259 0.2754585 0.7000755 0.6587997 0.1854264 -0.8957977 0.4039353 0.2837339 0.7893947 0.5443814 0.2153278 -0.8998531 0.3793395 0.5302442 0.1365911 0.8367699 0.532042 0.1177908 0.8384848 0.3113066 0.8138188 0.4907008 0.2471295 -0.8998476 0.3594461 0.3655936 0.7971183 0.4805664 0.2824471 -0.8958352 0.3430787 0.6568326 0.204663 0.72573 0.6683192 0.1179949 0.7344567 0.4133341 0.7894439 0.4537985 0.3050296 -0.8998712 0.3117511 0.4263435 0.8138269 0.3948635 0.3306578 -0.8998672 0.2844372 0.4586958 0.8138436 0.3567308 0.7831957 0.1241424 0.6092565 0.7816593 0.1367824 0.6085222 0.3538793 -0.8998937 0.2548745 0.5063765 0.7970643 0.3290464 0.3817019 -0.8957912 0.2277322 0.5618504 0.7713384 0.298934 0.8666043 0.1911273 0.4609419 0.8635228 0.2069157 0.4599068 0.399877 -0.8957772 0.1941178 0.5648493 0.7895556 0.2398906 0.4072484 -0.8998866 0.1560542 0.5521965 0.8138167 0.1810566 0.9428882 0.1240642 0.3091438 0.9411961 0.1367169 0.3089638 0.4191664 -0.8998832 0.1204568 0.565716 0.8138262 0.1328624 0.4279522 -0.8998923 0.08396881 0.5749413 0.8138951 0.0837695 0.9826642 0.1177829 0.1431724 0.9812718 0.1287195 0.1433076 0.4336214 -0.899877 0.04684013 0.580114 0.8138242 0.034029 0.4360049 -0.8998953 0.00938487 0.6036442 0.7970954 -0.01589554 0.991132 0.130189 -0.02661389 0.9810917 0.1914831 -0.02816849 0.443513 -0.8958095 -0.02866303 0.6770581 0.7320128 -0.075827 0.4811084 -0.8736155 -0.07301288 0.6827803 0.7171459 -0.1396883 0.9614011 0.1934716 -0.1956446 0.9394885 0.2862702 -0.1881783 0.4320024 -0.8958319 -0.1042078 0.6106596 0.7713141 -0.1793586 0.4215595 -0.8957821 -0.140933 0.5715415 0.7894887 -0.2237142 0.9250986 0.1165175 -0.3614088 0.9122858 0.2067284 -0.3535506 0.4001585 -0.8998931 -0.1733949 0.541958 0.797078 -0.2663614 0.3911157 -0.8958104 -0.2110741 0.5444454 0.7714575 -0.3292909 0.8389024 0.1968015 -0.5074564 0.836746 0.2103371 -0.5055834 0.3715427 -0.8957802 -0.2439957 0.4954982 0.7894404 -0.3623056 0.342647 -0.8998653 -0.2698804 0.438421 0.8138499 -0.3813602 0.7491806 0.1178823 -0.6517916 0.7483181 0.1288797 -0.6506996 0.3181289 -0.8998797 -0.2983464 0.4039788 0.8139049 -0.4175645 0.2913526 -0.8999173 -0.324442 0.3813729 0.7970904 -0.4681895 0.6259897 0.13016 -0.7688923 0.6182101 0.1914026 -0.7623526 0.2674127 -0.8957924 -0.3550301 0.3574836 0.7714233 -0.5264139 0.2359012 -0.8958003 -0.376686 0.3108868 0.7713953 -0.5552466 0.4792802 0.1931934 -0.8561348 0.478098 0.2103605 -0.8527432 0.202619 -0.8957444 -0.3957114 0.2520722 0.789377 -0.559771 0.1647145 -0.8998907 -0.4038143 0.201085 0.7969664 -0.5695694 0.3296981 0.1301415 -0.9350734 0.3241168 0.1970049 -0.925277 0.1318729 -0.8958582 -0.4243203 0.1524828 0.7893849 -0.5946601 0.09312051 -0.8999083 -0.4260208 0.1005676 0.7970633 -0.5954632 0.1646652 0.1287437 -0.9779113 0.1608393 0.1969884 -0.9671227 0.05721831 -0.8957503 -0.44086 0.05089014 0.7713956 -0.6343178 0.01912254 -0.8958678 -0.4439091 -9.95011e-4 0.6701281 -0.7422448 -0.003720045 0.2066892 -0.9783996 -0.007800579 0.3512739 -0.9362403 -0.02436697 -0.824168 -0.5658209 -0.07372802 0.6548151 -0.7521843 -0.0561462 -0.899883 -0.4325023 -0.1029516 0.8138715 -0.5718518 -0.175772 0.1241873 -0.9765663 -0.1751082 0.1366893 -0.9750145 -0.09309691 -0.899837 -0.4261767 -0.1570165 0.7970936 -0.5830845 -0.1318752 -0.8957722 -0.4245013 -0.2183938 0.7713072 -0.5978206 -0.3367513 0.1932268 -0.9215542 -0.3355726 0.2049739 -0.9194438 -0.1678841 -0.8957865 -0.4115598 -0.2600386 0.7894892 -0.5559557 -0.1987761 -0.8999739 -0.3879885 -0.2899006 0.8138833 -0.5035393 -0.4950641 0.1240812 -0.859951 -0.4945374 0.1302012 -0.8593488 -0.2314492 -0.8998762 -0.3696675 -0.3445789 0.797084 -0.4959056 -0.2673957 -0.8958397 -0.3549238 -0.4073778 0.7713363 -0.4889619 -0.628021 0.1932245 -0.7538263 -0.6262057 0.2050343 -0.752215 -0.2969132 -0.8958277 -0.3306591 -0.4479544 0.7713709 -0.4520219 -0.3242312 -0.8958405 -0.3038817 -0.4851558 0.7713417 -0.4118931 -0.7481524 0.1912783 -0.6353587 -0.7453652 0.206981 -0.633711 -0.3491846 -0.8958279 -0.2748867 -0.5006594 0.789422 -0.3551803 -0.3645446 -0.8998845 -0.2394059 -0.5008171 0.8138411 -0.2946949 -0.8559436 0.1165034 -0.5037733 -0.8533776 0.1366093 -0.5030753 -0.3837566 -0.8998923 -0.2071834 -0.5444941 0.7970863 -0.2611124 -0.4077868 -0.8958186 -0.1766886 -0.6935238 0.6701071 -0.2645397 -0.9141517 0.21086 -0.3462148 -0.8770651 0.3512604 -0.3276782 -0.5371075 -0.8241571 -0.1796681 -0.8139975 0.5340591 -0.2284489 -0.5506296 -0.8241181 -0.1328021 -0.7430981 0.6550685 -0.1367133 -0.9753192 0.1242699 -0.1825086 -0.913796 0.365332 -0.1775092 -0.4311987 -0.8998787 -0.06546849 -0.5781161 0.8138231 -0.05894058 -0.4351311 -0.8999277 -0.0281282 -0.5810463 0.8138202 -0.009051382 -0.992915 0.1178165 -0.01546776 -0.991534 0.1288852 -0.01577979 -0.4360225 -0.8998869 0.009385228 -0.5796753 0.8138192 0.04092544 -0.4335179 -0.899928 0.04681807 -0.5739032 0.8138995 0.09057003 -0.9801332 0.1241046 0.154716 -0.9793863 0.1302248 0.1544159 -0.4278828 -0.8999307 0.08391195 -0.5862697 0.7971405 0.1444116 -0.4271651 -0.8958122 0.1226807 -0.6022496 0.7713948 0.2055377 -0.9286009 0.1931667 0.3168393 -0.9264585 0.2050113 0.315666 -0.4150397 -0.8958066 0.1589739 -0.582379 0.7714164 0.2564205 -0.3998674 -0.8958005 0.1940301 -0.5380465 0.7894515 0.2954192 -0.8700537 0.1241886 0.4770575 -0.8590714 0.2067331 0.4682497 -0.3745385 -0.8998731 0.2234938 -0.5031682 0.7970896 0.3338713 -0.3606249 -0.8958266 0.2597011 -0.4976038 0.7713499 0.396749 -0.7666146 0.1967874 0.6112093 -0.7654613 0.2050377 0.6099414 -0.3370218 -0.8958102 0.289725 -0.4616593 0.7713502 0.4380522 -0.3108948 -0.8957957 0.3176391 -0.4950774 0.6701784 0.5529551 -0.6508646 0.2067891 0.7304887 -0.6196519 0.3513078 0.701865 -0.3599304 -0.824215 0.4371725 -0.4476293 0.6548683 0.6089136 -0.2471106 -0.8998641 0.3594176 -0.3055158 0.8138953 0.494201 -0.5221101 0.1164715 0.8448879 -0.5212552 0.1366313 0.8423924 -0.2153114 -0.8998697 0.3793094 -0.2727351 0.7970674 0.5387943 -0.1854137 -0.8958122 0.4039089 -0.279378 0.6700941 0.6876932 -0.3658633 0.2100125 0.9066636 -0.3459941 0.354434 0.8687143 -0.1911271 -0.8242357 0.5330162 -0.2217118 0.6336548 0.7411651 -0.1134916 -0.895823 0.4296755 -0.1321389 0.7713102 0.6225915 -0.2035393 0.1968041 0.9590829 -0.2034585 0.2070043 0.9569504 -0.07613259 -0.8958047 0.4378787 -0.07812762 0.7714776 0.6314416 -0.03821212 -0.8958157 0.4427798 -0.03820335 0.2047255 0.9780737 -0.03613519 0.1182985 0.9923205 -0.02207928 0.7886558 0.6144385 0.3651064 0.2897689 0.8847211 0.2909542 0.2744538 0.9165265 0.03088736 0.697716 0.7157084 0 -0.8992391 0.4374575 0.1032746 0.8565239 0.5056693 0.166606 -0.7577916 0.630868 0.09221291 0.7874996 0.6093779 0.05609494 -0.7577725 0.6501033 0.6624785 0.7480983 0.03835833 0.6506875 0.7583715 0.03845345 0.6525117 0.7576084 -0.01606583 0.673 0.7394164 -0.0182895 0.6703419 0.7381503 -0.07599985 0.6520296 0.754448 -0.07527172 0.6481508 0.7499949 -0.1319407 0.6332828 0.7632637 -0.1279907 0.6265301 0.7577977 -0.1822167 0.6444784 0.740893 -0.1890112 0.6267125 0.7405782 -0.2424361 0.6474145 0.7190777 -0.2525504 0.6268982 0.7139229 -0.31195 0.5852969 0.7581408 -0.2874897 0.5654081 0.7517375 -0.3394178 0.584178 0.7308892 -0.3528982 0.550527 0.7309942 -0.4031966 0.5370602 0.7469674 -0.3919261 0.5046926 0.7429376 -0.4396923 0.4947429 0.7553616 -0.4297192 0.4609762 0.7480829 -0.4773604 0.4533435 0.7583591 -0.4683707 0.4139295 0.7576172 -0.5046568 0.4315766 0.7295557 -0.5305566 0.3849918 0.7288223 -0.5662149 0.3887199 0.7232515 -0.5707925 0.3394671 0.7171082 -0.608702 0.3317958 0.7346292 -0.5918037 0.2834094 0.7249109 -0.6278403 0.2819117 0.7291641 -0.6235748 0.2271263 0.7297141 -0.6449272 0.2268042 0.7308893 -0.6437086 0.1712025 0.7310305 -0.6605181 0.1733264 0.7190712 -0.6729744 0.1135969 0.7139647 -0.6909054 0.1102442 0.7493897 -0.6528869 0.05240124 0.7485529 -0.6610013 0.05219197 0.7598558 -0.6479932 -0.003904759 0.7571386 -0.6532428 -0.003502905 0.7618643 -0.6477272 -0.06003898 0.7582553 -0.6491875 -0.06020474 0.7509525 -0.6576061 -0.1184834 0.7452345 -0.6561915 -0.1162648 0.7531408 -0.647504 -0.1716023 0.752545 -0.6357898 -0.1721352 0.7511119 -0.6373385 -0.22804 0.7470163 -0.6244714 -0.225901 0.7516317 -0.6196922 -0.2833949 0.7438509 -0.6052877 -0.2754703 0.7584068 -0.5907075 -0.3231743 0.7576386 -0.5670468 -0.3413534 0.729153 -0.5931389 -0.3915789 0.7296499 -0.5606042 -0.3825976 0.7426472 -0.549631 -0.4326363 0.7381561 -0.5176401 -0.4170404 0.7581462 -0.50129 -0.4643982 0.7514246 -0.4687169 -0.4600498 0.7564963 -0.4648307 -0.4984796 0.7554043 -0.4253027 -0.5131163 0.7394045 -0.4358815 -0.5496638 0.7381418 -0.3911733 -0.5624672 0.7225283 -0.4019746 -0.6030756 0.715666 -0.3523098 -0.5758261 0.7439871 -0.3389801 -0.6042329 0.7422573 -0.2897531 -0.5957843 0.7509123 -0.2849068 -0.6191572 0.7493244 -0.2348563 -0.6395061 0.7301381 -0.2406872 -0.6583395 0.7296093 -0.1850931 -0.6672016 0.7206795 -0.1883165 -0.6868336 0.7155453 -0.1274934 -0.6403576 0.7584239 -0.1213902 -0.6489762 0.7576695 -0.06904256 -0.6831976 0.7269087 -0.06960529 -0.6874756 0.7261199 -0.01127755 -0.6605047 0.7507738 -0.008508205 -0.6649935 0.7454834 0.04514658 -0.6826729 0.7291513 0.04791891 -0.6750968 0.7296829 0.1086611 -0.6438616 0.7583795 0.1015032 -0.6338375 0.7575538 0.1560843 -0.6409036 0.7511003 0.158402 -0.6290196 0.7469565 0.2153843 -0.6115969 0.7632954 0.2081575 -0.5975028 0.7576133 0.2627024 -0.598668 0.7564824 0.263308 -0.5756927 0.7554627 0.3128165 -0.5974261 0.7322158 0.3270199 -0.5694993 0.7289454 0.3798804 -0.5585746 0.7417253 0.3712655 -0.5305316 0.7339954 0.4240131 -0.5179885 0.7493951 0.4124258 -0.4804494 0.7485726 0.4569547 -0.469778 0.7621752 0.4454187 -0.4308474 0.7607901 0.4853544 -0.4296613 0.7624279 0.4838337 -0.3905757 0.7588092 0.5212097 -0.4059921 0.7332972 0.5453857 -0.3612021 0.7228341 0.5891044 -0.3445042 0.7554303 0.5573527 -0.2971694 0.7530971 0.5869712 -0.3074592 0.7349325 0.6044363 -0.2530477 0.7289139 0.6361222 -0.2425429 0.7593729 0.6037597 -0.1913539 0.7538645 0.6285476 -0.1916627 0.7527953 0.6297338 -0.1370415 0.749654 0.6474863 -0.1357585 0.7574574 0.6386142 -0.082704 0.75301 0.652791 -0.08365464 0.7326023 0.6754966 -0.02505439 0.7238848 0.6894659 -0.02551358 0.7333043 0.6794217 0.03594821 0.7229226 0.6899933 0.03120005 0.7584204 0.6510185 0.08794039 0.7567585 0.6477525 0.0877912 0.7574588 0.6469537 0.1434174 0.7554312 0.6393398 0.1469954 0.7349011 0.662052 0.2085724 0.7294966 0.651408 0.1968476 0.7583888 0.6213675 0.2501672 0.7568026 0.6038761 0.2530404 0.7510672 0.6098105 0.3070026 0.746994 0.5897028 0.3020554 0.7553761 0.5815237 0.3537898 0.7484275 0.5609715 0.3639281 0.7333199 0.5742807 0.4208828 0.7228451 0.5480446 0.3935314 0.7603299 0.5167509 0.4385128 0.7579802 0.4828796 0.4626772 0.7226212 0.5135645 0.5140407 0.7156574 0.4728601 0.4855082 0.7493782 0.4502381 0.5299222 0.7412649 0.4119574 0.5249714 0.7465445 0.40875 0.5589864 0.746222 0.3615065 0.5453195 0.7598587 0.3538947 0.5759733 0.7572196 0.3080155 0.5921139 0.741712 0.3150629 0.6244455 0.7341771 0.2665557 0.6253558 0.7332857 0.266875 0.6573598 0.7228462 0.2130057 0.6192719 0.7583918 0.2033327 0.6352692 0.7575727 0.1500561 0.6472442 0.7469837 0.1519556 0.6623981 0.7429671 0.09606599 0.6483461 0.755389 0.09505224 0.03916734 -0.9839626 0.1740215 0.0677697 -0.9745958 0.2134724 0.0730406 -0.9873915 0.1404398 0.08483827 -0.9873927 0.1336346 0.1215221 -0.9797192 0.1593196 0.1470639 -0.9797172 0.1361118 0.1249653 -0.987397 0.09711253 0.1397701 -0.9873907 0.07432377 0.2060412 -0.974602 0.08773905 0.1541069 -0.987392 0.03617006 0.1660882 -0.9860669 0.00932455 0.1747417 -0.9839684 -0.03566116 0.1597967 -0.9860453 -0.04668879 0.1796973 -0.9797216 -0.08862632 0.1354336 -0.987394 -0.08192008 0.1193984 -0.9873875 -0.1039709 0.1097555 -0.9874048 -0.1139535 0.1152256 -0.9787707 -0.1695029 0.08245879 -0.9797136 -0.1826522 0.06645631 -0.979716 -0.1890512 0.03309971 -0.9797187 -0.1976253 0.01263427 -0.9873987 -0.1577475 -0.01458102 -0.9873933 -0.1576135 -0.02807545 -0.9873905 -0.1557942 -0.05434662 -0.9873873 -0.1487042 -0.06692731 -0.987396 -0.1434226 -0.1145523 -0.9797264 -0.16436 -0.1114161 -0.9873944 -0.112423 -0.1206617 -0.987392 -0.1024596 -0.1726897 -0.9797199 -0.1016235 -0.142834 -0.9873908 -0.06825 -0.1481707 -0.9873921 -0.05569851 -0.1578034 -0.9874039 0.0114721 -0.2024842 -0.9787683 0.03182405 -0.1536599 -0.9873903 0.03806459 -0.1864503 -0.9746004 0.1240585 -0.1750895 -0.9746022 0.1396218 -0.1148158 -0.987397 0.1089252 -0.1047563 -0.9874027 0.1185832 -0.04603493 -0.9873883 0.1514771 -0.03284233 -0.9873954 0.1548283 -0.007384538 -0.9797174 0.2002483 0.009855031 -0.9797191 0.2001337 0.3799695 0.132507 0.9154589 0.2967885 0.1302391 0.9460203 -0.1055186 -0.9732812 0.2039352 -0.07129925 -0.987394 0.1413134 -0.7076082 0.2322379 0.6673503 -0.8125092 -0.2185311 0.5404378 -0.8549063 -0.2386106 0.460652 -0.736878 -0.6280669 0.2500854 -0.7487131 -0.6366147 0.1847983 -0.2043727 -0.9786374 -0.02237647 -0.1656175 -0.9860414 -0.01712048 -0.2058767 0.1306025 0.9698237 -0.2890359 0.1210432 0.9496352 -0.3577459 -0.2171183 0.9082277 -0.4437499 -0.2386959 0.8637769 -0.4729675 -0.604952 0.6405738 -0.5243638 -0.6137314 0.5902342 -0.2025121 -0.9732805 0.1082308 -0.1388241 -0.9873929 0.07604849 0.05311077 -0.3017345 0.9519116 -0.03566163 -0.3308366 0.9430141 -0.09297984 -0.627462 0.7730759 -0.160685 -0.6365909 0.7542762 -0.08388537 -0.9867726 0.1387202 -0.1078301 -0.9787741 0.1742812 -0.7724862 -0.605304 0.1920214 -0.7801864 -0.6140802 0.1192262 -0.1675682 -0.9853943 -0.0303145 -0.196839 -0.9797326 -0.03712707 -0.2878768 0.1387959 0.9475563 -0.3720885 0.1232193 0.9199823 -0.4955338 -0.3016929 0.8145108 -0.5681632 -0.332655 0.7526829 -0.5283003 -0.6054241 0.595282 -0.5731136 -0.6137496 0.543003 -0.1489422 -0.9866775 0.06545197 -0.1448474 -0.9873935 0.06382375 0.2194486 0.1602338 0.962376 0.1336844 0.1585432 0.97826 -0.03459966 -0.3037708 0.9521167 -0.122312 -0.3326475 0.9350858 -0.161801 -0.6278577 0.7613246 -0.2249186 -0.6365925 0.7376732 -0.1265345 -0.9777026 0.1675909 -0.09930926 -0.9860512 0.1335698 -0.1974859 -0.9787287 -0.05558276 -0.1928982 -0.9797243 -0.05413722 -0.5529792 -0.6497541 0.5215684 -0.5908938 -0.6592373 0.4650277 -0.1540216 -0.9866763 0.05241364 -0.1498135 -0.987392 0.05111724 -0.1247096 -0.9868407 0.1029227 -0.4181889 -0.614081 0.6693449 -0.3549766 -0.6047792 0.7129052 -0.118115 -0.9866703 0.1119406 -0.0474503 -0.9866796 0.1556016 0.03405904 -0.6369837 0.7701246 0.1059734 -0.627602 0.7712883 0.1106124 -0.5520369 0.8264504 0.1875005 -0.5401299 0.8204287 0.4575361 0.1237124 0.8805431 0.5346939 0.1395593 0.833442 -0.03389954 -0.9866697 0.1591658 0.5818971 0.260306 0.7704782 0.6521785 0.262955 0.7109978 -0.007752716 -0.9787371 0.2049729 0.228285 -0.637152 0.7361544 0.2981101 -0.6279 0.7189381 0.04855501 -0.9732977 0.2243527 0.5130756 -0.5276597 0.6769999 0.576826 -0.5165753 0.6327889 0.6291721 -0.3368436 0.7004848 0.6997981 -0.3162142 0.6405398 0.7889335 0.02701926 0.6138845 0.8403028 0.02799797 0.5413939 0.07493776 -0.9866781 0.144398 0.5493697 -0.659096 0.5136006 0.6001427 -0.6493682 0.4670651 0.8548773 -0.23456 0.4627813 0.9013796 -0.2059654 0.3809111 0.1199693 -0.9867757 0.1090005 0.2016077 -0.9732806 0.1099054 0.7630541 -0.6366115 0.111689 0.7774681 -0.6274525 0.04297578 0.1583589 -0.9866762 0.03731727 0.6047226 -0.7954273 0.04007565 0.6008306 -0.7991435 -0.01929455 0.7487403 0.1237261 -0.6512141 0.6873821 0.1389871 -0.7128733 0.6771085 0.2323387 -0.6982427 0.6092833 0.2353128 -0.7572329 0.813699 -0.3217797 -0.4840989 0.7639393 -0.3125047 -0.5645685 0.1670765 -0.9853447 -0.03437203 0.2209556 -0.9732795 -0.06249517 0.625139 -0.6369049 -0.451169 0.5872775 -0.6278393 -0.5108063 0.1447093 -0.9867736 -0.07305699 0.549219 -0.6137154 -0.5671966 0.5000901 -0.6050075 -0.6195772 0.529728 -0.3358898 -0.7788236 0.4632812 -0.3176189 -0.8273384 0.1228066 -0.9866812 -0.1066724 0.3149728 -0.3212813 -0.8930681 0.2365822 -0.313125 -0.9197726 0.1688559 0.0270071 -0.9852707 0.07733625 0.02800667 -0.9966117 0.1153763 -0.9787265 -0.169655 -0.1754447 0.130396 -0.9758155 -0.2589651 0.1325806 -0.9567442 0.08461177 -0.9787404 -0.1868373 0.06371599 -0.6136754 -0.7869835 -0.005521237 -0.6052145 -0.7960433 -0.4086668 0.2323564 -0.8826109 -0.4891587 0.2353596 -0.8398391 0.06823068 -0.9787302 -0.1934737 -0.00407499 -0.6365824 -0.771198 -0.07137167 -0.6277707 -0.7751194 -0.3414827 0.01741307 -0.9397268 -0.424777 0.0375849 -0.9045176 0.02527588 -0.9867714 -0.1601351 -0.1361133 -0.6366219 -0.759069 -0.203077 -0.6278666 -0.751361 0.01312905 -0.9866749 -0.1621736 -0.2008582 -0.6366283 -0.7445539 -0.2677266 -0.6277549 -0.7309216 -0.5687343 0.01451575 -0.8223932 -0.6408092 0.0262981 -0.7672497 -0.633893 0.1234642 -0.7635027 -0.6969619 0.1386957 -0.7035678 -0.01484155 -0.9867012 -0.1618658 -0.3331806 -0.6137233 -0.7157754 -0.3997792 -0.6049959 -0.6885903 -0.05572491 -0.9866797 -0.1528331 -0.4931439 -0.6366367 -0.5928769 -0.5475723 -0.62792 -0.5530651 -0.8596506 0.02696985 -0.5101702 -0.9017766 0.02798962 -0.4312952 -0.09392929 -0.9867673 -0.1321655 -0.1144022 -0.9866728 -0.1157109 -0.6785786 -0.6587378 -0.3249546 -0.7130201 -0.6489314 -0.2655006 -0.9066572 -0.3358337 -0.2553207 -0.9332033 -0.3161053 -0.1709064 -0.9925096 0.1205183 -0.02000355 -0.9886081 0.1309604 0.07418465 -0.173509 -0.973293 -0.1503185 -0.9615907 0.232151 0.1464563 -0.9431035 0.2351887 0.2350366 -0.1404886 -0.9867729 -0.08088493 -0.7746765 -0.61404 -0.1511 -0.792443 -0.6049465 -0.07793474 -0.9640331 0.1208403 0.236723 -0.9378635 0.1306875 0.3214543 -0.9219869 0.227953 0.313014 -0.8881312 0.2387971 0.3926818 -0.1467441 -0.9866754 -0.0702697 -0.9449067 -0.3218158 0.05988365 -0.9372938 -0.3124837 0.1543838 -0.209662 -0.9776834 0.01330351 -0.706013 -0.6365902 0.3103204 -0.6812484 -0.627192 0.3775326 -0.1598773 -0.9867726 0.02681738 -0.5153776 0.2321753 0.8249126 -0.4343997 0.2352662 0.8694521 -0.1134632 -0.9852943 0.1277548 -0.2915485 -0.6370407 0.7135676 -0.2266622 -0.627839 0.744609 0.04425597 0.1302034 0.9904991 0.133343 0.1324889 0.9821744 0.4572447 0.1305076 0.8797131 0.3802384 0.1209626 0.9169444 0.300882 -0.2171645 0.9286063 0.2071152 -0.2385694 0.9487824 -0.05763214 -0.9868454 0.1510456 -0.08330857 -0.9746044 0.2078607 -0.02676075 -0.9786368 0.2038477 -0.01941132 -0.9873859 0.1571378 0.009494483 -0.98677 0.1618486 0.2950327 -0.6366479 0.7124853 0.3587953 -0.6278898 0.6906666 0.4997286 -0.3326741 0.7997496 0.5825467 -0.3020665 0.7545828 0.8603807 0.2333495 0.4530928 0.8161455 0.2252951 0.5321171 0.7888248 0.03713458 0.6134955 0.7312325 0.01707035 0.6819148 0.4195023 -0.6274612 0.6559804 0.3552245 -0.6365891 0.6845217 0.02389657 -0.9830774 0.1816255 0.02135014 -0.9873928 0.1568427 0.0514959 -0.9868301 0.1533452 0.9465149 0.2352929 0.2207867 0.922746 0.2322559 0.3075665 0.06225121 -0.9866844 0.1502622 0.06069618 -0.9873928 0.1461901 0.1088645 -0.9786236 0.1744832 0.5935415 -0.6587653 0.4623169 0.6367144 -0.6497187 0.4152836 0.965958 0.1207707 0.2287788 0.9810907 0.1305536 0.1428871 0.1113757 -0.9831747 0.1447864 0.6622979 -0.6136853 0.4298278 0.7051308 -0.6047004 0.3703081 0.8666651 -0.3316071 0.372731 0.9080001 -0.3017211 0.2906893 0.9819229 0.1237261 0.1432458 0.9886189 0.1387131 0.05823636 0.9831724 0.172827 0.05918496 0.9835167 0.1780751 -0.03137409 0.1374769 -0.9786579 0.152738 0.1199997 -0.9839587 0.1320061 0.1283571 -0.986678 0.0999549 0.7487906 -0.6140215 0.2495799 0.7751514 -0.6052 0.1813096 0.9828644 0.1485622 -0.1091192 0.9675939 0.1587085 -0.1964017 0.9546107 0.2279884 -0.1916758 0.9305204 0.2390901 -0.2774304 0.9844456 -0.1318814 -0.1160779 0.9908256 -0.1333678 -0.02185547 0.7702018 -0.6278246 0.1123637 0.7505903 -0.6366569 0.1768678 0.1364729 -0.986674 0.08859872 0.1328672 -0.9873926 0.08603632 0.188781 -0.9787976 0.07948035 0.8449605 0.139462 -0.5163257 0.8920735 0.1229682 -0.4348376 0.9091017 -0.2140483 -0.357376 0.9368017 -0.2254378 -0.267545 0.8244857 -0.5405305 -0.1674822 0.8286768 -0.5523154 -0.09078913 0.1545084 -0.9867766 0.04898142 0.1903761 -0.979725 0.06241786 0.7479479 0.1304853 -0.6508053 0.8048162 0.1205168 -0.5811597 0.8483122 -0.3161476 -0.4247555 0.8784992 -0.3363825 -0.3392433 0.7629891 -0.6046391 -0.2286032 0.7742195 -0.6138196 -0.1543039 0.51583 -0.8543915 -0.0627278 0.5243762 -0.8513644 -0.01443618 0.1690427 -0.9852979 0.02475273 0.156607 -0.9874053 0.02247935 0.6649187 -0.6274487 -0.4052053 0.6931681 -0.6369296 -0.3374 0.1822316 -0.9830572 -0.0197547 0.5331334 -0.3131349 -0.7859487 0.602671 -0.3218193 -0.7302191 0.541849 -0.628021 -0.55856 0.5821443 -0.6365933 -0.5058233 0.1905235 -0.9787959 -0.0752294 0.2086439 -0.9745997 -0.08138352 0.1767051 -0.9786338 -0.1051245 0.46167 -0.3308587 -0.8230391 0.3920798 -0.3039245 -0.8682761 -0.007059276 0.2331012 -0.9724269 0.0806877 0.2253087 -0.9709405 0.3154447 -0.313225 -0.8957594 0.3905632 -0.3212876 -0.8626905 0.1300532 -0.986776 -0.09674412 0.1618697 -0.9797196 -0.118101 0.1188415 -0.9853047 -0.1226844 0.2357448 -0.335846 -0.9119386 0.1513368 -0.316246 -0.9365286 -0.00403881 0.130927 -0.9913839 -0.09138774 0.1385051 -0.9861362 -0.175457 0.1305337 -0.975795 -0.09102493 0.1209872 -0.9884719 0.1336314 -0.9776892 -0.1620696 0.1049556 -0.9860478 -0.1292061 -0.3418301 0.1307494 -0.9306218 -0.2590072 0.1210037 -0.9582658 0.06302696 -0.6497601 -0.7575218 0.1278578 -0.6591053 -0.7411023 0.1003639 -0.978742 -0.178861 0.09785151 -0.9797236 -0.1748335 -0.1377406 -0.6278649 -0.7660374 -0.07034999 -0.6365684 -0.768005 0.05134683 -0.9787331 -0.1986083 0.0499624 -0.9797201 -0.1940423 -0.757431 0.1325634 -0.6393164 -0.6975223 0.1303822 -0.7046015 -0.5476773 -0.3125129 -0.776135 -0.466327 -0.3217623 -0.8240196 -0.31926 -0.6497015 -0.6898994 -0.2576658 -0.6587187 -0.7068933 -8.59679e-4 -0.9866769 -0.1626898 -9.77372e-4 -0.987398 -0.1582545 -0.02871394 -0.9866858 -0.1600835 -0.7977126 -0.2140024 -0.5637887 -0.7381405 -0.225315 -0.6359103 -0.4858204 -0.6495543 -0.5848571 -0.4270252 -0.6591257 -0.6190338 -0.04237478 -0.9866725 -0.1571044 -0.0413627 -0.9873835 -0.1528498 -0.06865543 -0.9866662 -0.1475685 -0.5422829 -0.6366517 -0.5482735 -0.5961987 -0.6272791 -0.501067 -0.7657387 -0.3363592 -0.548185 -0.8204484 -0.3162265 -0.4763037 -0.9018171 0.02694314 -0.4312774 -0.9367753 0.02787852 -0.3488191 -0.9673943 0.2352982 -0.09371817 -0.9546705 0.2322089 -0.1862348 -0.1012613 -0.9786295 -0.1789709 -0.07901018 -0.9873898 -0.1371822 -0.9144796 -0.3130823 -0.2563334 -0.8838743 -0.3217227 -0.3395009 -0.6860129 -0.6494107 -0.3281038 -0.6463119 -0.6591477 -0.3844546 -0.1040432 -0.9866763 -0.1250802 -0.1013378 -0.9874042 -0.1215059 -0.9499002 -0.3124341 -0.008639216 -0.9411939 -0.3217772 -0.1030219 -0.167452 -0.9787957 -0.1179781 -0.1825538 -0.974602 -0.1297122 -0.1918907 -0.9786357 -0.07382559 -0.7707161 -0.6369855 -0.01569354 -0.7765726 -0.6273929 0.05755978 -0.9081488 0.1303207 0.397847 -0.8678768 0.132552 0.478769 -0.6449193 0.2352296 0.7271493 -0.5761265 0.2334125 0.7833244 -0.6466913 0.2254623 0.7286681 -0.7233493 0.02799779 0.6899145 -0.782691 0.02699482 0.621825 -0.7618732 -0.2051596 0.6143768 -0.81017 -0.2327563 0.5380048 -0.7281897 -0.6052798 0.3215216 -0.7473898 -0.6137587 0.2543792 -0.1621059 -0.986773 -9.63615e-4 -0.2003232 -0.979725 -0.003073632 -0.1579553 -0.9866767 0.03897929 -0.1907464 -0.9734296 0.126692 -0.2063005 0.1236987 0.9706384 -0.1166997 0.1395444 0.9833151 0.9192175 -0.3902398 0.05246037 0.8724297 -0.4882366 -0.02216929 0.7943477 -0.5964879 0.1149525 0.8107463 -0.5832984 0.04953539 0.7866309 -0.5963551 -0.1599143 0.779894 -0.5829329 -0.2279357 0.558399 -0.5944759 -0.5786095 0.5113222 -0.5860871 -0.6285315 0.5050112 -0.5989193 -0.6214978 0.4552084 -0.5882053 -0.6684309 -0.7901021 -0.5945277 -0.1492501 -0.8059151 -0.5861558 -0.08320099 -0.8019951 -0.5945464 0.05760663 -0.80049 -0.5860894 0.12536 -0.5320129 -0.5964741 0.6009833 -0.4851371 -0.5828598 0.6518563 -0.4788998 -0.5965242 0.6440605 -0.4280048 -0.5830679 0.6905388 0.1634514 -0.6666666 0.7272135 0.1623507 -0.6732973 0.7213273 0.226984 -0.6602534 0.7159217 0.2246414 -0.6700322 0.7075261 0.2860677 -0.6648882 0.6899921 0.2827696 -0.6752957 0.681188 0.3437464 -0.6665867 0.6614384 0.3411474 -0.6733133 0.655948 0.4021455 -0.6603034 0.6342542 0.3962981 -0.6732853 0.6242074 0.45515 -0.6603447 0.5973135 0.4473171 -0.6753332 0.5863724 0.5012433 -0.6666272 0.5516915 0.4973776 -0.6731969 0.5471942 0.5507627 -0.66021 0.5106695 0.5425658 -0.673255 0.5023447 0.592756 -0.660224 0.4612424 0.586024 -0.6700697 0.4556122 0.6267948 -0.6649358 0.406188 0.6230286 -0.6700307 0.4036017 0.6593296 -0.6649301 0.350931 0.651155 -0.6753454 0.3462743 0.6857035 -0.6666189 0.2922843 0.6803545 -0.6731463 0.2898133 0.7136439 -0.6601588 0.2343136 0.7009202 -0.6752689 0.2296146 0.7256315 -0.6666215 0.1705131 0.7198612 -0.673242 0.1689532 0.7428853 -0.6604399 0.1092731 0.7347369 -0.6727876 -0.08671033 0.7361788 -0.6604368 -0.1478652 0.7120056 -0.6698692 -0.210531 0.6959565 -0.6648397 -0.2713536 0.6915911 -0.6700133 -0.2697852 0.6700878 -0.6648831 -0.3300195 0.661556 -0.6752517 -0.3261577 0.6378914 -0.6665663 -0.3857254 0.6351915 -0.6699412 -0.3843314 0.6036573 -0.6648736 -0.4399331 0.5958201 -0.675374 -0.4345899 0.562401 -0.6665966 -0.4892384 0.5576619 -0.6733323 -0.4854243 0.5227607 -0.6604704 -0.5389806 0.4144083 -0.6730962 -0.6125417 0.3671666 -0.6602826 -0.6551455 0.3611336 -0.6731085 -0.645374 0.3095593 -0.6601582 -0.6843714 0.3035547 -0.6753047 -0.6721743 0.2474722 -0.6665689 -0.7031667 0.2452731 -0.6732788 -0.6975219 0.1876942 -0.660261 -0.7272044 0.1844011 -0.6732549 -0.7160476 0.124392 -0.6602715 -0.7406539 0.1226451 -0.6700092 -0.7321516 0.05994659 -0.6648995 -0.7445234 0.05886936 -0.6753609 -0.7351341 -0.004386782 -0.6665832 -0.7454177 -0.004565894 -0.6732574 -0.7393942 -0.06875181 -0.660259 -0.7478846 -0.068107 -0.6732424 -0.7362785 -0.1329047 -0.6602056 -0.7392328 -0.1316727 -0.6700328 -0.7305603 -0.194886 -0.6649826 -0.7209839 -0.1927446 -0.6753229 -0.7118909 -0.2557329 -0.6665709 -0.7002028 -0.253858 -0.6733086 -0.6944146 -0.3172498 -0.6602538 -0.6807479 -0.3138648 -0.6699507 -0.6727963 -0.3726981 -0.6648503 -0.6473563 -0.3705463 -0.6699974 -0.6432721 -0.4268345 -0.664884 -0.6129778 -0.4217 -0.6752645 -0.6051338 -0.4770568 -0.6665793 -0.5727905 -0.4733523 -0.6732562 -0.568035 -0.5283848 -0.6602669 -0.5337201 -0.5225378 -0.6699911 -0.5273198 -0.5692048 -0.6648449 -0.4837225 -0.5622397 -0.6753314 -0.4772987 -0.6074768 -0.6666193 -0.4319616 -0.6027572 -0.6731677 -0.4284029 -0.6472157 -0.660167 -0.3811713 -0.6398563 -0.6700276 -0.3763601 -0.6738983 -0.6649113 -0.3221087 -0.669814 -0.6700314 -0.3200111 -0.6990275 -0.6649214 -0.2631351 -0.6903142 -0.6753429 -0.2595732 -0.7176744 -0.6665586 -0.2016012 -0.7118263 -0.6733596 -0.1997253 -0.7374438 -0.6604954 -0.1411471 -0.7387794 -0.6698721 -0.07400321 -0.7468297 -0.6649109 -0.01179385 -0.7374605 -0.6752955 -0.01131772 -0.7434594 -0.6667959 0.05149227 -0.7331295 -0.6699323 0.1170984 -0.7250775 -0.664916 0.1793023 -0.7158344 -0.6753752 0.1773399 -0.7055593 -0.6665632 0.2405821 -0.6997299 -0.6733095 0.2388151 -0.6874497 -0.6602791 0.302398 -0.6749227 -0.6753197 0.2973595 -0.6539016 -0.6665971 0.3578562 -0.6485527 -0.6732348 0.3551541 -0.625485 -0.6602641 0.4157161 -0.6156213 -0.6731733 0.4096928 -0.5873886 -0.6601902 0.4681065 -0.5804212 -0.6699435 0.4629114 -0.5420144 -0.6648479 0.5140017 -0.5349457 -0.6753785 0.5076388 -0.4953232 -0.6667068 0.5569174 -0.3891302 -0.6699538 0.6322497 -0.3367238 -0.6649151 0.6667121 -0.3321611 -0.6752713 0.6585421 -0.2775087 -0.6666249 0.6918094 -0.2750217 -0.6731957 0.6864188 -0.2188551 -0.6602618 0.7184406 -0.2144859 -0.6753421 0.7056266 -0.1547451 -0.6665612 0.7292121 -0.1542266 -0.6689333 0.7271468 -0.09264361 -0.6597155 0.7457833 -0.09043604 -0.6753631 0.7319195 -0.02768838 -0.6666481 0.7448582 -0.02725058 -0.673252 0.7389108 0.03663027 -0.660265 0.750139 0.03651732 -0.6701099 0.7413631 0.1004035 -0.6649159 0.7401392 0.09946262 -0.6753691 0.7307419 0.2857467 -0.9582123 0.01334661 0.2869775 -0.9578722 -0.01117908 0.3694181 -0.9292077 -0.01017439 0.3647317 -0.9303997 -0.03643292 0.9982528 3.5541e-4 0.05908793 0.9983028 -4.10083e-6 0.05823737 0.989465 8.21144e-6 0.144773 0.9895067 -1.15052e-4 0.1444879 0.9734404 -3.70261e-5 0.228941 0.9733896 -1.29997e-4 0.2291565 0.9502261 -5.62741e-5 0.3115614 0.9502955 -1.50429e-4 0.3113498 0.9197511 -1.075e-4 0.3925021 0.9198068 -1.67411e-4 0.3923715 0.8828883 -1.69611e-4 0.4695832 0.8828372 -1.24865e-4 0.4696792 0.8391789 -1.46784e-4 0.5438557 0.8391503 -1.24199e-4 0.5438998 0.7892211 -1.46209e-4 0.6141092 0.7892272 -1.50049e-4 0.6141013 0.7333874 -1.07266e-4 0.6798111 0.733215 0 0.6799969 0.6721345 9.76415e-6 0.7404291 0.6724503 -1.67561e-4 0.7401424 0.6063504 -1.70225e-4 0.7951976 0.6063115 -1.49465e-4 0.7952273 0.5354808 -1.07008e-4 0.8445475 0.535565 -1.49603e-4 0.8444941 0.4607807 -1.06987e-4 0.8875141 0.4609085 -1.68311e-4 0.8874477 0.3833427 -1.70896e-4 0.9236062 0.3832399 -1.24737e-4 0.9236488 0.3022397 -1.46529e-4 0.9532321 0.3021646 -1.13395e-4 0.9532558 0.2193614 -3.78592e-5 0.9756437 0.2188775 -2.44942e-4 0.9757524 0.1347842 -2.03532e-4 0.990875 0.1346018 -1.25305e-4 0.9908999 0.04881137 -1.46986e-4 0.998808 0.04846358 0 0.998825 -0.03754371 1.07478e-5 0.9992951 -0.03711444 -1.68276e-4 0.999311 -0.1226365 -1.70937e-4 0.9924517 -0.1227758 -1.13793e-4 0.9924345 -0.2082251 -9.59334e-5 0.978081 -0.2080594 -1.67443e-4 0.9781162 -0.2910416 -1.70097e-4 0.9567105 -0.2910877 -1.50235e-4 0.9566964 -0.3726241 -1.07372e-4 0.9279824 -0.3724921 -1.68437e-4 0.9280354 -0.4504758 -1.71152e-4 0.8927887 -0.4505745 -1.24994e-4 0.8927389 -0.5255154 -1.46338e-4 0.8507841 -0.5258025 -3.33168e-6 0.8506068 -0.5970684 6.93448e-6 0.8021905 -0.5971162 3.4186e-5 0.8021549 -0.6636011 7.73913e-5 0.7480867 -0.6641787 -2.46673e-4 0.7475738 -0.7253775 -2.0562e-4 0.6883514 -0.7255092 -1.25225e-4 0.6882126 -0.7820509 -1.46719e-4 0.6232147 -0.782046 -1.50562e-4 0.6232208 -0.8328313 -1.07266e-4 0.553527 -0.8327748 -1.4986e-4 0.5536119 -0.8773941 -1.06986e-4 0.4797704 -0.8773241 -1.68951e-4 0.4798984 -0.9152088 -1.71505e-4 0.4029799 -0.9152291 -1.49722e-4 0.4029338 -0.9466086 -1.05958e-4 0.3223852 -0.9465613 -1.68438e-4 0.3225241 -0.9706714 -1.70639e-4 0.2404103 -0.970698 -1.24352e-4 0.2403027 -0.9877232 -1.45627e-4 0.1562144 -0.9877749 -8.21865e-6 0.1558875 -0.9975607 2.05293e-6 0.0698058 -0.9975261 -2.0276e-4 0.07029837 -0.999881 -2.41597e-4 -0.01542741 -0.9998738 -4.62255e-5 -0.01588934 -0.9948679 -1.12794e-4 -0.1011828 -0.9948425 -7.20023e-6 -0.1014323 -0.9823396 3.07264e-6 -0.1871069 -0.9824067 -1.49536e-4 -0.186754 -0.9626292 -1.05958e-4 -0.2708232 -0.9626927 -2.04224e-4 -0.2705969 -0.9359985 -2.40058e-4 -0.3520041 -0.9358357 -4.77666e-5 -0.3524367 -0.9022139 -1.12381e-4 -0.431289 -0.9022271 -1.25379e-4 -0.4312615 -0.8617185 -1.47231e-4 -0.5073868 -0.8617224 -1.49538e-4 -0.50738 -0.8147317 -1.07501e-4 -0.5798381 -0.8148142 -1.67411e-4 -0.5797222 -0.762263 -1.70638e-4 -0.6472676 -0.7621914 -1.24865e-4 -0.6473518 -0.703588 -1.45698e-4 -0.7106081 -0.7035933 -1.49537e-4 -0.7106029 -0.6396578 -1.06215e-4 -0.7686599 -0.639836 -2.04736e-4 -0.7685115 -0.571711 -2.4057e-4 -0.820455 -0.5713279 -4.67394e-5 -0.8207219 -0.4989444 -1.12637e-4 -0.866634 -0.49897 -1.24866e-4 -0.8666192 -0.4224547 -1.46466e-4 -0.9063841 -0.4224589 -1.49537e-4 -0.9063822 -0.3426779 -1.06987e-4 -0.939453 -0.3428171 -1.68054e-4 -0.9394022 -0.261238 -1.70766e-4 -0.9652745 -0.2611312 -1.2448e-4 -0.9653034 -0.1770024 -1.46145e-4 -0.9842104 -0.1770076 -1.4989e-4 -0.9842095 -0.09155642 -1.07306e-4 -0.9957999 -0.09157264 -1.13528e-4 -0.9957985 -0.005981504 -3.79415e-5 -0.9999822 -0.005484104 -2.45217e-4 -0.999985 0.07989543 -2.04053e-4 -0.9968034 0.08008235 -1.25321e-4 -0.9967883 0.1655802 -1.46944e-4 -0.9861963 0.165661 -1.13395e-4 -0.9861828 0.2495653 -3.76986e-5 -0.968358 0.2499213 -1.909e-4 -0.9682661 0.3319607 -7.11455e-5 -0.9432933 0.3323569 -2.44881e-4 -0.9431537 0.4117955 -2.0366e-4 -0.9112763 0.4119122 -1.50434e-4 -0.9112236 0.4888856 -1.07779e-4 -0.8723479 0.4888709 -1.13511e-4 -0.8723563 0.5617656 -3.77629e-5 -0.8272966 0.5618416 -7.74381e-5 -0.8272449 0.6308156 -3.36719e-5 -0.7759328 0.6308633 -7.44818e-6 -0.7758941 0.6955597 3.07266e-6 -0.7184684 0.6953607 -1.13779e-4 -0.7186609 0.7543939 -3.75059e-5 -0.6564221 0.7547197 -2.44967e-4 -0.6560475 0.8079654 -2.03565e-4 -0.5892301 0.8080754 -1.25226e-4 -0.5890792 0.8558472 -1.46015e-4 -0.5172288 0.8558221 -1.67562e-4 -0.5172704 0.8969551 -1.70126e-4 -0.4421217 0.8970032 -1.23839e-4 -0.4420244 0.9316917 -1.45757e-4 -0.3632503 0.9317096 -1.25737e-4 -0.3632042 0.9594149 -1.48383e-4 -0.2819983 0.9595108 -3.07538e-6 -0.2816724 0.9802644 6.15859e-6 -0.1976911 0.9801906 -1.48833e-4 -0.1980567 0.993808 -1.05656e-4 -0.1111117 0.9935973 -8.84165e-4 -0.1129764 0.9994419 -0.001107931 -0.0333867 0.9996338 0.001479268 -0.027022 0.4872621 0.5943825 0.639754 -0.4229956 0.594528 0.683821 0.03476732 0.6698894 0.7416465 0.4340835 0.5857961 0.6844081 0.4303913 0.5946066 0.6791217 -0.4837476 0.5859597 0.6501074 -0.4784023 0.5987697 0.6423443 -0.03079217 0.5986399 0.8004264 -0.02689713 0.6649757 0.7463805 0.3736778 0.5860297 0.7189813 0.3689754 0.5987019 0.7109242 -0.5370132 0.5878657 0.6050049 -0.532936 0.5965414 0.600098 -0.09967118 0.587877 0.8027865 -0.09934473 0.5931203 0.7989612 0.1756286 0.5964238 0.7832198 0.1772508 0.5878588 0.7893063 0.2417757 0.5987764 0.7635518 0.2457801 0.5828529 0.7745159 0.5435546 0.6699423 0.5056934 0.5949293 0.5860076 0.5501402 0.6343486 0.5945777 0.4940438 0.6414282 0.5826651 0.4990705 0.7083612 0.5964834 0.3774018 0.7141041 0.587853 0.3801107 0.7196595 0.6730127 0.1707165 0.7875187 0.5881426 0.184126 0.7925181 0.6094752 -0.0213375 0.8086773 0.5878264 -0.02238988 0.7479742 0.5964478 -0.2911784 0.7571799 0.5827366 -0.2951218 0.6488817 0.5963901 -0.472516 0.6566851 0.5827311 -0.4787371 0.506672 0.5965244 -0.6224486 0.512625 0.5828009 -0.6305227 0.3916941 0.5988174 -0.6985654 0.3960217 0.5859183 -0.7070124 0.3314908 0.594477 -0.7326056 0.3347682 0.5828076 -0.7404496 0.2007542 0.5964465 -0.7771418 0.2021077 0.5878214 -0.7833382 0.1329224 0.5986857 -0.789878 0.1344076 0.5828222 -0.8014069 -0.004336059 0.5963877 -0.8026849 -0.004626214 0.5878793 -0.8089356 -0.2091447 0.5963895 -0.7749697 -0.211045 0.5878872 -0.7809281 -0.4000879 0.5964649 -0.6958156 -0.4034456 0.5879043 -0.7011421 -0.5142582 0.5945346 -0.6181158 -0.5185037 0.5859776 -0.6227233 -0.5654857 0.5945256 -0.5716339 -0.5717989 0.5828309 -0.5773683 -0.6525443 0.5986769 -0.4645127 -0.660414 0.5858773 -0.4696819 -0.6927548 0.5945336 -0.408192 -0.7002933 0.5827309 -0.4123277 -0.7494292 0.598809 -0.2824603 -0.758489 0.5858674 -0.2854012 -0.7984444 0.5964748 -0.08188068 -0.8047815 0.5878419 -0.08227139 -0.79295 0.5963852 0.1247195 -0.8027036 0.5827661 0.1266916 -0.7580938 0.5989078 0.2580758 -0.7670373 0.5858514 0.2615948 -0.7360543 0.5945597 0.3236092 -0.7404894 0.5878193 0.3257972 -0.6697604 0.5944725 0.4449985 -0.6749106 0.5858088 0.4486914 -0.6290751 0.5944917 0.5008435 -0.6354947 0.5828051 0.5064433 -0.2984833 0.5987229 0.7432622 -0.3017042 0.5858569 0.7521611 -0.2344366 0.5944679 0.7691861 -0.2356888 0.5878676 0.7738621 0.3071413 0.596391 0.7416077 0.3098754 0.5878386 0.7472771 0.490328 0.587902 0.6433893 0.537784 0.5987398 0.5935479 0.5028248 0.6649628 0.5522606 0.681876 0.5827656 0.4420741 0.6733529 0.5964725 0.4368255 0.7366209 0.5987751 0.314417 0.7455041 0.5858579 0.3177959 0.7638337 0.5943731 0.2515527 0.7137067 0.6604838 0.2332038 0.7924453 0.5988301 0.1159023 0.8018425 0.5859909 0.1168906 0.8020728 0.5953326 0.04752266 0.8026762 0.5945183 0.04752987 0.7956874 0.5989396 -0.09029382 0.8051657 0.5859101 -0.09174722 0.7882064 0.5945153 -0.1590039 0.7943655 0.5858466 -0.1605219 0.7798047 0.5826602 -0.2289366 0.7716351 0.5944971 -0.2261696 0.7201554 0.5964838 -0.3543775 0.7257916 0.5877783 -0.357412 0.6954022 0.5827298 -0.4205256 0.6855633 0.5987421 -0.4141387 0.6058104 0.5964136 -0.5265784 0.610386 0.5879467 -0.5307992 0.5648873 0.5827745 -0.5841886 0.5570345 0.5989243 -0.5753281 0.4546037 0.5879274 -0.6690866 0.4512711 0.5964797 -0.6637519 0.26979 0.5828477 -0.7664869 0.2667928 0.5963693 -0.7570767 0.06507575 0.582723 -0.8100613 0.06467956 0.5965011 -0.800002 -0.07315045 0.5987033 -0.7976237 -0.07441478 0.5859581 -0.8069174 -0.1438611 0.5826882 -0.7998617 -0.1420276 0.5945404 -0.7914227 -0.2743807 0.598785 -0.752444 -0.2779873 0.5858067 -0.7612842 -0.343312 0.5827476 -0.7365746 -0.3394196 0.5944694 -0.7289723 -0.4631209 0.5859197 -0.664994 -0.4574027 0.5988734 -0.6573686 -0.6164921 0.5878478 -0.5238058 -0.6114284 0.5964995 -0.5199459 -0.7297658 0.5878942 -0.3490306 -0.7239791 0.5964529 -0.346552 -0.7740339 0.5945013 -0.2178068 -0.7801215 0.5859436 -0.2192731 -0.7983504 0.5827662 -0.1517248 -0.7898219 0.594589 -0.150484 -0.8008641 0.5987072 -0.01290953 -0.8102723 0.5859164 -0.01268231 -0.8106493 0.5827369 0.05714619 -0.8021618 0.5944541 0.0562216 -0.7853127 0.5878537 0.1941961 -0.7792655 0.5964189 0.1924314 -0.7109062 0.5858597 0.3890771 -0.7027873 0.5987346 0.3841968 -0.5825633 0.5964989 0.5520953 -0.5895287 0.5828737 0.5592085 -0.4273002 0.5828281 0.6911773 -0.3646722 0.5878652 0.7221002 -0.3620557 0.5964858 0.7163242 -0.1667768 0.5987259 0.7833983 -0.1688932 0.5819272 0.7955098 0.04061615 0.5830059 0.8114522 0.107642 0.5964958 0.7953654 0.109389 0.5827086 0.8052855 -0.9361765 -0.3375152 -0.09826958 -0.9425968 -0.3337318 -0.01159399 0.1302917 -0.2387943 0.9622896 0.2134493 -0.2283059 0.9499031 0.213017 -0.2330016 0.9488594 0.2954024 -0.2254394 0.9283936 0.6513422 -0.2352169 0.7214058 0.7153441 -0.2322424 0.6590496 -0.08725827 -0.2130391 -0.9731395 -0.1717492 -0.3423202 -0.9237527 -0.7076393 -0.2331888 0.6669855 -0.6447359 -0.2251825 0.7304852 0.04581123 -0.2388784 0.9699684 0.1309895 -0.2282239 0.9647569 0.29771 -0.1389518 0.94449 0.3801736 -0.1237075 0.9166049 0.3789346 -0.1387447 0.9149637 0.4575472 -0.1237174 0.8805365 0.4569821 -0.1306112 0.8798342 0.5328245 -0.1209014 0.8375446 0.9635894 -0.1385526 0.2286891 0.9810069 -0.1310265 0.1430298 0.981073 -0.1305288 0.1430317 0.991016 -0.1208667 0.05725902 0.9852653 -0.1307091 -0.1103066 0.9727239 -0.1208698 -0.1979871 0.9517317 -0.1306729 -0.2777256 0.9248805 -0.1210265 -0.3604839 0.9236621 -0.1324911 -0.3595755 0.8894036 -0.1303499 -0.4381439 0.8891916 -0.1325523 -0.4379137 0.8484502 -0.1303874 -0.5129634 0.8476153 -0.1388262 -0.5121285 0.8019273 -0.1237506 -0.5844643 0.8013259 -0.1305539 -0.5838087 0.7489584 -0.1209897 -0.6514775 0.748076 -0.1324203 -0.650267 0.6884968 -0.130254 -0.7134466 0.4871675 -0.1325495 -0.8631908 0.4083777 -0.1303223 -0.9034621 0.4081757 -0.138754 -0.9022971 0.3294624 -0.123724 -0.9360272 0.3292887 -0.1388187 -0.9339691 0.2464883 -0.1235304 -0.9612408 0.1660519 -0.1389745 -0.976275 0.07953411 -0.1236485 -0.9891337 0.07986861 -0.1387758 -0.9870979 -0.007134974 -0.123489 -0.9923203 -0.4921174 -0.1389956 -0.8593607 -0.5692172 -0.1231381 -0.8129138 -0.6961922 -0.1307095 -0.7058551 -0.7573248 -0.1208231 -0.6417641 -0.9536874 -0.132546 -0.2700221 -0.9740312 -0.1303523 -0.185126 -0.9740108 -0.1304723 -0.185149 -0.9878801 -0.1205745 -0.09774893 -0.9796187 -0.1306064 0.1526082 -0.9635926 -0.1210205 0.2384189 -0.9622744 -0.132434 0.2376746 -0.93742 -0.130139 0.3229669 -0.8271575 -0.1324692 0.5461341 -0.7745449 -0.1302269 0.6189679 -0.5930177 -0.132511 0.7942108 -0.5212852 -0.1303115 0.8433746 -0.520934 -0.1386665 0.8422585 -0.4460781 -0.123434 0.8864415 -0.04005974 -0.1325479 0.9903668 0.05010175 -0.1302855 0.9902098 0.5341826 -0.02793228 0.8449077 0.6060864 -0.02694463 0.7949424 0.6060548 -0.02617347 0.7949922 0.6743605 -0.01458501 0.7382583 0.7312828 -0.02804523 0.6814976 0.7889254 -0.02701646 0.6138948 0.7885197 -0.03704482 0.6138929 0.8389915 -0.01771563 0.5438562 0.838659 -0.02623653 0.5440246 0.8826548 -0.01502007 0.4697819 0.8822348 -0.02792054 0.4699813 0.9202575 -0.02696555 0.3903835 0.9492956 -0.02647644 0.3132679 0.9736945 -0.0149371 0.2273679 0.9974911 -0.03726345 0.06019121 0.9994681 -0.01779037 -0.02733534 0.9989552 -0.03709751 -0.02668935 0.9932562 -0.01732808 -0.1146392 0.980085 -0.02793908 -0.196603 0.9587275 -0.0270909 -0.283033 0.6958752 -0.03724026 -0.7171966 0.6296713 -0.01736539 -0.7766675 0.2511011 -0.02642428 -0.9676002 0.164101 -0.01490002 -0.986331 -0.004324674 -0.02628773 -0.9996451 -0.09452062 -0.01459616 -0.9954159 -0.1739273 -0.04630815 -0.9836692 -0.2626398 -0.0296151 -0.9644394 -0.420289 -0.03743052 -0.9066181 -0.5000369 -0.01740205 -0.8658293 -0.6380183 -0.02644997 -0.7695669 -0.7045968 -0.01482194 -0.7094532 -0.7608175 -0.02793151 -0.6483647 -0.81569 -0.0270006 -0.5778589 -0.8600363 -0.03743654 -0.5088579 -0.9020348 -0.01775491 -0.4312981 -0.9012607 -0.03700995 -0.4316939 -0.9357629 -0.0176413 -0.3521885 -0.9354811 -0.02616918 -0.3524067 -0.9630094 -0.01485997 -0.269058 -0.9994495 -0.02669262 -0.01970636 -0.9974117 -0.01502019 0.07031589 -0.9968912 -0.03700262 0.06956249 -0.9874032 -0.017403 0.1572648 -0.7824498 -0.03727656 0.621597 -0.7235367 -0.01709252 0.6900743 -0.6656142 -0.02792686 0.7457733 -0.5955392 -0.02692085 0.8028751 -0.45187 -0.02634543 0.8916948 -0.3722822 -0.01501148 0.9279983 -0.3725064 -0.02799868 0.9276072 -0.2896595 -0.02701514 0.9567484 0.8964543 0.2136663 0.388222 0.927603 0.225259 0.2980119 0.620094 0.2172725 -0.7538408 0.5454074 0.2373778 -0.8038548 0.5493185 0.2143063 -0.8076646 0.4703484 0.2253044 -0.8532353 -0.2494688 0.2172865 -0.9436907 -0.3336966 0.2373814 -0.912303 -0.3344616 0.2143028 -0.9177199 -0.4169673 0.2252194 -0.8805762 -0.5540528 0.2048822 -0.8068761 -0.6265012 0.2342084 -0.7433995 -0.792898 0.2136684 -0.5706651 -0.84258 0.2252503 -0.4892048 -0.9266822 0.2135086 0.3093126 -0.8916482 0.224595 0.393091 -0.8930335 0.2185737 0.3933404 -0.8519057 0.2373188 0.466837 -0.8571538 0.2142779 0.4683721 -0.8076281 0.2252528 0.5449755 -0.2904094 0.2050638 0.9346718 -0.2015967 0.2326342 0.9514411 -0.2029675 0.2185106 0.9544933 -0.1189177 0.2373619 0.9641152 -0.1207144 0.2142961 0.9692808 -0.02963829 0.2252842 0.9738423 0.1070815 0.6053582 0.7887175 0.1734504 0.6136322 0.7703055 0.1744889 0.6053521 0.7765969 0.2390387 0.6136847 0.7524968 0.2362254 0.6280034 0.7414913 0.2957857 0.6365789 0.7122346 0.2981786 0.6278726 0.7189337 0.3559119 0.6366245 0.6841316 0.3588747 0.6278364 0.690674 0.4133905 0.6365525 0.6510832 0.4080644 0.6495141 0.6415722 0.4564321 0.6587428 0.5981035 0.4610855 0.6492895 0.6048333 0.5061975 0.6586721 0.5567002 0.5341061 0.6050463 0.5904656 0.5794495 0.6136382 0.5363642 0.5590348 0.6496635 0.5151869 0.5940734 0.6586562 0.4617888 0.6002452 0.6493253 0.4669929 0.6315601 0.6587002 0.408957 0.6381209 0.6493812 0.4136493 0.6643137 0.6587559 0.3531684 0.6713621 0.6493316 0.3572694 0.6935043 0.6592115 0.2906752 0.721921 0.6486577 0.2409841 0.7325116 0.6587174 0.1718087 0.7575941 0.6277256 0.1789186 0.7631283 0.6366597 0.1109037 0.7702095 0.6278285 0.1122893 0.769878 0.6366104 0.04489183 0.7591029 0.6495022 0.04370003 0.752139 0.6586719 -0.02093583 0.760186 0.6493728 -0.02079337 0.7475584 0.6586682 -0.0855149 0.7735508 0.6276951 -0.08728218 0.7558864 0.6365239 -0.1532095 0.745137 0.6494556 -0.1515862 0.7218587 0.6586627 -0.2123287 0.7471028 0.6277834 -0.2184617 0.7184043 0.6366149 -0.280387 0.7252092 0.6278308 -0.2826663 0.6916669 0.6365663 -0.3411457 0.6982376 0.6278324 -0.3439342 0.6597732 0.6365957 -0.3993059 0.6660953 0.6278112 -0.4027037 0.6230037 0.6365909 -0.454553 0.629009 0.6278226 -0.4584611 0.5816549 0.6365547 -0.5064344 0.5872651 0.6278347 -0.5108262 0.535935 0.6365533 -0.5545933 0.5279907 0.6495155 -0.5471338 0.4708133 0.6591928 -0.5863445 0.3842815 0.6272189 -0.6774395 0.3173026 0.6366131 -0.7028818 0.3205925 0.6278055 -0.7092818 0.2557216 0.63657 -0.7275886 0.2584152 0.6278428 -0.7341901 0.19222 0.6366233 -0.7468348 0.1889742 0.6494519 -0.7365467 0.1242008 0.6587035 -0.7420808 0.1296876 0.6276541 -0.7676143 0.06144827 0.6365107 -0.7688162 0.06238609 0.6278357 -0.7758418 -0.004865765 0.6365661 -0.771207 -0.005353748 0.6494373 -0.7603964 -0.06941491 0.6587434 -0.7491587 -0.07140481 0.6050677 -0.7929657 -0.1401574 0.6135852 -0.7770903 -0.1366061 0.6496084 -0.7478956 -0.2006987 0.6591738 -0.7247137 -0.3179474 0.648728 -0.6914199 -0.37563 0.6587255 -0.6519072 -0.3876022 0.6277235 -0.6750761 -0.4445368 0.6370707 -0.6297047 -0.4839832 0.6487121 -0.5873098 -0.5296532 0.6587216 -0.534372 -0.5471189 0.6277341 -0.5537245 -0.5879548 0.6365804 -0.4990737 -0.5800869 0.6495037 -0.4915733 -0.6154599 0.6592251 -0.4320088 -0.6538568 0.6486325 -0.3895475 -0.6789475 0.6586785 -0.3243038 -0.6861272 0.6492958 -0.3280924 -0.7043416 0.6586743 -0.2646718 -0.7117723 0.6493143 -0.2679017 -0.7244441 0.6587206 -0.2031456 -0.7492059 0.6277201 -0.2113245 -0.7576876 0.6366155 -0.1436325 -0.7646644 0.6278226 -0.1453515 -0.7672678 0.6365703 -0.0779649 -0.8092079 0.5814089 -0.08453559 -0.8074895 0.5897542 -0.01228004 -0.7599983 0.649869 -0.008536219 -0.7505394 0.6586756 0.05326604 -0.7585918 0.6493675 0.0534842 -0.7431083 0.6587592 0.1175853 -0.7690791 0.6276993 0.1204615 -0.7485409 0.6365903 0.1855788 -0.7555343 0.6278821 0.1869009 -0.7279634 0.6370763 0.2533835 -0.6508946 0.6271753 0.4277704 -0.6028503 0.6365716 0.4809868 -0.5940867 0.6494613 0.4746167 -0.5456714 0.6586479 0.5180982 -0.5787763 0.6051434 0.546644 -0.5237398 0.6137038 0.5908167 -0.5030174 0.6497112 0.5699552 -0.4488359 0.6587529 0.6038137 -0.4653584 0.6277261 0.6240204 -0.4051597 0.6365987 0.6561918 -0.4092192 0.6279104 0.6620183 -0.3472272 0.6366246 0.68858 -0.3418844 0.6495527 0.6791145 -0.27976 0.658702 0.6984598 -0.283154 0.6493391 0.7058206 -0.2145279 0.6591602 0.7207536 -0.03317797 0.6272308 0.7781265 0.03803741 0.6365442 0.7703016 0.0379498 0.6052491 0.7951311 0.1065888 0.6136715 0.7823338 0.008333921 0.9860563 0.1662036 0.008024096 0.9866745 0.1625093 -0.006240785 0.9874397 0.1578735 -0.006410181 0.972581 0.2324762 -0.02800649 0.9738981 0.2252513 -0.02838456 0.9727476 0.2301229 -0.04725486 0.9739111 0.2219555 -0.04805654 0.972761 0.2267748 -0.06615829 0.9739023 0.2171112 -0.05201721 0.9854784 0.1616377 -0.06202095 0.9860505 0.1544599 -0.06352365 0.9853101 0.1585209 -0.07506883 0.986049 0.1485674 -0.07691961 0.9853025 0.1525201 -0.08755743 0.9860618 0.1414775 -0.08974862 0.9852982 0.1453707 -0.09939724 0.986055 0.1334763 -0.1019089 0.9852967 0.1371312 -0.110504 0.9860566 0.1244238 -0.1133268 0.9853015 0.1278209 -0.1207939 0.9860565 0.1144627 -0.1238859 0.9853007 0.117622 -0.1301875 0.9860563 0.103655 -0.1335381 0.9853052 0.106496 -0.1386033 0.9860594 0.09206587 -0.1923662 0.9725961 0.1305837 -0.1991592 0.9739 0.1088784 -0.2033013 0.9727578 0.111404 -0.2077266 0.9739121 0.0913518 -0.2121828 0.9727435 0.09353405 -0.2148714 0.9738958 0.07319438 -0.1616333 0.9854663 0.05225765 -0.1615584 0.9860564 0.03989559 -0.1657992 0.9853024 0.04110842 -0.1643679 0.9860602 0.02585661 -0.1687317 0.9853 0.02671515 -0.1660045 0.9860565 0.01162302 -0.1703979 0.985301 0.01210218 -0.1663782 0.9860585 -0.002679646 -0.1707867 0.9853046 -0.002598404 -0.1655325 0.9860584 -0.01697283 -0.1699543 0.9853005 -0.01727724 -0.1634819 0.9860541 -0.03116071 -0.1678282 0.985303 -0.03180664 -0.1602003 0.9860541 -0.04509174 -0.1644712 0.9853027 -0.04612958 -0.1557198 0.9860554 -0.05870294 -0.1598927 0.985305 -0.06007117 -0.1501007 0.9860557 -0.07186114 -0.1541408 0.9853051 -0.0735836 -0.143366 0.9860534 -0.08452785 -0.201501 0.9725922 -0.116025 -0.1849097 0.9739048 -0.131597 -0.136879 0.9854581 -0.1006804 -0.1267761 0.9860572 -0.1077919 -0.1302456 0.9852994 -0.1105495 -0.1170422 0.9860533 -0.1183221 -0.1202561 0.9853031 -0.1213114 -0.1064407 0.986063 -0.1278678 -0.1505028 0.9725845 -0.1772808 -0.1296392 0.9739053 -0.1862849 -0.09487521 0.9854565 -0.1409762 -0.08294945 0.9860536 -0.1442834 -0.08528387 0.9852976 -0.1480385 -0.07024174 0.9860643 -0.1508088 -0.1002621 0.9725877 -0.2098114 -0.07776296 0.9738988 -0.2132465 -0.07963764 0.9727635 -0.2176903 -0.05913054 0.9739149 -0.2190741 -0.0417419 0.9854539 -0.1647368 -0.02938789 0.9860595 -0.1637775 -0.0303213 0.985301 -0.168115 -0.01520013 0.9860504 -0.1657519 -0.01575797 0.9852932 -0.1701446 -8.9913e-4 0.9860602 -0.1663873 -0.001077711 0.9853069 -0.1707898 0.01340889 0.9860531 -0.1658905 0.01361006 0.9853132 -0.1702137 0.02761799 0.9860622 -0.1640692 0.02819621 0.9852904 -0.1685465 0.04162222 0.9860569 -0.1611195 0.04257774 0.9853103 -0.1653811 0.05532091 0.9860617 -0.1569144 0.0566405 0.9852973 -0.161187 0.06860613 0.986061 -0.1515815 0.07027947 0.9853035 -0.155685 0.08138686 0.9860605 -0.145124 0.1116436 0.9726117 -0.2038679 0.1275872 0.9739137 -0.1876533 0.1301977 0.972733 -0.1919348 0.1432856 0.9738934 -0.1760708 0.1092564 0.9854707 -0.1300406 0.1157618 0.9860515 -0.1195894 0.1187087 0.9853128 -0.1227486 0.1255984 0.9860616 -0.1091218 0.1288264 0.9852995 -0.112199 0.1345118 0.9860581 -0.09796017 0.1379827 0.9853016 -0.1007046 0.1424267 0.98606 -0.08602499 0.146141 0.9853 -0.08846926 0.1493139 0.9860562 -0.07347524 0.1531986 0.9853045 -0.07553422 0.1550718 0.9860581 -0.06035012 0.1592029 0.9852867 -0.06216514 0.1597633 0.9860435 -0.04683917 0.1638759 0.9853051 -0.04815262 0.1631147 0.9860581 -0.0329107 0.167414 0.985303 -0.03391987 0.1653377 0.9860584 -0.01877099 0.169711 0.985303 -0.01939827 0.1663617 0.9860547 -0.004478454 0.1707378 0.9853051 -0.004752099 0.1661242 0.9860559 0.009837925 0.1705417 0.9853003 0.009943664 0.164669 0.9860549 0.02408111 0.1690413 0.9853029 0.0245639 0.1621072 0.9860457 0.03788435 0.1583627 0.9866814 0.03716576 0.1501784 0.9874144 0.04959201 0.2215607 0.9726094 0.07029801 0.2087077 0.973911 0.08909827 0.1551942 0.985464 0.0691064 0.1468541 0.9860591 0.07823914 0.1508523 0.9853002 0.08016943 0.1396093 0.9860528 0.09060454 0.143384 0.9853028 0.09284061 0.131291 0.9860572 0.1022443 0.1348677 0.9853027 0.1048302 0.1222495 0.9860517 0.1129482 0.1193695 0.9866761 0.1105498 0.1060899 0.9874172 0.1172701 0.1149212 0.9853046 0.1263646 0.1008343 0.9860603 0.1323542 0.1036267 0.9852988 0.1358235 0.08907872 0.9860565 0.1405619 0.09157162 0.9853015 0.1442072 0.07666718 0.986053 0.147722 0.07883763 0.985296 0.1515798 0.06368666 0.9860649 0.1536888 0.06551617 0.9853088 0.1577159 0.05023288 0.9860538 0.1586654 0.05171173 0.985296 0.1628433 0.03640884 0.9860557 0.1623843 0.03752678 0.9853095 0.1666046 0.0223158 0.9860554 0.1649147 0.02306103 0.9852986 0.1692781 -0.1231439 -0.72061 -0.6823173 -0.1207643 -0.7408289 -0.6607485 -0.1724411 -0.753418 -0.6345279 -0.1786743 -0.7222706 -0.6681322 -0.235139 -0.7295597 -0.6422246 -0.2303612 -0.7398582 -0.6320947 -0.2841197 -0.7410099 -0.6084246 -0.2844215 -0.7402475 -0.6092112 -0.3317217 -0.7485536 -0.5741327 -0.3368189 -0.7378017 -0.5849801 -0.3820165 -0.7432041 -0.5492824 -0.3891294 -0.7303358 -0.561416 -0.433107 -0.7355155 -0.5209945 -0.4300243 -0.740408 -0.5165995 -0.4693195 -0.7451872 -0.4737461 -0.4660121 -0.7496556 -0.4699461 -0.5002359 -0.7542186 -0.425345 -0.5176348 -0.7348718 -0.4381984 -0.5506903 -0.7366201 -0.3925953 -0.5496997 -0.7378114 -0.3917458 -0.5817302 -0.7376623 -0.3427017 -0.5746231 -0.7454411 -0.3378254 -0.5951154 -0.7521629 -0.2829996 -0.6146709 -0.7317839 -0.2944011 -0.6312729 -0.7381291 -0.2380337 -0.6352821 -0.7340619 -0.2399373 -0.6513725 -0.7361897 -0.183681 -0.6299838 -0.756409 -0.1759713 -0.6408902 -0.7579159 -0.1217512 -0.6497177 -0.7499985 -0.123973 -0.6532714 -0.7542599 -0.0657913 -0.6528466 -0.7546339 -0.06571984 -0.6555885 -0.7550358 -0.01117116 -0.6714176 -0.7409768 -0.01232028 -0.6652004 -0.7451553 0.04745703 -0.6707183 -0.7401951 0.04741585 -0.6549357 -0.7484837 0.1040747 -0.6654871 -0.739008 0.1048538 -0.6468824 -0.7455584 0.1602681 -0.6457077 -0.7466582 0.1598846 -0.6275033 -0.7488259 0.2133063 -0.6361792 -0.7407866 0.2156646 -0.6139177 -0.7416223 0.2703729 -0.6264328 -0.7294185 0.2748285 -0.5947693 -0.7347559 0.3261646 -0.6006398 -0.7282565 0.3299612 -0.5698447 -0.7296245 0.3780545 -0.5486938 -0.7514752 0.3663608 -0.5157691 -0.7519357 0.4105788 -0.5219674 -0.7452691 0.4148784 -0.4776036 -0.7520952 0.4541451 -0.4812882 -0.7479554 0.4570825 -0.4382877 -0.7515674 0.4930015 -0.4401214 -0.7492944 0.4948242 -0.3944178 -0.7505429 0.5302075 -0.3898782 -0.7566925 0.5247966 -0.3423319 -0.7588256 0.5540691 -0.3457984 -0.753686 0.5589105 -0.2918384 -0.7593795 0.5815266 -0.310136 -0.7278276 0.6116231 -0.2544496 -0.7321689 0.6318102 -0.2461939 -0.7493186 0.614744 -0.1918339 -0.7504623 0.6324604 -0.1993519 -0.7318889 0.6516115 -0.1389943 -0.7412543 0.6566755 -0.1443774 -0.7240197 0.6745004 -0.08414 -0.7287597 0.6795806 -0.08291035 -0.7341481 0.6739084 -0.02578198 -0.7334874 0.679214 -0.02300691 -0.756702 0.6533551 0.03193175 -0.758859 0.6504718 0.0319541 -0.7606563 0.648368 0.08827155 -0.7652358 0.6376695 0.08988291 -0.7424202 0.6638776 0.1449404 -0.7469562 0.6488828 0.1439316 -0.7528702 0.6422384 0.1979449 -0.7548763 0.6252837 0.1985031 -0.7527725 0.6276385 0.2507775 -0.7592558 0.6005343 0.25831 -0.7377468 0.6237031 0.3075501 -0.7431295 0.5942823 0.3042504 -0.750382 0.5868209 0.3518593 -0.7541083 0.554541 0.3545061 -0.7492868 0.55937 0.4007775 -0.7504857 0.5254986 0.4071051 -0.7402084 0.5351234 0.449238 -0.7452837 0.4926838 0.4501046 -0.7442193 0.4935013 0.4872779 -0.746553 0.4530109 0.4853761 -0.7490078 0.4509959 0.5213427 -0.7508618 0.4054729 0.5260063 -0.7453107 0.4096699 0.5535909 -0.7521116 0.3575828 0.571799 -0.7313952 0.3716274 0.5955997 -0.7382831 0.3165426 0.5848907 -0.7487293 0.3119415 0.6080831 -0.7503609 0.2592174 0.617654 -0.7407957 0.2640553 0.6374894 -0.7415875 0.2089384 0.6387955 -0.7403138 0.2094656 0.6492812 -0.7452927 0.1515681 0.6367964 -0.7564013 0.1494907 0.6431884 -0.7599423 0.09379047 0.6539655 -0.7503969 0.09609258 0.6556534 -0.7540848 0.03840541 0.6658692 -0.7450118 0.03969424 0.6583276 -0.7524746 -0.01967304 0.6843709 -0.7289049 -0.01828134 0.6656423 -0.7424724 -0.07520139 0.6572167 -0.749981 -0.07479751 0.643602 -0.7542027 -0.1302115 0.6494628 -0.7490205 -0.1310206 0.6336613 -0.7508868 -0.1861246 0.6344204 -0.7501935 -0.1863346 0.6118634 -0.7540794 -0.2387207 0.6221607 -0.7440639 -0.2434851 0.5947356 -0.7486646 -0.2929012 0.5966986 -0.7466391 -0.2940763 0.5675127 -0.7487853 -0.3424179 0.5626273 -0.7536175 -0.3398693 0.5253215 -0.7593116 -0.3840355 0.5426008 -0.7414318 -0.3947952 0.503234 -0.7455105 -0.4370007 0.4933906 -0.7563874 -0.4294691 0.4535169 -0.7579166 -0.4689188 0.4641749 -0.7452636 -0.4786689 0.4157024 -0.7520541 -0.5114746 0.4332658 -0.7288163 -0.530196 0.3815681 -0.7337354 -0.5621727 0.378781 -0.7378547 -0.558655 0.3301099 -0.7376955 -0.5889252 0.3183327 -0.7567 -0.5710249 0.2681624 -0.7588557 -0.5934873 0.2709459 -0.7536453 -0.5988383 0.214547 -0.7593979 -0.6142348 0.2244625 -0.737752 -0.6366621 0.168112 -0.7431247 -0.6476913 0.1690869 -0.7402629 -0.6507078 0.1102808 -0.7451927 -0.6576672 0.1080319 -0.7537335 -0.6482401 0.05209219 -0.7592571 -0.6487026 0.05301147 -0.7536177 -0.6551719 -0.005003094 -0.7593238 -0.6506939 -0.002773463 -0.731356 -0.6819903 -0.0633285 -0.7383759 -0.6714094 -0.05747699 -0.7698113 -0.6356784 0.2187192 -0.005313217 0.9757734 0.7313405 -0.005576074 0.6819899 0.8812415 -0.006149768 0.4726264 0.998787 -0.03870195 -0.03044205 0.9939263 9.62515e-4 -0.1100439 0.897255 -0.005634725 -0.4414767 0.2528045 -0.005644738 -0.9675009 -0.0895729 -0.006080508 -0.9959617 -0.3400062 -0.006295263 -0.9404022 -0.6374667 -0.01598399 -0.7703123 -0.8146189 -0.005355 -0.579972 -0.9358953 -0.005212068 -0.3522399 -0.9619894 -0.01605325 -0.2726147 -0.9997136 -0.01584881 -0.01793807 -0.8329458 -0.005346238 0.5533288 -0.3743601 -0.005510032 0.9272671 0.5852692 -0.2617053 0.767444 0.5865178 -0.2523613 0.7696174 -0.494204 -0.3416734 0.7993883 0.04585635 -0.3416405 0.9387114 0.5165953 -0.2651389 0.8141441 0.5185647 -0.2475802 0.8184099 -0.5566661 -0.3557364 0.750716 -0.5800135 -0.2478032 0.7760013 -0.0298224 -0.3551961 0.9343161 -0.04026424 -0.01598554 0.9990612 0.4492522 -0.2599613 0.8547471 0.4590811 -0.005546271 0.8883771 -0.6385091 -0.2600913 0.7243332 -0.663043 -0.08134329 0.7441487 -0.1242009 -0.08134508 0.9889172 -0.1226893 -0.0144779 0.9923396 0.2202076 -0.09497928 0.9708181 0.299043 -0.08937007 0.9500454 0.2942739 -0.2658023 0.9180153 0.6915769 -0.3463774 0.6338328 0.7438895 -0.3326355 0.5796397 0.7380518 -0.3544099 0.5741718 0.8316712 -0.3430427 0.4366289 0.9435641 -0.2456129 0.2221736 0.9405007 -0.2581222 0.2209786 0.9611015 -0.2752392 -0.02296352 0.9304311 -0.02508646 -0.3656072 0.8802264 -0.3331855 -0.3379188 0.8030276 -0.09346598 -0.5885668 0.7615369 -0.3422281 -0.5504012 0.6085439 -0.2579293 -0.7504311 0.5939338 -0.3418235 -0.7282852 0.489522 -0.08952033 -0.8673837 0.4533577 -0.3553767 -0.8174192 0.3871271 -0.3416973 -0.8563736 0.3863942 -0.3457295 -0.8550851 0.2293007 -0.3463285 -0.909658 0.1567952 -0.3325819 -0.9299488 0.1546847 -0.3544758 -0.922182 -0.008619487 -0.02510309 -0.9996478 -6.89613e-4 -0.3333245 -0.9428119 -0.2611199 -0.02566939 -0.9649651 -0.2585613 -0.08694893 -0.9620738 -0.4989709 -0.01410055 -0.866504 -0.4956729 -0.08309686 -0.8645249 -0.6020154 -0.3551298 -0.7151646 -0.6800918 -0.2614591 -0.6849192 -0.660355 -0.3419043 -0.6686051 -0.8124489 -0.09495127 -0.5752488 -0.8566395 -0.0894047 -0.5081099 -0.8079304 -0.353917 -0.4711595 -0.9358702 -0.01447355 -0.3520477 -0.9949988 -0.01448851 -0.09883117 -0.9384059 -0.3304675 -0.1009244 -0.987418 -0.02565014 0.1560384 -0.9845922 -0.08300107 0.1539129 -0.9440339 -0.08141845 0.3196424 -0.9116844 -0.2647615 0.3142181 -0.8857011 -0.2523667 0.3896725 -0.883299 -0.2616447 0.3890053 -0.8278124 -0.09498727 0.5529052 -0.7808441 -0.08948618 0.6182838 -0.7290358 -0.3538595 0.5859099 -0.3553349 -0.2599502 0.8978658 -0.2881867 -0.1023351 0.9520904 -0.2847013 -0.2479572 0.9259927 0.3847393 -0.01396036 0.9229197 0.3668927 -0.2513713 0.8956575 0.6485456 -0.2465024 0.7201563 0.6736479 -0.01393216 0.7389212 0.7858397 -0.3424212 0.5149794 0.8402687 -0.02501165 0.541593 0.8873563 -0.2651043 0.3772513 0.8679938 -0.3297267 0.3713048 0.9171251 -0.2616861 0.3006696 0.9193912 -0.252335 0.3017398 0.959738 -0.2433479 0.1403027 0.9553825 -0.2605785 0.1390805 0.9659987 -0.2522656 0.05664622 0.9672018 -0.2475583 0.05688226 0.9327126 -0.3428916 -0.1116811 0.9255421 -0.329575 -0.1864198 0.9159089 -0.355979 -0.1854451 0.9003257 -0.3456379 -0.2644773 0.9017722 -0.3416746 -0.2646992 0.8922271 -0.09354317 -0.4417926 0.7983574 -0.3538233 -0.4872726 0.8545185 -0.08162051 -0.5129683 0.7533964 -0.08139312 -0.6525099 0.7263862 -0.2600576 -0.6361864 0.6491737 -0.3541941 -0.673142 0.6750558 -0.2478173 -0.6949002 0.547356 -0.2438767 -0.8005784 0.5580844 -0.09507 -0.8243201 0.3176623 -0.3333141 -0.8876895 0.3293752 -0.01386946 -0.9440973 0.07510763 -0.3457141 -0.9353292 0.07538694 -0.3417037 -0.9367793 -0.0931735 -0.2806214 -0.9552855 -0.1668506 -0.2839114 -0.944222 -0.1772463 -0.1264496 -0.9760094 -0.3271772 -0.3429265 -0.8805434 -0.3954949 -0.3301222 -0.8570901 -0.4226454 -0.1020678 -0.9005293 -0.5716136 -0.01445335 -0.8203957 -0.5714976 -0.005282163 -0.8205868 -0.7358281 -0.2465098 -0.630706 -0.763192 -0.01396065 -0.6460211 -0.8455476 -0.3424556 -0.4096017 -0.903207 -0.01382356 -0.4289829 -0.9296087 -0.2645046 -0.256642 -0.922864 -0.343593 -0.1739712 -0.9502088 -0.2527008 -0.1823341 -0.9655482 -0.2600018 -0.01075619 -0.9665889 -0.2478635 0.06534242 -0.9921838 -0.1022868 0.0714758 -0.9659785 -0.09359729 0.2410916 -0.9708266 -0.005579769 0.2397178 -0.8521866 -0.2464718 0.4615513 -0.8762562 -0.01392543 0.4816443 -0.7205847 -0.09343582 0.6870425 -0.6843146 -0.342254 0.6438756 -0.4932627 -0.3456519 0.7982586 -0.4293318 -0.3332628 0.8394107 -0.448187 -0.01382941 0.8938329 -0.2072679 -0.08272188 0.9747806 -0.2067538 -0.09384036 0.9738824 0.04593187 -0.3456512 0.9372383 0.1372443 -0.01382648 0.9904407 0.1219824 -0.3332426 0.934917 0.05552434 -0.9984517 -0.003401756 0 -0.9999999 6.24853e-4 0 -1 0 0 -0.9999989 0.001552164 -0.1240853 -0.9794802 -0.1588126 -0.339539 -0.877765 -0.337997 -0.2076796 -0.9558916 -0.2077026 -0.04021692 -0.998694 -0.03150945 -0.001857697 -0.9999972 -0.001446247 -0.01675909 -0.9998119 -0.009766519 -0.3232475 -0.9254397 -0.1976676 -0.2199124 -0.9705534 -0.09830892 0 -1 -1.82249e-4 0 -1 -1.60875e-4 0.08618247 -0.9962664 -0.005104541 0.964803 -0.1946601 -0.176813 0.2196697 -0.8448195 -0.4878783 0.03780746 -0.9918661 -0.1215413 0.02783972 -0.995633 -0.08910697 0.1654041 -0.3976609 -0.9025006 0.05467122 -0.946746 -0.3173063 0.02098184 -0.9610818 -0.2754664 0.06033009 -0.045304 -0.99715 -0.005061745 -0.9966563 -0.08155113 -0.005310952 -0.9959903 -0.08930313 -0.05102396 -0.9621309 -0.2677697 -0.002216458 -0.999926 -0.01196807 -8.48401e-4 -0.999996 -0.002710402 -0.02887332 -0.9952739 -0.09271579 -0.3577607 -0.4899554 -0.7949534 -0.002685368 -0.9999866 0.00442928 -0.00352019 -0.9999773 -0.005758285 -0.09393739 -0.9951425 -0.02945089 -0.1780806 -0.9833645 -0.03579992 -0.6705631 -0.7316091 -0.1228549 -0.1119629 -0.9936894 -0.006757795 0 -0.9999997 -8.80281e-4 -0.04591035 -0.9989418 -0.002784311 -0.391011 -0.9200815 0.02367597 -1.14693e-4 -0.9999985 0.00181353 -0.006011366 -0.9999814 0.001103579 -0.001652479 -0.9999987 2.89799e-4 -0.0757476 -0.9968624 0.02297502 -0.01936054 -0.9943323 0.1045386 -8.87601e-5 -0.9999988 0.001537322 0.2876139 -0.9560649 -0.05672931 0.2883678 -0.9536657 -0.08582347 0.9242755 -0.2506522 -0.2879035 0.08047866 -0.9960943 -0.03632289 0.002843558 -0.9999951 -0.001279413 0.008793532 -0.9999483 -0.005124509 -0.09937942 -0.9945678 0.0309633 -0.1730592 -0.9819011 0.07694649 -0.3334692 -0.9307423 0.1500577 -0.04030412 -0.9988902 0.02437239 -0.002181529 -0.9999969 0.001312255 -0.01253515 -0.9998741 0.009734869 -0.3481156 -0.8978986 0.2694321 -0.1542177 -0.9758801 0.1545156 -0.05858087 -0.9965977 0.0579766 -0.02413988 -0.999412 0.02435058 -0.6158847 -0.04864376 0.7863332 -0.1476127 -0.9702691 0.1918035 -0.1941954 -0.9285509 0.3163566 -0.409354 -0.6117358 0.6769111 -0.04243314 -0.9946445 0.09424304 0 -0.9998991 -0.01420813 -0.02047383 -0.9987521 0.04555356 -0.09304708 -0.9498505 0.2985404 0.002963721 -0.9999892 -0.003599464 -0.001214444 -0.9999812 0.00602138 -0.01550602 -0.9691793 0.2458682 0.01819634 -0.9367692 0.3494745 0.05098432 -0.5356007 0.8429309 0.01792877 -0.9950629 0.09761399 0 -0.9999474 0.01025253 4.96438e-4 -0.9999965 0.002607882 0.003928661 -0.9999164 0.01232182 0.589629 -0.7280392 -0.3497094 0.1369107 -0.9847654 -0.1072036 0.5059977 -0.7678213 -0.392959 0.03209459 -0.9991629 -0.02536749 0.4607784 -0.7585862 -0.4606845 0.2174257 -0.9511731 -0.2190799 0.1776789 -0.9581269 -0.2245513 0.4796035 -0.6291887 -0.6116389 0.02027171 -0.9992389 -0.03333067 0.1599692 -0.9526261 -0.2586765 0.09564328 -0.9827359 -0.1583753 0.2194079 -0.8450749 -0.4875537 0.07416921 -0.9669415 0.2439736 0.03792136 -0.9957525 0.08389884 0 -0.9999997 -7.77001e-4 0.01429671 -0.9993897 0.03187566 0.4725932 -0.4076156 0.7813483 0.06670254 -0.9920466 0.1067449 0.09552717 -0.9876358 0.1242987 0.3263136 -0.8486124 0.4163852 0.02960461 -0.9991239 0.0295825 0 -0.9999758 0.006968438 0.08791691 -0.9922344 0.08798539 0.4400792 -0.8292005 0.3446114 0.4007058 -0.8608746 0.3135759 0.1615051 -0.9820609 0.09732782 0.07102423 -0.9965436 0.04308646 0.9080641 -0.09102487 0.4088205 0.1240952 -0.9909549 0.05107808 0.1412909 -0.9889138 0.04567807 0.575888 -0.7976193 0.1793228 0.06450569 -0.9978017 0.01519513 0.7570936 0.6383941 0.1387888 0.07247006 -0.9973142 0.01060527 0.2314435 -0.9727474 0.01401406 0.1609442 -0.9869204 0.009230971 0.9981378 0.008704721 0.06037634 0.9835825 0.008715271 0.1802486 0.9835828 0.008681118 0.180249 0.954685 0.008693456 0.2974913 0.954685 0.008713662 0.2974905 0.911867 0.008715271 0.4103935 0.9118643 0.008702397 0.4103996 0.8557488 0.008704364 0.5173186 0.8557475 0.008725881 0.5173203 0.7871538 0.008720755 0.6166952 0.7871537 0.008720755 0.6166953 0.7070792 0.008726119 0.7070806 0.7070806 0.008711397 0.7070794 0.6166996 0.008715331 0.7871505 0.6166992 0.008716702 0.7871507 0.5173165 0.008717954 0.8557498 0.5173156 0.00870496 0.8557505 0.4103976 0.008704423 0.9118652 0.4103938 0.008710443 0.9118669 0.2974956 0.008711278 0.9546834 0.2974891 0.008697569 0.9546856 0.1802493 0.008696854 0.9835826 0.1802492 0.00869745 0.9835826 0.06037497 0.00869745 0.998138 0.06037658 0.008724153 0.9981375 -0.0603736 0.008724212 0.9981378 -0.06037765 0.00869733 0.9981378 -0.1802467 0.008697211 0.983583 -0.1802514 0.008696854 0.9835822 -0.2974957 0.008697628 0.9546836 -0.2974879 0.00871104 0.9546859 -0.4103906 0.008709669 0.9118683 -0.4103959 0.008707046 0.911866 -0.5173155 0.008707046 0.8557505 -0.5173179 0.008717238 0.8557489 -0.616711 0.00871551 0.7871415 -0.6166893 0.008711576 0.7871586 -0.7070792 0.008720695 0.7070806 -0.7070817 0.008713185 0.7070781 -0.787154 0.008720695 0.6166949 -0.7871534 0.008718848 0.6166955 -0.8557488 0.008715271 0.5173182 -0.8557488 0.008715152 0.5173183 -0.911867 0.008715271 0.4103932 -0.9118661 0.008703887 0.4103958 -0.9546849 0.008715271 0.2974911 -0.9546851 0.00869286 0.2974911 -0.9835825 0.008715271 0.1802486 -0.9835828 0.008680164 0.1802484 -0.9981381 0.008682608 0.06037384 -0.9981375 0.008736014 0.06037622 -0.9981379 0.008715271 -0.06037384 -0.9981378 0.008704721 -0.06037634 -0.9835825 0.008715271 -0.1802486 -0.9835828 0.008681118 -0.180249 -0.954685 0.008693456 -0.2974913 -0.954685 0.008713662 -0.2974905 -0.911867 0.008715271 -0.4103935 -0.9118643 0.008702397 -0.4103996 -0.8557488 0.008704364 -0.5173186 -0.8557475 0.008725881 -0.5173203 -0.7871538 0.008720755 -0.6166952 -0.7871537 0.008720755 -0.6166953 -0.7070792 0.008720695 -0.7070806 -0.7070813 0.008705079 -0.7070787 -0.6166988 0.008704483 -0.7871512 -0.6166992 0.008716702 -0.7871507 -0.5173165 0.008717954 -0.8557498 -0.5173156 0.00870496 -0.8557505 -0.4103976 0.008704423 -0.9118652 -0.4103938 0.008710443 -0.9118669 -0.2974956 0.008711278 -0.9546834 -0.2974891 0.008697569 -0.9546856 -0.1802493 0.008696854 -0.9835826 -0.1802492 0.00869745 -0.9835826 -0.06037497 0.00869745 -0.998138 -0.06037658 0.008724153 -0.9981375 0.0603736 0.008724212 -0.9981378 0.06037765 0.00869733 -0.9981378 0.1802467 0.008697211 -0.983583 0.1802514 0.008696854 -0.9835822 0.2974957 0.008697628 -0.9546836 0.2974879 0.00871104 -0.9546859 0.4103906 0.008709669 -0.9118683 0.4103959 0.008707046 -0.911866 0.5173155 0.008707046 -0.8557505 0.5173179 0.008717238 -0.8557489 0.616711 0.00871551 -0.7871415 0.6166893 0.008711576 -0.7871586 0.7070792 0.008720695 -0.7070806 0.7070817 0.008713185 -0.7070781 0.787154 0.008720695 -0.6166949 0.7871534 0.008718848 -0.6166955 0.8557488 0.008715271 -0.5173182 0.8557488 0.008715152 -0.5173183 0.911867 0.008715271 -0.4103932 0.9118661 0.008703887 -0.4103958 0.9546849 0.008715271 -0.2974911 0.9546851 0.00869286 -0.2974911 0.9835825 0.008715271 -0.1802486 0.9835828 0.008680164 -0.1802484 0.9981381 0.008682608 -0.06037384 0.9981375 0.008736014 -0.06037622 0.9981379 0.008715271 0.06037384 0 1 2.97798e-6 0 1 0 0 1 1.89397e-6 0 1 -2.30238e-6 0 1 -2.42665e-6 0 1 1.69301e-6 0 1 2.36041e-7 0 1 -1.21333e-6 0 1 -4.5168e-7 0 1 3.01119e-7 0 1 1.29699e-6 0 1 -1.5736e-7 0 1 9.23461e-7 0 1 -6.73413e-7 0 1 1.98329e-7 0 1 -1.60253e-7 0 1 6.43462e-7 0 1 7.38713e-7 0 1 -4.68821e-7 0 1 -6.96767e-6 0 1 1.58313e-6 0 1 1.06842e-6 0 1 1.03249e-5 0 1 2.11084e-6 0 1 -3.48387e-6 0 1 -5.51568e-6 0 1 4.1306e-6 0 1 2.14487e-6 0 1 -3.06829e-6 0 1 -4.08096e-6 0 1 2.69748e-6 0 1 -6.41013e-7 0 1 -3.17327e-6 0 1 1.44034e-6 0 1 -3.47969e-7</float_array>
          <technique_common>
            <accessor source="#eSeries_UR5e_066-mesh-normals-array" count="2214" stride="3">
              <param name="X" type="float"/>
              <param name="Y" type="float"/>
              <param name="Z" type="float"/>
            </accessor>
          </technique_common>
        </source>
        <vertices id="eSeries_UR5e_066-mesh-vertices">
          <input semantic="POSITION" source="#eSeries_UR5e_066-mesh-positions"/>
        </vertices>
        <polylist material="Black-material" count="2240">
          <input semantic="VERTEX" source="#eSeries_UR5e_066-mesh-vertices" offset="0"/>
          <input semantic="NORMAL" source="#eSeries_UR5e_066-mesh-normals" offset="1"/>
          <vcount>3 3 3 3 3 3 3 3 3 3 3 3 3 3 3 3 3 3 3 3 3 3 3 3 3 3 3 3 3 3 3 3 3 3 3 3 3 3 3 3 3 3 3 3 3 3 3 3 3 3 3 3 3 3 3 3 3 3 3 3 3 3 3 3 3 3 3 3 3 3 3 3 3 3 3 3 3 3 3 3 3 3 3 3 3 3 3 3 3 3 3 3 3 3 3 3 3 3 3 3 3 3 3 3 3 3 3 3 3 3 3 3 3 3 3 3 3 3 3 3 3 3 3 3 3 3 3 3 3 3 3 3 3 3 3 3 3 3 3 3 3 3 3 3 3 3 3 3 3 3 3 3 3 3 3 3 3 3 3 3 3 3 3 3 3 3 3 3 3 3 3 3 3 3 3 3 3 3 3 3 3 3 3 3 3 3 3 3 3 3 3 3 3 3 3 3 3 3 3 3 3 3 3 3 3 3 3 3 3 3 3 3 3 3 3 3 3 3 3 3 3 3 3 3 3 3 3 3 3 3 3 3 3 3 3 3 3 3 3 3 3 3 3 3 3 3 3 3 3 3 3 3 3 3 3 3 3 3 3 3 3 3 3 3 3 3 3 3 3 3 3 3 3 3 3 3 3 3 3 3 3 3 3 3 3 3 3 3 3 3 3 3 3 3 3 3 3 3 3 3 3 3 3 3 3 3 3 3 3 3 3 3 3 3 3 3 3 3 3 3 3 3 3 3 3 3 3 3 3 3 3 3 3 3 3 3 3 3 3 3 3 3 3 3 3 3 3 3 3 3 3 3 3 3 3 3 3 3 3 3 3 3 3 3 3 3 3 3 3 3 3 3 3 3 3 3 3 3 3 3 3 3 3 3 3 3 3 3 3 3 3 3 3 3 3 3 3 3 3 3 3 3 3 3 3 3 3 3 3 3 3 3 3 3 3 3 3 3 3 3 3 3 3 3 3 3 3 3 3 3 3 3 3 3 3 3 3 3 3 3 3 3 3 3 3 3 3 3 3 3 3 3 3 3 3 3 3 3 3 3 3 3 3 3 3 3 3 3 3 3 3 3 3 3 3 3 3 3 3 3 3 3 3 3 3 3 3 3 3 3 3 3 3 3 3 3 3 3 3 3 3 3 3 3 3 3 3 3 3 3 3 3 3 3 3 3 3 3 3 3 3 3 3 3 3 3 3 3 3 3 3 3 3 3 3 3 3 3 3 3 3 3 3 3 3 3 3 3 3 3 3 3 3 3 3 3 3 3 3 3 3 3 3 3 3 3 3 3 3 3 3 3 3 3 3 3 3 3 3 3 3 3 3 3 3 3 3 3 3 3 3 3 3 3 3 3 3 3 3 3 3 3 3 3 3 3 3 3 3 3 3 3 3 3 3 3 3 3 3 3 3 3 3 3 3 3 3 3 3 3 3 3 3 3 3 3 3 3 3 3 3 3 3 3 3 3 3 3 3 3 3 3 3 3 3 3 3 3 3 3 3 3 3 3 3 3 3 3 3 3 3 3 3 3 3 3 3 3 3 3 3 3 3 3 3 3 3 3 3 3 3 3 3 3 3 3 3 3 3 3 3 3 3 3 3 3 3 3 3 3 3 3 3 3 3 3 3 3 3 3 3 3 3 3 3 3 3 3 3 3 3 3 3 3 3 3 3 3 3 3 3 3 3 3 3 3 3 3 3 3 3 3 3 3 3 3 3 3 3 3 3 3 3 3 3 3 3 3 3 3 3 3 3 3 3 3 3 3 3 3 3 3 3 3 3 3 3 3 3 3 3 3 3 3 3 3 3 3 3 3 3 3 3 3 3 3 3 3 3 3 3 3 3 3 3 3 3 3 3 3 3 3 3 3 3 3 3 3 3 3 3 3 3 3 3 3 3 3 3 3 3 3 3 3 3 3 3 3 3 3 3 3 3 3 3 3 3 3 3 3 3 3 3 3 3 3 3 3 3 3 3 3 3 3 3 3 3 3 3 3 3 3 3 3 3 3 3 3 3 3 3 3 3 3 3 3 3 3 3 3 3 3 3 3 3 3 3 3 3 3 3 3 3 3 3 3 3 3 3 3 3 3 3 3 3 3 3 3 3 3 3 3 3 3 3 3 3 3 3 3 3 3 3 3 3 3 3 3 3 3 3 3 3 3 3 3 3 3 3 3 3 3 3 3 3 3 3 3 3 3 3 3 3 3 3 3 3 3 3 3 3 3 3 3 3 3 3 3 3 3 3 3 3 3 3 3 3 3 3 3 3 3 3 3 3 3 3 3 3 3 3 3 3 3 3 3 3 3 3 3 3 3 3 3 3 3 3 3 3 3 3 3 3 3 3 3 3 3 3 3 3 3 3 3 3 3 3 3 3 3 3 3 3 3 3 3 3 3 3 3 3 3 3 3 3 3 3 3 3 3 3 3 3 3 3 3 3 3 3 3 3 3 3 3 3 3 3 3 3 3 3 3 3 3 3 3 3 3 3 3 3 3 3 3 3 3 3 3 3 3 3 3 3 3 3 3 3 3 3 3 3 3 3 3 3 3 3 3 3 3 3 3 3 3 3 3 3 3 3 3 3 3 3 3 3 3 3 3 3 3 3 3 3 3 3 3 3 3 3 3 3 3 3 3 3 3 3 3 3 3 3 3 3 3 3 3 3 3 3 3 3 3 3 3 3 3 3 3 3 3 3 3 3 3 3 3 3 3 3 3 3 3 3 3 3 3 3 3 3 3 3 3 3 3 3 3 3 3 3 3 3 3 3 3 3 3 3 3 3 3 3 3 3 3 3 3 3 3 3 3 3 3 3 3 3 3 3 3 3 3 3 3 3 3 3 3 3 3 3 3 3 3 3 3 3 3 3 3 3 3 3 3 3 3 3 3 3 3 3 3 3 3 3 3 3 3 3 3 3 3 3 3 3 3 3 3 3 3 3 3 3 3 3 3 3 3 3 3 3 3 3 3 3 3 3 3 3 3 3 3 3 3 3 3 3 3 3 3 3 3 3 3 3 3 3 3 3 3 3 3 3 3 3 3 3 3 3 3 3 3 3 3 3 3 3 3 3 3 3 3 3 3 3 3 3 3 3 3 3 3 3 3 3 3 3 3 3 3 3 3 3 3 3 3 3 3 3 3 3 3 3 3 3 3 3 3 3 3 3 3 3 3 3 3 3 3 3 3 3 3 3 3 3 3 3 3 3 3 3 3 3 3 3 3 3 3 3 3 3 3 3 3 3 3 3 3 3 3 3 3 3 3 3 3 3 3 3 3 3 3 3 3 3 3 3 3 3 3 3 3 3 3 3 3 3 3 3 3 3 3 3 3 3 3 3 3 3 3 3 3 3 3 3 3 3 3 3 3 3 3 3 3 3 3 3 3 3 3 3 3 3 3 3 3 3 3 3 3 3 3 3 3 3 3 3 3 3 3 3 3 3 3 3 3 3 3 3 3 3 3 3 3 3 3 3 3 3 3 3 3 3 3 3 3 3 3 3 3 3 3 3 3 3 3 3 3 3 3 3 3 3 3 3 3 3 3 3 3 3 3 3 3 3 3 3 3 3 3 3 3 3 3 3 3 3 3 3 3 3 3 3 3 3 3 3 3 3 3 3 3 3 3 3 3 3 3 3 3 3 3 3 3 3 3 3 3 3 3 3 3 3 3 3 3 3 3 3 3 3 3 3 3 3 3 3 3 3 3 3 3 3 3 3 3 3 3 3 3 3 3 3 3 3 3 3 3 3 3 3 3 3 3 3 3 3 3 3 3 3 3 3 3 3 3 3 3 3 3 3 3 3 3 3 3 3 3 3 3 3 3 3 3 3 3 3 3 3 3 3 3 3 3 3 3 3 3 3 3 3 3 3 3 3 3 3 3 3 3 3 3 3 3 3 3 3 3 3 3 3 3 3 3 3 3 3 3 3 3 3 3 3 3 3 3 3 3 3 3 3 3 3 3 3 3 3 3 3 3 3 3 3 3 3 3 3 3 3 3 3 3 3 3 3 3 3 3 3 3 3 3 3 3 3 3 3 3 3 3 3 3 3 3 3 3 3 3 3 3 3 3 3 3 3 3 3 3 3 3 3 3 3 3 3 3 3 3 3 3 3 3 3 3 3 3 3 3 3 3 3 3 3 3 3 3 3 3 3 3 3 3 3 3 3 3 3 3 3 3 3 3 3 3 3 3 3 3 3 3 3 3 3 3 3 3 3 3 3 3 3 3 3 3 3 3 3 3 3 3 3 3 3 3 3 3 3 3 3 3 3 3 3 3 3 3 3 3 3 3 3 3 3 3 3 3 3 3 3 3 3 3 3 3 3 3 3 3 3 3 3 3 3 3 3 3 3 3 3 3 3 3 3 3 3 3 3 3 3 3 3 3 3 3 3 3 3 3 3 3 3 3 3 3 3 3 3 3 3 3 3 3 3 3 3 3 3 3 3 3 3 3 3 3 3 3 3 3 3 3 3 3 3 3 3 3 3 3 3 3 3 3 3 3 3 3 3 3 3 3 3 3 3 3 3 3 3 3 3 3 3 3 3 3 3 3 3 3 3 3 3 3 3 3 3 3 3 3 3 3 3 3 3 3 3 3 3 3 3 3 3 3 3 3 3 3 3 3 3 3 3 3 3 3 3 3 3 3 3 3 3 3 3 3 3 3 3 3 3 3 3 3 3 3 3 3 3 3 3 3 3 3 3 3 3 3 3 3 3 3 3 3 3 3 3 3 3 3 3 3 3 3 3 3 3 3 3 3 3 3 3 3 3 3 3 3 3 3 3 3 3 3 3 3 3 3 3 3 3 3 3 3 3 3 3 3 3 3 3 3 3 3 3 3 3 3 3 3 3 3 3 3 3 3 3 3 3 3 3 3 3 3 3 3 3 3 3 3 3 3 3 3 3 3 3 3 3 3 3 3 3 3 3 3 3 3 3 3 3 3 3 3 3 3 3 3 3 3 3 3 3 3 3 3 3 3 3 3 3 3 3 3 3 3 3 3 3 3 3 3 3 3 3 3 3 3 3 3 3 3 3 3 3 3 3 3 3 3 3 3 3 3 </vcount>
          <p>144 0 139 0 140 0 39 1 144 1 140 1 39 2 140 2 141 2 142 3 39 3 141 3 142 4 141 4 143 4 146 5 142 5 147 5 147 6 142 6 143 6 74 7 148 7 149 7 74 8 149 8 150 8 151 9 152 9 153 9 153 10 152 10 154 10 89 11 90 11 155 11 89 12 155 12 156 12 91 13 88 13 157 13 157 14 88 14 158 14 92 15 93 15 159 15 92 16 159 16 160 16 94 17 87 17 161 17 94 18 161 18 162 18 96 19 95 19 163 19 96 20 163 20 164 20 97 21 98 21 165 21 165 22 98 22 166 22 100 23 99 23 167 23 100 24 167 24 168 24 101 25 102 25 169 25 169 26 102 26 170 26 103 27 86 27 171 27 103 28 171 28 172 28 85 29 104 29 173 29 85 30 173 30 174 30 83 31 84 31 175 31 83 32 175 32 176 32 106 33 105 33 177 33 106 34 177 34 178 34 108 35 107 35 179 35 108 36 179 36 180 36 109 37 82 37 181 37 109 38 181 38 182 38 110 39 111 39 183 39 110 40 183 40 184 40 112 41 81 41 185 41 185 42 81 42 186 42 114 43 113 43 187 43 114 44 187 44 188 44 116 45 115 45 189 45 189 46 115 46 190 46 118 47 117 47 191 47 118 48 191 48 192 48 119 49 120 49 193 49 119 50 193 50 194 50 79 51 80 51 195 51 195 52 80 52 196 52 121 53 122 53 197 53 121 54 197 54 198 54 123 55 78 55 199 55 123 56 199 56 200 56 125 57 124 57 201 57 125 58 201 58 202 58 127 59 126 59 203 59 203 60 126 60 204 60 129 61 128 61 205 61 129 62 205 62 206 62 131 63 130 63 207 63 207 64 130 64 208 64 132 65 77 65 209 65 132 66 209 66 210 66 133 67 134 67 211 67 133 68 211 68 212 68 75 69 76 69 213 69 213 70 76 70 214 70 136 71 135 71 215 71 136 72 215 72 216 72 138 73 137 73 217 73 138 74 217 74 218 74 144 75 40 75 145 75 145 76 40 76 42 76 148 77 145 77 149 77 149 78 145 78 42 78 42 79 41 79 149 79 149 80 41 80 150 80 150 81 41 81 43 81 152 82 74 82 150 82 152 83 150 83 154 83 154 84 150 84 43 84 154 85 43 85 44 85 154 86 44 86 153 86 153 87 44 87 45 87 90 88 151 88 153 88 90 89 153 89 155 89 155 90 153 90 45 90 155 91 45 91 46 91 155 92 46 92 156 92 156 93 46 93 47 93 47 94 158 94 156 94 156 95 158 95 88 95 156 96 88 96 89 96 158 97 47 97 48 97 158 98 48 98 157 98 157 99 48 99 50 99 50 100 159 100 157 100 157 101 159 101 93 101 157 102 93 102 91 102 50 103 49 103 159 103 159 104 49 104 160 104 160 105 49 105 51 105 51 106 161 106 160 106 160 107 161 107 87 107 160 108 87 108 92 108 51 109 52 109 161 109 161 110 52 110 162 110 162 111 52 111 53 111 53 112 163 112 162 112 162 113 163 113 95 113 162 114 95 114 94 114 53 115 54 115 163 115 163 116 54 116 164 116 164 117 54 117 55 117 55 118 166 118 164 118 164 119 166 119 96 119 96 120 166 120 98 120 166 121 55 121 56 121 166 122 56 122 165 122 165 123 56 123 58 123 58 124 167 124 165 124 165 125 167 125 99 125 165 126 99 126 97 126 58 127 57 127 167 127 167 128 57 128 168 128 168 129 57 129 59 129 59 130 170 130 168 130 168 131 170 131 102 131 168 132 102 132 100 132 170 133 59 133 60 133 170 134 60 134 169 134 169 135 60 135 62 135 62 136 171 136 169 136 169 137 171 137 86 137 169 138 86 138 101 138 62 139 61 139 171 139 171 140 61 140 172 140 172 141 61 141 63 141 63 142 173 142 172 142 172 143 173 143 104 143 172 144 104 144 103 144 173 145 63 145 65 145 173 146 65 146 174 146 174 147 65 147 64 147 64 148 175 148 174 148 174 149 175 149 85 149 85 150 175 150 84 150 64 151 66 151 175 151 175 152 66 152 176 152 176 153 66 153 67 153 67 154 177 154 176 154 176 155 177 155 105 155 176 156 105 156 83 156 177 157 67 157 69 157 177 158 69 158 178 158 178 159 69 159 68 159 68 160 179 160 178 160 178 161 179 161 106 161 106 162 179 162 107 162 68 163 70 163 179 163 179 164 70 164 180 164 180 165 70 165 71 165 71 166 181 166 180 166 180 167 181 167 108 167 108 168 181 168 82 168 181 169 71 169 73 169 181 170 73 170 182 170 182 171 73 171 72 171 72 172 183 172 182 172 182 173 183 173 109 173 109 174 183 174 111 174 72 175 0 175 183 175 183 176 0 176 184 176 184 177 0 177 2 177 2 178 186 178 184 178 184 179 186 179 81 179 184 180 81 180 110 180 2 181 1 181 186 181 186 182 1 182 185 182 185 183 1 183 3 183 3 184 187 184 185 184 185 185 187 185 113 185 185 186 113 186 112 186 3 187 4 187 187 187 187 188 4 188 188 188 188 189 4 189 5 189 5 190 190 190 188 190 188 191 190 191 115 191 188 192 115 192 114 192 5 193 6 193 190 193 190 194 6 194 189 194 189 195 6 195 7 195 7 196 191 196 189 196 189 197 191 197 117 197 189 198 117 198 116 198 7 199 9 199 191 199 191 200 9 200 192 200 192 201 9 201 8 201 8 202 193 202 192 202 192 203 193 203 120 203 192 204 120 204 118 204 8 205 10 205 193 205 193 206 10 206 194 206 194 207 10 207 12 207 12 208 196 208 194 208 194 209 196 209 80 209 194 210 80 210 119 210 12 211 11 211 196 211 196 212 11 212 195 212 195 213 11 213 13 213 13 214 197 214 195 214 195 215 197 215 79 215 79 216 197 216 122 216 197 217 13 217 14 217 197 218 14 218 198 218 198 219 14 219 16 219 16 220 199 220 198 220 198 221 199 221 78 221 198 222 78 222 121 222 16 223 15 223 199 223 199 224 15 224 200 224 200 225 15 225 18 225 18 226 201 226 200 226 200 227 201 227 124 227 200 228 124 228 123 228 18 229 17 229 201 229 201 230 17 230 202 230 202 231 17 231 19 231 19 232 204 232 202 232 202 233 204 233 126 233 202 234 126 234 125 234 204 235 19 235 21 235 204 236 21 236 203 236 203 237 21 237 20 237 20 238 205 238 203 238 203 239 205 239 128 239 203 240 128 240 127 240 20 241 22 241 205 241 205 242 22 242 206 242 206 243 22 243 24 243 24 244 208 244 206 244 206 245 208 245 130 245 206 246 130 246 129 246 24 247 23 247 208 247 208 248 23 248 207 248 207 249 23 249 26 249 26 250 209 250 207 250 207 251 209 251 77 251 207 252 77 252 131 252 26 253 25 253 209 253 209 254 25 254 210 254 210 255 25 255 27 255 27 256 211 256 210 256 210 257 211 257 132 257 132 258 211 258 134 258 211 259 27 259 28 259 211 260 28 260 212 260 212 261 28 261 30 261 30 262 214 262 212 262 212 263 214 263 76 263 212 264 76 264 133 264 30 265 29 265 214 265 214 266 29 266 213 266 213 267 29 267 32 267 32 268 215 268 213 268 213 269 215 269 75 269 75 270 215 270 135 270 32 271 31 271 215 271 215 272 31 272 216 272 216 273 31 273 33 273 33 274 217 274 216 274 216 275 217 275 137 275 216 276 137 276 136 276 33 277 35 277 217 277 217 278 35 278 218 278 218 279 35 279 34 279 147 280 138 280 218 280 147 281 218 281 146 281 146 282 218 282 34 282 148 283 139 283 145 283 145 284 139 284 144 284 142 285 146 285 36 285 36 286 146 286 34 286 39 287 38 287 144 287 144 288 38 288 40 288 39 289 142 289 37 289 37 290 142 290 36 290 314 291 95 291 315 291 315 292 95 292 96 292 315 293 96 293 320 293 320 294 96 294 98 294 320 295 98 295 97 295 320 296 97 296 219 296 219 297 97 297 220 297 220 298 97 298 99 298 220 299 99 299 321 299 321 300 99 300 100 300 321 301 100 301 221 301 221 302 100 302 102 302 221 303 102 303 329 303 329 304 102 304 101 304 329 305 101 305 331 305 331 306 101 306 86 306 331 307 86 307 222 307 222 308 86 308 103 308 222 309 103 309 332 309 332 310 103 310 104 310 332 311 104 311 333 311 333 312 104 312 85 312 333 313 85 313 223 313 223 314 85 314 84 314 223 315 84 315 83 315 223 316 83 316 339 316 339 317 83 317 344 317 344 318 83 318 105 318 344 319 105 319 224 319 224 320 105 320 106 320 224 321 106 321 345 321 345 322 106 322 107 322 345 323 107 323 352 323 352 324 107 324 108 324 352 325 108 325 225 325 225 326 108 326 82 326 225 327 82 327 348 327 348 328 82 328 109 328 348 329 109 329 226 329 226 330 109 330 111 330 226 331 111 331 110 331 226 332 110 332 353 332 353 333 110 333 360 333 360 334 110 334 81 334 360 335 81 335 227 335 227 336 81 336 112 336 227 337 112 337 361 337 361 338 112 338 113 338 361 339 113 339 362 339 362 340 113 340 114 340 362 341 114 341 228 341 228 342 114 342 115 342 228 343 115 343 368 343 368 344 115 344 116 344 368 345 116 345 229 345 229 346 116 346 117 346 229 347 117 347 230 347 230 348 117 348 118 348 230 349 118 349 374 349 374 350 118 350 120 350 374 351 120 351 119 351 374 352 119 352 384 352 384 353 119 353 231 353 231 354 119 354 80 354 231 355 80 355 79 355 231 356 79 356 385 356 385 357 79 357 391 357 391 358 79 358 122 358 391 359 122 359 121 359 391 360 121 360 386 360 386 361 121 361 387 361 387 362 121 362 78 362 387 363 78 363 398 363 398 364 78 364 123 364 398 365 123 365 124 365 398 366 124 366 392 366 392 367 124 367 400 367 400 368 124 368 125 368 400 369 125 369 232 369 232 370 125 370 126 370 232 371 126 371 401 371 401 372 126 372 127 372 401 373 127 373 233 373 233 374 127 374 128 374 233 375 128 375 234 375 234 376 128 376 129 376 234 377 129 377 404 377 404 378 129 378 130 378 404 379 130 379 257 379 257 380 130 380 131 380 257 381 131 381 256 381 256 382 131 382 77 382 256 383 77 383 254 383 254 384 77 384 132 384 254 385 132 385 282 385 282 386 132 386 134 386 282 387 134 387 279 387 279 388 134 388 133 388 279 389 133 389 235 389 235 390 133 390 76 390 235 391 76 391 75 391 235 392 75 392 408 392 408 393 75 393 236 393 236 394 75 394 135 394 236 395 135 395 268 395 268 396 135 396 136 396 268 397 136 397 267 397 267 398 136 398 137 398 267 399 137 399 283 399 283 400 137 400 138 400 283 401 138 401 278 401 278 402 138 402 147 402 278 403 147 403 287 403 287 404 147 404 143 404 287 405 143 405 280 405 280 406 143 406 141 406 280 407 141 407 140 407 280 408 140 408 246 408 246 409 140 409 245 409 245 410 140 410 139 410 245 411 139 411 244 411 244 412 139 412 148 412 244 413 148 413 281 413 281 414 148 414 74 414 281 415 74 415 294 415 294 416 74 416 152 416 294 417 152 417 237 417 237 418 152 418 151 418 237 419 151 419 90 419 237 420 90 420 295 420 295 421 90 421 238 421 238 422 90 422 89 422 238 423 89 423 303 423 303 424 89 424 88 424 303 425 88 425 298 425 298 426 88 426 91 426 298 427 91 427 304 427 304 428 91 428 93 428 304 429 93 429 305 429 305 430 93 430 92 430 305 431 92 431 306 431 306 432 92 432 87 432 306 433 87 433 239 433 239 434 87 434 94 434 239 435 94 435 314 435 314 436 94 436 95 436 492 437 491 437 296 437 493 438 492 438 290 438 495 439 494 439 300 439 496 440 495 440 301 440 497 441 496 441 240 441 499 442 498 442 308 442 500 443 499 443 309 443 502 444 501 444 317 444 503 445 502 445 312 445 505 446 504 446 323 446 554 447 483 447 241 447 484 448 506 448 334 448 507 449 484 449 335 449 509 450 508 450 340 450 510 451 509 451 341 451 512 452 511 452 346 452 485 453 512 453 347 453 513 454 486 454 350 454 515 455 514 455 242 455 516 456 515 456 354 456 518 457 517 457 363 457 519 458 518 458 364 458 521 459 520 459 369 459 522 460 521 460 370 460 524 461 523 461 375 461 525 462 524 462 376 462 527 463 526 463 381 463 529 464 528 464 243 464 530 465 529 465 388 465 532 466 531 466 393 466 533 467 532 467 394 467 534 468 533 468 395 468 488 469 537 469 264 469 538 470 488 470 263 470 539 471 538 471 262 471 543 472 542 472 258 472 544 473 543 473 276 473 545 474 544 474 275 474 489 475 545 475 274 475 549 476 548 476 252 476 550 477 549 477 251 477 552 478 551 478 288 478 553 479 552 479 249 479 245 480 244 480 291 480 245 481 291 481 246 481 253 482 270 482 547 482 253 483 547 483 546 483 254 484 255 484 256 484 404 485 257 485 258 485 404 486 258 486 259 486 261 487 260 487 405 487 261 488 405 488 262 488 266 489 265 489 536 489 266 490 536 490 487 490 268 491 267 491 285 491 268 492 285 492 269 492 408 493 269 493 270 493 408 494 270 494 271 494 273 495 272 495 284 495 273 496 284 496 274 496 277 497 258 497 542 497 277 498 542 498 541 498 278 499 248 499 249 499 278 500 249 500 288 500 286 501 288 501 250 501 286 502 250 502 251 502 272 503 253 503 546 503 272 504 546 504 490 504 402 505 261 505 262 505 402 506 262 506 263 506 396 507 266 507 487 507 396 508 487 508 535 508 236 509 268 509 269 509 236 510 269 510 408 510 279 511 271 511 272 511 279 512 272 512 273 512 255 513 273 513 274 513 255 514 274 514 275 514 406 515 277 515 541 515 406 516 541 516 540 516 280 517 246 517 247 517 280 518 247 518 248 518 283 519 278 519 288 519 283 520 288 520 286 520 285 521 286 521 251 521 285 522 251 522 252 522 284 523 272 523 490 523 284 524 490 524 489 524 403 525 396 525 535 525 403 526 535 526 534 526 407 527 255 527 275 527 407 528 275 528 276 528 405 529 406 529 540 529 405 530 540 530 539 530 544 531 276 531 275 531 253 532 272 532 271 532 253 533 271 533 270 533 545 534 275 534 274 534 549 535 252 535 251 535 289 536 249 536 248 536 289 537 248 537 296 537 296 538 248 538 247 538 296 539 247 539 290 539 293 540 292 540 281 540 293 541 281 541 294 541 550 542 251 542 250 542 297 543 294 543 237 543 297 544 237 544 295 544 552 545 288 545 249 545 299 546 290 546 291 546 299 547 291 547 292 547 492 548 296 548 290 548 307 549 240 549 297 549 307 550 297 550 308 550 308 551 297 551 295 551 308 552 295 552 302 552 310 553 302 553 303 553 310 554 303 554 311 554 495 555 300 555 301 555 309 556 308 556 302 556 309 557 302 557 310 557 312 558 311 558 304 558 312 559 304 559 305 559 499 560 308 560 309 560 502 561 317 561 312 561 241 562 324 562 319 562 241 563 319 563 325 563 505 564 323 564 324 564 554 565 241 565 325 565 554 566 325 566 326 566 338 567 337 567 332 567 338 568 332 568 343 568 343 569 332 569 333 569 343 570 333 570 223 570 342 571 330 571 331 571 342 572 331 572 337 572 484 573 334 573 335 573 507 574 335 574 336 574 346 575 342 575 337 575 346 576 337 576 338 576 509 577 340 577 341 577 349 578 347 578 343 578 349 579 343 579 350 579 351 580 350 580 339 580 351 581 339 581 344 581 512 582 346 582 347 582 355 583 354 583 345 583 355 584 345 584 352 584 356 585 352 585 225 585 356 586 225 586 357 586 513 587 350 587 351 587 366 588 359 588 360 588 366 589 360 589 227 589 515 590 242 590 354 590 365 591 364 591 357 591 365 592 357 592 358 592 373 593 361 593 362 593 373 594 362 594 228 594 516 595 354 595 355 595 369 596 365 596 358 596 369 597 358 597 359 597 372 598 367 598 361 598 372 599 361 599 373 599 518 600 363 600 364 600 371 601 370 601 366 601 371 602 366 602 367 602 519 603 364 603 365 603 375 604 371 604 367 604 375 605 367 605 372 605 377 606 228 606 368 606 377 607 368 607 378 607 378 608 368 608 229 608 378 609 229 609 230 609 521 610 369 610 370 610 380 611 376 611 373 611 380 612 373 612 381 612 524 613 375 613 376 613 243 614 382 614 378 614 243 615 378 615 379 615 389 616 384 616 231 616 389 617 231 617 385 617 527 618 381 618 382 618 529 619 243 619 388 619 395 620 394 620 390 620 395 621 390 621 403 621 396 622 403 622 386 622 396 623 386 623 397 623 399 624 398 624 392 624 399 625 392 625 400 625 530 626 388 626 383 626 402 627 400 627 232 627 402 628 232 628 401 628 532 629 393 629 394 629 266 630 396 630 397 630 266 631 397 631 265 631 261 632 402 632 401 632 261 633 401 633 260 633 260 634 401 634 233 634 260 635 233 635 234 635 533 636 394 636 395 636 263 637 399 637 400 637 263 638 400 638 402 638 488 639 264 639 263 639 277 640 406 640 259 640 277 641 259 641 258 641 538 642 263 642 262 642 271 643 279 643 235 643 271 644 235 644 408 644 489 645 274 645 284 645 252 646 270 646 269 646 252 647 269 647 285 647 248 648 278 648 287 648 248 649 287 649 280 649 244 650 281 650 292 650 244 651 292 651 291 651 246 652 291 652 290 652 246 653 290 653 247 653 270 654 252 654 548 654 270 655 548 655 547 655 250 656 288 656 551 656 250 657 551 657 550 657 553 658 249 658 289 658 300 659 299 659 292 659 300 660 292 660 293 660 240 661 293 661 294 661 240 662 294 662 297 662 298 663 304 663 311 663 298 664 311 664 303 664 238 665 303 665 302 665 238 666 302 666 295 666 293 667 240 667 301 667 293 668 301 668 300 668 289 669 296 669 491 669 289 670 491 670 553 670 493 671 290 671 299 671 306 672 239 672 313 672 306 673 313 673 305 673 299 674 300 674 494 674 299 675 494 675 493 675 496 676 301 676 240 676 316 677 309 677 310 677 316 678 310 678 311 678 318 679 313 679 239 679 318 680 239 680 314 680 497 681 240 681 307 681 317 682 316 682 311 682 317 683 311 683 312 683 322 684 312 684 305 684 322 685 305 685 313 685 319 686 318 686 314 686 319 687 314 687 325 687 325 688 314 688 315 688 325 689 315 689 320 689 307 690 308 690 498 690 307 691 498 691 497 691 500 692 309 692 316 692 323 693 322 693 313 693 323 694 313 694 318 694 327 695 320 695 219 695 327 696 219 696 328 696 328 697 219 697 220 697 328 698 220 698 321 698 320 699 327 699 326 699 320 700 326 700 325 700 318 701 319 701 324 701 318 702 324 702 323 702 316 703 317 703 501 703 316 704 501 704 500 704 503 705 312 705 322 705 329 706 331 706 330 706 329 707 330 707 221 707 321 708 221 708 336 708 321 709 336 709 328 709 327 710 328 710 334 710 327 711 334 711 326 711 322 712 323 712 504 712 322 713 504 713 503 713 222 714 332 714 337 714 222 715 337 715 331 715 221 716 330 716 340 716 221 717 340 717 336 717 328 718 336 718 335 718 328 719 335 719 334 719 326 720 334 720 555 720 326 721 555 721 554 721 324 722 241 722 483 722 324 723 483 723 505 723 330 724 342 724 341 724 330 725 341 725 340 725 555 726 334 726 506 726 223 727 339 727 350 727 223 728 350 728 343 728 338 729 343 729 347 729 338 730 347 730 346 730 336 731 340 731 508 731 336 732 508 732 507 732 510 733 341 733 342 733 242 734 351 734 344 734 242 735 344 735 224 735 348 736 226 736 357 736 348 737 357 737 225 737 224 738 345 738 354 738 224 739 354 739 242 739 342 740 346 740 511 740 342 741 511 741 510 741 485 742 347 742 349 742 363 743 355 743 352 743 363 744 352 744 356 744 358 745 357 745 226 745 358 746 226 746 353 746 353 747 360 747 359 747 353 748 359 748 358 748 349 749 350 749 486 749 349 750 486 750 485 750 227 751 361 751 367 751 227 752 367 752 366 752 356 753 357 753 364 753 356 754 364 754 363 754 351 755 242 755 514 755 351 756 514 756 513 756 359 757 366 757 370 757 359 758 370 758 369 758 355 759 363 759 517 759 355 760 517 760 516 760 230 761 374 761 379 761 230 762 379 762 378 762 228 763 377 763 381 763 228 764 381 764 373 764 372 765 373 765 376 765 372 766 376 766 375 766 365 767 369 767 520 767 365 768 520 768 519 768 522 769 370 769 371 769 374 770 384 770 383 770 374 771 383 771 379 771 377 772 378 772 382 772 377 773 382 773 381 773 371 774 375 774 523 774 371 775 523 775 522 775 525 776 376 776 380 776 388 777 243 777 379 777 388 778 379 778 383 778 393 779 383 779 384 779 393 780 384 780 389 780 390 781 389 781 385 781 390 782 385 782 391 782 387 783 398 783 397 783 387 784 397 784 386 784 380 785 381 785 526 785 380 786 526 786 525 786 391 787 386 787 403 787 391 788 403 788 390 788 389 789 390 789 394 789 389 790 394 790 393 790 382 791 243 791 528 791 382 792 528 792 527 792 398 793 399 793 265 793 398 794 265 794 397 794 383 795 393 795 531 795 383 796 531 796 530 796 534 797 395 797 403 797 264 798 265 798 399 798 264 799 399 799 263 799 259 800 260 800 234 800 259 801 234 801 404 801 254 802 282 802 255 802 282 803 279 803 273 803 282 804 273 804 255 804 256 805 255 805 407 805 256 806 407 806 257 806 257 807 407 807 276 807 257 808 276 808 258 808 260 809 259 809 406 809 260 810 406 810 405 810 265 811 264 811 537 811 265 812 537 812 536 812 539 813 262 813 405 813 543 814 258 814 276 814 286 815 285 815 267 815 286 816 267 816 283 816 428 817 426 817 482 817 428 818 482 818 427 818 426 819 424 819 483 819 426 820 483 820 482 820 430 821 429 821 484 821 430 822 484 822 432 822 410 823 409 823 485 823 410 824 485 824 437 824 437 825 485 825 486 825 437 826 486 826 436 826 461 827 459 827 487 827 461 828 487 828 460 828 464 829 462 829 488 829 464 830 488 830 463 830 472 831 470 831 489 831 472 832 489 832 473 832 473 833 489 833 490 833 473 834 490 834 475 834 411 835 491 835 412 835 412 836 491 836 492 836 412 837 492 837 414 837 414 838 492 838 493 838 414 839 493 839 413 839 413 840 493 840 494 840 413 841 494 841 415 841 415 842 494 842 495 842 415 843 495 843 416 843 416 844 495 844 496 844 416 845 496 845 418 845 418 846 496 846 497 846 418 847 497 847 417 847 417 848 497 848 498 848 417 849 498 849 419 849 419 850 498 850 499 850 419 851 499 851 421 851 421 852 499 852 500 852 421 853 500 853 420 853 420 854 500 854 501 854 420 855 501 855 422 855 422 856 501 856 502 856 422 857 502 857 423 857 423 858 502 858 503 858 423 859 503 859 425 859 425 860 503 860 504 860 425 861 504 861 424 861 424 862 504 862 505 862 424 863 505 863 483 863 429 864 427 864 506 864 429 865 506 865 484 865 432 866 484 866 507 866 432 867 507 867 431 867 431 868 507 868 508 868 431 869 508 869 433 869 433 870 508 870 509 870 433 871 509 871 435 871 435 872 509 872 510 872 435 873 510 873 434 873 434 874 510 874 511 874 434 875 511 875 409 875 409 876 511 876 512 876 409 877 512 877 485 877 436 878 486 878 513 878 436 879 513 879 438 879 438 880 513 880 514 880 438 881 514 881 440 881 440 882 514 882 515 882 440 883 515 883 439 883 439 884 515 884 516 884 439 885 516 885 441 885 441 886 516 886 517 886 441 887 517 887 443 887 443 888 517 888 518 888 443 889 518 889 442 889 442 890 518 890 519 890 442 891 519 891 444 891 444 892 519 892 520 892 444 893 520 893 445 893 445 894 520 894 521 894 445 895 521 895 447 895 447 896 521 896 522 896 447 897 522 897 446 897 446 898 522 898 523 898 446 899 523 899 448 899 448 900 523 900 524 900 448 901 524 901 450 901 450 902 524 902 525 902 450 903 525 903 449 903 449 904 525 904 526 904 449 905 526 905 451 905 451 906 526 906 527 906 451 907 527 907 452 907 452 908 527 908 528 908 452 909 528 909 454 909 454 910 528 910 529 910 454 911 529 911 453 911 453 912 529 912 530 912 453 913 530 913 455 913 455 914 530 914 531 914 455 915 531 915 457 915 457 916 531 916 532 916 457 917 532 917 456 917 456 918 532 918 533 918 456 919 533 919 458 919 458 920 533 920 534 920 458 921 534 921 459 921 459 922 534 922 535 922 459 923 535 923 487 923 460 924 487 924 536 924 460 925 536 925 462 925 462 926 536 926 537 926 462 927 537 927 488 927 463 928 488 928 538 928 463 929 538 929 465 929 465 930 538 930 539 930 465 931 539 931 466 931 466 932 539 932 540 932 466 933 540 933 468 933 468 934 540 934 541 934 468 935 541 935 467 935 467 936 541 936 542 936 467 937 542 937 469 937 469 938 542 938 543 938 469 939 543 939 471 939 471 940 543 940 544 940 471 941 544 941 470 941 470 942 544 942 545 942 470 943 545 943 489 943 475 944 490 944 546 944 475 945 546 945 474 945 474 946 546 946 547 946 474 947 547 947 476 947 476 948 547 948 548 948 476 949 548 949 478 949 478 950 548 950 549 950 478 951 549 951 477 951 477 952 549 952 550 952 477 953 550 953 479 953 479 954 550 954 551 954 479 955 551 955 480 955 480 956 551 956 552 956 480 957 552 957 481 957 481 958 552 958 553 958 481 959 553 959 411 959 411 960 553 960 491 960 482 961 483 961 554 961 482 962 554 962 427 962 427 963 554 963 555 963 427 964 555 964 506 964 428 965 652 965 426 965 426 966 652 966 694 966 426 967 694 967 424 967 424 968 694 968 651 968 424 969 651 969 650 969 424 970 650 970 425 970 425 971 650 971 423 971 423 972 650 972 693 972 423 973 693 973 422 973 422 974 693 974 649 974 422 975 649 975 420 975 420 976 649 976 648 976 420 977 648 977 421 977 421 978 648 978 647 978 421 979 647 979 419 979 419 980 647 980 646 980 419 981 646 981 417 981 417 982 646 982 645 982 417 983 645 983 418 983 418 984 645 984 637 984 418 985 637 985 416 985 416 986 637 986 621 986 416 987 621 987 415 987 415 988 621 988 630 988 415 989 630 989 413 989 413 990 630 990 556 990 413 991 556 991 414 991 414 992 556 992 644 992 414 993 644 993 412 993 412 994 644 994 643 994 412 995 643 995 642 995 412 996 642 996 411 996 411 997 642 997 481 997 481 998 642 998 641 998 481 999 641 999 480 999 480 1000 641 1000 627 1000 480 1001 627 1001 479 1001 479 1002 627 1002 634 1002 479 1003 634 1003 477 1003 477 1004 634 1004 557 1004 477 1005 557 1005 478 1005 478 1006 557 1006 692 1006 478 1007 692 1007 476 1007 476 1008 692 1008 691 1008 476 1009 691 1009 474 1009 474 1010 691 1010 690 1010 474 1011 690 1011 475 1011 475 1012 690 1012 639 1012 475 1013 639 1013 473 1013 473 1014 639 1014 624 1014 473 1015 624 1015 472 1015 472 1016 624 1016 632 1016 472 1017 632 1017 558 1017 472 1018 558 1018 470 1018 470 1019 558 1019 471 1019 471 1020 558 1020 689 1020 471 1021 689 1021 469 1021 469 1022 689 1022 688 1022 469 1023 688 1023 467 1023 467 1024 688 1024 687 1024 467 1025 687 1025 468 1025 468 1026 687 1026 686 1026 468 1027 686 1027 466 1027 466 1028 686 1028 685 1028 466 1029 685 1029 465 1029 465 1030 685 1030 684 1030 465 1031 684 1031 463 1031 463 1032 684 1032 683 1032 463 1033 683 1033 464 1033 464 1034 683 1034 682 1034 464 1035 682 1035 462 1035 462 1036 682 1036 701 1036 462 1037 701 1037 460 1037 460 1038 701 1038 681 1038 460 1039 681 1039 461 1039 461 1040 681 1040 680 1040 461 1041 680 1041 459 1041 459 1042 680 1042 700 1042 459 1043 700 1043 458 1043 458 1044 700 1044 679 1044 458 1045 679 1045 456 1045 456 1046 679 1046 678 1046 456 1047 678 1047 457 1047 457 1048 678 1048 677 1048 457 1049 677 1049 455 1049 455 1050 677 1050 676 1050 455 1051 676 1051 453 1051 453 1052 676 1052 675 1052 453 1053 675 1053 454 1053 454 1054 675 1054 674 1054 454 1055 674 1055 452 1055 452 1056 674 1056 673 1056 452 1057 673 1057 451 1057 451 1058 673 1058 672 1058 451 1059 672 1059 449 1059 449 1060 672 1060 671 1060 449 1061 671 1061 450 1061 450 1062 671 1062 670 1062 450 1063 670 1063 448 1063 448 1064 670 1064 699 1064 448 1065 699 1065 446 1065 446 1066 699 1066 669 1066 446 1067 669 1067 447 1067 447 1068 669 1068 668 1068 447 1069 668 1069 445 1069 445 1070 668 1070 698 1070 445 1071 698 1071 444 1071 444 1072 698 1072 667 1072 444 1073 667 1073 666 1073 444 1074 666 1074 442 1074 442 1075 666 1075 443 1075 443 1076 666 1076 665 1076 443 1077 665 1077 441 1077 441 1078 665 1078 664 1078 441 1079 664 1079 663 1079 441 1080 663 1080 439 1080 439 1081 663 1081 662 1081 439 1082 662 1082 440 1082 440 1083 662 1083 438 1083 438 1084 662 1084 661 1084 438 1085 661 1085 436 1085 436 1086 661 1086 660 1086 436 1087 660 1087 659 1087 436 1088 659 1088 437 1088 437 1089 659 1089 410 1089 410 1090 659 1090 658 1090 410 1091 658 1091 409 1091 409 1092 658 1092 697 1092 409 1093 697 1093 657 1093 409 1094 657 1094 434 1094 434 1095 657 1095 435 1095 435 1096 657 1096 656 1096 435 1097 656 1097 433 1097 433 1098 656 1098 696 1098 433 1099 696 1099 431 1099 431 1100 696 1100 655 1100 431 1101 655 1101 432 1101 432 1102 655 1102 654 1102 432 1103 654 1103 430 1103 430 1104 654 1104 559 1104 430 1105 559 1105 429 1105 429 1106 559 1106 695 1106 429 1107 695 1107 427 1107 427 1108 695 1108 653 1108 427 1109 653 1109 428 1109 428 1110 653 1110 652 1110 621 1111 622 1111 623 1111 624 1112 625 1112 626 1112 627 1113 628 1113 629 1113 630 1114 621 1114 623 1114 630 1115 623 1115 631 1115 632 1116 624 1116 626 1116 632 1117 626 1117 633 1117 634 1118 627 1118 635 1118 635 1119 627 1119 629 1119 556 1120 630 1120 631 1120 556 1121 631 1121 636 1121 558 1122 632 1122 633 1122 558 1123 633 1123 638 1123 557 1124 634 1124 635 1124 557 1125 635 1125 640 1125 560 1126 561 1126 642 1126 560 1127 642 1127 643 1127 562 1128 560 1128 643 1128 562 1129 643 1129 644 1129 563 1130 564 1130 645 1130 563 1131 645 1131 646 1131 565 1132 563 1132 646 1132 565 1133 646 1133 647 1133 566 1134 567 1134 648 1134 566 1135 648 1135 649 1135 569 1136 570 1136 650 1136 569 1137 650 1137 651 1137 572 1138 573 1138 652 1138 572 1139 652 1139 653 1139 576 1140 577 1140 654 1140 576 1141 654 1141 655 1141 579 1142 580 1142 656 1142 579 1143 656 1143 657 1143 582 1144 583 1144 658 1144 582 1145 658 1145 659 1145 584 1146 585 1146 660 1146 584 1147 660 1147 661 1147 586 1148 584 1148 661 1148 586 1149 661 1149 662 1149 587 1150 588 1150 663 1150 587 1151 663 1151 664 1151 589 1152 587 1152 664 1152 589 1153 664 1153 665 1153 590 1154 591 1154 666 1154 590 1155 666 1155 667 1155 593 1156 594 1156 668 1156 593 1157 668 1157 669 1157 596 1158 597 1158 670 1158 596 1159 670 1159 671 1159 598 1160 599 1160 672 1160 598 1161 672 1161 673 1161 600 1162 598 1162 673 1162 600 1163 673 1163 674 1163 601 1164 602 1164 675 1164 601 1165 675 1165 676 1165 603 1166 601 1166 676 1166 603 1167 676 1167 677 1167 604 1168 605 1168 678 1168 604 1169 678 1169 679 1169 607 1170 608 1170 680 1170 607 1171 680 1171 681 1171 610 1172 611 1172 682 1172 610 1173 682 1173 683 1173 612 1174 613 1174 684 1174 612 1175 684 1175 685 1175 614 1176 612 1176 685 1176 614 1177 685 1177 686 1177 615 1178 616 1178 687 1178 615 1179 687 1179 688 1179 617 1180 615 1180 688 1180 617 1181 688 1181 689 1181 618 1182 619 1182 690 1182 618 1183 690 1183 691 1183 620 1184 618 1184 691 1184 620 1185 691 1185 692 1185 636 1186 562 1186 644 1186 636 1187 644 1187 556 1187 621 1188 637 1188 622 1188 637 1189 645 1189 622 1189 622 1190 645 1190 564 1190 647 1191 648 1191 567 1191 647 1192 567 1192 565 1192 568 1193 566 1193 649 1193 568 1194 649 1194 693 1194 693 1195 650 1195 568 1195 568 1196 650 1196 570 1196 571 1197 569 1197 651 1197 571 1198 651 1198 694 1198 694 1199 652 1199 573 1199 694 1200 573 1200 571 1200 574 1201 572 1201 653 1201 574 1202 653 1202 695 1202 575 1203 574 1203 695 1203 575 1204 695 1204 559 1204 559 1205 654 1205 577 1205 559 1206 577 1206 575 1206 578 1207 576 1207 655 1207 578 1208 655 1208 696 1208 696 1209 656 1209 580 1209 696 1210 580 1210 578 1210 581 1211 579 1211 657 1211 581 1212 657 1212 697 1212 697 1213 658 1213 583 1213 697 1214 583 1214 581 1214 659 1215 660 1215 585 1215 659 1216 585 1216 582 1216 662 1217 663 1217 588 1217 662 1218 588 1218 586 1218 665 1219 666 1219 591 1219 665 1220 591 1220 589 1220 592 1221 590 1221 667 1221 592 1222 667 1222 698 1222 698 1223 668 1223 594 1223 698 1224 594 1224 592 1224 595 1225 593 1225 669 1225 595 1226 669 1226 699 1226 699 1227 670 1227 597 1227 699 1228 597 1228 595 1228 671 1229 672 1229 599 1229 671 1230 599 1230 596 1230 674 1231 675 1231 602 1231 674 1232 602 1232 600 1232 677 1233 678 1233 605 1233 677 1234 605 1234 603 1234 606 1235 604 1235 679 1235 606 1236 679 1236 700 1236 700 1237 680 1237 608 1237 700 1238 608 1238 606 1238 609 1239 607 1239 681 1239 609 1240 681 1240 701 1240 701 1241 682 1241 611 1241 701 1242 611 1242 609 1242 683 1243 684 1243 613 1243 683 1244 613 1244 610 1244 686 1245 687 1245 616 1245 686 1246 616 1246 614 1246 638 1247 617 1247 689 1247 638 1248 689 1248 558 1248 624 1249 639 1249 625 1249 639 1250 690 1250 619 1250 639 1251 619 1251 625 1251 640 1252 620 1252 692 1252 640 1253 692 1253 557 1253 627 1254 641 1254 628 1254 561 1255 628 1255 641 1255 561 1256 641 1256 642 1256 754 1257 775 1257 753 1257 753 1258 775 1258 755 1258 774 1259 776 1259 704 1259 704 1260 776 1260 777 1260 704 1261 777 1261 705 1261 705 1262 777 1262 707 1262 711 1263 778 1263 710 1263 710 1264 778 1264 712 1264 737 1265 779 1265 738 1265 738 1266 779 1266 739 1266 764 1267 780 1267 763 1267 763 1268 780 1268 765 1268 773 1269 781 1269 774 1269 774 1270 781 1270 776 1270 777 1271 782 1271 707 1271 707 1272 782 1272 783 1272 707 1273 783 1273 706 1273 706 1274 783 1274 784 1274 706 1275 784 1275 708 1275 708 1276 784 1276 709 1276 718 1277 785 1277 717 1277 717 1278 785 1278 786 1278 717 1279 786 1279 719 1279 719 1280 786 1280 721 1280 720 1281 787 1281 722 1281 722 1282 787 1282 723 1282 723 1283 788 1283 725 1283 725 1284 788 1284 789 1284 725 1285 789 1285 724 1285 724 1286 789 1286 790 1286 724 1287 790 1287 726 1287 726 1288 790 1288 791 1288 726 1289 791 1289 728 1289 728 1290 791 1290 792 1290 728 1291 792 1291 727 1291 727 1292 792 1292 793 1292 727 1293 793 1293 702 1293 702 1294 793 1294 703 1294 729 1295 794 1295 731 1295 731 1296 794 1296 795 1296 731 1297 795 1297 733 1297 733 1298 795 1298 796 1298 733 1299 796 1299 732 1299 732 1300 796 1300 734 1300 734 1301 797 1301 736 1301 736 1302 797 1302 798 1302 736 1303 798 1303 735 1303 735 1304 798 1304 737 1304 743 1305 799 1305 742 1305 742 1306 799 1306 744 1306 745 1307 800 1307 747 1307 747 1308 800 1308 746 1308 751 1309 801 1309 752 1309 752 1310 801 1310 802 1310 752 1311 802 1311 754 1311 754 1312 802 1312 775 1312 757 1313 803 1313 756 1313 756 1314 803 1314 804 1314 756 1315 804 1315 758 1315 758 1316 804 1316 759 1316 760 1317 805 1317 762 1317 762 1318 805 1318 764 1318 765 1319 806 1319 766 1319 766 1320 806 1320 807 1320 766 1321 807 1321 768 1321 768 1322 807 1322 767 1322 772 1323 808 1323 773 1323 773 1324 808 1324 781 1324 784 1325 809 1325 709 1325 709 1326 809 1326 810 1326 709 1327 810 1327 711 1327 711 1328 810 1328 778 1328 778 1329 811 1329 712 1329 712 1330 811 1330 812 1330 712 1331 812 1331 714 1331 714 1332 812 1332 813 1332 714 1333 813 1333 713 1333 713 1334 813 1334 814 1334 713 1335 814 1335 715 1335 715 1336 814 1336 716 1336 716 1337 815 1337 718 1337 718 1338 815 1338 785 1338 786 1339 816 1339 721 1339 721 1340 816 1340 817 1340 721 1341 817 1341 720 1341 720 1342 817 1342 787 1342 787 1343 818 1343 723 1343 723 1344 818 1344 788 1344 793 1345 819 1345 703 1345 703 1346 819 1346 730 1346 796 1347 820 1347 734 1347 734 1348 820 1348 797 1348 798 1349 821 1349 737 1349 737 1350 821 1350 779 1350 779 1351 822 1351 739 1351 739 1352 822 1352 740 1352 741 1353 823 1353 743 1353 743 1354 823 1354 799 1354 744 1355 824 1355 745 1355 745 1356 824 1356 800 1356 800 1357 825 1357 746 1357 746 1358 825 1358 748 1358 748 1359 826 1359 750 1359 750 1360 826 1360 827 1360 750 1361 827 1361 749 1361 749 1362 827 1362 828 1362 749 1363 828 1363 751 1363 751 1364 828 1364 801 1364 775 1365 829 1365 755 1365 755 1366 829 1366 830 1366 755 1367 830 1367 757 1367 757 1368 830 1368 803 1368 805 1369 831 1369 764 1369 764 1370 831 1370 780 1370 780 1371 832 1371 765 1371 765 1372 832 1372 806 1372 807 1373 833 1373 767 1373 767 1374 833 1374 834 1374 767 1375 834 1375 769 1375 769 1376 834 1376 771 1376 814 1377 835 1377 716 1377 716 1378 835 1378 815 1378 819 1379 836 1379 730 1379 730 1380 836 1380 837 1380 730 1381 837 1381 729 1381 729 1382 837 1382 794 1382 822 1383 838 1383 740 1383 740 1384 838 1384 839 1384 740 1385 839 1385 741 1385 741 1386 839 1386 823 1386 799 1387 840 1387 744 1387 744 1388 840 1388 824 1388 825 1389 841 1389 748 1389 748 1390 841 1390 826 1390 804 1391 842 1391 759 1391 759 1392 842 1392 843 1392 759 1393 843 1393 761 1393 761 1394 843 1394 844 1394 761 1395 844 1395 760 1395 760 1396 844 1396 805 1396 834 1397 845 1397 771 1397 771 1398 845 1398 846 1398 771 1399 846 1399 770 1399 770 1400 846 1400 847 1400 770 1401 847 1401 772 1401 772 1402 847 1402 808 1402 781 1403 848 1403 776 1403 776 1404 848 1404 849 1404 776 1405 849 1405 777 1405 777 1406 849 1406 850 1406 777 1407 850 1407 782 1407 782 1408 850 1408 851 1408 782 1409 851 1409 783 1409 783 1410 851 1410 852 1410 783 1411 852 1411 784 1411 784 1412 852 1412 853 1412 784 1413 853 1413 809 1413 809 1414 853 1414 854 1414 809 1415 854 1415 810 1415 810 1416 854 1416 855 1416 810 1417 855 1417 778 1417 778 1418 855 1418 856 1418 778 1419 856 1419 811 1419 811 1420 856 1420 857 1420 811 1421 857 1421 812 1421 812 1422 857 1422 858 1422 812 1423 858 1423 813 1423 813 1424 858 1424 859 1424 813 1425 859 1425 814 1425 814 1426 859 1426 835 1426 835 1427 860 1427 815 1427 815 1428 860 1428 861 1428 815 1429 861 1429 785 1429 785 1430 861 1430 862 1430 785 1431 862 1431 786 1431 786 1432 862 1432 863 1432 786 1433 863 1433 816 1433 816 1434 863 1434 864 1434 816 1435 864 1435 817 1435 817 1436 864 1436 865 1436 817 1437 865 1437 787 1437 787 1438 865 1438 866 1438 787 1439 866 1439 818 1439 818 1440 866 1440 867 1440 818 1441 867 1441 788 1441 788 1442 867 1442 868 1442 788 1443 868 1443 789 1443 789 1444 868 1444 869 1444 789 1445 869 1445 790 1445 790 1446 869 1446 870 1446 790 1447 870 1447 791 1447 791 1448 870 1448 871 1448 791 1449 871 1449 792 1449 792 1450 871 1450 872 1450 792 1451 872 1451 793 1451 793 1452 872 1452 873 1452 793 1453 873 1453 819 1453 819 1454 873 1454 836 1454 837 1455 874 1455 794 1455 794 1456 874 1456 875 1456 794 1457 875 1457 795 1457 795 1458 875 1458 876 1458 795 1459 876 1459 796 1459 796 1460 876 1460 877 1460 796 1461 877 1461 820 1461 820 1462 877 1462 878 1462 820 1463 878 1463 797 1463 797 1464 878 1464 879 1464 797 1465 879 1465 798 1465 798 1466 879 1466 880 1466 798 1467 880 1467 821 1467 821 1468 880 1468 881 1468 821 1469 881 1469 779 1469 779 1470 881 1470 882 1470 779 1471 882 1471 822 1471 822 1472 882 1472 838 1472 839 1473 883 1473 823 1473 823 1474 883 1474 884 1474 823 1475 884 1475 799 1475 799 1476 884 1476 840 1476 840 1477 885 1477 824 1477 824 1478 885 1478 886 1478 824 1479 886 1479 800 1479 800 1480 886 1480 887 1480 800 1481 887 1481 825 1481 825 1482 887 1482 841 1482 841 1483 888 1483 826 1483 826 1484 888 1484 889 1484 826 1485 889 1485 827 1485 827 1486 889 1486 890 1486 827 1487 890 1487 828 1487 828 1488 890 1488 891 1488 828 1489 891 1489 801 1489 801 1490 891 1490 892 1490 801 1491 892 1491 802 1491 802 1492 892 1492 893 1492 802 1493 893 1493 775 1493 775 1494 893 1494 894 1494 775 1495 894 1495 829 1495 829 1496 894 1496 895 1496 829 1497 895 1497 830 1497 830 1498 895 1498 896 1498 830 1499 896 1499 803 1499 803 1500 896 1500 897 1500 803 1501 897 1501 804 1501 804 1502 897 1502 842 1502 844 1503 898 1503 805 1503 805 1504 898 1504 899 1504 805 1505 899 1505 831 1505 831 1506 899 1506 900 1506 831 1507 900 1507 780 1507 780 1508 900 1508 901 1508 780 1509 901 1509 832 1509 832 1510 901 1510 902 1510 832 1511 902 1511 806 1511 806 1512 902 1512 903 1512 806 1513 903 1513 807 1513 807 1514 903 1514 904 1514 807 1515 904 1515 833 1515 833 1516 904 1516 905 1516 833 1517 905 1517 834 1517 834 1518 905 1518 845 1518 847 1519 906 1519 808 1519 808 1520 906 1520 907 1520 808 1521 907 1521 781 1521 781 1522 907 1522 848 1522 628 1523 907 1523 629 1523 629 1524 907 1524 906 1524 629 1525 906 1525 635 1525 635 1526 906 1526 847 1526 635 1527 847 1527 640 1527 640 1528 847 1528 846 1528 640 1529 846 1529 620 1529 620 1530 846 1530 845 1530 620 1531 845 1531 618 1531 618 1532 845 1532 905 1532 618 1533 905 1533 619 1533 619 1534 905 1534 904 1534 619 1535 904 1535 625 1535 625 1536 904 1536 903 1536 625 1537 903 1537 626 1537 626 1538 903 1538 902 1538 626 1539 902 1539 633 1539 633 1540 902 1540 901 1540 633 1541 901 1541 638 1541 638 1542 901 1542 900 1542 638 1543 900 1543 617 1543 617 1544 900 1544 899 1544 617 1545 899 1545 615 1545 615 1546 899 1546 898 1546 615 1547 898 1547 616 1547 616 1548 898 1548 844 1548 616 1549 844 1549 614 1549 614 1550 844 1550 843 1550 614 1551 843 1551 612 1551 612 1552 843 1552 842 1552 612 1553 842 1553 613 1553 613 1554 842 1554 897 1554 613 1555 897 1555 610 1555 610 1556 897 1556 896 1556 610 1557 896 1557 611 1557 611 1558 896 1558 895 1558 611 1559 895 1559 609 1559 609 1560 895 1560 894 1560 609 1561 894 1561 607 1561 607 1562 894 1562 893 1562 607 1563 893 1563 608 1563 608 1564 893 1564 892 1564 608 1565 892 1565 606 1565 606 1566 892 1566 891 1566 606 1567 891 1567 604 1567 604 1568 891 1568 890 1568 604 1569 890 1569 605 1569 605 1570 890 1570 889 1570 605 1571 889 1571 603 1571 603 1572 889 1572 888 1572 603 1573 888 1573 601 1573 601 1574 888 1574 841 1574 601 1575 841 1575 602 1575 602 1576 841 1576 887 1576 602 1577 887 1577 600 1577 600 1578 887 1578 886 1578 600 1579 886 1579 598 1579 598 1580 886 1580 885 1580 598 1581 885 1581 599 1581 599 1582 885 1582 840 1582 599 1583 840 1583 596 1583 596 1584 840 1584 884 1584 596 1585 884 1585 597 1585 597 1586 884 1586 883 1586 597 1587 883 1587 595 1587 595 1588 883 1588 839 1588 595 1589 839 1589 593 1589 593 1590 839 1590 838 1590 593 1591 838 1591 594 1591 594 1592 838 1592 882 1592 594 1593 882 1593 592 1593 592 1594 882 1594 881 1594 592 1595 881 1595 590 1595 590 1596 881 1596 880 1596 590 1597 880 1597 591 1597 591 1598 880 1598 879 1598 591 1599 879 1599 589 1599 589 1600 879 1600 878 1600 589 1601 878 1601 587 1601 587 1602 878 1602 877 1602 587 1603 877 1603 588 1603 588 1604 877 1604 876 1604 588 1605 876 1605 586 1605 586 1606 876 1606 875 1606 586 1607 875 1607 584 1607 584 1608 875 1608 874 1608 584 1609 874 1609 585 1609 585 1610 874 1610 837 1610 585 1611 837 1611 582 1611 582 1612 837 1612 836 1612 582 1613 836 1613 583 1613 583 1614 836 1614 873 1614 583 1615 873 1615 581 1615 581 1616 873 1616 872 1616 581 1617 872 1617 579 1617 579 1618 872 1618 871 1618 579 1619 871 1619 580 1619 580 1620 871 1620 870 1620 580 1621 870 1621 578 1621 578 1622 870 1622 869 1622 578 1623 869 1623 576 1623 576 1624 869 1624 868 1624 576 1625 868 1625 577 1625 577 1626 868 1626 867 1626 577 1627 867 1627 575 1627 575 1628 867 1628 866 1628 575 1629 866 1629 574 1629 574 1630 866 1630 865 1630 574 1631 865 1631 572 1631 572 1632 865 1632 864 1632 572 1633 864 1633 573 1633 573 1634 864 1634 863 1634 573 1635 863 1635 571 1635 571 1636 863 1636 862 1636 571 1637 862 1637 569 1637 569 1638 862 1638 861 1638 569 1639 861 1639 570 1639 570 1640 861 1640 860 1640 570 1641 860 1641 568 1641 568 1642 860 1642 835 1642 568 1643 835 1643 566 1643 566 1644 835 1644 859 1644 566 1645 859 1645 567 1645 567 1646 859 1646 858 1646 567 1647 858 1647 565 1647 565 1648 858 1648 857 1648 565 1649 857 1649 563 1649 563 1650 857 1650 856 1650 563 1651 856 1651 564 1651 564 1652 856 1652 855 1652 564 1653 855 1653 622 1653 622 1654 855 1654 854 1654 622 1655 854 1655 623 1655 623 1656 854 1656 853 1656 623 1657 853 1657 631 1657 631 1658 853 1658 852 1658 631 1659 852 1659 636 1659 636 1660 852 1660 851 1660 636 1661 851 1661 562 1661 562 1662 851 1662 850 1662 562 1663 850 1663 560 1663 560 1664 850 1664 849 1664 560 1665 849 1665 561 1665 561 1666 849 1666 848 1666 561 1667 848 1667 628 1667 628 1668 848 1668 907 1668 908 1669 738 1669 1029 1669 1029 1670 738 1670 739 1670 1029 1671 739 1671 957 1671 957 1672 739 1672 740 1672 957 1673 740 1673 741 1673 957 1674 741 1674 1051 1674 1051 1675 741 1675 1031 1675 1031 1676 741 1676 743 1676 1031 1677 743 1677 1030 1677 1030 1678 743 1678 742 1678 1030 1679 742 1679 962 1679 962 1680 742 1680 744 1680 962 1681 744 1681 1032 1681 1032 1682 744 1682 745 1682 1032 1683 745 1683 1033 1683 1033 1684 745 1684 747 1684 1033 1685 747 1685 746 1685 1033 1686 746 1686 966 1686 966 1687 746 1687 1034 1687 1034 1688 746 1688 748 1688 1034 1689 748 1689 1035 1689 1035 1690 748 1690 750 1690 1035 1691 750 1691 970 1691 970 1692 750 1692 749 1692 970 1693 749 1693 972 1693 972 1694 749 1694 751 1694 972 1695 751 1695 1052 1695 1052 1696 751 1696 752 1696 1052 1697 752 1697 1036 1697 1036 1698 752 1698 754 1698 1036 1699 754 1699 976 1699 976 1700 754 1700 753 1700 976 1701 753 1701 1053 1701 1053 1702 753 1702 755 1702 1053 1703 755 1703 1038 1703 1038 1704 755 1704 757 1704 1038 1705 757 1705 1037 1705 1037 1706 757 1706 756 1706 1037 1707 756 1707 758 1707 1037 1708 758 1708 1039 1708 1039 1709 758 1709 1040 1709 1040 1710 758 1710 759 1710 1040 1711 759 1711 1041 1711 1041 1712 759 1712 761 1712 1041 1713 761 1713 760 1713 1041 1714 760 1714 984 1714 984 1715 760 1715 1042 1715 1042 1716 760 1716 762 1716 1042 1717 762 1717 1043 1717 1043 1718 762 1718 764 1718 1043 1719 764 1719 909 1719 909 1720 764 1720 763 1720 909 1721 763 1721 1004 1721 1004 1722 763 1722 765 1722 1004 1723 765 1723 997 1723 997 1724 765 1724 766 1724 997 1725 766 1725 1008 1725 1008 1726 766 1726 768 1726 1008 1727 768 1727 989 1727 989 1728 768 1728 767 1728 989 1729 767 1729 1044 1729 1044 1730 767 1730 769 1730 1044 1731 769 1731 1045 1731 1045 1732 769 1732 771 1732 1045 1733 771 1733 910 1733 910 1734 771 1734 770 1734 910 1735 770 1735 1006 1735 1006 1736 770 1736 772 1736 1006 1737 772 1737 1000 1737 1000 1738 772 1738 773 1738 1000 1739 773 1739 1009 1739 1009 1740 773 1740 774 1740 1009 1741 774 1741 915 1741 915 1742 774 1742 704 1742 915 1743 704 1743 1010 1743 1010 1744 704 1744 705 1744 1010 1745 705 1745 1011 1745 1011 1746 705 1746 707 1746 1011 1747 707 1747 911 1747 911 1748 707 1748 706 1748 911 1749 706 1749 1002 1749 1002 1750 706 1750 708 1750 1002 1751 708 1751 993 1751 993 1752 708 1752 709 1752 993 1753 709 1753 994 1753 994 1754 709 1754 711 1754 994 1755 711 1755 710 1755 994 1756 710 1756 920 1756 920 1757 710 1757 1012 1757 1012 1758 710 1758 712 1758 1012 1759 712 1759 1013 1759 1013 1760 712 1760 714 1760 1013 1761 714 1761 924 1761 924 1762 714 1762 713 1762 924 1763 713 1763 715 1763 924 1764 715 1764 1014 1764 1014 1765 715 1765 1046 1765 1046 1766 715 1766 716 1766 1046 1767 716 1767 1015 1767 1015 1768 716 1768 718 1768 1015 1769 718 1769 717 1769 1015 1770 717 1770 1016 1770 1016 1771 717 1771 1047 1771 1047 1772 717 1772 719 1772 1047 1773 719 1773 1017 1773 1017 1774 719 1774 721 1774 1017 1775 721 1775 930 1775 930 1776 721 1776 720 1776 930 1777 720 1777 1048 1777 1048 1778 720 1778 722 1778 1048 1779 722 1779 912 1779 912 1780 722 1780 723 1780 912 1781 723 1781 1018 1781 1018 1782 723 1782 725 1782 1018 1783 725 1783 724 1783 1018 1784 724 1784 937 1784 937 1785 724 1785 726 1785 937 1786 726 1786 1049 1786 1049 1787 726 1787 1020 1787 1020 1788 726 1788 728 1788 1020 1789 728 1789 1019 1789 1019 1790 728 1790 727 1790 1019 1791 727 1791 1050 1791 1050 1792 727 1792 702 1792 1050 1793 702 1793 1022 1793 1022 1794 702 1794 703 1794 1022 1795 703 1795 1021 1795 1021 1796 703 1796 730 1796 1021 1797 730 1797 1023 1797 1023 1798 730 1798 729 1798 1023 1799 729 1799 1024 1799 1024 1800 729 1800 731 1800 1024 1801 731 1801 1025 1801 1025 1802 731 1802 733 1802 1025 1803 733 1803 948 1803 948 1804 733 1804 732 1804 948 1805 732 1805 1026 1805 1026 1806 732 1806 734 1806 1026 1807 734 1807 1027 1807 1027 1808 734 1808 736 1808 1027 1809 736 1809 1028 1809 1028 1810 736 1810 735 1810 1028 1811 735 1811 953 1811 953 1812 735 1812 737 1812 953 1813 737 1813 738 1813 953 1814 738 1814 908 1814 913 1815 914 1815 915 1815 918 1816 919 1816 920 1816 922 1817 923 1817 924 1817 930 1818 931 1818 929 1818 931 1819 930 1819 932 1819 936 1820 934 1820 937 1820 946 1821 947 1821 948 1821 952 1822 950 1822 953 1822 956 1823 954 1823 957 1823 960 1824 961 1824 962 1824 964 1825 965 1825 966 1825 968 1826 969 1826 970 1826 971 1827 968 1827 972 1827 975 1828 973 1828 976 1828 982 1829 983 1829 984 1829 987 1830 988 1830 989 1830 993 1831 994 1831 995 1831 993 1832 995 1832 996 1832 997 1833 998 1833 999 1833 1000 1834 992 1834 1001 1834 1002 1835 993 1835 996 1835 1002 1836 996 1836 1003 1836 1004 1837 997 1837 999 1837 1004 1838 999 1838 1005 1838 1006 1839 1000 1839 1001 1839 1006 1840 1001 1840 1007 1840 911 1841 1002 1841 1003 1841 911 1842 1003 1842 917 1842 909 1843 1004 1843 1005 1843 909 1844 1005 1844 986 1844 910 1845 1006 1845 991 1845 991 1846 1006 1846 1007 1846 913 1847 915 1847 1010 1847 916 1848 913 1848 1010 1848 916 1849 1010 1849 1011 1849 918 1850 920 1850 1012 1850 921 1851 918 1851 1012 1851 921 1852 1012 1852 1013 1852 922 1853 924 1853 1014 1853 926 1854 927 1854 1015 1854 926 1855 1015 1855 1016 1855 930 1856 929 1856 1017 1856 934 1857 935 1857 937 1857 937 1858 935 1858 1018 1858 938 1859 939 1859 1019 1859 1019 1860 939 1860 1020 1860 941 1861 942 1861 1021 1861 1021 1862 942 1862 1022 1862 943 1863 944 1863 1023 1863 943 1864 1023 1864 1024 1864 945 1865 943 1865 1024 1865 945 1866 1024 1866 1025 1866 946 1867 948 1867 1026 1867 949 1868 946 1868 1026 1868 949 1869 1026 1869 1027 1869 950 1870 951 1870 953 1870 953 1871 951 1871 1028 1871 954 1872 955 1872 957 1872 957 1873 955 1873 1029 1873 958 1874 959 1874 1030 1874 1030 1875 959 1875 1031 1875 960 1876 962 1876 1032 1876 963 1877 960 1877 1033 1877 1033 1878 960 1878 1032 1878 964 1879 966 1879 1034 1879 967 1880 964 1880 1034 1880 967 1881 1034 1881 1035 1881 968 1882 970 1882 972 1882 973 1883 974 1883 976 1883 976 1884 974 1884 1036 1884 977 1885 978 1885 1037 1885 1037 1886 978 1886 1038 1886 979 1887 980 1887 1039 1887 979 1888 1039 1888 1040 1888 981 1889 979 1889 1040 1889 981 1890 1040 1890 1041 1890 982 1891 984 1891 1042 1891 985 1892 982 1892 1042 1892 985 1893 1042 1893 1043 1893 987 1894 989 1894 1044 1894 990 1895 987 1895 1045 1895 1045 1896 987 1896 1044 1896 917 1897 916 1897 911 1897 911 1898 916 1898 1011 1898 994 1899 920 1899 995 1899 995 1900 920 1900 919 1900 1013 1901 924 1901 921 1901 921 1902 924 1902 923 1902 925 1903 922 1903 1046 1903 1046 1904 922 1904 1014 1904 1046 1905 1015 1905 927 1905 1046 1906 927 1906 925 1906 928 1907 926 1907 1016 1907 928 1908 1016 1908 1047 1908 1047 1909 1017 1909 929 1909 1047 1910 929 1910 928 1910 932 1911 930 1911 1048 1911 933 1912 932 1912 1048 1912 933 1913 1048 1913 912 1913 912 1914 1018 1914 935 1914 912 1915 935 1915 933 1915 936 1916 937 1916 1049 1916 1049 1917 1020 1917 939 1917 1049 1918 939 1918 936 1918 940 1919 938 1919 1019 1919 940 1920 1019 1920 1050 1920 1050 1921 1022 1921 942 1921 1050 1922 942 1922 940 1922 1021 1923 1023 1923 941 1923 941 1924 1023 1924 944 1924 1025 1925 948 1925 945 1925 945 1926 948 1926 947 1926 1027 1927 1028 1927 951 1927 1027 1928 951 1928 949 1928 952 1929 953 1929 908 1929 908 1930 1029 1930 952 1930 952 1931 1029 1931 955 1931 956 1932 957 1932 1051 1932 1051 1933 1031 1933 956 1933 956 1934 1031 1934 959 1934 1030 1935 962 1935 961 1935 1030 1936 961 1936 958 1936 1033 1937 966 1937 963 1937 963 1938 966 1938 965 1938 1035 1939 970 1939 967 1939 967 1940 970 1940 969 1940 971 1941 972 1941 1052 1941 1052 1942 1036 1942 974 1942 1052 1943 974 1943 971 1943 975 1944 976 1944 1053 1944 1053 1945 1038 1945 975 1945 975 1946 1038 1946 978 1946 1037 1947 1039 1947 980 1947 1037 1948 980 1948 977 1948 1041 1949 984 1949 981 1949 981 1950 984 1950 983 1950 986 1951 985 1951 909 1951 909 1952 985 1952 1043 1952 997 1953 1008 1953 998 1953 1008 1954 989 1954 998 1954 998 1955 989 1955 988 1955 991 1956 990 1956 1045 1956 991 1957 1045 1957 910 1957 1000 1958 1009 1958 992 1958 914 1959 992 1959 915 1959 915 1960 992 1960 1009 1960 1054 1961 929 1961 931 1961 1055 1962 958 1962 1056 1962 1056 1963 958 1963 961 1963 1056 1964 961 1964 1057 1964 961 1965 960 1965 1057 1965 1057 1966 960 1966 963 1966 1057 1967 963 1967 1058 1967 1058 1968 963 1968 965 1968 1058 1963 965 1963 1059 1963 1059 1969 965 1969 964 1969 1059 1970 964 1970 1060 1970 964 1971 967 1971 1060 1971 1060 1972 967 1972 969 1972 1060 1973 969 1973 1061 1973 1061 1963 969 1963 968 1963 1061 1963 968 1963 1062 1963 1054 1974 931 1974 1063 1974 1063 1975 931 1975 932 1975 1063 1976 932 1976 1064 1976 1065 1977 945 1977 1066 1977 1066 1978 945 1978 947 1978 1066 1963 947 1963 1067 1963 1067 1979 947 1979 946 1979 1067 1980 946 1980 1068 1980 946 1981 949 1981 1068 1981 1068 1982 949 1982 951 1982 1068 1983 951 1983 1069 1983 1069 1984 951 1984 950 1984 1069 1963 950 1963 1070 1963 950 1985 952 1985 1070 1985 1070 1986 952 1986 955 1986 1070 1987 955 1987 1071 1987 1071 1988 955 1988 954 1988 1071 1963 954 1963 1072 1963 1072 1989 954 1989 956 1989 1072 1990 956 1990 1055 1990 1055 1991 956 1991 959 1991 1055 1992 959 1992 958 1992 968 1993 971 1993 1062 1993 1062 1994 971 1994 974 1994 1062 1995 974 1995 1073 1995 1073 1996 974 1996 973 1996 1073 1997 973 1997 1074 1997 1074 1998 973 1998 975 1998 1074 1999 975 1999 1075 1999 975 2000 978 2000 1075 2000 1075 2001 978 2001 977 2001 1075 1963 977 1963 1076 1963 1076 2002 977 2002 980 2002 1076 2003 980 2003 1077 2003 1078 2004 991 2004 1079 2004 1079 2005 991 2005 1007 2005 1079 1963 1007 1963 1080 1963 932 2006 933 2006 1064 2006 1064 2007 933 2007 935 2007 1064 2008 935 2008 1081 2008 1081 2009 935 2009 934 2009 1081 1963 934 1963 1082 1963 1082 2010 934 2010 936 2010 1082 2011 936 2011 1083 2011 980 2012 979 2012 1077 2012 1077 2013 979 2013 981 2013 1077 2014 981 2014 1084 2014 1084 2015 981 2015 983 2015 1084 1963 983 1963 1085 1963 1085 2016 983 2016 982 2016 1085 2017 982 2017 1086 2017 982 2018 985 2018 1086 2018 1086 2019 985 2019 986 2019 1086 2020 986 2020 1087 2020 1087 2021 986 2021 1005 2021 1087 2022 1005 2022 1088 2022 1005 2023 999 2023 1088 2023 1088 2024 999 2024 998 2024 1088 2025 998 2025 1089 2025 1089 2026 998 2026 988 2026 1089 2027 988 2027 1090 2027 1090 2028 988 2028 987 2028 1090 2029 987 2029 1078 2029 1078 2030 987 2030 990 2030 1078 2031 990 2031 991 2031 1007 2032 1001 2032 1080 2032 1080 2033 1001 2033 992 2033 1080 2034 992 2034 1091 2034 1091 2035 992 2035 914 2035 1091 2036 914 2036 1092 2036 1092 2037 914 2037 913 2037 1092 2038 913 2038 1093 2038 936 2039 939 2039 1083 2039 1083 2040 939 2040 938 2040 1083 2041 938 2041 1094 2041 1094 2042 938 2042 940 2042 1094 2043 940 2043 1095 2043 940 2044 942 2044 1095 2044 1095 2045 942 2045 941 2045 1095 2046 941 2046 1096 2046 1096 2047 941 2047 944 2047 1096 2048 944 2048 1065 2048 1065 2049 944 2049 943 2049 1065 2050 943 2050 945 2050 913 2051 916 2051 1093 2051 1093 2052 916 2052 917 2052 1093 2053 917 2053 1097 2053 1097 2054 917 2054 1003 2054 1097 2055 1003 2055 1098 2055 1003 2056 996 2056 1098 2056 1098 2057 996 2057 995 2057 1098 2058 995 2058 1099 2058 1099 2059 995 2059 919 2059 1099 2060 919 2060 1100 2060 1100 2061 919 2061 918 2061 1100 2062 918 2062 1101 2062 918 2063 921 2063 1101 2063 1101 2064 921 2064 923 2064 1101 1963 923 1963 1102 1963 1102 2065 923 2065 922 2065 1102 2066 922 2066 1103 2066 922 2067 925 2067 1103 2067 1103 2068 925 2068 927 2068 1103 2069 927 2069 1104 2069 1104 2070 927 2070 926 2070 1104 2071 926 2071 1105 2071 1105 2072 926 2072 928 2072 1105 2073 928 2073 1054 2073 1054 2074 928 2074 929 2074 1054 2075 1106 2075 1105 2075 1105 2076 1106 2076 1107 2076 1105 2077 1107 2077 1104 2077 1104 2078 1107 2078 1108 2078 1104 2079 1108 2079 1103 2079 1103 2080 1108 2080 1109 2080 1103 2081 1109 2081 1102 2081 1102 2082 1109 2082 1110 2082 1102 2083 1110 2083 1101 2083 1101 2084 1110 2084 1111 2084 1101 2085 1111 2085 1100 2085 1100 2086 1111 2086 1112 2086 1100 2087 1112 2087 1099 2087 1099 2088 1112 2088 1113 2088 1099 2089 1113 2089 1098 2089 1098 2090 1113 2090 1114 2090 1098 2091 1114 2091 1097 2091 1097 2092 1114 2092 1115 2092 1097 2093 1115 2093 1093 2093 1093 2094 1115 2094 1116 2094 1093 2095 1116 2095 1092 2095 1092 2096 1116 2096 1117 2096 1092 2097 1117 2097 1091 2097 1091 2098 1117 2098 1118 2098 1091 2099 1118 2099 1080 2099 1080 2100 1118 2100 1119 2100 1080 2101 1119 2101 1079 2101 1079 2102 1119 2102 1120 2102 1079 2103 1120 2103 1078 2103 1078 2104 1120 2104 1121 2104 1078 2105 1121 2105 1090 2105 1090 2106 1121 2106 1122 2106 1090 2107 1122 2107 1089 2107 1089 2108 1122 2108 1123 2108 1089 2109 1123 2109 1088 2109 1088 2110 1123 2110 1124 2110 1088 2111 1124 2111 1087 2111 1087 2112 1124 2112 1125 2112 1087 2113 1125 2113 1086 2113 1086 2114 1125 2114 1126 2114 1086 2115 1126 2115 1085 2115 1085 2116 1126 2116 1127 2116 1085 2117 1127 2117 1084 2117 1084 2118 1127 2118 1128 2118 1084 2119 1128 2119 1077 2119 1077 2120 1128 2120 1129 2120 1077 2121 1129 2121 1076 2121 1076 2122 1129 2122 1130 2122 1076 2123 1130 2123 1075 2123 1075 2124 1130 2124 1131 2124 1075 2125 1131 2125 1074 2125 1074 2126 1131 2126 1132 2126 1074 2127 1132 2127 1073 2127 1073 2128 1132 2128 1133 2128 1073 2129 1133 2129 1062 2129 1062 2130 1133 2130 1134 2130 1062 2131 1134 2131 1061 2131 1061 2132 1134 2132 1135 2132 1061 2133 1135 2133 1060 2133 1060 2134 1135 2134 1136 2134 1060 2135 1136 2135 1059 2135 1059 2136 1136 2136 1137 2136 1059 2137 1137 2137 1058 2137 1058 2138 1137 2138 1138 2138 1058 2139 1138 2139 1057 2139 1057 2140 1138 2140 1139 2140 1057 2141 1139 2141 1056 2141 1056 2142 1139 2142 1140 2142 1056 2143 1140 2143 1055 2143 1055 2144 1140 2144 1141 2144 1055 2145 1141 2145 1072 2145 1072 2146 1141 2146 1142 2146 1072 2147 1142 2147 1071 2147 1071 2148 1142 2148 1143 2148 1071 2149 1143 2149 1070 2149 1070 2150 1143 2150 1144 2150 1070 2151 1144 2151 1069 2151 1069 2152 1144 2152 1145 2152 1069 2153 1145 2153 1068 2153 1068 2154 1145 2154 1146 2154 1068 2155 1146 2155 1067 2155 1067 2156 1146 2156 1147 2156 1067 2157 1147 2157 1066 2157 1066 2158 1147 2158 1148 2158 1066 2159 1148 2159 1065 2159 1065 2160 1148 2160 1149 2160 1065 2161 1149 2161 1096 2161 1096 2162 1149 2162 1150 2162 1096 2163 1150 2163 1095 2163 1095 2164 1150 2164 1151 2164 1095 2165 1151 2165 1094 2165 1094 2166 1151 2166 1152 2166 1094 2167 1152 2167 1083 2167 1083 2168 1152 2168 1153 2168 1083 2169 1153 2169 1082 2169 1082 2170 1153 2170 1154 2170 1082 2171 1154 2171 1081 2171 1081 2172 1154 2172 1155 2172 1081 2173 1155 2173 1064 2173 1064 2174 1155 2174 1156 2174 1064 2175 1156 2175 1063 2175 1063 2176 1156 2176 1157 2176 1063 2177 1157 2177 1054 2177 1054 2178 1157 2178 1106 2178 1157 2179 1156 2179 1138 2179 1108 2180 1107 2180 1138 2180 1138 2181 1107 2181 1106 2181 1138 2182 1106 2182 1157 2182 1111 2183 1110 2183 1138 2183 1138 2184 1110 2184 1109 2184 1138 2185 1109 2185 1108 2185 1114 2186 1113 2186 1138 2186 1138 2187 1113 2187 1112 2187 1138 2188 1112 2188 1111 2188 1117 2189 1116 2189 1138 2189 1138 2190 1116 2190 1115 2190 1138 2191 1115 2191 1114 2191 1120 2180 1119 2180 1138 2180 1138 2180 1119 2180 1118 2180 1138 2192 1118 2192 1117 2192 1123 2180 1122 2180 1138 2180 1138 2180 1122 2180 1121 2180 1138 2193 1121 2193 1120 2193 1126 2194 1125 2194 1138 2194 1138 2180 1125 2180 1124 2180 1138 2180 1124 2180 1123 2180 1129 2180 1128 2180 1138 2180 1138 2195 1128 2195 1127 2195 1138 2180 1127 2180 1126 2180 1132 2180 1131 2180 1138 2180 1138 2196 1131 2196 1130 2196 1138 2197 1130 2197 1129 2197 1135 2198 1134 2198 1138 2198 1138 2199 1134 2199 1133 2199 1138 2200 1133 2200 1132 2200 1138 2201 1137 2201 1136 2201 1138 2180 1136 2180 1135 2180 1141 2180 1140 2180 1138 2180 1138 2180 1140 2180 1139 2180 1144 2180 1143 2180 1138 2180 1138 2202 1143 2202 1142 2202 1138 2203 1142 2203 1141 2203 1147 2180 1146 2180 1138 2180 1138 2204 1146 2204 1145 2204 1138 2205 1145 2205 1144 2205 1150 2180 1149 2180 1138 2180 1138 2206 1149 2206 1148 2206 1138 2207 1148 2207 1147 2207 1153 2208 1152 2208 1138 2208 1138 2209 1152 2209 1151 2209 1138 2210 1151 2210 1150 2210 1156 2211 1155 2211 1138 2211 1138 2212 1155 2212 1154 2212 1138 2213 1154 2213 1153 2213</p>
        </polylist>
      </mesh>
    </geometry>
  </library_geometries>
  <library_controllers/>
  <library_visual_scenes>
    <visual_scene id="Scene" name="Scene">
      <node id="eSeries_UR5e_013" name="eSeries_UR5e_013" type="NODE">
        <matrix sid="transform">-9.99987e-4 0 -3.89409e-10 0 -3.89409e-10 1.62919e-10 9.99987e-4 0 0 9.99987e-4 -1.62919e-10 0 0 0 0 1</matrix>
        <instance_geometry url="#eSeries_UR5e_013-mesh" name="eSeries_UR5e_013">
          <bind_material>
            <technique_common>
              <instance_material symbol="JointGrey-material" target="#JointGrey-material"/>
            </technique_common>
          </bind_material>
        </instance_geometry>
      </node>
      <node id="eSeries_UR5e_006" name="eSeries_UR5e_006" type="NODE">
        <matrix sid="transform">-9.99987e-4 0 -3.89409e-10 0 -3.89409e-10 1.62919e-10 9.99987e-4 0 0 9.99987e-4 -1.62919e-10 0 0 0 0 1</matrix>
        <instance_geometry url="#eSeries_UR5e_066-mesh" name="eSeries_UR5e_006">
          <bind_material>
            <technique_common>
              <instance_material symbol="Black-material" target="#Black-material"/>
            </technique_common>
          </bind_material>
        </instance_geometry>
      </node>
    </visual_scene>
  </library_visual_scenes>
  <scene>
    <instance_visual_scene url="#Scene"/>
  </scene>
</COLLADA>
