# Blender 5.2.0 LTS
# www.blender.org
mtllib axia_ft_sensor_visual.mtl
o Axia80_M20.005
v 0.000000 0.020494 -0.000000
v 0.000000 -0.000004 0.000000
v 0.000000 -0.020502 0.000000
v -0.020499 -0.020502 0.000000
v -0.020499 -0.000004 0.000000
v -0.020499 0.020494 -0.000000
v 0.020499 0.020494 -0.000000
v 0.020499 -0.000004 0.000000
v 0.020499 -0.020502 0.000000
v 0.000000 -0.041000 0.005556
v 0.000000 -0.041000 0.005556
v -0.001683 -0.040965 0.005556
v -0.001683 -0.040965 0.005556
v -0.003364 -0.040862 0.005556
v -0.003364 -0.040862 0.005556
v -0.005038 -0.040689 0.005556
v -0.005038 -0.040689 0.005556
v -0.006705 -0.040448 0.005556
v -0.006705 -0.040448 0.005556
v -0.008360 -0.040139 0.005556
v -0.008360 -0.040139 0.005556
v -0.010000 -0.039762 0.005556
v -0.010000 -0.039762 0.005556
v -0.011624 -0.039318 0.005556
v -0.011624 -0.039318 0.005556
v -0.013229 -0.038807 0.005556
v -0.013229 -0.038807 0.005556
v -0.014811 -0.038231 0.005556
v -0.014811 -0.038231 0.005556
v -0.016368 -0.037591 0.005556
v -0.016368 -0.037591 0.005556
v -0.017898 -0.036887 0.005556
v -0.017898 -0.036887 0.005556
v -0.019397 -0.036121 0.005556
v -0.019397 -0.036121 0.005556
v -0.020864 -0.035295 0.005556
v -0.020864 -0.035295 0.005556
v -0.022295 -0.034408 0.005556
v -0.022295 -0.034408 0.005556
v -0.023689 -0.033464 0.005556
v -0.023689 -0.033464 0.005556
v -0.025043 -0.032463 0.005556
v -0.025043 -0.032463 0.005556
v -0.026354 -0.031408 0.005556
v -0.026354 -0.031408 0.005556
v -0.027622 -0.030299 0.005556
v -0.027622 -0.030299 0.005556
v -0.028842 -0.029140 0.005556
v -0.028842 -0.029140 0.005556
v -0.030014 -0.027931 0.005556
v -0.030014 -0.027931 0.005556
v -0.031136 -0.026675 0.005556
v -0.031136 -0.026675 0.005556
v -0.032205 -0.025375 0.005556
v -0.032205 -0.025375 0.005556
v -0.033219 -0.024031 0.005556
v -0.033219 -0.024031 0.005556
v -0.034178 -0.022647 0.005556
v -0.034178 -0.022647 0.005556
v -0.035079 -0.021225 0.005556
v -0.035079 -0.021225 0.005556
v -0.035921 -0.019767 0.005556
v -0.035921 -0.019767 0.005556
v -0.036702 -0.018275 0.005556
v -0.036702 -0.018275 0.005556
v -0.037421 -0.016753 0.005556
v -0.037421 -0.016753 0.005556
v -0.038077 -0.015203 0.005556
v -0.038077 -0.015203 0.005556
v -0.038669 -0.013627 0.005556
v -0.038669 -0.013627 0.005556
v -0.039196 -0.012027 0.005556
v -0.039196 -0.012027 0.005556
v -0.039657 -0.010408 0.005556
v -0.039657 -0.010408 0.005556
v -0.040051 -0.008771 0.005556
v -0.040051 -0.008771 0.005556
v -0.040377 -0.007120 0.005556
v -0.040377 -0.007120 0.005556
v -0.040636 -0.005456 0.005556
v -0.040636 -0.005456 0.005556
v -0.040825 -0.003783 0.005556
v -0.040825 -0.003783 0.005556
v -0.040946 -0.002104 0.005556
v -0.040946 -0.002104 0.005556
v -0.040998 -0.000421 0.005556
v -0.040998 -0.000421 0.005556
v -0.040981 0.001263 0.005556
v -0.040981 0.001263 0.005556
v -0.040894 0.002944 0.005556
v -0.040894 0.002944 0.005556
v -0.040739 0.004620 0.005556
v -0.040739 0.004620 0.005556
v -0.040515 0.006289 0.005556
v -0.040515 0.006289 0.005556
v -0.040223 0.007947 0.005556
v -0.040223 0.007947 0.005556
v -0.039862 0.009592 0.005556
v -0.039862 0.009592 0.005556
v -0.039435 0.011220 0.005556
v -0.039435 0.011220 0.005556
v -0.038941 0.012830 0.005556
v -0.038941 0.012830 0.005556
v -0.038382 0.014418 0.005556
v -0.038382 0.014418 0.005556
v -0.037757 0.015981 0.005556
v -0.037757 0.015981 0.005556
v -0.037069 0.017518 0.005556
v -0.037069 0.017518 0.005556
v -0.036319 0.019025 0.005556
v -0.036319 0.019025 0.005556
v -0.035507 0.020500 0.005556
v -0.035507 0.020500 0.005556
v -0.034636 0.021940 0.005556
v -0.034636 0.021940 0.005556
v -0.033706 0.023344 0.005556
v -0.033706 0.023344 0.005556
v -0.032719 0.024708 0.005556
v -0.032719 0.024708 0.005556
v -0.031677 0.026030 0.005556
v -0.031677 0.026030 0.005556
v -0.030581 0.027309 0.005556
v -0.030581 0.027309 0.005556
v -0.029435 0.028541 0.005556
v -0.029435 0.028541 0.005556
v -0.028238 0.029726 0.005556
v -0.028238 0.029726 0.005556
v -0.026994 0.030860 0.005556
v -0.026994 0.030860 0.005556
v -0.025704 0.031942 0.005556
v -0.025704 0.031942 0.005556
v -0.024371 0.032971 0.005556
v -0.024371 0.032971 0.005556
v -0.022997 0.033943 0.005556
v -0.022997 0.033943 0.005556
v -0.021584 0.034859 0.005556
v -0.021584 0.034859 0.005556
v -0.020134 0.035716 0.005556
v -0.020134 0.035716 0.005556
v -0.018651 0.036512 0.005556
v -0.018651 0.036512 0.005556
v -0.017136 0.037247 0.005556
v -0.017136 0.037247 0.005556
v -0.015593 0.037919 0.005556
v -0.015593 0.037919 0.005556
v -0.014023 0.038527 0.005556
v -0.014023 0.038527 0.005556
v -0.012429 0.039071 0.005556
v -0.012429 0.039071 0.005556
v -0.010815 0.039548 0.005556
v -0.010815 0.039548 0.005556
v -0.009182 0.039959 0.005556
v -0.009182 0.039959 0.005556
v -0.007534 0.040302 0.005556
v -0.007534 0.040302 0.005556
v -0.005873 0.040577 0.005556
v -0.005873 0.040577 0.005556
v -0.004202 0.040784 0.005556
v -0.004202 0.040784 0.005556
v -0.002524 0.040922 0.005556
v -0.002524 0.040922 0.005556
v -0.000842 0.040991 0.005556
v -0.000842 0.040991 0.005556
v 0.000842 0.040991 0.005556
v 0.000842 0.040991 0.005556
v 0.002524 0.040922 0.005556
v 0.002524 0.040922 0.005556
v 0.004202 0.040784 0.005556
v 0.004202 0.040784 0.005556
v 0.005873 0.040577 0.005556
v 0.005873 0.040577 0.005556
v 0.007534 0.040302 0.005556
v 0.007534 0.040302 0.005556
v 0.009182 0.039959 0.005556
v 0.009182 0.039959 0.005556
v 0.010815 0.039548 0.005556
v 0.010815 0.039548 0.005556
v 0.012429 0.039071 0.005556
v 0.012429 0.039071 0.005556
v 0.014023 0.038527 0.005556
v 0.014023 0.038527 0.005556
v 0.015593 0.037919 0.005556
v 0.015593 0.037919 0.005556
v 0.017136 0.037247 0.005556
v 0.017136 0.037247 0.005556
v 0.018651 0.036512 0.005556
v 0.018651 0.036512 0.005556
v 0.020134 0.035716 0.005556
v 0.020134 0.035716 0.005556
v 0.021584 0.034859 0.005556
v 0.021584 0.034859 0.005556
v 0.022997 0.033943 0.005556
v 0.022997 0.033943 0.005556
v 0.024371 0.032971 0.005556
v 0.024371 0.032971 0.005556
v 0.025704 0.031942 0.005556
v 0.025704 0.031942 0.005556
v 0.026994 0.030860 0.005556
v 0.026994 0.030860 0.005556
v 0.028238 0.029726 0.005556
v 0.028238 0.029726 0.005556
v 0.029435 0.028541 0.005556
v 0.029435 0.028541 0.005556
v 0.030581 0.027309 0.005556
v 0.030581 0.027309 0.005556
v 0.031677 0.026030 0.005556
v 0.031677 0.026030 0.005556
v 0.032719 0.024708 0.005556
v 0.032719 0.024708 0.005556
v 0.033706 0.023344 0.005556
v 0.033706 0.023344 0.005556
v 0.034636 0.021940 0.005556
v 0.034636 0.021940 0.005556
v 0.035507 0.020500 0.005556
v 0.035507 0.020500 0.005556
v 0.036319 0.019025 0.005556
v 0.036319 0.019025 0.005556
v 0.037069 0.017518 0.005556
v 0.037069 0.017518 0.005556
v 0.037757 0.015981 0.005556
v 0.037757 0.015981 0.005556
v 0.038382 0.014418 0.005556
v 0.038382 0.014418 0.005556
v 0.038941 0.012830 0.005556
v 0.038941 0.012830 0.005556
v 0.039435 0.011220 0.005556
v 0.039435 0.011220 0.005556
v 0.039862 0.009592 0.005556
v 0.039862 0.009592 0.005556
v 0.040223 0.007947 0.005556
v 0.040223 0.007947 0.005556
v 0.040515 0.006289 0.005556
v 0.040515 0.006289 0.005556
v 0.040739 0.004620 0.005556
v 0.040739 0.004620 0.005556
v 0.040894 0.002944 0.005556
v 0.040894 0.002944 0.005556
v 0.040981 0.001263 0.005556
v 0.040981 0.001263 0.005556
v 0.040998 -0.000421 0.005556
v 0.040998 -0.000421 0.005556
v 0.040946 -0.002104 0.005556
v 0.040946 -0.002104 0.005556
v 0.040825 -0.003783 0.005556
v 0.040825 -0.003783 0.005556
v 0.040636 -0.005456 0.005556
v 0.040636 -0.005456 0.005556
v 0.040377 -0.007120 0.005556
v 0.040377 -0.007120 0.005556
v 0.040051 -0.008771 0.005556
v 0.040051 -0.008771 0.005556
v 0.039657 -0.010408 0.005556
v 0.039657 -0.010408 0.005556
v 0.039196 -0.012027 0.005556
v 0.039196 -0.012027 0.005556
v 0.038669 -0.013627 0.005556
v 0.038669 -0.013627 0.005556
v 0.038077 -0.015203 0.005556
v 0.038077 -0.015203 0.005556
v 0.037421 -0.016753 0.005556
v 0.037421 -0.016753 0.005556
v 0.036702 -0.018275 0.005556
v 0.036702 -0.018275 0.005556
v 0.035921 -0.019767 0.005556
v 0.035921 -0.019767 0.005556
v 0.035079 -0.021225 0.005556
v 0.035079 -0.021225 0.005556
v 0.034178 -0.022647 0.005556
v 0.034178 -0.022647 0.005556
v 0.033219 -0.024031 0.005556
v 0.033219 -0.024031 0.005556
v 0.032205 -0.025375 0.005556
v 0.032205 -0.025375 0.005556
v 0.031136 -0.026675 0.005556
v 0.031136 -0.026675 0.005556
v 0.030014 -0.027931 0.005556
v 0.030014 -0.027931 0.005556
v 0.028842 -0.029140 0.005556
v 0.028842 -0.029140 0.005556
v 0.027622 -0.030299 0.005556
v 0.027622 -0.030299 0.005556
v 0.026354 -0.031408 0.005556
v 0.026354 -0.031408 0.005556
v 0.025043 -0.032463 0.005556
v 0.025043 -0.032463 0.005556
v 0.023689 -0.033464 0.005556
v 0.023689 -0.033464 0.005556
v 0.022295 -0.034408 0.005556
v 0.022295 -0.034408 0.005556
v 0.020864 -0.035295 0.005556
v 0.020864 -0.035295 0.005556
v 0.019397 -0.036121 0.005556
v 0.019397 -0.036121 0.005556
v 0.017898 -0.036887 0.005556
v 0.017898 -0.036887 0.005556
v 0.016368 -0.037591 0.005556
v 0.016368 -0.037591 0.005556
v 0.014811 -0.038231 0.005556
v 0.014811 -0.038231 0.005556
v 0.013229 -0.038807 0.005556
v 0.013229 -0.038807 0.005556
v 0.011624 -0.039318 0.005556
v 0.011624 -0.039318 0.005556
v 0.010000 -0.039762 0.005556
v 0.010000 -0.039762 0.005556
v 0.008360 -0.040139 0.005556
v 0.008360 -0.040139 0.005556
v 0.006705 -0.040448 0.005556
v 0.006705 -0.040448 0.005556
v 0.005038 -0.040689 0.005556
v 0.005038 -0.040689 0.005556
v 0.003364 -0.040862 0.005556
v 0.003364 -0.040862 0.005556
v 0.001683 -0.040965 0.005556
v 0.001683 -0.040965 0.005556
v 0.040496 -0.000570 0.005556
v 0.040438 -0.002243 0.005556
v 0.040311 -0.003912 0.005556
v 0.040115 -0.005575 0.005556
v 0.039850 -0.007228 0.005556
v 0.039517 -0.008868 0.005556
v 0.039117 -0.010494 0.005556
v 0.038650 -0.012101 0.005556
v 0.038117 -0.013688 0.005556
v 0.037519 -0.015251 0.005556
v 0.036856 -0.016789 0.005556
v 0.036131 -0.018298 0.005556
v 0.035344 -0.019775 0.005556
v 0.034497 -0.021219 0.005556
v 0.033590 -0.022626 0.005556
v 0.032627 -0.023995 0.005556
v 0.031607 -0.025323 0.005556
v 0.030534 -0.026607 0.005556
v 0.029408 -0.027846 0.005556
v 0.028232 -0.029038 0.005556
v 0.027008 -0.030180 0.005556
v 0.025738 -0.031270 0.005556
v 0.024424 -0.032307 0.005556
v 0.023068 -0.033289 0.005556
v 0.021672 -0.034214 0.005556
v 0.020240 -0.035080 0.005556
v 0.018773 -0.035886 0.005556
v 0.017274 -0.036632 0.005556
v 0.015745 -0.037314 0.005556
v 0.014190 -0.037933 0.005556
v 0.012610 -0.038487 0.005556
v 0.011009 -0.038975 0.005556
v 0.009389 -0.039397 0.005556
v 0.007753 -0.039751 0.005556
v 0.006103 -0.040037 0.005556
v 0.004444 -0.040255 0.005556
v 0.002776 -0.040405 0.005556
v 0.001104 -0.040485 0.005556
v -0.000570 -0.040496 0.005556
v -0.002243 -0.040438 0.005556
v -0.003912 -0.040311 0.005556
v -0.005575 -0.040115 0.005556
v -0.007228 -0.039850 0.005556
v -0.008868 -0.039517 0.005556
v -0.010494 -0.039117 0.005556
v -0.012101 -0.038650 0.005556
v -0.013688 -0.038117 0.005556
v -0.015252 -0.037519 0.005556
v -0.016789 -0.036856 0.005556
v -0.018298 -0.036131 0.005556
v -0.019775 -0.035344 0.005556
v -0.021219 -0.034497 0.005556
v -0.022626 -0.033590 0.005556
v -0.023995 -0.032626 0.005556
v -0.025323 -0.031607 0.005556
v -0.026607 -0.030534 0.005556
v -0.027847 -0.029408 0.005556
v -0.029038 -0.028232 0.005556
v -0.030180 -0.027008 0.005556
v -0.031270 -0.025738 0.005556
v -0.032307 -0.024423 0.005556
v -0.033289 -0.023068 0.005556
v -0.034214 -0.021672 0.005556
v -0.035080 -0.020240 0.005556
v -0.035887 -0.018773 0.005556
v -0.036632 -0.017274 0.005556
v -0.037314 -0.015745 0.005556
v -0.037933 -0.014190 0.005556
v -0.038487 -0.012610 0.005556
v -0.038975 -0.011009 0.005556
v -0.039397 -0.009389 0.005556
v -0.039751 -0.007753 0.005556
v -0.040038 -0.006103 0.005556
v -0.040256 -0.004444 0.005556
v -0.040405 -0.002776 0.005556
v -0.040485 -0.001104 0.005556
v -0.040496 0.000570 0.005556
v -0.040438 0.002243 0.005556
v -0.040311 0.003912 0.005556
v -0.040115 0.005575 0.005556
v -0.039850 0.007228 0.005556
v -0.039517 0.008868 0.005556
v -0.039117 0.010494 0.005556
v -0.038650 0.012101 0.005556
v -0.038117 0.013688 0.005556
v -0.037519 0.015251 0.005556
v -0.036856 0.016789 0.005556
v -0.036131 0.018298 0.005556
v -0.035344 0.019775 0.005556
v -0.034497 0.021219 0.005556
v -0.033590 0.022626 0.005556
v -0.032627 0.023995 0.005556
v -0.031607 0.025323 0.005556
v -0.030534 0.026607 0.005556
v -0.029408 0.027846 0.005556
v -0.028232 0.029038 0.005556
v -0.027008 0.030180 0.005556
v -0.025738 0.031270 0.005556
v -0.024424 0.032307 0.005556
v -0.023068 0.033289 0.005556
v -0.021672 0.034214 0.005556
v -0.020240 0.035080 0.005556
v -0.018773 0.035886 0.005556
v -0.017274 0.036632 0.005556
v -0.015745 0.037314 0.005556
v -0.014190 0.037933 0.005556
v -0.012610 0.038487 0.005556
v -0.011009 0.038975 0.005556
v -0.009389 0.039397 0.005556
v -0.007753 0.039751 0.005556
v -0.006103 0.040037 0.005556
v -0.004444 0.040255 0.005556
v -0.002776 0.040405 0.005556
v -0.001104 0.040485 0.005556
v 0.000570 0.040496 0.005556
v 0.002243 0.040438 0.005556
v 0.003912 0.040311 0.005556
v 0.005575 0.040115 0.005556
v 0.007228 0.039850 0.005556
v 0.008868 0.039517 0.005556
v 0.010494 0.039117 0.005556
v 0.012101 0.038650 0.005556
v 0.013688 0.038117 0.005556
v 0.015252 0.037519 0.005556
v 0.016789 0.036856 0.005556
v 0.018298 0.036131 0.005556
v 0.019775 0.035344 0.005556
v 0.021219 0.034497 0.005556
v 0.022626 0.033590 0.005556
v 0.023995 0.032626 0.005556
v 0.025323 0.031607 0.005556
v 0.026607 0.030534 0.005556
v 0.027847 0.029408 0.005556
v 0.029038 0.028232 0.005556
v 0.030180 0.027008 0.005556
v 0.031270 0.025738 0.005556
v 0.032307 0.024423 0.005556
v 0.033289 0.023068 0.005556
v 0.034214 0.021672 0.005556
v 0.035080 0.020240 0.005556
v 0.035887 0.018773 0.005556
v 0.036632 0.017274 0.005556
v 0.037314 0.015745 0.005556
v 0.037933 0.014190 0.005556
v 0.038487 0.012610 0.005556
v 0.038975 0.011009 0.005556
v 0.039397 0.009389 0.005556
v 0.039751 0.007753 0.005556
v 0.040038 0.006103 0.005556
v 0.040256 0.004444 0.005556
v 0.040405 0.002776 0.005556
v 0.040485 0.001104 0.005556
v 0.040498 -0.000004 0.005556
v -0.025018 -0.016055 0.017885
v -0.025018 -0.016055 0.017885
v -0.025010 -0.016067 0.017740
v -0.025010 -0.016067 0.017740
v -0.024986 -0.016104 0.017597
v -0.024986 -0.016104 0.017597
v -0.024947 -0.016165 0.017465
v -0.024947 -0.016165 0.017465
v -0.024896 -0.016244 0.017354
v -0.024896 -0.016244 0.017354
v -0.024833 -0.016339 0.017262
v -0.024833 -0.016339 0.017262
v -0.024760 -0.016450 0.017192
v -0.024760 -0.016450 0.017192
v -0.024680 -0.016570 0.017150
v -0.024680 -0.016570 0.017150
v -0.024598 -0.016691 0.017135
v -0.024598 -0.016691 0.017135
v -0.024516 -0.016811 0.017149
v -0.024516 -0.016811 0.017149
v -0.024435 -0.016929 0.017191
v -0.024435 -0.016929 0.017191
v -0.024359 -0.017039 0.017261
v -0.024359 -0.017039 0.017261
v -0.024293 -0.017132 0.017353
v -0.024293 -0.017132 0.017353
v -0.024239 -0.017208 0.017465
v -0.024239 -0.017208 0.017465
v -0.024197 -0.017267 0.017597
v -0.024197 -0.017267 0.017597
v -0.024172 -0.017303 0.017740
v -0.024172 -0.017303 0.017740
v -0.024163 -0.017315 0.017885
v -0.024163 -0.017315 0.017885
v -0.024172 -0.017303 0.018031
v -0.024172 -0.017303 0.018031
v -0.024197 -0.017267 0.018174
v -0.024197 -0.017267 0.018174
v -0.024239 -0.017208 0.018306
v -0.024239 -0.017208 0.018306
v -0.024293 -0.017132 0.018418
v -0.024293 -0.017132 0.018418
v -0.024358 -0.017039 0.018509
v -0.024358 -0.017039 0.018509
v -0.024435 -0.016929 0.018579
v -0.024435 -0.016929 0.018579
v -0.024516 -0.016811 0.018622
v -0.024516 -0.016811 0.018622
v -0.024598 -0.016691 0.018635
v -0.024598 -0.016691 0.018635
v -0.024680 -0.016570 0.018621
v -0.024680 -0.016570 0.018621
v -0.024760 -0.016450 0.018579
v -0.024760 -0.016450 0.018579
v -0.024833 -0.016339 0.018509
v -0.024833 -0.016339 0.018509
v -0.024896 -0.016244 0.018417
v -0.024896 -0.016244 0.018417
v -0.024947 -0.016165 0.018305
v -0.024947 -0.016165 0.018305
v -0.024986 -0.016104 0.018174
v -0.024986 -0.016104 0.018174
v -0.025010 -0.016067 0.018031
v -0.025010 -0.016067 0.018031
v -0.018147 -0.023544 0.017885
v -0.018147 -0.023544 0.017885
v -0.018136 -0.023553 0.017740
v -0.018136 -0.023553 0.017740
v -0.018101 -0.023580 0.017597
v -0.018101 -0.023580 0.017597
v -0.018044 -0.023624 0.017465
v -0.018044 -0.023624 0.017465
v -0.017969 -0.023680 0.017353
v -0.017969 -0.023680 0.017353
v -0.017878 -0.023749 0.017261
v -0.017878 -0.023749 0.017261
v -0.017772 -0.023829 0.017191
v -0.017772 -0.023829 0.017191
v -0.017656 -0.023915 0.017149
v -0.017656 -0.023915 0.017149
v -0.017539 -0.024001 0.017135
v -0.017539 -0.024001 0.017135
v -0.017421 -0.024086 0.017150
v -0.017421 -0.024086 0.017150
v -0.017304 -0.024170 0.017192
v -0.017304 -0.024170 0.017192
v -0.017196 -0.024248 0.017262
v -0.017196 -0.024248 0.017262
v -0.017103 -0.024313 0.017354
v -0.017103 -0.024313 0.017354
v -0.017026 -0.024367 0.017465
v -0.017026 -0.024367 0.017465
v -0.016967 -0.024409 0.017597
v -0.016967 -0.024409 0.017597
v -0.016930 -0.024434 0.017740
v -0.016930 -0.024434 0.017740
v -0.016918 -0.024442 0.017885
v -0.016918 -0.024442 0.017885
v -0.016930 -0.024434 0.018031
v -0.016930 -0.024434 0.018031
v -0.016967 -0.024409 0.018174
v -0.016967 -0.024409 0.018174
v -0.017026 -0.024367 0.018305
v -0.017026 -0.024367 0.018305
v -0.017103 -0.024313 0.018417
v -0.017103 -0.024313 0.018417
v -0.017196 -0.024248 0.018509
v -0.017196 -0.024248 0.018509
v -0.017304 -0.024170 0.018579
v -0.017304 -0.024170 0.018579
v -0.017421 -0.024086 0.018621
v -0.017421 -0.024086 0.018621
v -0.017539 -0.024001 0.018635
v -0.017539 -0.024001 0.018635
v -0.017656 -0.023915 0.018622
v -0.017656 -0.023915 0.018622
v -0.017772 -0.023829 0.018579
v -0.017772 -0.023829 0.018579
v -0.017878 -0.023749 0.018509
v -0.017878 -0.023749 0.018509
v -0.017969 -0.023680 0.018418
v -0.017969 -0.023680 0.018418
v -0.018044 -0.023624 0.018306
v -0.018044 -0.023624 0.018306
v -0.018101 -0.023580 0.018174
v -0.018101 -0.023580 0.018174
v -0.018136 -0.023553 0.018031
v -0.018136 -0.023553 0.018031
v -0.021898 -0.020103 0.017885
v -0.021898 -0.020103 0.017885
v -0.021888 -0.020114 0.017741
v -0.021888 -0.020114 0.017741
v -0.021859 -0.020146 0.017598
v -0.021859 -0.020146 0.017598
v -0.021811 -0.020197 0.017467
v -0.021811 -0.020197 0.017467
v -0.021748 -0.020265 0.017355
v -0.021748 -0.020265 0.017355
v -0.021672 -0.020347 0.017263
v -0.021672 -0.020347 0.017263
v -0.021582 -0.020442 0.017193
v -0.021582 -0.020442 0.017193
v -0.021483 -0.020546 0.017150
v -0.021483 -0.020546 0.017150
v -0.021383 -0.020650 0.017135
v -0.021383 -0.020650 0.017135
v -0.021283 -0.020753 0.017150
v -0.021283 -0.020753 0.017150
v -0.021183 -0.020855 0.017193
v -0.021183 -0.020855 0.017193
v -0.021091 -0.020948 0.017263
v -0.021091 -0.020948 0.017263
v -0.021012 -0.021028 0.017355
v -0.021012 -0.021028 0.017355
v -0.020946 -0.021093 0.017467
v -0.020946 -0.021093 0.017467
v -0.020896 -0.021142 0.017598
v -0.020896 -0.021142 0.017598
v -0.020866 -0.021173 0.017741
v -0.020866 -0.021173 0.017741
v -0.020856 -0.021182 0.017885
v -0.020856 -0.021182 0.017885
v -0.020866 -0.021173 0.018030
v -0.020866 -0.021173 0.018030
v -0.020896 -0.021142 0.018172
v -0.020896 -0.021142 0.018172
v -0.020946 -0.021093 0.018304
v -0.020946 -0.021093 0.018304
v -0.021012 -0.021028 0.018416
v -0.021012 -0.021028 0.018416
v -0.021091 -0.020948 0.018508
v -0.021091 -0.020948 0.018508
v -0.021183 -0.020855 0.018578
v -0.021183 -0.020855 0.018578
v -0.021283 -0.020753 0.018621
v -0.021283 -0.020753 0.018621
v -0.021383 -0.020650 0.018635
v -0.021383 -0.020650 0.018635
v -0.021483 -0.020546 0.018621
v -0.021483 -0.020546 0.018621
v -0.021582 -0.020442 0.018578
v -0.021582 -0.020442 0.018578
v -0.021672 -0.020347 0.018508
v -0.021672 -0.020347 0.018508
v -0.021748 -0.020265 0.018416
v -0.021748 -0.020265 0.018416
v -0.021811 -0.020197 0.018304
v -0.021811 -0.020197 0.018304
v -0.021859 -0.020146 0.018172
v -0.021859 -0.020146 0.018172
v -0.021888 -0.020114 0.018030
v -0.021888 -0.020114 0.018030
v 0.040496 -0.000570 0.008731
v 0.040438 -0.002243 0.008731
v 0.040311 -0.003912 0.008731
v 0.040115 -0.005575 0.008731
v 0.039850 -0.007228 0.008731
v 0.039517 -0.008868 0.008731
v 0.039117 -0.010494 0.008731
v 0.038650 -0.012101 0.008731
v 0.038117 -0.013688 0.008731
v 0.037519 -0.015251 0.008731
v 0.036856 -0.016789 0.008731
v 0.036131 -0.018298 0.008731
v 0.035344 -0.019775 0.008731
v 0.034497 -0.021219 0.008731
v 0.033590 -0.022626 0.008731
v 0.032627 -0.023995 0.008731
v 0.031607 -0.025323 0.008731
v 0.030534 -0.026607 0.008731
v 0.029408 -0.027846 0.008731
v 0.028232 -0.029038 0.008731
v 0.027008 -0.030180 0.008731
v 0.025738 -0.031270 0.008731
v 0.024424 -0.032307 0.008731
v 0.023068 -0.033289 0.008731
v 0.021672 -0.034214 0.008731
v 0.020240 -0.035080 0.008731
v 0.018773 -0.035886 0.008731
v 0.017274 -0.036632 0.008731
v 0.015745 -0.037314 0.008731
v 0.014190 -0.037933 0.008731
v 0.012610 -0.038487 0.008731
v 0.011009 -0.038975 0.008731
v 0.009389 -0.039397 0.008731
v 0.007753 -0.039751 0.008731
v 0.006103 -0.040037 0.008731
v 0.004444 -0.040255 0.008731
v 0.002776 -0.040405 0.008731
v 0.001104 -0.040485 0.008731
v -0.000570 -0.040496 0.008731
v -0.002243 -0.040438 0.008731
v -0.003912 -0.040311 0.008731
v -0.005575 -0.040115 0.008731
v -0.007228 -0.039850 0.008731
v -0.008868 -0.039517 0.008731
v -0.010494 -0.039117 0.008731
v -0.012101 -0.038650 0.008731
v -0.013688 -0.038117 0.008731
v -0.015252 -0.037519 0.008731
v -0.016789 -0.036856 0.008731
v -0.018298 -0.036131 0.008731
v -0.019775 -0.035344 0.008731
v -0.021219 -0.034497 0.008731
v -0.022626 -0.033590 0.008731
v -0.023995 -0.032626 0.008731
v -0.025323 -0.031607 0.008731
v -0.026607 -0.030534 0.008731
v -0.027847 -0.029408 0.008731
v -0.029038 -0.028232 0.008731
v -0.030180 -0.027008 0.008731
v -0.031270 -0.025738 0.008731
v -0.032307 -0.024423 0.008731
v -0.033289 -0.023067 0.008731
v -0.034214 -0.021672 0.008731
v -0.035080 -0.020240 0.008731
v -0.035887 -0.018773 0.008731
v -0.036632 -0.017274 0.008731
v -0.037314 -0.015745 0.008731
v -0.037933 -0.014190 0.008731
v -0.038487 -0.012610 0.008731
v -0.038975 -0.011009 0.008731
v -0.039397 -0.009389 0.008731
v -0.039751 -0.007753 0.008731
v -0.040038 -0.006103 0.008731
v -0.040256 -0.004444 0.008731
v -0.040405 -0.002776 0.008731
v -0.040485 -0.001104 0.008731
v -0.040496 0.000570 0.008731
v -0.040438 0.002243 0.008731
v -0.040311 0.003912 0.008731
v -0.040115 0.005575 0.008731
v -0.039850 0.007228 0.008731
v -0.039517 0.008868 0.008731
v -0.039117 0.010494 0.008731
v -0.038650 0.012101 0.008731
v -0.038117 0.013688 0.008731
v -0.037519 0.015251 0.008731
v -0.036856 0.016789 0.008731
v -0.036131 0.018298 0.008731
v -0.035344 0.019775 0.008731
v -0.034497 0.021219 0.008731
v -0.033590 0.022626 0.008731
v -0.032627 0.023995 0.008731
v -0.031607 0.025323 0.008731
v -0.030534 0.026607 0.008731
v -0.029408 0.027846 0.008731
v -0.028232 0.029038 0.008731
v -0.027008 0.030180 0.008731
v -0.025738 0.031270 0.008731
v -0.024424 0.032307 0.008731
v -0.023068 0.033289 0.008731
v -0.021672 0.034214 0.008731
v -0.020240 0.035080 0.008731
v -0.018773 0.035886 0.008731
v -0.017274 0.036632 0.008731
v -0.015745 0.037314 0.008731
v -0.014190 0.037933 0.008731
v -0.012610 0.038487 0.008731
v -0.011009 0.038975 0.008731
v -0.009389 0.039397 0.008731
v -0.007753 0.039751 0.008731
v -0.006103 0.040037 0.008731
v -0.004444 0.040255 0.008731
v -0.002776 0.040405 0.008731
v -0.001104 0.040485 0.008731
v 0.000570 0.040496 0.008731
v 0.002243 0.040438 0.008731
v 0.003912 0.040311 0.008731
v 0.005575 0.040115 0.008731
v 0.007228 0.039850 0.008731
v 0.008868 0.039517 0.008731
v 0.010494 0.039117 0.008731
v 0.012101 0.038650 0.008731
v 0.013688 0.038117 0.008731
v 0.015252 0.037519 0.008731
v 0.016789 0.036856 0.008731
v 0.018298 0.036131 0.008731
v 0.019775 0.035344 0.008731
v 0.021219 0.034497 0.008731
v 0.022626 0.033590 0.008731
v 0.023995 0.032626 0.008731
v 0.025323 0.031607 0.008731
v 0.026607 0.030534 0.008731
v 0.027847 0.029408 0.008731
v 0.029038 0.028232 0.008731
v 0.030180 0.027008 0.008731
v 0.031270 0.025738 0.008731
v 0.032307 0.024423 0.008731
v 0.033289 0.023068 0.008731
v 0.034214 0.021672 0.008731
v 0.035080 0.020240 0.008731
v 0.035887 0.018773 0.008731
v 0.036632 0.017274 0.008731
v 0.037314 0.015745 0.008731
v 0.037933 0.014190 0.008731
v 0.038487 0.012610 0.008731
v 0.038975 0.011009 0.008731
v 0.039397 0.009389 0.008731
v 0.039751 0.007753 0.008731
v 0.040038 0.006103 0.008731
v 0.040256 0.004444 0.008731
v 0.040405 0.002776 0.008731
v 0.040485 0.001104 0.008731
v -0.032336 -0.025207 0.017885
v -0.032336 -0.025207 0.017885
v -0.032345 -0.025196 0.018030
v -0.032345 -0.025196 0.018030
v -0.032372 -0.025161 0.018173
v -0.032372 -0.025161 0.018173
v -0.032415 -0.025105 0.018305
v -0.032415 -0.025105 0.018305
v -0.032472 -0.025031 0.018417
v -0.032472 -0.025031 0.018417
v -0.032541 -0.024942 0.018509
v -0.032541 -0.024942 0.018509
v -0.032621 -0.024837 0.018579
v -0.032621 -0.024837 0.018579
v -0.032708 -0.024722 0.018621
v -0.032708 -0.024722 0.018621
v -0.032795 -0.024607 0.018635
v -0.032795 -0.024607 0.018635
v -0.032882 -0.024491 0.018621
v -0.032882 -0.024491 0.018621
v -0.032967 -0.024376 0.018579
v -0.032967 -0.024376 0.018579
v -0.033046 -0.024269 0.018508
v -0.033046 -0.024269 0.018508
v -0.033112 -0.024178 0.018416
v -0.033112 -0.024178 0.018416
v -0.033167 -0.024103 0.018305
v -0.033167 -0.024103 0.018305
v -0.033209 -0.024045 0.018173
v -0.033209 -0.024045 0.018173
v -0.033235 -0.024010 0.018030
v -0.033235 -0.024010 0.018030
v -0.033243 -0.023998 0.017885
v -0.033243 -0.023998 0.017885
v -0.033235 -0.024010 0.017741
v -0.033235 -0.024010 0.017741
v -0.033209 -0.024045 0.017598
v -0.033209 -0.024045 0.017598
v -0.033167 -0.024103 0.017466
v -0.033167 -0.024103 0.017466
v -0.033112 -0.024178 0.017354
v -0.033112 -0.024178 0.017354
v -0.033046 -0.024269 0.017263
v -0.033046 -0.024269 0.017263
v -0.032967 -0.024376 0.017192
v -0.032967 -0.024376 0.017192
v -0.032882 -0.024491 0.017150
v -0.032882 -0.024491 0.017150
v -0.032795 -0.024607 0.017135
v -0.032795 -0.024607 0.017135
v -0.032708 -0.024722 0.017149
v -0.032708 -0.024722 0.017149
v -0.032621 -0.024837 0.017192
v -0.032621 -0.024837 0.017192
v -0.032541 -0.024942 0.017262
v -0.032541 -0.024942 0.017262
v -0.032472 -0.025031 0.017354
v -0.032472 -0.025031 0.017354
v -0.032415 -0.025105 0.017466
v -0.032415 -0.025105 0.017466
v -0.032372 -0.025161 0.017597
v -0.032372 -0.025161 0.017597
v -0.032345 -0.025196 0.017741
v -0.032345 -0.025196 0.017741
v -0.027805 -0.018746 0.017885
v -0.030591 -0.021437 0.017885
v -0.027781 -0.018770 0.018106
v -0.030568 -0.021461 0.018106
v -0.027714 -0.018840 0.018308
v -0.030501 -0.021531 0.018308
v -0.027608 -0.018949 0.018472
v -0.030395 -0.021640 0.018472
v -0.027474 -0.019088 0.018584
v -0.030261 -0.021779 0.018584
v -0.027323 -0.019245 0.018633
v -0.030109 -0.021936 0.018633
v -0.027168 -0.019405 0.018617
v -0.029954 -0.022096 0.018617
v -0.027023 -0.019555 0.018535
v -0.029810 -0.022246 0.018535
v -0.026902 -0.019681 0.018396
v -0.029688 -0.022372 0.018396
v -0.026814 -0.019771 0.018211
v -0.029601 -0.022462 0.018211
v -0.026768 -0.019819 0.017997
v -0.029555 -0.022510 0.017997
v -0.026768 -0.019819 0.017774
v -0.029555 -0.022510 0.017774
v -0.026814 -0.019771 0.017560
v -0.029601 -0.022462 0.017560
v -0.026902 -0.019681 0.017375
v -0.029688 -0.022372 0.017375
v -0.027023 -0.019555 0.017236
v -0.029810 -0.022246 0.017236
v -0.027168 -0.019405 0.017154
v -0.029954 -0.022096 0.017154
v -0.027323 -0.019245 0.017138
v -0.030109 -0.021936 0.017138
v -0.027474 -0.019088 0.017187
v -0.030261 -0.021779 0.017187
v -0.027608 -0.018949 0.017299
v -0.030395 -0.021640 0.017299
v -0.027714 -0.018840 0.017463
v -0.030501 -0.021531 0.017463
v -0.027781 -0.018770 0.017664
v -0.030568 -0.021461 0.017664
v -0.025143 -0.032385 0.017885
v -0.025143 -0.032385 0.017885
v -0.025155 -0.032376 0.018030
v -0.025155 -0.032376 0.018030
v -0.025189 -0.032350 0.018173
v -0.025189 -0.032350 0.018173
v -0.025246 -0.032306 0.018305
v -0.025246 -0.032306 0.018305
v -0.025319 -0.032248 0.018416
v -0.025319 -0.032248 0.018416
v -0.025408 -0.032178 0.018508
v -0.025408 -0.032178 0.018508
v -0.025511 -0.032096 0.018579
v -0.025511 -0.032096 0.018579
v -0.025624 -0.032007 0.018621
v -0.025624 -0.032007 0.018621
v -0.025736 -0.031916 0.018635
v -0.025736 -0.031916 0.018635
v -0.025849 -0.031825 0.018621
v -0.025849 -0.031825 0.018621
v -0.025960 -0.031734 0.018579
v -0.025960 -0.031734 0.018579
v -0.026062 -0.031650 0.018509
v -0.026062 -0.031650 0.018509
v -0.026150 -0.031579 0.018417
v -0.026150 -0.031579 0.018417
v -0.026221 -0.031519 0.018305
v -0.026221 -0.031519 0.018305
v -0.026276 -0.031474 0.018173
v -0.026276 -0.031474 0.018173
v -0.026309 -0.031446 0.018030
v -0.026309 -0.031446 0.018030
v -0.026320 -0.031436 0.017885
v -0.026320 -0.031436 0.017885
v -0.026309 -0.031446 0.017741
v -0.026309 -0.031446 0.017741
v -0.026276 -0.031474 0.017597
v -0.026276 -0.031474 0.017597
v -0.026221 -0.031519 0.017466
v -0.026221 -0.031519 0.017466
v -0.026150 -0.031579 0.017354
v -0.026150 -0.031579 0.017354
v -0.026062 -0.031650 0.017262
v -0.026062 -0.031650 0.017262
v -0.025960 -0.031734 0.017192
v -0.025960 -0.031734 0.017192
v -0.025849 -0.031825 0.017149
v -0.025849 -0.031825 0.017149
v -0.025736 -0.031916 0.017135
v -0.025736 -0.031916 0.017135
v -0.025624 -0.032007 0.017150
v -0.025624 -0.032007 0.017150
v -0.025511 -0.032096 0.017192
v -0.025511 -0.032096 0.017192
v -0.025408 -0.032178 0.017263
v -0.025408 -0.032178 0.017263
v -0.025319 -0.032248 0.017354
v -0.025319 -0.032248 0.017354
v -0.025246 -0.032306 0.017466
v -0.025246 -0.032306 0.017466
v -0.025189 -0.032350 0.017598
v -0.025189 -0.032350 0.017598
v -0.025155 -0.032376 0.017741
v -0.025155 -0.032376 0.017741
v -0.020747 -0.026054 0.017885
v -0.023534 -0.028745 0.017885
v -0.020724 -0.026078 0.018106
v -0.023510 -0.028769 0.018106
v -0.020656 -0.026148 0.018308
v -0.023443 -0.028839 0.018308
v -0.020551 -0.026257 0.018472
v -0.023337 -0.028949 0.018472
v -0.020416 -0.026397 0.018584
v -0.023203 -0.029088 0.018584
v -0.020265 -0.026554 0.018633
v -0.023051 -0.029245 0.018633
v -0.020110 -0.026714 0.018617
v -0.022897 -0.029405 0.018617
v -0.019965 -0.026864 0.018535
v -0.022752 -0.029555 0.018535
v -0.019844 -0.026989 0.018396
v -0.022631 -0.029680 0.018396
v -0.019756 -0.027080 0.018211
v -0.022543 -0.029771 0.018211
v -0.019711 -0.027127 0.017997
v -0.022497 -0.029818 0.017997
v -0.019711 -0.027127 0.017774
v -0.022497 -0.029818 0.017774
v -0.019756 -0.027080 0.017560
v -0.022543 -0.029771 0.017560
v -0.019844 -0.026989 0.017375
v -0.022631 -0.029680 0.017375
v -0.019965 -0.026864 0.017236
v -0.022752 -0.029555 0.017236
v -0.020110 -0.026714 0.017154
v -0.022897 -0.029405 0.017154
v -0.020265 -0.026554 0.017138
v -0.023051 -0.029245 0.017138
v -0.020416 -0.026397 0.017187
v -0.023203 -0.029088 0.017187
v -0.020551 -0.026257 0.017299
v -0.023337 -0.028949 0.017299
v -0.020657 -0.026147 0.017464
v -0.023443 -0.028839 0.017464
v -0.020724 -0.026078 0.017664
v -0.023510 -0.028769 0.017664
v -0.030009 -0.027937 0.017885
v -0.030009 -0.027937 0.017885
v -0.029999 -0.027947 0.017741
v -0.029999 -0.027947 0.017741
v -0.029970 -0.027979 0.017598
v -0.029970 -0.027979 0.017598
v -0.029922 -0.028030 0.017467
v -0.029922 -0.028030 0.017467
v -0.029859 -0.028097 0.017355
v -0.029859 -0.028097 0.017355
v -0.029782 -0.028179 0.017263
v -0.029782 -0.028179 0.017263
v -0.029692 -0.028274 0.017192
v -0.029692 -0.028274 0.017192
v -0.029593 -0.028377 0.017150
v -0.029593 -0.028377 0.017150
v -0.029493 -0.028481 0.017135
v -0.029493 -0.028481 0.017135
v -0.029393 -0.028585 0.017150
v -0.029393 -0.028585 0.017150
v -0.029293 -0.028687 0.017193
v -0.029293 -0.028687 0.017193
v -0.029201 -0.028781 0.017263
v -0.029201 -0.028781 0.017263
v -0.029122 -0.028860 0.017355
v -0.029122 -0.028860 0.017355
v -0.029057 -0.028925 0.017467
v -0.029057 -0.028925 0.017467
v -0.029007 -0.028975 0.017599
v -0.029007 -0.028975 0.017599
v -0.028977 -0.029006 0.017741
v -0.028977 -0.029006 0.017741
v -0.028967 -0.029016 0.017886
v -0.028967 -0.029016 0.017886
v -0.028977 -0.029006 0.018030
v -0.028977 -0.029006 0.018030
v -0.029008 -0.028975 0.018173
v -0.029008 -0.028975 0.018173
v -0.029057 -0.028925 0.018304
v -0.029057 -0.028925 0.018304
v -0.029122 -0.028860 0.018416
v -0.029122 -0.028860 0.018416
v -0.029201 -0.028780 0.018508
v -0.029201 -0.028780 0.018508
v -0.029293 -0.028687 0.018578
v -0.029293 -0.028687 0.018578
v -0.029393 -0.028584 0.018621
v -0.029393 -0.028584 0.018621
v -0.029493 -0.028481 0.018635
v -0.029493 -0.028481 0.018635
v -0.029593 -0.028377 0.018621
v -0.029593 -0.028377 0.018621
v -0.029692 -0.028274 0.018578
v -0.029692 -0.028274 0.018578
v -0.029782 -0.028178 0.018508
v -0.029782 -0.028178 0.018508
v -0.029859 -0.028097 0.018416
v -0.029859 -0.028097 0.018416
v -0.029922 -0.028030 0.018304
v -0.029922 -0.028030 0.018304
v -0.029970 -0.027978 0.018172
v -0.029970 -0.027978 0.018172
v -0.029999 -0.027947 0.018029
v -0.029999 -0.027947 0.018029
v -0.024603 -0.022716 0.017885
v -0.027309 -0.025329 0.017885
v -0.024580 -0.022740 0.018106
v -0.027285 -0.025353 0.018106
v -0.024513 -0.022810 0.018308
v -0.027218 -0.025423 0.018308
v -0.024407 -0.022919 0.018472
v -0.027112 -0.025532 0.018472
v -0.024272 -0.023058 0.018584
v -0.026978 -0.025671 0.018584
v -0.024121 -0.023215 0.018633
v -0.026827 -0.025828 0.018633
v -0.023966 -0.023376 0.018617
v -0.026672 -0.025988 0.018617
v -0.023822 -0.023525 0.018535
v -0.026527 -0.026138 0.018535
v -0.023700 -0.023651 0.018396
v -0.026406 -0.026264 0.018396
v -0.023613 -0.023742 0.018211
v -0.026318 -0.026354 0.018211
v -0.023567 -0.023789 0.017997
v -0.026272 -0.026402 0.017997
v -0.023567 -0.023789 0.017774
v -0.026272 -0.026402 0.017774
v -0.023613 -0.023742 0.017560
v -0.026318 -0.026354 0.017560
v -0.023700 -0.023651 0.017375
v -0.026406 -0.026264 0.017375
v -0.023822 -0.023525 0.017236
v -0.026527 -0.026138 0.017236
v -0.023966 -0.023376 0.017154
v -0.026672 -0.025988 0.017154
v -0.024121 -0.023215 0.017138
v -0.026826 -0.025828 0.017138
v -0.024272 -0.023059 0.017187
v -0.026978 -0.025671 0.017187
v -0.024407 -0.022919 0.017299
v -0.027112 -0.025532 0.017299
v -0.024512 -0.022810 0.017463
v -0.027218 -0.025423 0.017463
v -0.024580 -0.022740 0.017664
v -0.027285 -0.025353 0.017664
v 0.005000 0.040694 0.008731
v 0.005000 0.040694 0.008731
v 0.005000 0.040694 0.008731
v 0.006667 0.040454 0.008731
v 0.006667 0.040454 0.008731
v 0.008323 0.040146 0.008731
v 0.008323 0.040146 0.008731
v 0.009964 0.039771 0.008731
v 0.009964 0.039771 0.008731
v 0.011589 0.039328 0.008731
v 0.011589 0.039328 0.008731
v 0.013195 0.038819 0.008731
v 0.013195 0.038819 0.008731
v 0.014778 0.038244 0.008731
v 0.014778 0.038244 0.008731
v 0.016336 0.037605 0.008731
v 0.016336 0.037605 0.008731
v 0.017867 0.036902 0.008731
v 0.017867 0.036902 0.008731
v 0.019367 0.036138 0.008731
v 0.019367 0.036138 0.008731
v 0.020835 0.035312 0.008731
v 0.020835 0.035312 0.008731
v 0.022267 0.034426 0.008731
v 0.022267 0.034426 0.008731
v 0.023662 0.033483 0.008731
v 0.023662 0.033483 0.008731
v 0.025017 0.032483 0.008731
v 0.025017 0.032483 0.008731
v 0.026330 0.031428 0.008731
v 0.026330 0.031428 0.008731
v 0.027599 0.030320 0.008731
v 0.027599 0.030320 0.008731
v 0.028821 0.029161 0.008731
v 0.028821 0.029161 0.008731
v 0.029994 0.027953 0.008731
v 0.029994 0.027953 0.008731
v 0.031117 0.026698 0.008731
v 0.031117 0.026698 0.008731
v 0.032187 0.025397 0.008731
v 0.032187 0.025397 0.008731
v 0.033203 0.024054 0.008731
v 0.033203 0.024054 0.008731
v 0.034163 0.022670 0.008731
v 0.034163 0.022670 0.008731
v 0.035065 0.021248 0.008731
v 0.035065 0.021248 0.008731
v 0.035908 0.019790 0.008731
v 0.035908 0.019790 0.008731
v 0.036690 0.018299 0.008731
v 0.036690 0.018299 0.008731
v 0.037411 0.016776 0.008731
v 0.037411 0.016776 0.008731
v 0.038068 0.015226 0.008731
v 0.038068 0.015226 0.008731
v 0.038661 0.013650 0.008731
v 0.038661 0.013650 0.008731
v 0.039189 0.012050 0.008731
v 0.039189 0.012050 0.008731
v 0.039651 0.010431 0.008731
v 0.039651 0.010431 0.008731
v 0.040046 0.008794 0.008731
v 0.040046 0.008794 0.008731
v 0.040373 0.007142 0.008731
v 0.040373 0.007142 0.008731
v 0.040633 0.005478 0.008731
v 0.040633 0.005478 0.008731
v 0.040823 0.003804 0.008731
v 0.040823 0.003804 0.008731
v 0.040945 0.002125 0.008731
v 0.040945 0.002125 0.008731
v 0.040998 0.000441 0.008731
v 0.040998 0.000441 0.008731
v 0.040981 -0.001243 0.008731
v 0.040981 -0.001243 0.008731
v 0.040896 -0.002925 0.008731
v 0.040896 -0.002925 0.008731
v 0.040741 -0.004602 0.008731
v 0.040741 -0.004602 0.008731
v 0.040518 -0.006271 0.008731
v 0.040518 -0.006271 0.008731
v 0.040226 -0.007930 0.008731
v 0.040226 -0.007930 0.008731
v 0.039866 -0.009575 0.008731
v 0.039866 -0.009575 0.008731
v 0.039440 -0.011204 0.008731
v 0.039440 -0.011204 0.008731
v 0.038946 -0.012814 0.008731
v 0.038946 -0.012814 0.008731
v 0.038387 -0.014403 0.008731
v 0.038387 -0.014403 0.008731
v 0.037763 -0.015967 0.008731
v 0.037763 -0.015967 0.008731
v 0.037076 -0.017505 0.008731
v 0.037076 -0.017505 0.008731
v 0.036325 -0.019013 0.008731
v 0.036325 -0.019013 0.008731
v 0.035514 -0.020488 0.008731
v 0.035514 -0.020488 0.008731
v 0.034643 -0.021930 0.008731
v 0.034643 -0.021930 0.008731
v 0.033713 -0.023334 0.008731
v 0.033713 -0.023334 0.008731
v 0.032726 -0.024699 0.008731
v 0.032726 -0.024699 0.008731
v 0.031684 -0.026022 0.008731
v 0.031684 -0.026022 0.008731
v 0.030589 -0.027301 0.008731
v 0.030589 -0.027301 0.008731
v 0.029442 -0.028534 0.008731
v 0.029442 -0.028534 0.008731
v 0.028245 -0.029719 0.008731
v 0.028245 -0.029719 0.008731
v 0.027001 -0.030854 0.008731
v 0.027001 -0.030854 0.008731
v 0.025711 -0.031937 0.008731
v 0.025711 -0.031937 0.008731
v 0.024377 -0.032966 0.008731
v 0.024377 -0.032966 0.008731
v 0.023003 -0.033939 0.008731
v 0.023003 -0.033939 0.008731
v 0.021590 -0.034855 0.008731
v 0.021590 -0.034855 0.008731
v 0.020140 -0.035712 0.008731
v 0.020140 -0.035712 0.008731
v 0.018657 -0.036509 0.008731
v 0.018657 -0.036509 0.008731
v 0.017141 -0.037245 0.008731
v 0.017141 -0.037245 0.008731
v 0.015597 -0.037917 0.008731
v 0.015597 -0.037917 0.008731
v 0.014027 -0.038526 0.008731
v 0.014027 -0.038526 0.008731
v 0.012433 -0.039069 0.008731
v 0.012433 -0.039069 0.008731
v 0.010818 -0.039547 0.008731
v 0.010818 -0.039547 0.008731
v 0.009185 -0.039958 0.008731
v 0.009185 -0.039958 0.008731
v 0.007536 -0.040301 0.008731
v 0.007536 -0.040301 0.008731
v 0.005875 -0.040577 0.008731
v 0.005875 -0.040577 0.008731
v 0.004203 -0.040784 0.008731
v 0.004203 -0.040784 0.008731
v 0.002525 -0.040922 0.008731
v 0.002525 -0.040922 0.008731
v 0.000842 -0.040991 0.008731
v 0.000842 -0.040991 0.008731
v -0.000842 -0.040991 0.008731
v -0.000842 -0.040991 0.008731
v -0.002525 -0.040922 0.008731
v -0.002525 -0.040922 0.008731
v -0.004203 -0.040784 0.008731
v -0.004203 -0.040784 0.008731
v -0.005875 -0.040577 0.008731
v -0.005875 -0.040577 0.008731
v -0.007536 -0.040301 0.008731
v -0.007536 -0.040301 0.008731
v -0.009185 -0.039958 0.008731
v -0.009185 -0.039958 0.008731
v -0.010818 -0.039547 0.008731
v -0.010818 -0.039547 0.008731
v -0.012433 -0.039069 0.008731
v -0.012433 -0.039069 0.008731
v -0.014027 -0.038526 0.008731
v -0.014027 -0.038526 0.008731
v -0.015597 -0.037917 0.008731
v -0.015597 -0.037917 0.008731
v -0.017141 -0.037245 0.008731
v -0.017141 -0.037245 0.008731
v -0.018657 -0.036509 0.008731
v -0.018657 -0.036509 0.008731
v -0.020140 -0.035712 0.008731
v -0.020140 -0.035712 0.008731
v -0.021590 -0.034855 0.008731
v -0.021590 -0.034855 0.008731
v -0.023003 -0.033939 0.008731
v -0.023003 -0.033939 0.008731
v -0.024377 -0.032966 0.008731
v -0.024377 -0.032966 0.008731
v -0.025711 -0.031937 0.008731
v -0.025711 -0.031937 0.008731
v -0.027001 -0.030854 0.008731
v -0.027001 -0.030854 0.008731
v -0.028245 -0.029719 0.008731
v -0.028245 -0.029719 0.008731
v -0.029442 -0.028534 0.008731
v -0.029442 -0.028534 0.008731
v -0.030589 -0.027301 0.008731
v -0.030589 -0.027301 0.008731
v -0.031684 -0.026022 0.008731
v -0.031684 -0.026022 0.008731
v -0.032726 -0.024699 0.008731
v -0.032726 -0.024699 0.008731
v -0.033713 -0.023334 0.008731
v -0.033713 -0.023334 0.008731
v -0.034643 -0.021930 0.008731
v -0.034643 -0.021930 0.008731
v -0.035514 -0.020488 0.008731
v -0.035514 -0.020488 0.008731
v -0.036325 -0.019013 0.008731
v -0.036325 -0.019013 0.008731
v -0.037076 -0.017505 0.008731
v -0.037076 -0.017505 0.008731
v -0.037763 -0.015967 0.008731
v -0.037763 -0.015967 0.008731
v -0.038387 -0.014403 0.008731
v -0.038387 -0.014403 0.008731
v -0.038946 -0.012814 0.008731
v -0.038946 -0.012814 0.008731
v -0.039440 -0.011204 0.008731
v -0.039440 -0.011204 0.008731
v -0.039866 -0.009575 0.008731
v -0.039866 -0.009575 0.008731
v -0.040226 -0.007930 0.008731
v -0.040226 -0.007930 0.008731
v -0.040518 -0.006271 0.008731
v -0.040518 -0.006271 0.008731
v -0.040741 -0.004602 0.008731
v -0.040741 -0.004602 0.008731
v -0.040896 -0.002925 0.008731
v -0.040896 -0.002925 0.008731
v -0.040981 -0.001243 0.008731
v -0.040981 -0.001243 0.008731
v -0.040998 0.000441 0.008731
v -0.040998 0.000441 0.008731
v -0.040945 0.002125 0.008731
v -0.040945 0.002125 0.008731
v -0.040823 0.003804 0.008731
v -0.040823 0.003804 0.008731
v -0.040633 0.005478 0.008731
v -0.040633 0.005478 0.008731
v -0.040373 0.007142 0.008731
v -0.040373 0.007142 0.008731
v -0.040046 0.008794 0.008731
v -0.040046 0.008794 0.008731
v -0.039651 0.010431 0.008731
v -0.039651 0.010431 0.008731
v -0.039189 0.012050 0.008731
v -0.039189 0.012050 0.008731
v -0.038661 0.013650 0.008731
v -0.038661 0.013650 0.008731
v -0.038068 0.015226 0.008731
v -0.038068 0.015226 0.008731
v -0.037411 0.016776 0.008731
v -0.037411 0.016776 0.008731
v -0.036690 0.018299 0.008731
v -0.036690 0.018299 0.008731
v -0.035908 0.019790 0.008731
v -0.035908 0.019790 0.008731
v -0.035065 0.021248 0.008731
v -0.035065 0.021248 0.008731
v -0.034163 0.022670 0.008731
v -0.034163 0.022670 0.008731
v -0.033203 0.024054 0.008731
v -0.033203 0.024054 0.008731
v -0.032187 0.025397 0.008731
v -0.032187 0.025397 0.008731
v -0.031117 0.026698 0.008731
v -0.031117 0.026698 0.008731
v -0.029994 0.027953 0.008731
v -0.029994 0.027953 0.008731
v -0.028821 0.029161 0.008731
v -0.028821 0.029161 0.008731
v -0.027599 0.030320 0.008731
v -0.027599 0.030320 0.008731
v -0.026330 0.031428 0.008731
v -0.026330 0.031428 0.008731
v -0.025017 0.032483 0.008731
v -0.025017 0.032483 0.008731
v -0.023662 0.033483 0.008731
v -0.023662 0.033483 0.008731
v -0.022267 0.034426 0.008731
v -0.022267 0.034426 0.008731
v -0.020835 0.035312 0.008731
v -0.020835 0.035312 0.008731
v -0.019367 0.036138 0.008731
v -0.019367 0.036138 0.008731
v -0.017867 0.036902 0.008731
v -0.017867 0.036902 0.008731
v -0.016336 0.037605 0.008731
v -0.016336 0.037605 0.008731
v -0.014778 0.038244 0.008731
v -0.014778 0.038244 0.008731
v -0.013195 0.038819 0.008731
v -0.013195 0.038819 0.008731
v -0.011589 0.039328 0.008731
v -0.011589 0.039328 0.008731
v -0.009964 0.039771 0.008731
v -0.009964 0.039771 0.008731
v -0.008323 0.040146 0.008731
v -0.008323 0.040146 0.008731
v -0.006667 0.040454 0.008731
v -0.006667 0.040454 0.008731
v -0.005000 0.040694 0.008731
v -0.005000 0.040694 0.008731
v -0.005000 0.040694 0.008731
v -0.004982 0.040444 0.025399
v -0.004982 0.040444 0.025399
v -0.005000 0.040694 0.025149
v -0.005000 0.040694 0.025149
v -0.005000 0.040694 0.025149
v -0.006667 0.040454 0.025149
v -0.006667 0.040454 0.025149
v -0.006626 0.040208 0.025399
v -0.006626 0.040208 0.025399
v -0.008323 0.040146 0.025149
v -0.008323 0.040146 0.025149
v -0.008272 0.039902 0.025399
v -0.008272 0.039902 0.025399
v -0.009964 0.039771 0.025149
v -0.009964 0.039771 0.025149
v -0.009904 0.039528 0.025399
v -0.009904 0.039528 0.025399
v -0.011519 0.039088 0.025399
v -0.011519 0.039088 0.025399
v -0.011589 0.039328 0.025149
v -0.011589 0.039328 0.025149
v -0.013114 0.038582 0.025399
v -0.013114 0.038582 0.025399
v -0.013195 0.038819 0.025149
v -0.013195 0.038819 0.025149
v -0.014688 0.038011 0.025399
v -0.014688 0.038011 0.025399
v -0.014778 0.038244 0.025149
v -0.014778 0.038244 0.025149
v -0.016336 0.037605 0.025149
v -0.016336 0.037605 0.025149
v -0.016236 0.037376 0.025399
v -0.016236 0.037376 0.025399
v -0.017758 0.036677 0.025399
v -0.017758 0.036677 0.025399
v -0.017867 0.036902 0.025149
v -0.017867 0.036902 0.025149
v -0.019249 0.035917 0.025399
v -0.019249 0.035917 0.025399
v -0.019367 0.036138 0.025149
v -0.019367 0.036138 0.025149
v -0.020835 0.035312 0.025149
v -0.020835 0.035312 0.025149
v -0.020708 0.035096 0.025399
v -0.020708 0.035096 0.025399
v -0.022267 0.034426 0.025149
v -0.022267 0.034426 0.025149
v -0.022132 0.034216 0.025399
v -0.022132 0.034216 0.025399
v -0.023518 0.033279 0.025399
v -0.023518 0.033279 0.025399
v -0.023662 0.033483 0.025149
v -0.023662 0.033483 0.025149
v -0.024865 0.032285 0.025399
v -0.024865 0.032285 0.025399
v -0.025017 0.032483 0.025149
v -0.025017 0.032483 0.025149
v -0.026170 0.031236 0.025399
v -0.026170 0.031236 0.025399
v -0.026330 0.031428 0.025149
v -0.026330 0.031428 0.025149
v -0.027599 0.030320 0.025149
v -0.027599 0.030320 0.025149
v -0.027431 0.030135 0.025399
v -0.027431 0.030135 0.025399
v -0.028645 0.028983 0.025399
v -0.028645 0.028983 0.025399
v -0.028821 0.029161 0.025149
v -0.028821 0.029161 0.025149
v -0.029811 0.027782 0.025399
v -0.029811 0.027782 0.025399
v -0.029994 0.027953 0.025149
v -0.029994 0.027953 0.025149
v -0.031117 0.026698 0.025149
v -0.031117 0.026698 0.025149
v -0.030927 0.026535 0.025399
v -0.030927 0.026535 0.025399
v -0.032187 0.025397 0.025149
v -0.032187 0.025397 0.025149
v -0.031991 0.025242 0.025399
v -0.031991 0.025242 0.025399
v -0.033000 0.023907 0.025399
v -0.033000 0.023907 0.025399
v -0.033203 0.024054 0.025149
v -0.033203 0.024054 0.025149
v -0.033954 0.022532 0.025399
v -0.033954 0.022532 0.025399
v -0.034163 0.022670 0.025149
v -0.034163 0.022670 0.025149
v -0.034851 0.021118 0.025399
v -0.034851 0.021118 0.025399
v -0.035065 0.021248 0.025149
v -0.035065 0.021248 0.025149
v -0.035908 0.019790 0.025149
v -0.035908 0.019790 0.025149
v -0.035689 0.019669 0.025399
v -0.035689 0.019669 0.025399
v -0.036466 0.018187 0.025399
v -0.036466 0.018187 0.025399
v -0.036690 0.018299 0.025149
v -0.036690 0.018299 0.025149
v -0.037183 0.016674 0.025399
v -0.037183 0.016674 0.025399
v -0.037411 0.016776 0.025149
v -0.037411 0.016776 0.025149
v -0.038068 0.015226 0.025149
v -0.038068 0.015226 0.025149
v -0.037836 0.015133 0.025399
v -0.037836 0.015133 0.025399
v -0.038661 0.013650 0.025149
v -0.038661 0.013650 0.025149
v -0.038426 0.013566 0.025399
v -0.038426 0.013566 0.025399
v -0.038950 0.011977 0.025399
v -0.038950 0.011977 0.025399
v -0.039189 0.012050 0.025149
v -0.039189 0.012050 0.025149
v -0.039409 0.010367 0.025399
v -0.039409 0.010367 0.025399
v -0.039651 0.010431 0.025149
v -0.039651 0.010431 0.025149
v -0.039802 0.008740 0.025399
v -0.039802 0.008740 0.025399
v -0.040046 0.008794 0.025149
v -0.040046 0.008794 0.025149
v -0.040373 0.007142 0.025149
v -0.040373 0.007142 0.025149
v -0.040127 0.007098 0.025399
v -0.040127 0.007098 0.025399
v -0.040385 0.005444 0.025399
v -0.040385 0.005444 0.025399
v -0.040633 0.005478 0.025149
v -0.040633 0.005478 0.025149
v -0.040574 0.003781 0.025399
v -0.040574 0.003781 0.025399
v -0.040823 0.003804 0.025149
v -0.040823 0.003804 0.025149
v -0.040945 0.002125 0.025149
v -0.040945 0.002125 0.025149
v -0.040695 0.002111 0.025399
v -0.040695 0.002111 0.025399
v -0.040998 0.000441 0.025149
v -0.040998 0.000441 0.025149
v -0.040748 0.000438 0.025399
v -0.040748 0.000438 0.025399
v -0.040731 -0.001235 0.025399
v -0.040731 -0.001235 0.025399
v -0.040981 -0.001243 0.025149
v -0.040981 -0.001243 0.025149
v -0.040646 -0.002907 0.025399
v -0.040646 -0.002907 0.025399
v -0.040896 -0.002925 0.025149
v -0.040896 -0.002925 0.025149
v -0.040493 -0.004574 0.025399
v -0.040493 -0.004574 0.025399
v -0.040741 -0.004602 0.025149
v -0.040741 -0.004602 0.025149
v -0.040518 -0.006271 0.025149
v -0.040518 -0.006271 0.025149
v -0.040271 -0.006233 0.025399
v -0.040271 -0.006233 0.025399
v -0.039981 -0.007881 0.025399
v -0.039981 -0.007881 0.025399
v -0.040226 -0.007930 0.025149
v -0.040226 -0.007930 0.025149
v -0.039623 -0.009517 0.025399
v -0.039623 -0.009517 0.025399
v -0.039866 -0.009575 0.025149
v -0.039866 -0.009575 0.025149
v -0.039440 -0.011204 0.025149
v -0.039440 -0.011204 0.025149
v -0.039199 -0.011136 0.025399
v -0.039199 -0.011136 0.025399
v -0.038946 -0.012814 0.025149
v -0.038946 -0.012814 0.025149
v -0.038709 -0.012736 0.025399
v -0.038709 -0.012736 0.025399
v -0.038153 -0.014315 0.025399
v -0.038153 -0.014315 0.025399
v -0.038387 -0.014403 0.025149
v -0.038387 -0.014403 0.025149
v -0.037533 -0.015870 0.025399
v -0.037533 -0.015870 0.025399
v -0.037763 -0.015967 0.025149
v -0.037763 -0.015967 0.025149
v -0.036849 -0.017398 0.025399
v -0.036849 -0.017398 0.025399
v -0.037076 -0.017505 0.025149
v -0.037076 -0.017505 0.025149
v -0.036325 -0.019013 0.025149
v -0.036325 -0.019013 0.025149
v -0.036104 -0.018897 0.025399
v -0.036104 -0.018897 0.025399
v -0.035297 -0.020363 0.025399
v -0.035297 -0.020363 0.025399
v -0.035514 -0.020488 0.025149
v -0.035514 -0.020488 0.025149
v -0.034431 -0.021796 0.025399
v -0.034431 -0.021796 0.025399
v -0.034643 -0.021930 0.025149
v -0.034643 -0.021930 0.025149
v -0.033507 -0.023191 0.025399
v -0.033507 -0.023191 0.025399
v -0.033697 -0.023356 0.025149
v -0.033697 -0.023356 0.025149
v -0.032726 -0.024699 0.025149
v -0.032726 -0.024699 0.025149
v -0.032526 -0.024548 0.025399
v -0.032526 -0.024548 0.025399
v -0.031491 -0.025863 0.025399
v -0.031491 -0.025863 0.025399
v -0.031684 -0.026022 0.025149
v -0.031684 -0.026022 0.025149
v -0.030402 -0.027134 0.025399
v -0.030402 -0.027134 0.025399
v -0.030569 -0.027322 0.025149
v -0.030569 -0.027322 0.025149
v -0.029262 -0.028360 0.025399
v -0.029262 -0.028360 0.025399
v -0.029442 -0.028534 0.025149
v -0.029442 -0.028534 0.025149
v -0.028266 -0.029699 0.025149
v -0.028266 -0.029699 0.025149
v -0.028073 -0.029538 0.025399
v -0.028073 -0.029538 0.025399
v -0.026978 -0.030873 0.025149
v -0.026978 -0.030873 0.025149
v -0.026836 -0.030666 0.025399
v -0.026836 -0.030666 0.025399
v -0.025554 -0.031742 0.025399
v -0.025554 -0.031742 0.025399
v -0.025711 -0.031937 0.025149
v -0.025711 -0.031937 0.025149
v -0.024403 -0.032946 0.025149
v -0.024403 -0.032946 0.025149
v -0.024229 -0.032765 0.025399
v -0.024229 -0.032765 0.025399
v -0.022863 -0.033732 0.025399
v -0.022863 -0.033732 0.025399
v -0.023003 -0.033939 0.025149
v -0.023003 -0.033939 0.025149
v -0.021458 -0.034643 0.025399
v -0.021458 -0.034643 0.025399
v -0.021590 -0.034855 0.025149
v -0.021590 -0.034855 0.025149
v -0.020017 -0.035495 0.025399
v -0.020017 -0.035495 0.025399
v -0.020140 -0.035712 0.025149
v -0.020140 -0.035712 0.025149
v -0.018543 -0.036287 0.025399
v -0.018543 -0.036287 0.025399
v -0.018657 -0.036509 0.025149
v -0.018657 -0.036509 0.025149
v -0.017141 -0.037245 0.025149
v -0.017141 -0.037245 0.025149
v -0.017037 -0.037018 0.025399
v -0.017037 -0.037018 0.025399
v -0.015502 -0.037686 0.025399
v -0.015502 -0.037686 0.025399
v -0.015597 -0.037917 0.025149
v -0.015597 -0.037917 0.025149
v -0.013942 -0.038291 0.025399
v -0.013942 -0.038291 0.025399
v -0.014027 -0.038526 0.025149
v -0.014027 -0.038526 0.025149
v -0.012433 -0.039069 0.025149
v -0.012433 -0.039069 0.025149
v -0.012357 -0.038831 0.025399
v -0.012357 -0.038831 0.025399
v -0.010818 -0.039547 0.025149
v -0.010818 -0.039547 0.025149
v -0.010752 -0.039306 0.025399
v -0.010752 -0.039306 0.025399
v -0.009129 -0.039714 0.025399
v -0.009129 -0.039714 0.025399
v -0.009185 -0.039958 0.025149
v -0.009185 -0.039958 0.025149
v -0.007490 -0.040056 0.025399
v -0.007490 -0.040056 0.025399
v -0.007536 -0.040301 0.025149
v -0.007536 -0.040301 0.025149
v -0.005839 -0.040329 0.025399
v -0.005839 -0.040329 0.025399
v -0.005875 -0.040577 0.025149
v -0.005875 -0.040577 0.025149
v -0.004203 -0.040784 0.025149
v -0.004203 -0.040784 0.025149
v -0.004178 -0.040535 0.025399
v -0.004178 -0.040535 0.025399
v -0.002509 -0.040673 0.025399
v -0.002509 -0.040673 0.025399
v -0.002525 -0.040922 0.025149
v -0.002525 -0.040922 0.025149
v -0.000837 -0.040741 0.025399
v -0.000837 -0.040741 0.025399
v -0.000842 -0.040991 0.025149
v -0.000842 -0.040991 0.025149
v 0.000842 -0.040991 0.025149
v 0.000842 -0.040991 0.025149
v 0.000837 -0.040741 0.025399
v 0.000837 -0.040741 0.025399
v 0.002525 -0.040922 0.025149
v 0.002525 -0.040922 0.025149
v 0.002509 -0.040673 0.025399
v 0.002509 -0.040673 0.025399
v 0.004178 -0.040535 0.025399
v 0.004178 -0.040535 0.025399
v 0.004203 -0.040784 0.025149
v 0.004203 -0.040784 0.025149
v 0.005839 -0.040329 0.025399
v 0.005839 -0.040329 0.025399
v 0.005875 -0.040577 0.025149
v 0.005875 -0.040577 0.025149
v 0.007490 -0.040056 0.025399
v 0.007490 -0.040056 0.025399
v 0.007536 -0.040301 0.025149
v 0.007536 -0.040301 0.025149
v 0.009185 -0.039958 0.025149
v 0.009185 -0.039958 0.025149
v 0.009129 -0.039714 0.025399
v 0.009129 -0.039714 0.025399
v 0.010752 -0.039306 0.025399
v 0.010752 -0.039306 0.025399
v 0.010818 -0.039547 0.025149
v 0.010818 -0.039547 0.025149
v 0.012357 -0.038831 0.025399
v 0.012357 -0.038831 0.025399
v 0.012433 -0.039069 0.025149
v 0.012433 -0.039069 0.025149
v 0.014027 -0.038526 0.025149
v 0.014027 -0.038526 0.025149
v 0.013942 -0.038291 0.025399
v 0.013942 -0.038291 0.025399
v 0.015597 -0.037917 0.025149
v 0.015597 -0.037917 0.025149
v 0.015502 -0.037686 0.025399
v 0.015502 -0.037686 0.025399
v 0.017037 -0.037018 0.025399
v 0.017037 -0.037018 0.025399
v 0.017141 -0.037245 0.025149
v 0.017141 -0.037245 0.025149
v 0.018543 -0.036287 0.025399
v 0.018543 -0.036287 0.025399
v 0.018657 -0.036509 0.025149
v 0.018657 -0.036509 0.025149
v 0.020017 -0.035495 0.025399
v 0.020017 -0.035495 0.025399
v 0.020140 -0.035712 0.025149
v 0.020140 -0.035712 0.025149
v 0.021590 -0.034855 0.025149
v 0.021590 -0.034855 0.025149
v 0.021458 -0.034643 0.025399
v 0.021458 -0.034643 0.025399
v 0.022863 -0.033732 0.025399
v 0.022863 -0.033732 0.025399
v 0.023003 -0.033939 0.025149
v 0.023003 -0.033939 0.025149
v 0.024229 -0.032765 0.025399
v 0.024229 -0.032765 0.025399
v 0.024377 -0.032966 0.025149
v 0.024377 -0.032966 0.025149
v 0.025711 -0.031937 0.025149
v 0.025711 -0.031937 0.025149
v 0.025554 -0.031742 0.025399
v 0.025554 -0.031742 0.025399
v 0.027001 -0.030854 0.025149
v 0.027001 -0.030854 0.025149
v 0.026836 -0.030666 0.025399
v 0.026836 -0.030666 0.025399
v 0.028073 -0.029538 0.025399
v 0.028073 -0.029538 0.025399
v 0.028245 -0.029719 0.025149
v 0.028245 -0.029719 0.025149
v 0.029262 -0.028360 0.025399
v 0.029262 -0.028360 0.025399
v 0.029442 -0.028534 0.025149
v 0.029442 -0.028534 0.025149
v 0.030402 -0.027134 0.025399
v 0.030402 -0.027134 0.025399
v 0.030589 -0.027301 0.025149
v 0.030589 -0.027301 0.025149
v 0.031684 -0.026022 0.025149
v 0.031684 -0.026022 0.025149
v 0.031491 -0.025863 0.025399
v 0.031491 -0.025863 0.025399
v 0.032526 -0.024548 0.025399
v 0.032526 -0.024548 0.025399
v 0.032726 -0.024699 0.025149
v 0.032726 -0.024699 0.025149
v 0.033507 -0.023191 0.025399
v 0.033507 -0.023191 0.025399
v 0.033713 -0.023334 0.025149
v 0.033713 -0.023334 0.025149
v 0.034643 -0.021930 0.025149
v 0.034643 -0.021930 0.025149
v 0.034431 -0.021796 0.025399
v 0.034431 -0.021796 0.025399
v 0.035514 -0.020488 0.025149
v 0.035514 -0.020488 0.025149
v 0.035297 -0.020363 0.025399
v 0.035297 -0.020363 0.025399
v 0.036104 -0.018897 0.025399
v 0.036104 -0.018897 0.025399
v 0.036325 -0.019013 0.025149
v 0.036325 -0.019013 0.025149
v 0.036849 -0.017398 0.025399
v 0.036849 -0.017398 0.025399
v 0.037076 -0.017505 0.025149
v 0.037076 -0.017505 0.025149
v 0.037533 -0.015870 0.025399
v 0.037533 -0.015870 0.025399
v 0.037763 -0.015967 0.025149
v 0.037763 -0.015967 0.025149
v 0.038387 -0.014403 0.025149
v 0.038387 -0.014403 0.025149
v 0.038153 -0.014315 0.025399
v 0.038153 -0.014315 0.025399
v 0.038709 -0.012736 0.025399
v 0.038709 -0.012736 0.025399
v 0.038946 -0.012814 0.025149
v 0.038946 -0.012814 0.025149
v 0.039199 -0.011136 0.025399
v 0.039199 -0.011136 0.025399
v 0.039440 -0.011204 0.025149
v 0.039440 -0.011204 0.025149
v 0.039866 -0.009575 0.025149
v 0.039866 -0.009575 0.025149
v 0.039623 -0.009517 0.025399
v 0.039623 -0.009517 0.025399
v 0.040226 -0.007930 0.025149
v 0.040226 -0.007930 0.025149
v 0.039981 -0.007881 0.025399
v 0.039981 -0.007881 0.025399
v 0.040271 -0.006233 0.025399
v 0.040271 -0.006233 0.025399
v 0.040518 -0.006271 0.025149
v 0.040518 -0.006271 0.025149
v 0.040493 -0.004574 0.025399
v 0.040493 -0.004574 0.025399
v 0.040741 -0.004602 0.025149
v 0.040741 -0.004602 0.025149
v 0.040646 -0.002907 0.025399
v 0.040646 -0.002907 0.025399
v 0.040896 -0.002925 0.025149
v 0.040896 -0.002925 0.025149
v 0.040981 -0.001243 0.025149
v 0.040981 -0.001243 0.025149
v 0.040731 -0.001235 0.025399
v 0.040731 -0.001235 0.025399
v 0.040748 0.000438 0.025399
v 0.040748 0.000438 0.025399
v 0.040998 0.000441 0.025149
v 0.040998 0.000441 0.025149
v 0.040695 0.002111 0.025399
v 0.040695 0.002111 0.025399
v 0.040945 0.002125 0.025149
v 0.040945 0.002125 0.025149
v 0.040823 0.003804 0.025149
v 0.040823 0.003804 0.025149
v 0.040574 0.003781 0.025399
v 0.040574 0.003781 0.025399
v 0.040633 0.005478 0.025149
v 0.040633 0.005478 0.025149
v 0.040385 0.005444 0.025399
v 0.040385 0.005444 0.025399
v 0.040127 0.007098 0.025399
v 0.040127 0.007098 0.025399
v 0.040373 0.007142 0.025149
v 0.040373 0.007142 0.025149
v 0.039802 0.008740 0.025399
v 0.039802 0.008740 0.025399
v 0.040046 0.008794 0.025149
v 0.040046 0.008794 0.025149
v 0.039409 0.010367 0.025399
v 0.039409 0.010367 0.025399
v 0.039651 0.010431 0.025149
v 0.039651 0.010431 0.025149
v 0.039189 0.012050 0.025149
v 0.039189 0.012050 0.025149
v 0.038950 0.011977 0.025399
v 0.038950 0.011977 0.025399
v 0.038426 0.013566 0.025399
v 0.038426 0.013566 0.025399
v 0.038661 0.013650 0.025149
v 0.038661 0.013650 0.025149
v 0.037836 0.015133 0.025399
v 0.037836 0.015133 0.025399
v 0.038068 0.015226 0.025149
v 0.038068 0.015226 0.025149
v 0.037411 0.016776 0.025149
v 0.037411 0.016776 0.025149
v 0.037183 0.016674 0.025399
v 0.037183 0.016674 0.025399
v 0.036690 0.018299 0.025149
v 0.036690 0.018299 0.025149
v 0.036466 0.018187 0.025399
v 0.036466 0.018187 0.025399
v 0.035689 0.019669 0.025399
v 0.035689 0.019669 0.025399
v 0.035908 0.019790 0.025149
v 0.035908 0.019790 0.025149
v 0.034851 0.021118 0.025399
v 0.034851 0.021118 0.025399
v 0.035065 0.021248 0.025149
v 0.035065 0.021248 0.025149
v 0.033954 0.022532 0.025399
v 0.033954 0.022532 0.025399
v 0.034163 0.022670 0.025149
v 0.034163 0.022670 0.025149
v 0.033203 0.024054 0.025149
v 0.033203 0.024054 0.025149
v 0.033000 0.023907 0.025399
v 0.033000 0.023907 0.025399
v 0.031991 0.025242 0.025399
v 0.031991 0.025242 0.025399
v 0.032187 0.025397 0.025149
v 0.032187 0.025397 0.025149
v 0.030927 0.026535 0.025399
v 0.030927 0.026535 0.025399
v 0.031117 0.026698 0.025149
v 0.031117 0.026698 0.025149
v 0.029994 0.027953 0.025149
v 0.029994 0.027953 0.025149
v 0.029811 0.027782 0.025399
v 0.029811 0.027782 0.025399
v 0.028821 0.029161 0.025149
v 0.028821 0.029161 0.025149
v 0.028645 0.028983 0.025399
v 0.028645 0.028983 0.025399
v 0.027431 0.030135 0.025399
v 0.027431 0.030135 0.025399
v 0.027599 0.030320 0.025149
v 0.027599 0.030320 0.025149
v 0.026170 0.031236 0.025399
v 0.026170 0.031236 0.025399
v 0.026330 0.031428 0.025149
v 0.026330 0.031428 0.025149
v 0.024865 0.032285 0.025399
v 0.024865 0.032285 0.025399
v 0.025017 0.032483 0.025149
v 0.025017 0.032483 0.025149
v 0.023662 0.033483 0.025149
v 0.023662 0.033483 0.025149
v 0.023518 0.033279 0.025399
v 0.023518 0.033279 0.025399
v 0.022132 0.034216 0.025399
v 0.022132 0.034216 0.025399
v 0.022267 0.034426 0.025149
v 0.022267 0.034426 0.025149
v 0.020708 0.035096 0.025399
v 0.020708 0.035096 0.025399
v 0.020835 0.035312 0.025149
v 0.020835 0.035312 0.025149
v 0.019367 0.036138 0.025149
v 0.019367 0.036138 0.025149
v 0.019249 0.035917 0.025399
v 0.019249 0.035917 0.025399
v 0.017867 0.036902 0.025149
v 0.017867 0.036902 0.025149
v 0.017758 0.036677 0.025399
v 0.017758 0.036677 0.025399
v 0.016236 0.037376 0.025399
v 0.016236 0.037376 0.025399
v 0.016336 0.037605 0.025149
v 0.016336 0.037605 0.025149
v 0.014688 0.038011 0.025399
v 0.014688 0.038011 0.025399
v 0.014778 0.038244 0.025149
v 0.014778 0.038244 0.025149
v 0.013114 0.038582 0.025399
v 0.013114 0.038582 0.025399
v 0.013195 0.038819 0.025149
v 0.013195 0.038819 0.025149
v 0.011589 0.039328 0.025149
v 0.011589 0.039328 0.025149
v 0.011519 0.039088 0.025399
v 0.011519 0.039088 0.025399
v 0.009904 0.039528 0.025399
v 0.009904 0.039528 0.025399
v 0.009964 0.039771 0.025149
v 0.009964 0.039771 0.025149
v 0.008272 0.039902 0.025399
v 0.008272 0.039902 0.025399
v 0.008323 0.040146 0.025149
v 0.008323 0.040146 0.025149
v 0.006667 0.040454 0.025149
v 0.006667 0.040454 0.025149
v 0.006626 0.040208 0.025399
v 0.006626 0.040208 0.025399
v 0.004982 0.040444 0.025399
v 0.004982 0.040444 0.025399
v 0.005000 0.040694 0.025149
v 0.005000 0.040694 0.025149
v 0.005000 0.040694 0.025149
v 0.000000 -0.041000 0.000250
v 0.000000 -0.041000 0.000250
v 0.000000 -0.040753 0.000000
v 0.000000 -0.040753 0.000000
v -0.001683 -0.040965 0.000250
v -0.001683 -0.040965 0.000250
v -0.001663 -0.040718 0.000000
v -0.001663 -0.040718 0.000000
v -0.003364 -0.040862 0.000250
v -0.003364 -0.040862 0.000250
v -0.003323 -0.040616 0.000000
v -0.003323 -0.040616 0.000000
v -0.005038 -0.040689 0.000250
v -0.005038 -0.040689 0.000250
v -0.004978 -0.040446 0.000000
v -0.004978 -0.040446 0.000000
v -0.006705 -0.040448 0.000250
v -0.006705 -0.040448 0.000250
v -0.006624 -0.040209 0.000000
v -0.006624 -0.040209 0.000000
v -0.008360 -0.040139 0.000250
v -0.008360 -0.040139 0.000250
v -0.008260 -0.039904 0.000000
v -0.008260 -0.039904 0.000000
v -0.009881 -0.039532 0.000000
v -0.009881 -0.039532 0.000000
v -0.010000 -0.039762 0.000250
v -0.010000 -0.039762 0.000250
v -0.011624 -0.039318 0.000250
v -0.011624 -0.039318 0.000250
v -0.011486 -0.039093 0.000000
v -0.011486 -0.039093 0.000000
v -0.013229 -0.038807 0.000250
v -0.013229 -0.038807 0.000250
v -0.013071 -0.038589 0.000000
v -0.013071 -0.038589 0.000000
v -0.014811 -0.038231 0.000250
v -0.014811 -0.038231 0.000250
v -0.014634 -0.038020 0.000000
v -0.014634 -0.038020 0.000000
v -0.016368 -0.037591 0.000250
v -0.016368 -0.037591 0.000250
v -0.016445 -0.037273 0.000000
v -0.016445 -0.037273 0.000000
v -0.017898 -0.036887 0.000250
v -0.017898 -0.036887 0.000250
v -0.017946 -0.036580 0.000000
v -0.017946 -0.036580 0.000000
v -0.019397 -0.036121 0.000250
v -0.019397 -0.036121 0.000250
v -0.019418 -0.035825 0.000000
v -0.019418 -0.035825 0.000000
v -0.020864 -0.035295 0.000250
v -0.020864 -0.035295 0.000250
v -0.020857 -0.035011 0.000000
v -0.020857 -0.035011 0.000000
v -0.022260 -0.034138 0.000000
v -0.022260 -0.034138 0.000000
v -0.022295 -0.034408 0.000250
v -0.022295 -0.034408 0.000250
v -0.023689 -0.033464 0.000250
v -0.023689 -0.033464 0.000250
v -0.023626 -0.033209 0.000000
v -0.023626 -0.033209 0.000000
v -0.025043 -0.032463 0.000250
v -0.025043 -0.032463 0.000250
v -0.024953 -0.032226 0.000000
v -0.024953 -0.032226 0.000000
v -0.026354 -0.031408 0.000250
v -0.026354 -0.031408 0.000250
v -0.026237 -0.031190 0.000000
v -0.026237 -0.031190 0.000000
v -0.027622 -0.030299 0.000250
v -0.027622 -0.030299 0.000250
v -0.027479 -0.030103 0.000000
v -0.027479 -0.030103 0.000000
v -0.028842 -0.029140 0.000250
v -0.028842 -0.029140 0.000250
v -0.028675 -0.028966 0.000000
v -0.028675 -0.028966 0.000000
v -0.030014 -0.027931 0.000250
v -0.030014 -0.027931 0.000250
v -0.029823 -0.027782 0.000000
v -0.029823 -0.027782 0.000000
v -0.031136 -0.026675 0.000250
v -0.031136 -0.026675 0.000250
v -0.030923 -0.026552 0.000000
v -0.030923 -0.026552 0.000000
v -0.031973 -0.025278 0.000000
v -0.031973 -0.025278 0.000000
v -0.032205 -0.025375 0.000250
v -0.032205 -0.025375 0.000250
v -0.033219 -0.024031 0.000250
v -0.033219 -0.024031 0.000250
v -0.032969 -0.023962 0.000000
v -0.032969 -0.023962 0.000000
v -0.034178 -0.022647 0.000250
v -0.034178 -0.022647 0.000250
v -0.033912 -0.022605 0.000000
v -0.033912 -0.022605 0.000000
v -0.035079 -0.021225 0.000250
v -0.035079 -0.021225 0.000250
v -0.034800 -0.021211 0.000000
v -0.034800 -0.021211 0.000000
v -0.035921 -0.019767 0.000250
v -0.035921 -0.019767 0.000250
v -0.035629 -0.019781 0.000000
v -0.035629 -0.019781 0.000000
v -0.036702 -0.018275 0.000250
v -0.036702 -0.018275 0.000250
v -0.036400 -0.018317 0.000000
v -0.036400 -0.018317 0.000000
v -0.037421 -0.016753 0.000250
v -0.037421 -0.016753 0.000250
v -0.037110 -0.016822 0.000000
v -0.037110 -0.016822 0.000000
v -0.038077 -0.015203 0.000250
v -0.038077 -0.015203 0.000250
v -0.037758 -0.015299 0.000000
v -0.037758 -0.015299 0.000000
v -0.038450 -0.013462 0.000000
v -0.038450 -0.013462 0.000000
v -0.038669 -0.013627 0.000250
v -0.038669 -0.013627 0.000250
v -0.039196 -0.012027 0.000250
v -0.039196 -0.012027 0.000250
v -0.038971 -0.011883 0.000000
v -0.038971 -0.011883 0.000000
v -0.039657 -0.010408 0.000250
v -0.039657 -0.010408 0.000250
v -0.039427 -0.010283 0.000000
v -0.039427 -0.010283 0.000000
v -0.040051 -0.008771 0.000250
v -0.040051 -0.008771 0.000250
v -0.039816 -0.008666 0.000000
v -0.039816 -0.008666 0.000000
v -0.040377 -0.007120 0.000250
v -0.040377 -0.007120 0.000250
v -0.040138 -0.007034 0.000000
v -0.040138 -0.007034 0.000000
v -0.040636 -0.005456 0.000250
v -0.040636 -0.005456 0.000250
v -0.040393 -0.005390 0.000000
v -0.040393 -0.005390 0.000000
v -0.040825 -0.003783 0.000250
v -0.040825 -0.003783 0.000250
v -0.040580 -0.003737 0.000000
v -0.040580 -0.003737 0.000000
v -0.040946 -0.002104 0.000250
v -0.040946 -0.002104 0.000250
v -0.040699 -0.002078 0.000000
v -0.040699 -0.002078 0.000000
v -0.040750 -0.000416 0.000000
v -0.040750 -0.000416 0.000000
v -0.040998 -0.000421 0.000250
v -0.040998 -0.000421 0.000250
v -0.040981 0.001263 0.000250
v -0.040981 0.001263 0.000250
v -0.040733 0.001247 -0.000000
v -0.040733 0.001247 -0.000000
v -0.040894 0.002944 0.000250
v -0.040894 0.002944 0.000250
v -0.040648 0.002908 -0.000000
v -0.040648 0.002908 -0.000000
v -0.040739 0.004620 0.000250
v -0.040739 0.004620 0.000250
v -0.040495 0.004565 -0.000000
v -0.040495 0.004565 -0.000000
v -0.040515 0.006289 0.000250
v -0.040515 0.006289 0.000250
v -0.040274 0.006213 -0.000000
v -0.040274 0.006213 -0.000000
v -0.040223 0.007947 0.000250
v -0.040223 0.007947 0.000250
v -0.039986 0.007852 -0.000000
v -0.039986 0.007852 -0.000000
v -0.039862 0.009592 0.000250
v -0.039862 0.009592 0.000250
v -0.039630 0.009477 -0.000000
v -0.039630 0.009477 -0.000000
v -0.039435 0.011220 0.000250
v -0.039435 0.011220 0.000250
v -0.039208 0.011086 -0.000000
v -0.039208 0.011086 -0.000000
v -0.038720 0.012676 -0.000000
v -0.038720 0.012676 -0.000000
v -0.038941 0.012830 0.000250
v -0.038941 0.012830 0.000250
v -0.038382 0.014418 0.000250
v -0.038382 0.014418 0.000250
v -0.038167 0.014245 -0.000000
v -0.038167 0.014245 -0.000000
v -0.037757 0.015981 0.000250
v -0.037757 0.015981 0.000250
v -0.037439 0.016064 -0.000000
v -0.037439 0.016064 -0.000000
v -0.037069 0.017518 0.000250
v -0.037069 0.017518 0.000250
v -0.036761 0.017573 -0.000000
v -0.036761 0.017573 -0.000000
v -0.036319 0.019025 0.000250
v -0.036319 0.019025 0.000250
v -0.036021 0.019053 -0.000000
v -0.036021 0.019053 -0.000000
v -0.035507 0.020500 0.000250
v -0.035507 0.020500 0.000250
v -0.035221 0.020500 -0.000000
v -0.035221 0.020500 -0.000000
v -0.034636 0.021940 0.000250
v -0.034636 0.021940 0.000250
v -0.034362 0.021912 -0.000000
v -0.034362 0.021912 -0.000000
v -0.033706 0.023344 0.000250
v -0.033706 0.023344 0.000250
v -0.033447 0.023288 -0.000000
v -0.033447 0.023288 -0.000000
v -0.032477 0.024625 -0.000000
v -0.032477 0.024625 -0.000000
v -0.032719 0.024708 0.000250
v -0.032719 0.024708 0.000250
v -0.031677 0.026030 0.000250
v -0.031677 0.026030 0.000250
v -0.031454 0.025920 -0.000000
v -0.031454 0.025920 -0.000000
v -0.030581 0.027309 0.000250
v -0.030581 0.027309 0.000250
v -0.030380 0.027173 -0.000000
v -0.030380 0.027173 -0.000000
v -0.029435 0.028541 0.000250
v -0.029435 0.028541 0.000250
v -0.029255 0.028380 -0.000000
v -0.029255 0.028380 -0.000000
v -0.028238 0.029726 0.000250
v -0.028238 0.029726 0.000250
v -0.028083 0.029541 -0.000000
v -0.028083 0.029541 -0.000000
v -0.026994 0.030860 0.000250
v -0.026994 0.030860 0.000250
v -0.026864 0.030653 -0.000000
v -0.026864 0.030653 -0.000000
v -0.025704 0.031942 0.000250
v -0.025704 0.031942 0.000250
v -0.025601 0.031715 -0.000000
v -0.025601 0.031715 -0.000000
v -0.024371 0.032971 0.000250
v -0.024371 0.032971 0.000250
v -0.024295 0.032725 -0.000000
v -0.024295 0.032725 -0.000000
v -0.022948 0.033681 -0.000000
v -0.022948 0.033681 -0.000000
v -0.022997 0.033943 0.000250
v -0.022997 0.033943 0.000250
v -0.021584 0.034859 0.000250
v -0.021584 0.034859 0.000250
v -0.021563 0.034582 -0.000000
v -0.021563 0.034582 -0.000000
v -0.020134 0.035716 0.000250
v -0.020134 0.035716 0.000250
v -0.020141 0.035427 -0.000000
v -0.020141 0.035427 -0.000000
v -0.018651 0.036512 0.000250
v -0.018651 0.036512 0.000250
v -0.018686 0.036212 -0.000000
v -0.018686 0.036212 -0.000000
v -0.017136 0.037247 0.000250
v -0.017136 0.037247 0.000250
v -0.017199 0.036937 -0.000000
v -0.017199 0.036937 -0.000000
v -0.015593 0.037919 0.000250
v -0.015593 0.037919 0.000250
v -0.015683 0.037600 -0.000000
v -0.015683 0.037600 -0.000000
v -0.014023 0.038527 0.000250
v -0.014023 0.038527 0.000250
v -0.013854 0.038310 -0.000000
v -0.013854 0.038310 -0.000000
v -0.012429 0.039071 0.000250
v -0.012429 0.039071 0.000250
v -0.012280 0.038848 -0.000000
v -0.012280 0.038848 -0.000000
v -0.010685 0.039319 -0.000000
v -0.010685 0.039319 -0.000000
v -0.010815 0.039548 0.000250
v -0.010815 0.039548 0.000250
v -0.009182 0.039959 0.000250
v -0.009182 0.039959 0.000250
v -0.009072 0.039725 -0.000000
v -0.009072 0.039725 -0.000000
v -0.007534 0.040302 0.000250
v -0.007534 0.040302 0.000250
v -0.007443 0.040064 -0.000000
v -0.007443 0.040064 -0.000000
v -0.005873 0.040577 0.000250
v -0.005873 0.040577 0.000250
v -0.005802 0.040335 -0.000000
v -0.005802 0.040335 -0.000000
v -0.004202 0.040784 0.000250
v -0.004202 0.040784 0.000250
v -0.004151 0.040539 -0.000000
v -0.004151 0.040539 -0.000000
v -0.002524 0.040922 0.000250
v -0.002524 0.040922 0.000250
v -0.002494 0.040675 -0.000000
v -0.002494 0.040675 -0.000000
v -0.000842 0.040991 0.000250
v -0.000842 0.040991 0.000250
v -0.000832 0.040744 -0.000000
v -0.000832 0.040744 -0.000000
v 0.000842 0.040991 0.000250
v 0.000842 0.040991 0.000250
v 0.000832 0.040744 -0.000000
v 0.000832 0.040744 -0.000000
v 0.002494 0.040675 -0.000000
v 0.002494 0.040675 -0.000000
v 0.002524 0.040922 0.000250
v 0.002524 0.040922 0.000250
v 0.004202 0.040784 0.000250
v 0.004202 0.040784 0.000250
v 0.004151 0.040539 -0.000000
v 0.004151 0.040539 -0.000000
v 0.005873 0.040577 0.000250
v 0.005873 0.040577 0.000250
v 0.005802 0.040335 -0.000000
v 0.005802 0.040335 -0.000000
v 0.007534 0.040302 0.000250
v 0.007534 0.040302 0.000250
v 0.007443 0.040064 -0.000000
v 0.007443 0.040064 -0.000000
v 0.009182 0.039959 0.000250
v 0.009182 0.039959 0.000250
v 0.009072 0.039725 -0.000000
v 0.009072 0.039725 -0.000000
v 0.010815 0.039548 0.000250
v 0.010815 0.039548 0.000250
v 0.010685 0.039319 -0.000000
v 0.010685 0.039319 -0.000000
v 0.012429 0.039071 0.000250
v 0.012429 0.039071 0.000250
v 0.012280 0.038848 -0.000000
v 0.012280 0.038848 -0.000000
v 0.014023 0.038527 0.000250
v 0.014023 0.038527 0.000250
v 0.013854 0.038310 -0.000000
v 0.013854 0.038310 -0.000000
v 0.015683 0.037600 -0.000000
v 0.015683 0.037600 -0.000000
v 0.015593 0.037919 0.000250
v 0.015593 0.037919 0.000250
v 0.017136 0.037247 0.000250
v 0.017136 0.037247 0.000250
v 0.017199 0.036937 -0.000000
v 0.017199 0.036937 -0.000000
v 0.018651 0.036512 0.000250
v 0.018651 0.036512 0.000250
v 0.018686 0.036212 -0.000000
v 0.018686 0.036212 -0.000000
v 0.020134 0.035716 0.000250
v 0.020134 0.035716 0.000250
v 0.020141 0.035427 -0.000000
v 0.020141 0.035427 -0.000000
v 0.021584 0.034859 0.000250
v 0.021584 0.034859 0.000250
v 0.021563 0.034582 -0.000000
v 0.021563 0.034582 -0.000000
v 0.022997 0.033943 0.000250
v 0.022997 0.033943 0.000250
v 0.022948 0.033681 -0.000000
v 0.022948 0.033681 -0.000000
v 0.024371 0.032971 0.000250
v 0.024371 0.032971 0.000250
v 0.024295 0.032725 -0.000000
v 0.024295 0.032725 -0.000000
v 0.025704 0.031942 0.000250
v 0.025704 0.031942 0.000250
v 0.025601 0.031715 -0.000000
v 0.025601 0.031715 -0.000000
v 0.026864 0.030653 -0.000000
v 0.026864 0.030653 -0.000000
v 0.026994 0.030860 0.000250
v 0.026994 0.030860 0.000250
v 0.028238 0.029726 0.000250
v 0.028238 0.029726 0.000250
v 0.028083 0.029541 -0.000000
v 0.028083 0.029541 -0.000000
v 0.029435 0.028541 0.000250
v 0.029435 0.028541 0.000250
v 0.029255 0.028380 -0.000000
v 0.029255 0.028380 -0.000000
v 0.030581 0.027309 0.000250
v 0.030581 0.027309 0.000250
v 0.030380 0.027173 -0.000000
v 0.030380 0.027173 -0.000000
v 0.031677 0.026030 0.000250
v 0.031677 0.026030 0.000250
v 0.031454 0.025920 -0.000000
v 0.031454 0.025920 -0.000000
v 0.032719 0.024708 0.000250
v 0.032719 0.024708 0.000250
v 0.032477 0.024625 -0.000000
v 0.032477 0.024625 -0.000000
v 0.033706 0.023344 0.000250
v 0.033706 0.023344 0.000250
v 0.033447 0.023288 -0.000000
v 0.033447 0.023288 -0.000000
v 0.034636 0.021940 0.000250
v 0.034636 0.021940 0.000250
v 0.034362 0.021912 -0.000000
v 0.034362 0.021912 -0.000000
v 0.035221 0.020500 -0.000000
v 0.035221 0.020500 -0.000000
v 0.035507 0.020500 0.000250
v 0.035507 0.020500 0.000250
v 0.036319 0.019025 0.000250
v 0.036319 0.019025 0.000250
v 0.036021 0.019053 -0.000000
v 0.036021 0.019053 -0.000000
v 0.037069 0.017518 0.000250
v 0.037069 0.017518 0.000250
v 0.036761 0.017573 -0.000000
v 0.036761 0.017573 -0.000000
v 0.037757 0.015981 0.000250
v 0.037757 0.015981 0.000250
v 0.037439 0.016064 -0.000000
v 0.037439 0.016064 -0.000000
v 0.038382 0.014418 0.000250
v 0.038382 0.014418 0.000250
v 0.038167 0.014245 -0.000000
v 0.038167 0.014245 -0.000000
v 0.038941 0.012830 0.000250
v 0.038941 0.012830 0.000250
v 0.038720 0.012676 -0.000000
v 0.038720 0.012676 -0.000000
v 0.039435 0.011220 0.000250
v 0.039435 0.011220 0.000250
v 0.039208 0.011086 -0.000000
v 0.039208 0.011086 -0.000000
v 0.039862 0.009592 0.000250
v 0.039862 0.009592 0.000250
v 0.039630 0.009477 -0.000000
v 0.039630 0.009477 -0.000000
v 0.039986 0.007852 -0.000000
v 0.039986 0.007852 -0.000000
v 0.040223 0.007947 0.000250
v 0.040223 0.007947 0.000250
v 0.040515 0.006289 0.000250
v 0.040515 0.006289 0.000250
v 0.040274 0.006213 -0.000000
v 0.040274 0.006213 -0.000000
v 0.040739 0.004620 0.000250
v 0.040739 0.004620 0.000250
v 0.040495 0.004565 -0.000000
v 0.040495 0.004565 -0.000000
v 0.040894 0.002944 0.000250
v 0.040894 0.002944 0.000250
v 0.040648 0.002908 -0.000000
v 0.040648 0.002908 -0.000000
v 0.040981 0.001263 0.000250
v 0.040981 0.001263 0.000250
v 0.040733 0.001247 -0.000000
v 0.040733 0.001247 -0.000000
v 0.040998 -0.000421 0.000250
v 0.040998 -0.000421 0.000250
v 0.040750 -0.000416 0.000000
v 0.040750 -0.000416 0.000000
v 0.040946 -0.002104 0.000250
v 0.040946 -0.002104 0.000250
v 0.040699 -0.002078 0.000000
v 0.040699 -0.002078 0.000000
v 0.040825 -0.003783 0.000250
v 0.040825 -0.003783 0.000250
v 0.040580 -0.003737 0.000000
v 0.040580 -0.003737 0.000000
v 0.040393 -0.005390 0.000000
v 0.040393 -0.005390 0.000000
v 0.040636 -0.005456 0.000250
v 0.040636 -0.005456 0.000250
v 0.040377 -0.007120 0.000250
v 0.040377 -0.007120 0.000250
v 0.040138 -0.007034 0.000000
v 0.040138 -0.007034 0.000000
v 0.040051 -0.008771 0.000250
v 0.040051 -0.008771 0.000250
v 0.039816 -0.008666 0.000000
v 0.039816 -0.008666 0.000000
v 0.039657 -0.010408 0.000250
v 0.039657 -0.010408 0.000250
v 0.039427 -0.010283 0.000000
v 0.039427 -0.010283 0.000000
v 0.039196 -0.012027 0.000250
v 0.039196 -0.012027 0.000250
v 0.038971 -0.011883 0.000000
v 0.038971 -0.011883 0.000000
v 0.038669 -0.013627 0.000250
v 0.038669 -0.013627 0.000250
v 0.038450 -0.013462 0.000000
v 0.038450 -0.013462 0.000000
v 0.038077 -0.015203 0.000250
v 0.038077 -0.015203 0.000250
v 0.037758 -0.015299 0.000000
v 0.037758 -0.015299 0.000000
v 0.037421 -0.016753 0.000250
v 0.037421 -0.016753 0.000250
v 0.037110 -0.016822 0.000000
v 0.037110 -0.016822 0.000000
v 0.036400 -0.018317 0.000000
v 0.036400 -0.018317 0.000000
v 0.036702 -0.018275 0.000250
v 0.036702 -0.018275 0.000250
v 0.035921 -0.019767 0.000250
v 0.035921 -0.019767 0.000250
v 0.035629 -0.019781 0.000000
v 0.035629 -0.019781 0.000000
v 0.035079 -0.021225 0.000250
v 0.035079 -0.021225 0.000250
v 0.034800 -0.021211 0.000000
v 0.034800 -0.021211 0.000000
v 0.034178 -0.022647 0.000250
v 0.034178 -0.022647 0.000250
v 0.033912 -0.022605 0.000000
v 0.033912 -0.022605 0.000000
v 0.033219 -0.024031 0.000250
v 0.033219 -0.024031 0.000250
v 0.032969 -0.023962 0.000000
v 0.032969 -0.023962 0.000000
v 0.032205 -0.025375 0.000250
v 0.032205 -0.025375 0.000250
v 0.031973 -0.025278 0.000000
v 0.031973 -0.025278 0.000000
v 0.031136 -0.026675 0.000250
v 0.031136 -0.026675 0.000250
v 0.030923 -0.026552 0.000000
v 0.030923 -0.026552 0.000000
v 0.030014 -0.027931 0.000250
v 0.030014 -0.027931 0.000250
v 0.029823 -0.027782 0.000000
v 0.029823 -0.027782 0.000000
v 0.028675 -0.028966 0.000000
v 0.028675 -0.028966 0.000000
v 0.028842 -0.029140 0.000250
v 0.028842 -0.029140 0.000250
v 0.027622 -0.030299 0.000250
v 0.027622 -0.030299 0.000250
v 0.027479 -0.030103 0.000000
v 0.027479 -0.030103 0.000000
v 0.026354 -0.031408 0.000250
v 0.026354 -0.031408 0.000250
v 0.026237 -0.031190 0.000000
v 0.026237 -0.031190 0.000000
v 0.025043 -0.032463 0.000250
v 0.025043 -0.032463 0.000250
v 0.024953 -0.032226 0.000000
v 0.024953 -0.032226 0.000000
v 0.023689 -0.033464 0.000250
v 0.023689 -0.033464 0.000250
v 0.023626 -0.033209 0.000000
v 0.023626 -0.033209 0.000000
v 0.022295 -0.034408 0.000250
v 0.022295 -0.034408 0.000250
v 0.022260 -0.034138 0.000000
v 0.022260 -0.034138 0.000000
v 0.020864 -0.035295 0.000250
v 0.020864 -0.035295 0.000250
v 0.020857 -0.035011 0.000000
v 0.020857 -0.035011 0.000000
v 0.019397 -0.036121 0.000250
v 0.019397 -0.036121 0.000250
v 0.019418 -0.035825 0.000000
v 0.019418 -0.035825 0.000000
v 0.017946 -0.036580 0.000000
v 0.017946 -0.036580 0.000000
v 0.017898 -0.036887 0.000250
v 0.017898 -0.036887 0.000250
v 0.016368 -0.037591 0.000250
v 0.016368 -0.037591 0.000250
v 0.016445 -0.037273 0.000000
v 0.016445 -0.037273 0.000000
v 0.014811 -0.038231 0.000250
v 0.014811 -0.038231 0.000250
v 0.014634 -0.038020 0.000000
v 0.014634 -0.038020 0.000000
v 0.013229 -0.038807 0.000250
v 0.013229 -0.038807 0.000250
v 0.013071 -0.038589 0.000000
v 0.013071 -0.038589 0.000000
v 0.011624 -0.039318 0.000250
v 0.011624 -0.039318 0.000250
v 0.011486 -0.039093 0.000000
v 0.011486 -0.039093 0.000000
v 0.010000 -0.039762 0.000250
v 0.010000 -0.039762 0.000250
v 0.009881 -0.039532 0.000000
v 0.009881 -0.039532 0.000000
v 0.008360 -0.040139 0.000250
v 0.008360 -0.040139 0.000250
v 0.008260 -0.039904 0.000000
v 0.008260 -0.039904 0.000000
v 0.006705 -0.040448 0.000250
v 0.006705 -0.040448 0.000250
v 0.006624 -0.040209 0.000000
v 0.006624 -0.040209 0.000000
v 0.004978 -0.040446 0.000000
v 0.004978 -0.040446 0.000000
v 0.005038 -0.040689 0.000250
v 0.005038 -0.040689 0.000250
v 0.003364 -0.040862 0.000250
v 0.003364 -0.040862 0.000250
v 0.003323 -0.040616 0.000000
v 0.003323 -0.040616 0.000000
v 0.001683 -0.040965 0.000250
v 0.001683 -0.040965 0.000250
v 0.001663 -0.040718 0.000000
v 0.001663 -0.040718 0.000000
v 0.003079 0.050194 0.018432
v 0.003045 0.050194 0.018891
v 0.002943 0.050194 0.019340
v 0.002775 0.050194 0.019768
v 0.002544 0.050194 0.020167
v 0.002257 0.050194 0.020527
v 0.001920 0.050194 0.020840
v 0.001540 0.050194 0.021099
v 0.001125 0.050194 0.021299
v 0.000685 0.050194 0.021434
v 0.000230 0.050194 0.021503
v -0.000230 0.050194 0.021503
v -0.000685 0.050194 0.021434
v -0.001125 0.050194 0.021299
v -0.001540 0.050194 0.021099
v -0.001920 0.050194 0.020840
v -0.002257 0.050194 0.020527
v -0.002544 0.050194 0.020167
v -0.002775 0.050194 0.019768
v -0.002943 0.050194 0.019340
v -0.003045 0.050194 0.018891
v -0.003079 0.050194 0.018432
v -0.003045 0.050194 0.017973
v -0.002943 0.050194 0.017524
v -0.002775 0.050194 0.017096
v -0.002544 0.050194 0.016697
v -0.002257 0.050194 0.016337
v -0.001920 0.050194 0.016024
v -0.001540 0.050194 0.015765
v -0.001125 0.050194 0.015565
v -0.000685 0.050194 0.015430
v -0.000230 0.050194 0.015361
v 0.000230 0.050194 0.015361
v 0.000685 0.050194 0.015430
v 0.001125 0.050194 0.015565
v 0.001540 0.050194 0.015765
v 0.001920 0.050194 0.016024
v 0.002257 0.050194 0.016337
v 0.002544 0.050194 0.016697
v 0.002775 0.050194 0.017096
v 0.002943 0.050194 0.017524
v 0.003045 0.050194 0.017973
v 0.003277 0.050026 0.018432
v 0.003244 0.050026 0.017966
v 0.003144 0.050026 0.017509
v 0.002981 0.050026 0.017071
v 0.002757 0.050026 0.016660
v 0.002477 0.050026 0.016286
v 0.002146 0.050026 0.015955
v 0.001772 0.050026 0.015675
v 0.001361 0.050026 0.015451
v 0.000923 0.050026 0.015288
v 0.000466 0.050026 0.015188
v 0.000000 0.050026 0.015155
v -0.000466 0.050026 0.015188
v -0.000923 0.050026 0.015288
v -0.001361 0.050026 0.015451
v -0.001772 0.050026 0.015675
v -0.002146 0.050026 0.015955
v -0.002477 0.050026 0.016286
v -0.002757 0.050026 0.016660
v -0.002981 0.050026 0.017071
v -0.003144 0.050026 0.017509
v -0.003244 0.050026 0.017966
v -0.003277 0.050026 0.018432
v -0.003244 0.050026 0.018898
v -0.003144 0.050026 0.019355
v -0.002981 0.050026 0.019793
v -0.002757 0.050026 0.020204
v -0.002477 0.050026 0.020578
v -0.002146 0.050026 0.020909
v -0.001772 0.050026 0.021189
v -0.001361 0.050026 0.021413
v -0.000923 0.050026 0.021576
v -0.000466 0.050026 0.021676
v 0.000000 0.050026 0.021709
v 0.000466 0.050026 0.021676
v 0.000923 0.050026 0.021576
v 0.001361 0.050026 0.021413
v 0.001772 0.050026 0.021189
v 0.002146 0.050026 0.020909
v 0.002477 0.050026 0.020578
v 0.002757 0.050026 0.020204
v 0.002981 0.050026 0.019793
v 0.003144 0.050026 0.019355
v 0.003244 0.050026 0.018898
v 0.000000 0.050182 0.015283
v 0.000000 0.050146 0.015223
v 0.000000 0.050092 0.015178
v 0.003117 0.050182 0.018880
v 0.003177 0.050146 0.018889
v 0.003221 0.050092 0.018895
v 0.003254 0.050092 0.018432
v 0.003209 0.050146 0.018432
v 0.003149 0.050182 0.018432
v 0.003021 0.050182 0.019319
v 0.003079 0.050146 0.019336
v 0.003122 0.050092 0.019349
v 0.002864 0.050182 0.019740
v 0.002919 0.050146 0.019765
v 0.002960 0.050092 0.019784
v 0.002649 0.050182 0.020134
v 0.002700 0.050146 0.020167
v 0.002737 0.050092 0.020191
v 0.002380 0.050182 0.020494
v 0.002425 0.050146 0.020534
v 0.002459 0.050092 0.020563
v 0.002062 0.050182 0.020812
v 0.002102 0.050146 0.020857
v 0.002131 0.050092 0.020891
v 0.001702 0.050182 0.021081
v 0.001735 0.050146 0.021132
v 0.001759 0.050092 0.021169
v 0.001308 0.050182 0.021296
v 0.001333 0.050146 0.021351
v 0.001352 0.050092 0.021392
v 0.000887 0.050182 0.021453
v 0.000904 0.050146 0.021511
v 0.000917 0.050092 0.021554
v 0.000448 0.050182 0.021549
v 0.000457 0.050146 0.021609
v 0.000463 0.050092 0.021653
v 0.000000 0.050182 0.021581
v 0.000000 0.050146 0.021641
v 0.000000 0.050092 0.021686
v -0.000448 0.050182 0.021549
v -0.000457 0.050146 0.021609
v -0.000463 0.050092 0.021653
v -0.000887 0.050182 0.021453
v -0.000904 0.050146 0.021511
v -0.000917 0.050092 0.021554
v -0.001308 0.050182 0.021296
v -0.001333 0.050146 0.021351
v -0.001352 0.050092 0.021392
v -0.001702 0.050182 0.021081
v -0.001735 0.050146 0.021132
v -0.001759 0.050092 0.021169
v -0.002062 0.050182 0.020812
v -0.002102 0.050146 0.020857
v -0.002131 0.050092 0.020891
v -0.002380 0.050182 0.020494
v -0.002425 0.050146 0.020534
v -0.002459 0.050092 0.020563
v -0.002649 0.050182 0.020134
v -0.002700 0.050146 0.020167
v -0.002737 0.050092 0.020191
v -0.002864 0.050182 0.019740
v -0.002919 0.050146 0.019765
v -0.002960 0.050092 0.019784
v -0.003021 0.050182 0.019319
v -0.003079 0.050146 0.019336
v -0.003122 0.050092 0.019349
v -0.003117 0.050182 0.018880
v -0.003177 0.050146 0.018889
v -0.003221 0.050092 0.018895
v -0.003117 0.050182 0.017984
v -0.003177 0.050146 0.017975
v -0.003221 0.050092 0.017969
v -0.003254 0.050092 0.018432
v -0.003209 0.050146 0.018432
v -0.003149 0.050182 0.018432
v -0.003021 0.050182 0.017545
v -0.003079 0.050146 0.017528
v -0.003122 0.050092 0.017515
v -0.002864 0.050182 0.017124
v -0.002919 0.050146 0.017099
v -0.002960 0.050092 0.017080
v -0.002649 0.050182 0.016730
v -0.002700 0.050146 0.016697
v -0.002737 0.050092 0.016673
v -0.002380 0.050182 0.016370
v -0.002425 0.050146 0.016330
v -0.002459 0.050092 0.016301
v -0.002062 0.050182 0.016052
v -0.002102 0.050146 0.016007
v -0.002131 0.050092 0.015973
v -0.001702 0.050182 0.015783
v -0.001735 0.050146 0.015732
v -0.001759 0.050092 0.015695
v -0.001308 0.050182 0.015568
v -0.001333 0.050146 0.015513
v -0.001352 0.050092 0.015472
v -0.000887 0.050182 0.015411
v -0.000904 0.050146 0.015353
v -0.000917 0.050092 0.015310
v -0.000448 0.050182 0.015315
v -0.000457 0.050146 0.015255
v -0.000463 0.050092 0.015211
v 0.000448 0.050182 0.015315
v 0.000457 0.050146 0.015255
v 0.000463 0.050092 0.015211
v 0.000887 0.050182 0.015411
v 0.000904 0.050146 0.015353
v 0.000917 0.050092 0.015310
v 0.001308 0.050182 0.015568
v 0.001333 0.050146 0.015513
v 0.001352 0.050092 0.015472
v 0.001702 0.050182 0.015783
v 0.001735 0.050146 0.015732
v 0.001759 0.050092 0.015695
v 0.002062 0.050182 0.016052
v 0.002102 0.050146 0.016007
v 0.002131 0.050092 0.015973
v 0.002380 0.050182 0.016370
v 0.002425 0.050146 0.016330
v 0.002459 0.050092 0.016301
v 0.002649 0.050182 0.016730
v 0.002700 0.050146 0.016697
v 0.002737 0.050092 0.016673
v 0.002864 0.050182 0.017124
v 0.002919 0.050146 0.017099
v 0.002960 0.050092 0.017080
v 0.003021 0.050182 0.017545
v 0.003079 0.050146 0.017528
v 0.003122 0.050092 0.017515
v 0.003117 0.050182 0.017984
v 0.003177 0.050146 0.017975
v 0.003221 0.050092 0.017969
v 0.003250 0.047194 0.018432
v 0.003217 0.047194 0.018894
v 0.003118 0.047194 0.019348
v 0.002956 0.047194 0.019782
v 0.002734 0.047194 0.020189
v 0.002456 0.047194 0.020560
v 0.002128 0.047194 0.020888
v 0.001757 0.047194 0.021166
v 0.001350 0.047194 0.021388
v 0.000916 0.047194 0.021550
v 0.000463 0.047194 0.021649
v 0.000000 0.047194 0.021682
v -0.000463 0.047194 0.021649
v -0.000916 0.047194 0.021550
v -0.001350 0.047194 0.021388
v -0.001757 0.047194 0.021166
v -0.002128 0.047194 0.020888
v -0.002456 0.047194 0.020560
v -0.002734 0.047194 0.020189
v -0.002956 0.047194 0.019782
v -0.003118 0.047194 0.019348
v -0.003217 0.047194 0.018894
v -0.003250 0.047194 0.018432
v -0.003217 0.047194 0.017969
v -0.003118 0.047194 0.017516
v -0.002956 0.047194 0.017082
v -0.002734 0.047194 0.016675
v -0.002456 0.047194 0.016304
v -0.002128 0.047194 0.015976
v -0.001757 0.047194 0.015698
v -0.001350 0.047194 0.015476
v -0.000916 0.047194 0.015314
v -0.000463 0.047194 0.015215
v 0.000000 0.047194 0.015182
v 0.000463 0.047194 0.015215
v 0.000916 0.047194 0.015314
v 0.001350 0.047194 0.015476
v 0.001757 0.047194 0.015698
v 0.002128 0.047194 0.015976
v 0.002456 0.047194 0.016304
v 0.002734 0.047194 0.016675
v 0.002956 0.047194 0.017082
v 0.003118 0.047194 0.017516
v 0.003217 0.047194 0.017969
v -0.002704 0.045194 0.018932
v -0.002704 0.045194 0.018932
v -0.002592 0.045194 0.019351
v -0.002416 0.045194 0.019745
v -0.002388 0.045194 0.019796
v -0.002256 0.045194 0.020005
v -0.002107 0.045194 0.020199
v -0.001942 0.045194 0.020380
v -0.001759 0.045194 0.020546
v -0.001575 0.045194 0.020687
v -0.001381 0.045194 0.020810
v -0.001178 0.045194 0.020917
v -0.000966 0.045194 0.021007
v -0.000907 0.045194 0.021028
v -0.000685 0.045194 0.021095
v -0.000460 0.045194 0.021143
v -0.000232 0.045194 0.021172
v 0.000000 0.045194 0.021182
v 0.000244 0.045194 0.021171
v 0.000484 0.045194 0.021139
v 0.000720 0.045194 0.021086
v 0.000951 0.045194 0.021012
v 0.001012 0.045194 0.020989
v 0.001269 0.045194 0.020872
v 0.001510 0.045194 0.020731
v 0.001510 0.045194 0.020731
v 0.001735 0.045194 0.020566
v 0.001735 0.045194 0.020566
v 0.001945 0.045194 0.020377
v 0.002123 0.045194 0.020181
v 0.002280 0.045194 0.019971
v 0.002416 0.045194 0.019747
v 0.002530 0.045194 0.019510
v 0.002557 0.045194 0.019444
v 0.002641 0.045194 0.019198
v 0.002702 0.045194 0.018947
v 0.002738 0.045194 0.018692
v 0.002750 0.045194 0.018432
v 0.002739 0.045194 0.018188
v 0.002708 0.045194 0.017948
v 0.002655 0.045194 0.017712
v 0.002580 0.045194 0.017481
v 0.002557 0.045194 0.017420
v 0.002440 0.045194 0.017163
v 0.002299 0.045194 0.016922
v 0.002134 0.045194 0.016697
v 0.001945 0.045194 0.016487
v 0.001749 0.045194 0.016309
v 0.001539 0.045194 0.016152
v 0.001315 0.045194 0.016016
v 0.001078 0.045194 0.015902
v 0.001012 0.045194 0.015875
v 0.000766 0.045194 0.015791
v 0.000515 0.045194 0.015730
v 0.000260 0.045194 0.015694
v 0.000000 0.045194 0.015682
v -0.000432 0.045194 0.015716
v -0.000852 0.045194 0.015817
v -0.000907 0.045194 0.015836
v -0.001137 0.045194 0.015928
v -0.001355 0.045194 0.016038
v -0.001562 0.045194 0.016169
v -0.001759 0.045194 0.016318
v -0.001931 0.045194 0.016473
v -0.002088 0.045194 0.016641
v -0.002230 0.045194 0.016822
v -0.002356 0.045194 0.017014
v -0.002388 0.045194 0.017068
v -0.002494 0.045194 0.017274
v -0.002583 0.045194 0.017486
v -0.002653 0.045194 0.017706
v -0.002704 0.045194 0.017932
v -0.002704 0.045194 0.017932
v -0.002550 0.045194 0.017932
v -0.002397 0.045194 0.017962
v -0.002267 0.045194 0.018049
v -0.002180 0.045194 0.018179
v -0.002150 0.045194 0.018332
v -0.002150 0.045194 0.018532
v -0.002180 0.045194 0.018685
v -0.002267 0.045194 0.018815
v -0.002397 0.045194 0.018902
v -0.002550 0.045194 0.018932
v -0.002150 0.049994 0.018332
v -0.002550 0.049994 0.017932
v -0.002397 0.049994 0.017962
v -0.002267 0.049994 0.018049
v -0.002180 0.049994 0.018179
v -0.002180 0.047594 0.018179
v -0.002267 0.047594 0.018049
v -0.002397 0.047594 0.017962
v -0.002150 0.049994 0.018532
v -0.002550 0.049994 0.018932
v -0.002180 0.049994 0.018685
v -0.002267 0.049994 0.018815
v -0.002397 0.049994 0.018902
v -0.002397 0.047594 0.018902
v -0.002267 0.047594 0.018815
v -0.002180 0.047594 0.018685
v 0.003250 0.048194 0.018432
v 0.003250 0.048194 0.018432
v 0.003217 0.048194 0.018894
v 0.003217 0.048194 0.018894
v 0.003118 0.048194 0.019348
v 0.003118 0.048194 0.019348
v 0.002956 0.048194 0.019782
v 0.002956 0.048194 0.019782
v 0.002734 0.048194 0.020189
v 0.002734 0.048194 0.020189
v 0.002456 0.048194 0.020560
v 0.002456 0.048194 0.020560
v 0.002128 0.048194 0.020888
v 0.002128 0.048194 0.020888
v 0.001757 0.048194 0.021166
v 0.001757 0.048194 0.021166
v 0.001350 0.048194 0.021388
v 0.001350 0.048194 0.021388
v 0.000916 0.048194 0.021550
v 0.000916 0.048194 0.021550
v 0.000463 0.048194 0.021649
v 0.000463 0.048194 0.021649
v 0.000000 0.048194 0.021682
v 0.000000 0.048194 0.021682
v -0.000463 0.048194 0.021649
v -0.000463 0.048194 0.021649
v -0.000916 0.048194 0.021550
v -0.000916 0.048194 0.021550
v -0.001350 0.048194 0.021388
v -0.001350 0.048194 0.021388
v -0.001757 0.048194 0.021166
v -0.001757 0.048194 0.021166
v -0.002128 0.048194 0.020888
v -0.002128 0.048194 0.020888
v -0.002456 0.048194 0.020560
v -0.002456 0.048194 0.020560
v -0.002734 0.048194 0.020189
v -0.002734 0.048194 0.020189
v -0.002956 0.048194 0.019782
v -0.002956 0.048194 0.019782
v -0.003118 0.048194 0.019348
v -0.003118 0.048194 0.019348
v -0.003217 0.048194 0.018894
v -0.003217 0.048194 0.018894
v -0.003250 0.048194 0.018432
v -0.003250 0.048194 0.018432
v -0.003217 0.048194 0.017969
v -0.003217 0.048194 0.017969
v -0.003118 0.048194 0.017516
v -0.003118 0.048194 0.017516
v -0.002956 0.048194 0.017082
v -0.002956 0.048194 0.017082
v -0.002734 0.048194 0.016675
v -0.002734 0.048194 0.016675
v -0.002456 0.048194 0.016304
v -0.002456 0.048194 0.016304
v -0.002128 0.048194 0.015976
v -0.002128 0.048194 0.015976
v -0.001757 0.048194 0.015698
v -0.001757 0.048194 0.015698
v -0.001350 0.048194 0.015476
v -0.001350 0.048194 0.015476
v -0.000916 0.048194 0.015314
v -0.000916 0.048194 0.015314
v -0.000463 0.048194 0.015215
v -0.000463 0.048194 0.015215
v 0.000000 0.048194 0.015182
v 0.000000 0.048194 0.015182
v 0.000463 0.048194 0.015215
v 0.000463 0.048194 0.015215
v 0.000916 0.048194 0.015314
v 0.000916 0.048194 0.015314
v 0.001350 0.048194 0.015476
v 0.001350 0.048194 0.015476
v 0.001757 0.048194 0.015698
v 0.001757 0.048194 0.015698
v 0.002128 0.048194 0.015976
v 0.002128 0.048194 0.015976
v 0.002456 0.048194 0.016304
v 0.002456 0.048194 0.016304
v 0.002734 0.048194 0.016675
v 0.002734 0.048194 0.016675
v 0.002956 0.048194 0.017082
v 0.002956 0.048194 0.017082
v 0.003118 0.048194 0.017516
v 0.003118 0.048194 0.017516
v 0.003217 0.048194 0.017969
v 0.003217 0.048194 0.017969
v -0.002806 0.049994 0.018932
v -0.002806 0.049994 0.018932
v -0.002806 0.045294 0.018932
v -0.002806 0.045294 0.018932
v -0.002798 0.045256 0.018932
v -0.002798 0.045256 0.018932
v -0.002776 0.045223 0.018932
v -0.002776 0.045223 0.018932
v -0.002743 0.045202 0.018932
v -0.002743 0.045202 0.018932
v -0.002698 0.045294 0.019351
v -0.002527 0.045294 0.019749
v -0.002299 0.045294 0.020117
v -0.002017 0.045294 0.020446
v -0.001689 0.045294 0.020728
v -0.001321 0.045294 0.020957
v -0.000924 0.045294 0.021128
v -0.000504 0.045294 0.021237
v -0.000074 0.045294 0.021281
v 0.000359 0.045294 0.021259
v 0.000359 0.045294 0.021259
v 0.000783 0.045294 0.021172
v 0.000783 0.045294 0.021172
v 0.001189 0.045294 0.021022
v 0.001189 0.045294 0.021022
v 0.001189 0.045294 0.021022
v 0.001568 0.045294 0.020812
v 0.001568 0.045294 0.020812
v 0.001568 0.045294 0.020812
v 0.001568 0.045294 0.020812
v 0.001910 0.045294 0.020547
v 0.001910 0.045294 0.020547
v 0.001910 0.045294 0.020547
v 0.001910 0.045294 0.020547
v 0.002208 0.045294 0.020234
v 0.002208 0.045294 0.020234
v 0.002208 0.045294 0.020234
v 0.002208 0.045294 0.020234
v 0.002456 0.045294 0.019878
v 0.002456 0.045294 0.019878
v 0.002456 0.045294 0.019878
v 0.002456 0.045294 0.019878
v 0.002647 0.045294 0.019490
v 0.002647 0.045294 0.019490
v 0.002647 0.045294 0.019490
v 0.002647 0.045294 0.019490
v 0.002776 0.045294 0.019076
v 0.002776 0.045294 0.019076
v 0.002776 0.045294 0.019076
v 0.002776 0.045294 0.019076
v 0.002842 0.045294 0.018648
v 0.002842 0.045294 0.018648
v 0.002842 0.045294 0.018215
v 0.002842 0.045294 0.018215
v 0.002776 0.045294 0.017788
v 0.002776 0.045294 0.017788
v 0.002776 0.045294 0.017788
v 0.002776 0.045294 0.017788
v 0.002647 0.045294 0.017374
v 0.002647 0.045294 0.017374
v 0.002647 0.045294 0.017374
v 0.002647 0.045294 0.017374
v 0.002456 0.045294 0.016986
v 0.002456 0.045294 0.016986
v 0.002456 0.045294 0.016986
v 0.002456 0.045294 0.016986
v 0.002208 0.045294 0.016630
v 0.002208 0.045294 0.016630
v 0.002208 0.045294 0.016630
v 0.002208 0.045294 0.016630
v 0.001910 0.045294 0.016317
v 0.001910 0.045294 0.016317
v 0.001910 0.045294 0.016317
v 0.001910 0.045294 0.016317
v 0.001568 0.045294 0.016052
v 0.001568 0.045294 0.016052
v 0.001568 0.045294 0.016052
v 0.001568 0.045294 0.016052
v 0.001189 0.045294 0.015842
v 0.001189 0.045294 0.015842
v 0.001189 0.045294 0.015842
v 0.000783 0.045294 0.015692
v 0.000359 0.045294 0.015605
v -0.000074 0.045294 0.015583
v -0.000504 0.045294 0.015627
v -0.000924 0.045294 0.015736
v -0.001321 0.045294 0.015907
v -0.001689 0.045294 0.016136
v -0.002017 0.045294 0.016418
v -0.002299 0.045294 0.016747
v -0.002527 0.045294 0.017115
v -0.002698 0.045294 0.017513
v -0.002806 0.045294 0.017932
v -0.002806 0.045294 0.017932
v -0.002798 0.045256 0.017932
v -0.002798 0.045256 0.017932
v -0.002776 0.045223 0.017932
v -0.002776 0.045223 0.017932
v -0.002743 0.045202 0.017932
v -0.002743 0.045202 0.017932
v -0.002636 0.045202 0.017522
v -0.002666 0.045223 0.017511
v -0.002687 0.045256 0.017504
v -0.002462 0.045202 0.017123
v -0.002491 0.045223 0.017108
v -0.002510 0.045256 0.017098
v -0.002229 0.045202 0.016757
v -0.002255 0.045223 0.016737
v -0.002272 0.045256 0.016724
v -0.001941 0.045202 0.016431
v -0.001964 0.045223 0.016407
v -0.001979 0.045256 0.016392
v -0.001607 0.045202 0.016153
v -0.001625 0.045223 0.016127
v -0.001638 0.045256 0.016109
v -0.001233 0.045202 0.015931
v -0.001247 0.045223 0.015902
v -0.001257 0.045256 0.015883
v -0.000829 0.045202 0.015770
v -0.000839 0.045223 0.015739
v -0.000845 0.045256 0.015718
v -0.000405 0.045202 0.015673
v -0.000410 0.045223 0.015641
v -0.000413 0.045256 0.015620
v 0.000028 0.045202 0.015644
v 0.000029 0.045223 0.015611
v 0.000029 0.045256 0.015590
v 0.000461 0.045202 0.015682
v 0.000467 0.045223 0.015650
v 0.000470 0.045256 0.015629
v 0.000883 0.045202 0.015787
v 0.000893 0.045223 0.015756
v 0.000900 0.045256 0.015736
v 0.001283 0.045202 0.015957
v 0.001298 0.045223 0.015928
v 0.001308 0.045256 0.015909
v 0.001308 0.045256 0.015909
v 0.001308 0.045256 0.015909
v 0.001308 0.045256 0.015909
v 0.001653 0.045202 0.016186
v 0.001672 0.045223 0.016160
v 0.001685 0.045256 0.016143
v 0.001685 0.045256 0.016143
v 0.001685 0.045256 0.016143
v 0.001685 0.045256 0.016143
v 0.001982 0.045202 0.016470
v 0.002005 0.045223 0.016448
v 0.002020 0.045256 0.016432
v 0.002020 0.045256 0.016432
v 0.002020 0.045256 0.016432
v 0.002020 0.045256 0.016432
v 0.002262 0.045202 0.016802
v 0.002289 0.045223 0.016783
v 0.002306 0.045256 0.016771
v 0.002306 0.045256 0.016771
v 0.002306 0.045256 0.016771
v 0.002306 0.045256 0.016771
v 0.002488 0.045202 0.017174
v 0.002517 0.045223 0.017159
v 0.002537 0.045256 0.017149
v 0.002537 0.045256 0.017149
v 0.002537 0.045256 0.017149
v 0.002537 0.045256 0.017149
v 0.002654 0.045202 0.017576
v 0.002684 0.045223 0.017566
v 0.002705 0.045256 0.017559
v 0.002705 0.045256 0.017559
v 0.002705 0.045256 0.017559
v 0.002705 0.045256 0.017559
v 0.002754 0.045202 0.017999
v 0.002786 0.045223 0.017994
v 0.002808 0.045256 0.017990
v 0.002808 0.045256 0.017990
v 0.002808 0.045256 0.017990
v 0.002808 0.045256 0.017990
v 0.002788 0.045202 0.018432
v 0.002821 0.045223 0.018432
v 0.002842 0.045256 0.018432
v 0.002842 0.045256 0.018432
v 0.002842 0.045256 0.018432
v 0.002842 0.045256 0.018432
v 0.002842 0.045256 0.018432
v 0.002842 0.045256 0.018432
v 0.002754 0.045202 0.018865
v 0.002786 0.045223 0.018870
v 0.002808 0.045256 0.018874
v 0.002808 0.045256 0.018874
v 0.002808 0.045256 0.018874
v 0.002808 0.045256 0.018874
v 0.002654 0.045202 0.019288
v 0.002684 0.045223 0.019298
v 0.002705 0.045256 0.019305
v 0.002705 0.045256 0.019305
v 0.002705 0.045256 0.019305
v 0.002705 0.045256 0.019305
v 0.002488 0.045202 0.019690
v 0.002517 0.045223 0.019705
v 0.002537 0.045256 0.019715
v 0.002537 0.045256 0.019715
v 0.002537 0.045256 0.019715
v 0.002537 0.045256 0.019715
v 0.002262 0.045202 0.020062
v 0.002289 0.045223 0.020081
v 0.002306 0.045256 0.020093
v 0.002306 0.045256 0.020093
v 0.002306 0.045256 0.020093
v 0.002306 0.045256 0.020093
v 0.001982 0.045202 0.020394
v 0.001982 0.045202 0.020394
v 0.002005 0.045223 0.020416
v 0.002020 0.045256 0.020432
v 0.002020 0.045256 0.020432
v 0.002020 0.045256 0.020432
v 0.002020 0.045256 0.020432
v 0.001653 0.045202 0.020678
v 0.001672 0.045223 0.020704
v 0.001685 0.045256 0.020721
v 0.001685 0.045256 0.020721
v 0.001685 0.045256 0.020721
v 0.001685 0.045256 0.020721
v 0.001286 0.045202 0.020906
v 0.001300 0.045223 0.020935
v 0.001309 0.045256 0.020955
v 0.001309 0.045256 0.020955
v 0.001309 0.045256 0.020955
v 0.001309 0.045256 0.020955
v 0.000883 0.045202 0.021077
v 0.000893 0.045223 0.021107
v 0.000900 0.045256 0.021128
v 0.000900 0.045256 0.021128
v 0.000900 0.045256 0.021128
v 0.000900 0.045256 0.021128
v 0.000461 0.045202 0.021182
v 0.000467 0.045223 0.021214
v 0.000470 0.045256 0.021235
v 0.000470 0.045256 0.021235
v 0.000470 0.045256 0.021235
v 0.000028 0.045202 0.021220
v 0.000029 0.045223 0.021253
v 0.000029 0.045256 0.021274
v 0.000029 0.045256 0.021274
v -0.000405 0.045202 0.021191
v -0.000410 0.045223 0.021223
v -0.000413 0.045256 0.021244
v -0.000413 0.045256 0.021244
v -0.000829 0.045202 0.021094
v -0.000839 0.045223 0.021125
v -0.000845 0.045256 0.021146
v -0.000845 0.045256 0.021146
v -0.001233 0.045202 0.020933
v -0.001247 0.045223 0.020962
v -0.001257 0.045256 0.020981
v -0.001607 0.045202 0.020711
v -0.001625 0.045223 0.020737
v -0.001638 0.045256 0.020755
v -0.001941 0.045202 0.020433
v -0.001964 0.045223 0.020457
v -0.001979 0.045256 0.020472
v -0.002229 0.045202 0.020107
v -0.002255 0.045223 0.020127
v -0.002272 0.045256 0.020140
v -0.002462 0.045202 0.019740
v -0.002491 0.045223 0.019756
v -0.002510 0.045256 0.019766
v -0.002636 0.045202 0.019342
v -0.002666 0.045223 0.019352
v -0.002687 0.045256 0.019360
v -0.002806 0.049994 0.017932
v -0.002806 0.049994 0.017932
v -0.002550 0.050032 0.017940
v -0.002550 0.050065 0.017961
v -0.002550 0.050086 0.017994
v -0.002550 0.050094 0.018032
v -0.002435 0.050094 0.018055
v -0.002338 0.050094 0.018120
v -0.002273 0.050094 0.018217
v -0.002250 0.050094 0.018332
v -0.002212 0.050086 0.018332
v -0.002179 0.050065 0.018332
v -0.002158 0.050032 0.018332
v -0.002421 0.050086 0.018019
v -0.002408 0.050065 0.017989
v -0.002400 0.050032 0.017969
v -0.002311 0.050086 0.018093
v -0.002288 0.050065 0.018070
v -0.002273 0.050032 0.018055
v -0.002237 0.050086 0.018203
v -0.002208 0.050065 0.018190
v -0.002187 0.050032 0.018182
v -0.002250 0.050094 0.018532
v -0.002212 0.050086 0.018532
v -0.002179 0.050065 0.018532
v -0.002158 0.050032 0.018532
v -0.002273 0.050094 0.018647
v -0.002338 0.050094 0.018744
v -0.002435 0.050094 0.018809
v -0.002550 0.050094 0.018832
v -0.002550 0.050086 0.018870
v -0.002550 0.050065 0.018903
v -0.002550 0.050032 0.018924
v -0.002237 0.050086 0.018661
v -0.002208 0.050065 0.018674
v -0.002187 0.050032 0.018682
v -0.002311 0.050086 0.018771
v -0.002288 0.050065 0.018794
v -0.002273 0.050032 0.018809
v -0.002421 0.050086 0.018844
v -0.002408 0.050065 0.018874
v -0.002400 0.050032 0.018894
v -0.002822 0.050094 0.018832
v -0.002822 0.050094 0.018832
v -0.002822 0.050094 0.018832
v -0.002817 0.050088 0.018865
v -0.002817 0.050088 0.018865
v -0.002812 0.050072 0.018895
v -0.002812 0.050072 0.018895
v -0.002808 0.050046 0.018917
v -0.002808 0.050046 0.018917
v -0.002806 0.050015 0.018930
v -0.002806 0.050015 0.018930
v -0.002807 0.050027 0.017937
v -0.002807 0.050027 0.017937
v -0.002810 0.050056 0.017953
v -0.002810 0.050056 0.017953
v -0.002814 0.050078 0.017978
v -0.002814 0.050078 0.017978
v -0.002818 0.050091 0.018009
v -0.002818 0.050091 0.018009
v -0.002822 0.050094 0.018032
v -0.002822 0.050094 0.018032
v -0.002822 0.050094 0.018032
v -0.003450 0.048444 0.018432
v -0.003450 0.048444 0.018432
v -0.003416 0.048444 0.017952
v -0.003416 0.048444 0.017952
v -0.003316 0.048444 0.017481
v -0.003316 0.048444 0.017481
v -0.003152 0.048444 0.017029
v -0.003152 0.048444 0.017029
v -0.002926 0.048444 0.016604
v -0.002926 0.048444 0.016604
v -0.002643 0.048444 0.016214
v -0.002643 0.048444 0.016214
v -0.002309 0.048444 0.015868
v -0.002309 0.048444 0.015868
v -0.001929 0.048444 0.015572
v -0.001929 0.048444 0.015572
v -0.001512 0.048444 0.015331
v -0.001512 0.048444 0.015331
v -0.001066 0.048444 0.015151
v -0.001066 0.048444 0.015151
v -0.000599 0.048444 0.015034
v -0.000599 0.048444 0.015034
v -0.000120 0.048444 0.014984
v -0.000120 0.048444 0.014984
v 0.000361 0.048444 0.015001
v 0.000361 0.048444 0.015001
v 0.000835 0.048444 0.015084
v 0.000835 0.048444 0.015084
v 0.001292 0.048444 0.015233
v 0.001292 0.048444 0.015233
v 0.001725 0.048444 0.015444
v 0.001725 0.048444 0.015444
v 0.002124 0.048444 0.015713
v 0.002124 0.048444 0.015713
v 0.002482 0.048444 0.016035
v 0.002482 0.048444 0.016035
v 0.002791 0.048444 0.016404
v 0.002791 0.048444 0.016404
v 0.003046 0.048444 0.016812
v 0.003046 0.048444 0.016812
v 0.003242 0.048444 0.017252
v 0.003242 0.048444 0.017252
v 0.003375 0.048444 0.017715
v 0.003375 0.048444 0.017715
v 0.003442 0.048444 0.018191
v 0.003442 0.048444 0.018673
v 0.003375 0.048444 0.019149
v 0.003375 0.048444 0.019149
v 0.003242 0.048444 0.019612
v 0.003242 0.048444 0.019612
v 0.003046 0.048444 0.020052
v 0.003046 0.048444 0.020052
v 0.002791 0.048444 0.020460
v 0.002791 0.048444 0.020460
v 0.002482 0.048444 0.020829
v 0.002482 0.048444 0.020829
v 0.002124 0.048444 0.021151
v 0.002124 0.048444 0.021151
v 0.001725 0.048444 0.021420
v 0.001725 0.048444 0.021420
v 0.001292 0.048444 0.021631
v 0.001292 0.048444 0.021631
v 0.000835 0.048444 0.021779
v 0.000835 0.048444 0.021779
v 0.000361 0.048444 0.021863
v 0.000361 0.048444 0.021863
v -0.000120 0.048444 0.021880
v -0.000120 0.048444 0.021880
v -0.000599 0.048444 0.021830
v -0.000599 0.048444 0.021830
v -0.001066 0.048444 0.021713
v -0.001066 0.048444 0.021713
v -0.001512 0.048444 0.021533
v -0.001512 0.048444 0.021533
v -0.001929 0.048444 0.021292
v -0.001929 0.048444 0.021292
v -0.002309 0.048444 0.020996
v -0.002309 0.048444 0.020996
v -0.002643 0.048444 0.020650
v -0.002643 0.048444 0.020650
v -0.002926 0.048444 0.020260
v -0.002926 0.048444 0.020260
v -0.003152 0.048444 0.019835
v -0.003152 0.048444 0.019835
v -0.003316 0.048444 0.019383
v -0.003316 0.048444 0.019383
v -0.003416 0.048444 0.018912
v -0.003416 0.048444 0.018912
v -0.002727 0.050094 0.019260
v -0.002727 0.050094 0.019260
v -0.002568 0.050094 0.019668
v -0.002568 0.050094 0.019668
v -0.002348 0.050094 0.020047
v -0.002348 0.050094 0.020047
v -0.002073 0.050094 0.020388
v -0.002073 0.050094 0.020388
v -0.001749 0.050094 0.020682
v -0.001749 0.050094 0.020682
v -0.001383 0.050094 0.020924
v -0.001383 0.050094 0.020924
v -0.000985 0.050094 0.021106
v -0.000985 0.050094 0.021106
v -0.000563 0.050094 0.021226
v -0.000563 0.050094 0.021226
v -0.000128 0.050094 0.021279
v -0.000128 0.050094 0.021279
v 0.000310 0.050094 0.021265
v 0.000310 0.050094 0.021265
v 0.000740 0.050094 0.021184
v 0.000740 0.050094 0.021184
v 0.001153 0.050094 0.021038
v 0.001153 0.050094 0.021038
v 0.001539 0.050094 0.020831
v 0.001539 0.050094 0.020831
v 0.001889 0.050094 0.020566
v 0.001889 0.050094 0.020566
v 0.002194 0.050094 0.020252
v 0.002194 0.050094 0.020252
v 0.002447 0.050094 0.019894
v 0.002447 0.050094 0.019894
v 0.002642 0.050094 0.019502
v 0.002642 0.050094 0.019502
v 0.002774 0.050094 0.019084
v 0.002774 0.050094 0.019084
v 0.002842 0.050094 0.018651
v 0.002842 0.050094 0.018651
v 0.002842 0.050094 0.018213
v 0.002842 0.050094 0.018213
v 0.002774 0.050094 0.017780
v 0.002774 0.050094 0.017780
v 0.002642 0.050094 0.017362
v 0.002642 0.050094 0.017362
v 0.002447 0.050094 0.016970
v 0.002447 0.050094 0.016970
v 0.002194 0.050094 0.016612
v 0.002194 0.050094 0.016612
v 0.001889 0.050094 0.016298
v 0.001889 0.050094 0.016298
v 0.001539 0.050094 0.016033
v 0.001539 0.050094 0.016033
v 0.001153 0.050094 0.015826
v 0.001153 0.050094 0.015826
v 0.000740 0.050094 0.015680
v 0.000740 0.050094 0.015680
v 0.000310 0.050094 0.015599
v 0.000310 0.050094 0.015599
v -0.000128 0.050094 0.015585
v -0.000128 0.050094 0.015585
v -0.000563 0.050094 0.015638
v -0.000563 0.050094 0.015638
v -0.000985 0.050094 0.015757
v -0.000985 0.050094 0.015757
v -0.001383 0.050094 0.015940
v -0.001383 0.050094 0.015940
v -0.001749 0.050094 0.016181
v -0.001749 0.050094 0.016181
v -0.002073 0.050094 0.016476
v -0.002073 0.050094 0.016476
v -0.002348 0.050094 0.016817
v -0.002348 0.050094 0.016817
v -0.002568 0.050094 0.017196
v -0.002568 0.050094 0.017196
v -0.002727 0.050094 0.017604
v -0.002727 0.050094 0.017604
v -0.002847 0.050094 0.018298
v -0.002847 0.050094 0.018298
v -0.002847 0.050094 0.018566
v -0.002847 0.050094 0.018566
v 0.003450 0.048944 0.018432
v 0.003416 0.048944 0.018912
v 0.003316 0.048944 0.019383
v 0.003152 0.048944 0.019835
v 0.002926 0.048944 0.020260
v 0.002643 0.048944 0.020650
v 0.002309 0.048944 0.020996
v 0.001929 0.048944 0.021292
v 0.001512 0.048944 0.021533
v 0.001066 0.048944 0.021713
v 0.000599 0.048944 0.021830
v 0.000120 0.048944 0.021880
v -0.000361 0.048944 0.021863
v -0.000835 0.048944 0.021779
v -0.001292 0.048944 0.021631
v -0.001725 0.048944 0.021420
v -0.002124 0.048944 0.021151
v -0.002482 0.048944 0.020829
v -0.002791 0.048944 0.020460
v -0.003046 0.048944 0.020052
v -0.003242 0.048944 0.019612
v -0.003375 0.048944 0.019149
v -0.003442 0.048944 0.018673
v -0.003442 0.048944 0.018191
v -0.003375 0.048944 0.017715
v -0.003242 0.048944 0.017252
v -0.003046 0.048944 0.016812
v -0.002791 0.048944 0.016404
v -0.002482 0.048944 0.016035
v -0.002124 0.048944 0.015713
v -0.001725 0.048944 0.015444
v -0.001292 0.048944 0.015233
v -0.000835 0.048944 0.015084
v -0.000361 0.048944 0.015001
v 0.000120 0.048944 0.014984
v 0.000599 0.048944 0.015034
v 0.001066 0.048944 0.015151
v 0.001512 0.048944 0.015331
v 0.001929 0.048944 0.015572
v 0.002309 0.048944 0.015868
v 0.002643 0.048944 0.016214
v 0.002926 0.048944 0.016604
v 0.003152 0.048944 0.017029
v 0.003316 0.048944 0.017481
v 0.003416 0.048944 0.017952
v -0.002950 0.050194 0.018432
v -0.002950 0.050194 0.018432
v -0.002915 0.050194 0.018882
v -0.002915 0.050194 0.018882
v -0.002813 0.050194 0.019322
v -0.002813 0.050194 0.019322
v -0.002644 0.050194 0.019741
v -0.002644 0.050194 0.019741
v -0.002413 0.050194 0.020129
v -0.002413 0.050194 0.020129
v -0.002126 0.050194 0.020478
v -0.002126 0.050194 0.020478
v -0.001788 0.050194 0.020778
v -0.001788 0.050194 0.020778
v -0.001409 0.050194 0.021024
v -0.001409 0.050194 0.021024
v -0.000997 0.050194 0.021208
v -0.000997 0.050194 0.021208
v -0.000562 0.050194 0.021328
v -0.000562 0.050194 0.021328
v -0.000113 0.050194 0.021380
v -0.000113 0.050194 0.021380
v 0.000338 0.050194 0.021362
v 0.000338 0.050194 0.021362
v 0.000782 0.050194 0.021277
v 0.000782 0.050194 0.021277
v 0.001207 0.050194 0.021124
v 0.001207 0.050194 0.021124
v 0.001604 0.050194 0.020908
v 0.001604 0.050194 0.020908
v 0.001963 0.050194 0.020634
v 0.001963 0.050194 0.020634
v 0.002276 0.050194 0.020309
v 0.002276 0.050194 0.020309
v 0.002536 0.050194 0.019939
v 0.002536 0.050194 0.019939
v 0.002736 0.050194 0.019535
v 0.002736 0.050194 0.019535
v 0.002872 0.050194 0.019104
v 0.002872 0.050194 0.019104
v 0.002941 0.050194 0.018658
v 0.002941 0.050194 0.018658
v 0.002941 0.050194 0.018206
v 0.002941 0.050194 0.018206
v 0.002872 0.050194 0.017760
v 0.002872 0.050194 0.017760
v 0.002736 0.050194 0.017329
v 0.002736 0.050194 0.017329
v 0.002536 0.050194 0.016924
v 0.002536 0.050194 0.016924
v 0.002276 0.050194 0.016555
v 0.002276 0.050194 0.016555
v 0.001963 0.050194 0.016230
v 0.001963 0.050194 0.016230
v 0.001604 0.050194 0.015956
v 0.001604 0.050194 0.015956
v 0.001207 0.050194 0.015740
v 0.001207 0.050194 0.015740
v 0.000782 0.050194 0.015587
v 0.000782 0.050194 0.015587
v 0.000338 0.050194 0.015501
v 0.000338 0.050194 0.015501
v -0.000113 0.050194 0.015484
v -0.000113 0.050194 0.015484
v -0.000562 0.050194 0.015536
v -0.000562 0.050194 0.015536
v -0.000997 0.050194 0.015656
v -0.000997 0.050194 0.015656
v -0.001409 0.050194 0.015840
v -0.001409 0.050194 0.015840
v -0.001788 0.050194 0.016086
v -0.001788 0.050194 0.016086
v -0.002126 0.050194 0.016386
v -0.002126 0.050194 0.016386
v -0.002413 0.050194 0.016735
v -0.002413 0.050194 0.016735
v -0.002644 0.050194 0.017123
v -0.002644 0.050194 0.017123
v -0.002813 0.050194 0.017542
v -0.002813 0.050194 0.017542
v -0.002915 0.050194 0.017982
v -0.002915 0.050194 0.017982
v 0.000392 0.045194 0.016683
v 0.000423 0.045194 0.016825
v 0.000508 0.045194 0.016943
v 0.000634 0.045194 0.017016
v 0.000779 0.045194 0.017031
v 0.000917 0.045194 0.016986
v 0.001026 0.045194 0.016889
v 0.001085 0.045194 0.016756
v 0.001085 0.045194 0.016610
v 0.001026 0.045194 0.016477
v 0.000917 0.045194 0.016380
v 0.000779 0.045194 0.016335
v 0.000634 0.045194 0.016350
v 0.000508 0.045194 0.016423
v 0.000423 0.045194 0.016541
v 0.000392 0.045194 0.020181
v 0.000423 0.045194 0.020323
v 0.000508 0.045194 0.020441
v 0.000634 0.045194 0.020514
v 0.000779 0.045194 0.020529
v 0.000917 0.045194 0.020484
v 0.001026 0.045194 0.020387
v 0.001085 0.045194 0.020254
v 0.001085 0.045194 0.020108
v 0.001026 0.045194 0.019975
v 0.000917 0.045194 0.019878
v 0.000779 0.045194 0.019833
v 0.000634 0.045194 0.019848
v 0.000508 0.045194 0.019921
v 0.000423 0.045194 0.020039
v -0.001670 0.045194 0.019799
v -0.001640 0.045194 0.019941
v -0.001554 0.045194 0.020059
v -0.001428 0.045194 0.020132
v -0.001283 0.045194 0.020147
v -0.001145 0.045194 0.020102
v -0.001037 0.045194 0.020004
v -0.000978 0.045194 0.019871
v -0.000978 0.045194 0.019726
v -0.001037 0.045194 0.019593
v -0.001145 0.045194 0.019496
v -0.001283 0.045194 0.019451
v -0.001428 0.045194 0.019466
v -0.001554 0.045194 0.019539
v -0.001640 0.045194 0.019656
v -0.001670 0.045194 0.017065
v -0.001640 0.045194 0.017208
v -0.001554 0.045194 0.017325
v -0.001428 0.045194 0.017398
v -0.001283 0.045194 0.017413
v -0.001145 0.045194 0.017368
v -0.001037 0.045194 0.017271
v -0.000978 0.045194 0.017138
v -0.000978 0.045194 0.016992
v -0.001037 0.045194 0.016859
v -0.001145 0.045194 0.016762
v -0.001283 0.045194 0.016717
v -0.001428 0.045194 0.016732
v -0.001554 0.045194 0.016805
v -0.001640 0.045194 0.016923
v -0.000350 0.045194 0.018432
v -0.000320 0.045194 0.018574
v -0.000234 0.045194 0.018692
v -0.000108 0.045194 0.018765
v 0.000037 0.045194 0.018780
v 0.000175 0.045194 0.018735
v 0.000283 0.045194 0.018638
v 0.000342 0.045194 0.018505
v 0.000342 0.045194 0.018359
v 0.000283 0.045194 0.018226
v 0.000175 0.045194 0.018129
v 0.000037 0.045194 0.018084
v -0.000108 0.045194 0.018099
v -0.000234 0.045194 0.018172
v -0.000320 0.045194 0.018290
v 0.001550 0.045194 0.018432
v 0.001580 0.045194 0.018574
v 0.001666 0.045194 0.018692
v 0.001792 0.045194 0.018765
v 0.001937 0.045194 0.018780
v 0.002075 0.045194 0.018735
v 0.002183 0.045194 0.018638
v 0.002242 0.045194 0.018505
v 0.002242 0.045194 0.018359
v 0.002183 0.045194 0.018226
v 0.002075 0.045194 0.018129
v 0.001937 0.045194 0.018084
v 0.001792 0.045194 0.018099
v 0.001666 0.045194 0.018172
v 0.001580 0.045194 0.018290
v -0.002704 0.045194 0.018932
v -0.002592 0.045194 0.019351
v -0.002416 0.045194 0.019745
v -0.002388 0.045194 0.019796
v -0.002256 0.045194 0.020005
v -0.002107 0.045194 0.020199
v -0.001942 0.045194 0.020380
v -0.001759 0.045194 0.020546
v -0.001575 0.045194 0.020687
v -0.001381 0.045194 0.020810
v -0.001178 0.045194 0.020917
v -0.000966 0.045194 0.021007
v -0.000907 0.045194 0.021028
v -0.000685 0.045194 0.021095
v -0.000460 0.045194 0.021143
v -0.000232 0.045194 0.021172
v 0.000000 0.045194 0.021182
v 0.000244 0.045194 0.021171
v 0.000484 0.045194 0.021139
v 0.000720 0.045194 0.021086
v 0.000951 0.045194 0.021012
v 0.001012 0.045194 0.020989
v 0.001269 0.045194 0.020872
v 0.001510 0.045194 0.020731
v 0.001735 0.045194 0.020566
v 0.001945 0.045194 0.020377
v 0.002123 0.045194 0.020181
v 0.002280 0.045194 0.019971
v 0.002416 0.045194 0.019747
v 0.002530 0.045194 0.019510
v 0.002557 0.045194 0.019444
v 0.002641 0.045194 0.019198
v 0.002702 0.045194 0.018947
v 0.002738 0.045194 0.018692
v 0.002750 0.045194 0.018432
v 0.002739 0.045194 0.018188
v 0.002708 0.045194 0.017948
v 0.002655 0.045194 0.017712
v 0.002580 0.045194 0.017481
v 0.002557 0.045194 0.017420
v 0.002440 0.045194 0.017163
v 0.002299 0.045194 0.016922
v 0.002134 0.045194 0.016697
v 0.001945 0.045194 0.016487
v 0.001749 0.045194 0.016309
v 0.001539 0.045194 0.016152
v 0.001315 0.045194 0.016016
v 0.001078 0.045194 0.015902
v 0.001012 0.045194 0.015875
v 0.000766 0.045194 0.015791
v 0.000515 0.045194 0.015730
v 0.000260 0.045194 0.015694
v 0.000000 0.045194 0.015682
v -0.000432 0.045194 0.015716
v -0.000852 0.045194 0.015817
v -0.000907 0.045194 0.015836
v -0.001137 0.045194 0.015928
v -0.001355 0.045194 0.016038
v -0.001562 0.045194 0.016169
v -0.001759 0.045194 0.016318
v -0.001931 0.045194 0.016473
v -0.002088 0.045194 0.016641
v -0.002230 0.045194 0.016822
v -0.002356 0.045194 0.017014
v -0.002388 0.045194 0.017068
v -0.002494 0.045194 0.017274
v -0.002583 0.045194 0.017486
v -0.002653 0.045194 0.017706
v -0.002704 0.045194 0.017932
v -0.002550 0.045194 0.017932
v -0.002397 0.045194 0.017962
v -0.002267 0.045194 0.018049
v -0.002180 0.045194 0.018179
v -0.002150 0.045194 0.018332
v -0.002150 0.045194 0.018532
v -0.002180 0.045194 0.018685
v -0.002267 0.045194 0.018815
v -0.002397 0.045194 0.018902
v -0.002550 0.045194 0.018932
v 0.000392 0.049544 0.016683
v 0.000423 0.049544 0.016825
v 0.000508 0.049544 0.016943
v 0.000634 0.049544 0.017016
v 0.000779 0.049544 0.017031
v 0.000917 0.049544 0.016986
v 0.001026 0.049544 0.016889
v 0.001085 0.049544 0.016756
v 0.001085 0.049544 0.016610
v 0.001026 0.049544 0.016477
v 0.000917 0.049544 0.016380
v 0.000779 0.049544 0.016335
v 0.000634 0.049544 0.016350
v 0.000508 0.049544 0.016423
v 0.000423 0.049544 0.016541
v 0.000742 0.049894 0.016683
v 0.000419 0.049678 0.016683
v 0.000495 0.049791 0.016683
v 0.000608 0.049867 0.016683
v 0.000447 0.049678 0.016815
v 0.000516 0.049791 0.016784
v 0.000620 0.049867 0.016737
v 0.000526 0.049678 0.016923
v 0.000577 0.049791 0.016867
v 0.000653 0.049867 0.016783
v 0.000642 0.049678 0.016991
v 0.000666 0.049791 0.016918
v 0.000701 0.049867 0.016810
v 0.000776 0.049678 0.017005
v 0.000768 0.049791 0.016929
v 0.000756 0.049867 0.016816
v 0.000904 0.049678 0.016963
v 0.000866 0.049791 0.016897
v 0.000809 0.049867 0.016799
v 0.001004 0.049678 0.016873
v 0.000943 0.049791 0.016828
v 0.000851 0.049867 0.016762
v 0.001059 0.049678 0.016750
v 0.000984 0.049791 0.016734
v 0.000873 0.049867 0.016711
v 0.001059 0.049678 0.016616
v 0.000984 0.049791 0.016632
v 0.000873 0.049867 0.016655
v 0.001004 0.049678 0.016493
v 0.000943 0.049791 0.016538
v 0.000851 0.049867 0.016604
v 0.000904 0.049678 0.016403
v 0.000866 0.049791 0.016469
v 0.000809 0.049867 0.016567
v 0.000776 0.049678 0.016361
v 0.000768 0.049791 0.016437
v 0.000756 0.049867 0.016550
v 0.000642 0.049678 0.016375
v 0.000666 0.049791 0.016448
v 0.000701 0.049867 0.016556
v 0.000526 0.049678 0.016443
v 0.000577 0.049791 0.016499
v 0.000653 0.049867 0.016583
v 0.000447 0.049678 0.016551
v 0.000516 0.049791 0.016582
v 0.000620 0.049867 0.016629
v 0.000392 0.049544 0.020181
v 0.000423 0.049544 0.020323
v 0.000508 0.049544 0.020441
v 0.000634 0.049544 0.020514
v 0.000779 0.049544 0.020529
v 0.000917 0.049544 0.020484
v 0.001026 0.049544 0.020387
v 0.001085 0.049544 0.020254
v 0.001085 0.049544 0.020108
v 0.001026 0.049544 0.019975
v 0.000917 0.049544 0.019878
v 0.000779 0.049544 0.019833
v 0.000634 0.049544 0.019848
v 0.000508 0.049544 0.019921
v 0.000423 0.049544 0.020039
v 0.000742 0.049894 0.020181
v 0.000419 0.049678 0.020181
v 0.000495 0.049791 0.020181
v 0.000608 0.049867 0.020181
v 0.000447 0.049678 0.020312
v 0.000516 0.049791 0.020282
v 0.000620 0.049867 0.020235
v 0.000526 0.049678 0.020421
v 0.000577 0.049791 0.020365
v 0.000653 0.049867 0.020280
v 0.000642 0.049678 0.020488
v 0.000666 0.049791 0.020416
v 0.000701 0.049867 0.020308
v 0.000776 0.049678 0.020503
v 0.000768 0.049791 0.020427
v 0.000756 0.049867 0.020314
v 0.000904 0.049678 0.020461
v 0.000866 0.049791 0.020395
v 0.000809 0.049867 0.020297
v 0.001004 0.049678 0.020371
v 0.000943 0.049791 0.020326
v 0.000851 0.049867 0.020260
v 0.001059 0.049678 0.020248
v 0.000984 0.049791 0.020232
v 0.000873 0.049867 0.020209
v 0.001059 0.049678 0.020114
v 0.000984 0.049791 0.020129
v 0.000873 0.049867 0.020153
v 0.001004 0.049678 0.019991
v 0.000943 0.049791 0.020035
v 0.000851 0.049867 0.020102
v 0.000904 0.049678 0.019901
v 0.000866 0.049791 0.019967
v 0.000809 0.049867 0.020065
v 0.000776 0.049678 0.019859
v 0.000768 0.049791 0.019935
v 0.000756 0.049867 0.020048
v 0.000642 0.049678 0.019873
v 0.000666 0.049791 0.019946
v 0.000701 0.049867 0.020054
v 0.000526 0.049678 0.019941
v 0.000577 0.049791 0.019997
v 0.000653 0.049867 0.020081
v 0.000447 0.049678 0.020049
v 0.000516 0.049791 0.020080
v 0.000620 0.049867 0.020126
v -0.001670 0.049544 0.019799
v -0.001640 0.049544 0.019941
v -0.001554 0.049544 0.020059
v -0.001428 0.049544 0.020132
v -0.001283 0.049544 0.020147
v -0.001145 0.049544 0.020102
v -0.001037 0.049544 0.020004
v -0.000978 0.049544 0.019871
v -0.000978 0.049544 0.019726
v -0.001037 0.049544 0.019593
v -0.001145 0.049544 0.019496
v -0.001283 0.049544 0.019451
v -0.001428 0.049544 0.019466
v -0.001554 0.049544 0.019539
v -0.001640 0.049544 0.019656
v -0.001320 0.049894 0.019799
v -0.001643 0.049678 0.019799
v -0.001567 0.049791 0.019799
v -0.001454 0.049867 0.019799
v -0.001615 0.049678 0.019930
v -0.001546 0.049791 0.019899
v -0.001442 0.049867 0.019853
v -0.001536 0.049678 0.020039
v -0.001485 0.049791 0.019983
v -0.001409 0.049867 0.019898
v -0.001420 0.049678 0.020106
v -0.001396 0.049791 0.020034
v -0.001361 0.049867 0.019926
v -0.001286 0.049678 0.020120
v -0.001294 0.049791 0.020045
v -0.001306 0.049867 0.019932
v -0.001158 0.049678 0.020079
v -0.001196 0.049791 0.020013
v -0.001253 0.049867 0.019915
v -0.001058 0.049678 0.019989
v -0.001120 0.049791 0.019944
v -0.001211 0.049867 0.019877
v -0.001004 0.049678 0.019866
v -0.001078 0.049791 0.019850
v -0.001189 0.049867 0.019827
v -0.001004 0.049678 0.019731
v -0.001078 0.049791 0.019747
v -0.001189 0.049867 0.019771
v -0.001058 0.049678 0.019609
v -0.001120 0.049791 0.019653
v -0.001211 0.049867 0.019720
v -0.001158 0.049678 0.019519
v -0.001196 0.049791 0.019584
v -0.001253 0.049867 0.019683
v -0.001286 0.049678 0.019477
v -0.001294 0.049791 0.019553
v -0.001306 0.049867 0.019666
v -0.001420 0.049678 0.019491
v -0.001396 0.049791 0.019563
v -0.001361 0.049867 0.019671
v -0.001536 0.049678 0.019558
v -0.001485 0.049791 0.019615
v -0.001409 0.049867 0.019699
v -0.001615 0.049678 0.019667
v -0.001546 0.049791 0.019698
v -0.001442 0.049867 0.019744
v -0.001670 0.049544 0.017065
v -0.001640 0.049544 0.017208
v -0.001554 0.049544 0.017325
v -0.001428 0.049544 0.017398
v -0.001283 0.049544 0.017413
v -0.001145 0.049544 0.017368
v -0.001037 0.049544 0.017271
v -0.000978 0.049544 0.017138
v -0.000978 0.049544 0.016992
v -0.001037 0.049544 0.016859
v -0.001145 0.049544 0.016762
v -0.001283 0.049544 0.016717
v -0.001428 0.049544 0.016732
v -0.001554 0.049544 0.016805
v -0.001640 0.049544 0.016923
v -0.001320 0.049894 0.017065
v -0.001643 0.049678 0.017065
v -0.001567 0.049791 0.017065
v -0.001454 0.049867 0.017065
v -0.001615 0.049678 0.017197
v -0.001546 0.049791 0.017166
v -0.001442 0.049867 0.017120
v -0.001536 0.049678 0.017306
v -0.001485 0.049791 0.017249
v -0.001409 0.049867 0.017165
v -0.001420 0.049678 0.017373
v -0.001396 0.049791 0.017301
v -0.001361 0.049867 0.017193
v -0.001286 0.049678 0.017387
v -0.001294 0.049791 0.017311
v -0.001306 0.049867 0.017198
v -0.001158 0.049678 0.017345
v -0.001196 0.049791 0.017280
v -0.001253 0.049867 0.017181
v -0.001058 0.049678 0.017255
v -0.001120 0.049791 0.017211
v -0.001211 0.049867 0.017144
v -0.001004 0.049678 0.017132
v -0.001078 0.049791 0.017117
v -0.001189 0.049867 0.017093
v -0.001004 0.049678 0.016998
v -0.001078 0.049791 0.017014
v -0.001189 0.049867 0.017037
v -0.001058 0.049678 0.016875
v -0.001120 0.049791 0.016920
v -0.001211 0.049867 0.016986
v -0.001158 0.049678 0.016785
v -0.001196 0.049791 0.016851
v -0.001253 0.049867 0.016949
v -0.001286 0.049678 0.016744
v -0.001294 0.049791 0.016819
v -0.001306 0.049867 0.016932
v -0.001420 0.049678 0.016758
v -0.001396 0.049791 0.016830
v -0.001361 0.049867 0.016938
v -0.001536 0.049678 0.016825
v -0.001485 0.049791 0.016881
v -0.001409 0.049867 0.016966
v -0.001615 0.049678 0.016934
v -0.001546 0.049791 0.016965
v -0.001442 0.049867 0.017011
v -0.000350 0.049544 0.018432
v -0.000320 0.049544 0.018574
v -0.000234 0.049544 0.018692
v -0.000108 0.049544 0.018765
v 0.000037 0.049544 0.018780
v 0.000175 0.049544 0.018735
v 0.000283 0.049544 0.018638
v 0.000342 0.049544 0.018505
v 0.000342 0.049544 0.018359
v 0.000283 0.049544 0.018226
v 0.000175 0.049544 0.018129
v 0.000037 0.049544 0.018084
v -0.000108 0.049544 0.018099
v -0.000234 0.049544 0.018172
v -0.000320 0.049544 0.018290
v 0.000000 0.049894 0.018432
v -0.000323 0.049678 0.018432
v -0.000247 0.049791 0.018432
v -0.000134 0.049867 0.018432
v -0.000295 0.049678 0.018563
v -0.000226 0.049791 0.018533
v -0.000122 0.049867 0.018486
v -0.000216 0.049678 0.018672
v -0.000166 0.049791 0.018616
v -0.000090 0.049867 0.018531
v -0.000100 0.049678 0.018739
v -0.000076 0.049791 0.018667
v -0.000041 0.049867 0.018559
v 0.000034 0.049678 0.018754
v 0.000026 0.049791 0.018678
v 0.000014 0.049867 0.018565
v 0.000162 0.049678 0.018712
v 0.000124 0.049791 0.018646
v 0.000067 0.049867 0.018548
v 0.000262 0.049678 0.018622
v 0.000200 0.049791 0.018577
v 0.000108 0.049867 0.018511
v 0.000316 0.049678 0.018499
v 0.000242 0.049791 0.018483
v 0.000131 0.049867 0.018460
v 0.000316 0.049678 0.018365
v 0.000242 0.049791 0.018381
v 0.000131 0.049867 0.018404
v 0.000262 0.049678 0.018242
v 0.000200 0.049791 0.018286
v 0.000108 0.049867 0.018353
v 0.000162 0.049678 0.018152
v 0.000124 0.049791 0.018218
v 0.000067 0.049867 0.018316
v 0.000034 0.049678 0.018110
v 0.000026 0.049791 0.018186
v 0.000014 0.049867 0.018299
v -0.000100 0.049678 0.018124
v -0.000076 0.049791 0.018197
v -0.000041 0.049867 0.018305
v -0.000216 0.049678 0.018192
v -0.000166 0.049791 0.018248
v -0.000090 0.049867 0.018332
v -0.000295 0.049678 0.018300
v -0.000226 0.049791 0.018331
v -0.000122 0.049867 0.018377
v 0.001550 0.049544 0.018432
v 0.001580 0.049544 0.018574
v 0.001666 0.049544 0.018692
v 0.001792 0.049544 0.018765
v 0.001937 0.049544 0.018780
v 0.002075 0.049544 0.018735
v 0.002183 0.049544 0.018638
v 0.002242 0.049544 0.018505
v 0.002242 0.049544 0.018359
v 0.002183 0.049544 0.018226
v 0.002075 0.049544 0.018129
v 0.001937 0.049544 0.018084
v 0.001792 0.049544 0.018099
v 0.001666 0.049544 0.018172
v 0.001580 0.049544 0.018290
v 0.001900 0.049894 0.018432
v 0.001577 0.049678 0.018432
v 0.001653 0.049791 0.018432
v 0.001766 0.049867 0.018432
v 0.001605 0.049678 0.018563
v 0.001674 0.049791 0.018533
v 0.001778 0.049867 0.018486
v 0.001684 0.049678 0.018672
v 0.001734 0.049791 0.018616
v 0.001810 0.049867 0.018531
v 0.001800 0.049678 0.018739
v 0.001824 0.049791 0.018667
v 0.001859 0.049867 0.018559
v 0.001934 0.049678 0.018754
v 0.001926 0.049791 0.018678
v 0.001914 0.049867 0.018565
v 0.002062 0.049678 0.018712
v 0.002024 0.049791 0.018646
v 0.001967 0.049867 0.018548
v 0.002162 0.049678 0.018622
v 0.002100 0.049791 0.018577
v 0.002008 0.049867 0.018511
v 0.002216 0.049678 0.018499
v 0.002142 0.049791 0.018483
v 0.002031 0.049867 0.018460
v 0.002216 0.049678 0.018365
v 0.002142 0.049791 0.018381
v 0.002031 0.049867 0.018404
v 0.002162 0.049678 0.018242
v 0.002100 0.049791 0.018286
v 0.002008 0.049867 0.018353
v 0.002062 0.049678 0.018152
v 0.002024 0.049791 0.018218
v 0.001967 0.049867 0.018316
v 0.001934 0.049678 0.018110
v 0.001926 0.049791 0.018186
v 0.001914 0.049867 0.018299
v 0.001800 0.049678 0.018124
v 0.001824 0.049791 0.018197
v 0.001859 0.049867 0.018305
v 0.001684 0.049678 0.018192
v 0.001734 0.049791 0.018248
v 0.001810 0.049867 0.018332
v 0.001605 0.049678 0.018300
v 0.001674 0.049791 0.018331
v 0.001778 0.049867 0.018377
v 0.000392 0.045194 0.016683
v 0.000423 0.045194 0.016825
v 0.000508 0.045194 0.016943
v 0.000634 0.045194 0.017016
v 0.000779 0.045194 0.017031
v 0.000917 0.045194 0.016986
v 0.001026 0.045194 0.016889
v 0.001085 0.045194 0.016756
v 0.001085 0.045194 0.016610
v 0.001026 0.045194 0.016477
v 0.000917 0.045194 0.016380
v 0.000779 0.045194 0.016335
v 0.000634 0.045194 0.016350
v 0.000508 0.045194 0.016423
v 0.000423 0.045194 0.016541
v 0.001085 0.047369 0.016610
v 0.000423 0.047369 0.016825
v 0.000392 0.047369 0.016683
v 0.000508 0.047369 0.016943
v 0.000634 0.047369 0.017016
v 0.000779 0.047369 0.017031
v 0.000917 0.047369 0.016986
v 0.001026 0.047369 0.016889
v 0.001085 0.047369 0.016756
v 0.001026 0.047369 0.016477
v 0.000917 0.047369 0.016380
v 0.000779 0.047369 0.016335
v 0.000634 0.047369 0.016350
v 0.000508 0.047369 0.016423
v 0.000423 0.047369 0.016541
v 0.000392 0.045194 0.020181
v 0.000423 0.045194 0.020323
v 0.000508 0.045194 0.020441
v 0.000634 0.045194 0.020514
v 0.000779 0.045194 0.020529
v 0.000917 0.045194 0.020484
v 0.001026 0.045194 0.020387
v 0.001085 0.045194 0.020254
v 0.001085 0.045194 0.020108
v 0.001026 0.045194 0.019975
v 0.000917 0.045194 0.019878
v 0.000779 0.045194 0.019833
v 0.000634 0.045194 0.019848
v 0.000508 0.045194 0.019921
v 0.000423 0.045194 0.020039
v 0.001085 0.047369 0.020108
v 0.000423 0.047369 0.020323
v 0.000392 0.047369 0.020181
v 0.000508 0.047369 0.020441
v 0.000634 0.047369 0.020514
v 0.000779 0.047369 0.020529
v 0.000917 0.047369 0.020484
v 0.001026 0.047369 0.020387
v 0.001085 0.047369 0.020254
v 0.001026 0.047369 0.019975
v 0.000917 0.047369 0.019878
v 0.000779 0.047369 0.019833
v 0.000634 0.047369 0.019848
v 0.000508 0.047369 0.019921
v 0.000423 0.047369 0.020039
v -0.001670 0.045194 0.019799
v -0.001640 0.045194 0.019941
v -0.001554 0.045194 0.020059
v -0.001428 0.045194 0.020132
v -0.001283 0.045194 0.020147
v -0.001145 0.045194 0.020102
v -0.001037 0.045194 0.020004
v -0.000978 0.045194 0.019871
v -0.000978 0.045194 0.019726
v -0.001037 0.045194 0.019593
v -0.001145 0.045194 0.019496
v -0.001283 0.045194 0.019451
v -0.001428 0.045194 0.019466
v -0.001554 0.045194 0.019539
v -0.001640 0.045194 0.019656
v -0.000978 0.047369 0.019726
v -0.001640 0.047369 0.019941
v -0.001670 0.047369 0.019799
v -0.001554 0.047369 0.020059
v -0.001428 0.047369 0.020132
v -0.001283 0.047369 0.020147
v -0.001145 0.047369 0.020102
v -0.001037 0.047369 0.020004
v -0.000978 0.047369 0.019871
v -0.001037 0.047369 0.019593
v -0.001145 0.047369 0.019496
v -0.001283 0.047369 0.019451
v -0.001428 0.047369 0.019466
v -0.001554 0.047369 0.019539
v -0.001640 0.047369 0.019656
v -0.001670 0.045194 0.017065
v -0.001640 0.045194 0.017208
v -0.001554 0.045194 0.017325
v -0.001428 0.045194 0.017398
v -0.001283 0.045194 0.017413
v -0.001145 0.045194 0.017368
v -0.001037 0.045194 0.017271
v -0.000978 0.045194 0.017138
v -0.000978 0.045194 0.016992
v -0.001037 0.045194 0.016859
v -0.001145 0.045194 0.016762
v -0.001283 0.045194 0.016717
v -0.001428 0.045194 0.016732
v -0.001554 0.045194 0.016805
v -0.001640 0.045194 0.016923
v -0.000978 0.047369 0.016992
v -0.001640 0.047369 0.017208
v -0.001670 0.047369 0.017065
v -0.001554 0.047369 0.017325
v -0.001428 0.047369 0.017398
v -0.001283 0.047369 0.017413
v -0.001145 0.047369 0.017368
v -0.001037 0.047369 0.017271
v -0.000978 0.047369 0.017138
v -0.001037 0.047369 0.016859
v -0.001145 0.047369 0.016762
v -0.001283 0.047369 0.016717
v -0.001428 0.047369 0.016732
v -0.001554 0.047369 0.016805
v -0.001640 0.047369 0.016923
v -0.000350 0.045194 0.018432
v -0.000320 0.045194 0.018574
v -0.000234 0.045194 0.018692
v -0.000108 0.045194 0.018765
v 0.000037 0.045194 0.018780
v 0.000175 0.045194 0.018735
v 0.000283 0.045194 0.018638
v 0.000342 0.045194 0.018505
v 0.000342 0.045194 0.018359
v 0.000283 0.045194 0.018226
v 0.000175 0.045194 0.018129
v 0.000037 0.045194 0.018084
v -0.000108 0.045194 0.018099
v -0.000234 0.045194 0.018172
v -0.000320 0.045194 0.018290
v 0.000342 0.047369 0.018359
v -0.000320 0.047369 0.018574
v -0.000350 0.047369 0.018432
v -0.000234 0.047369 0.018692
v -0.000108 0.047369 0.018765
v 0.000037 0.047369 0.018780
v 0.000175 0.047369 0.018735
v 0.000283 0.047369 0.018638
v 0.000342 0.047369 0.018505
v 0.000283 0.047369 0.018226
v 0.000175 0.047369 0.018129
v 0.000037 0.047369 0.018084
v -0.000108 0.047369 0.018099
v -0.000234 0.047369 0.018172
v -0.000320 0.047369 0.018290
v 0.001550 0.045194 0.018432
v 0.001580 0.045194 0.018574
v 0.001666 0.045194 0.018692
v 0.001792 0.045194 0.018765
v 0.001937 0.045194 0.018780
v 0.002075 0.045194 0.018735
v 0.002183 0.045194 0.018638
v 0.002242 0.045194 0.018505
v 0.002242 0.045194 0.018359
v 0.002183 0.045194 0.018226
v 0.002075 0.045194 0.018129
v 0.001937 0.045194 0.018084
v 0.001792 0.045194 0.018099
v 0.001666 0.045194 0.018172
v 0.001580 0.045194 0.018290
v 0.002242 0.047369 0.018359
v 0.001580 0.047369 0.018574
v 0.001550 0.047369 0.018432
v 0.001666 0.047369 0.018692
v 0.001792 0.047369 0.018765
v 0.001937 0.047369 0.018780
v 0.002075 0.047369 0.018735
v 0.002183 0.047369 0.018638
v 0.002242 0.047369 0.018505
v 0.002183 0.047369 0.018226
v 0.002075 0.047369 0.018129
v 0.001937 0.047369 0.018084
v 0.001792 0.047369 0.018099
v 0.001666 0.047369 0.018172
v 0.001580 0.047369 0.018290
v 0.005000 0.040694 0.008731
v -0.005000 0.040694 0.018432
v 0.005000 0.040694 0.018432
v 0.005000 0.040694 0.018432
v -0.004973 0.040694 0.017909
v -0.004891 0.040694 0.017392
v -0.004755 0.040694 0.016887
v -0.004568 0.040694 0.016398
v -0.004330 0.040694 0.015932
v -0.004330 0.040694 0.015932
v -0.004330 0.040694 0.015932
v -0.004011 0.040694 0.015446
v -0.003637 0.040694 0.015001
v -0.003214 0.040694 0.014602
v -0.002748 0.040694 0.014255
v -0.002244 0.040694 0.013964
v -0.001710 0.040694 0.013733
v -0.001153 0.040694 0.013567
v -0.000580 0.040694 0.013466
v 0.000000 0.040694 0.013432
v 0.000000 0.040694 0.013432
v 0.000000 0.040694 0.013432
v 0.000580 0.040694 0.013466
v 0.001153 0.040694 0.013567
v 0.001710 0.040694 0.013733
v 0.002244 0.040694 0.013964
v 0.002748 0.040694 0.014255
v 0.003214 0.040694 0.014602
v 0.003637 0.040694 0.015001
v 0.004011 0.040694 0.015446
v 0.004330 0.040694 0.015932
v 0.004330 0.040694 0.015932
v 0.004330 0.040694 0.015932
v 0.004568 0.040694 0.016398
v 0.004755 0.040694 0.016887
v 0.004891 0.040694 0.017392
v 0.004973 0.040694 0.017909
v 0.004973 0.040694 0.017909
v 0.004973 0.040694 0.018955
v 0.004891 0.040694 0.019472
v 0.004755 0.040694 0.019977
v 0.004568 0.040694 0.020466
v 0.004330 0.040694 0.020932
v 0.004330 0.040694 0.020932
v 0.004330 0.040694 0.020932
v 0.004011 0.040694 0.021418
v 0.003637 0.040694 0.021863
v 0.003214 0.040694 0.022262
v 0.002748 0.040694 0.022609
v 0.002244 0.040694 0.022900
v 0.001710 0.040694 0.023130
v 0.001153 0.040694 0.023297
v 0.000580 0.040694 0.023398
v 0.000000 0.040694 0.023432
v 0.000000 0.040694 0.023432
v 0.000000 0.040694 0.023432
v -0.000580 0.040694 0.023398
v -0.001153 0.040694 0.023297
v -0.001710 0.040694 0.023130
v -0.002244 0.040694 0.022900
v -0.002748 0.040694 0.022609
v -0.003214 0.040694 0.022262
v -0.003637 0.040694 0.021863
v -0.004011 0.040694 0.021418
v -0.004330 0.040694 0.020932
v -0.004330 0.040694 0.020932
v -0.004330 0.040694 0.020932
v -0.004568 0.040694 0.020466
v -0.004755 0.040694 0.019977
v -0.004891 0.040694 0.019472
v -0.004973 0.040694 0.018955
v -0.000673 0.040706 0.023432
v -0.000673 0.040706 0.023432
v -0.001364 0.040743 0.023432
v -0.001364 0.040743 0.023432
v -0.002094 0.040807 0.023432
v -0.002094 0.040807 0.023432
v -0.002481 0.040850 0.023432
v -0.002481 0.040850 0.023432
v -0.002887 0.040901 0.023432
v -0.002887 0.040901 0.023432
v -0.002887 0.040901 0.023432
v -0.003090 0.040850 0.023081
v -0.003090 0.040850 0.023081
v -0.003283 0.040807 0.022746
v -0.003283 0.040807 0.022746
v -0.003648 0.040743 0.022113
v -0.003648 0.040743 0.022113
v -0.003994 0.040706 0.021515
v -0.003994 0.040706 0.021515
v -0.004667 0.040706 0.020349
v -0.004667 0.040706 0.020349
v -0.005012 0.040743 0.019751
v -0.005012 0.040743 0.019751
v -0.005377 0.040807 0.019118
v -0.005377 0.040807 0.019118
v -0.005571 0.040850 0.018783
v -0.005571 0.040850 0.018783
v -0.005774 0.040901 0.018432
v -0.005774 0.040901 0.018432
v -0.005774 0.040901 0.018432
v -0.005571 0.040850 0.018081
v -0.005571 0.040850 0.018081
v -0.005377 0.040807 0.017746
v -0.005377 0.040807 0.017746
v -0.005012 0.040743 0.017113
v -0.005012 0.040743 0.017113
v -0.004667 0.040706 0.016515
v -0.004667 0.040706 0.016515
v -0.003994 0.040706 0.015349
v -0.003994 0.040706 0.015349
v -0.003648 0.040743 0.014751
v -0.003648 0.040743 0.014751
v -0.003283 0.040807 0.014118
v -0.003283 0.040807 0.014118
v -0.003090 0.040850 0.013783
v -0.003090 0.040850 0.013783
v -0.002887 0.040901 0.013432
v -0.002887 0.040901 0.013432
v -0.002887 0.040901 0.013432
v -0.002481 0.040850 0.013432
v -0.002481 0.040850 0.013432
v -0.002094 0.040807 0.013432
v -0.002094 0.040807 0.013432
v -0.001364 0.040743 0.013432
v -0.001364 0.040743 0.013432
v -0.000673 0.040706 0.013432
v -0.000673 0.040706 0.013432
v 0.002887 0.040901 0.013432
v 0.002887 0.040901 0.013432
v 0.002887 0.040901 0.013432
v 0.003090 0.040850 0.013783
v 0.003090 0.040850 0.013783
v 0.003283 0.040807 0.014118
v 0.003283 0.040807 0.014118
v 0.003648 0.040743 0.014751
v 0.003648 0.040743 0.014751
v 0.003994 0.040706 0.015349
v 0.003994 0.040706 0.015349
v 0.000673 0.040706 0.013432
v 0.000673 0.040706 0.013432
v 0.001364 0.040743 0.013432
v 0.001364 0.040743 0.013432
v 0.002094 0.040807 0.013432
v 0.002094 0.040807 0.013432
v 0.002481 0.040850 0.013432
v 0.002481 0.040850 0.013432
v 0.005774 0.040901 0.018432
v 0.005774 0.040901 0.018432
v 0.005774 0.040901 0.018432
v 0.005571 0.040850 0.018783
v 0.005571 0.040850 0.018783
v 0.005377 0.040807 0.019118
v 0.005377 0.040807 0.019118
v 0.005012 0.040743 0.019751
v 0.005012 0.040743 0.019751
v 0.004667 0.040706 0.020349
v 0.004667 0.040706 0.020349
v 0.004667 0.040706 0.016515
v 0.004667 0.040706 0.016515
v 0.005012 0.040743 0.017113
v 0.005012 0.040743 0.017113
v 0.005377 0.040807 0.017746
v 0.005377 0.040807 0.017746
v 0.005571 0.040850 0.018081
v 0.005571 0.040850 0.018081
v 0.002887 0.040901 0.023432
v 0.002887 0.040901 0.023432
v 0.002887 0.040901 0.023432
v 0.002481 0.040850 0.023432
v 0.002481 0.040850 0.023432
v 0.002094 0.040807 0.023432
v 0.002094 0.040807 0.023432
v 0.001364 0.040743 0.023432
v 0.001364 0.040743 0.023432
v 0.000673 0.040706 0.023432
v 0.000673 0.040706 0.023432
v 0.003994 0.040706 0.021515
v 0.003994 0.040706 0.021515
v 0.003648 0.040743 0.022113
v 0.003648 0.040743 0.022113
v 0.003283 0.040807 0.022746
v 0.003283 0.040807 0.022746
v 0.003090 0.040850 0.023081
v 0.003090 0.040850 0.023081
v -0.002887 0.042987 0.023432
v -0.002887 0.042987 0.023432
v -0.002887 0.042987 0.023432
v 0.002887 0.042987 0.023432
v 0.002887 0.042987 0.023432
v 0.002887 0.042987 0.023432
v 0.002481 0.043038 0.023432
v 0.002481 0.043038 0.023432
v 0.002094 0.043081 0.023432
v 0.002094 0.043081 0.023432
v 0.001364 0.043145 0.023432
v 0.001364 0.043145 0.023432
v 0.000673 0.043182 0.023432
v 0.000673 0.043182 0.023432
v 0.000000 0.043194 0.023432
v 0.000000 0.043194 0.023432
v 0.000000 0.043194 0.023432
v 0.000000 0.043194 0.023432
v -0.000673 0.043182 0.023432
v -0.000673 0.043182 0.023432
v -0.001364 0.043145 0.023432
v -0.001364 0.043145 0.023432
v -0.002094 0.043081 0.023432
v -0.002094 0.043081 0.023432
v -0.002481 0.043038 0.023432
v -0.002481 0.043038 0.023432
v -0.005774 0.042987 0.018432
v -0.005774 0.042987 0.018432
v -0.005774 0.042987 0.018432
v -0.003090 0.043038 0.023081
v -0.003090 0.043038 0.023081
v -0.003283 0.043081 0.022746
v -0.003283 0.043081 0.022746
v -0.003648 0.043145 0.022113
v -0.003648 0.043145 0.022113
v -0.003994 0.043182 0.021515
v -0.003994 0.043182 0.021515
v -0.004330 0.043194 0.020932
v -0.004330 0.043194 0.020932
v -0.004330 0.043194 0.020932
v -0.004330 0.043194 0.020932
v -0.004667 0.043182 0.020349
v -0.004667 0.043182 0.020349
v -0.005012 0.043145 0.019751
v -0.005012 0.043145 0.019751
v -0.005377 0.043081 0.019118
v -0.005377 0.043081 0.019118
v -0.005571 0.043038 0.018783
v -0.005571 0.043038 0.018783
v -0.002887 0.042987 0.013432
v -0.002887 0.042987 0.013432
v -0.002887 0.042987 0.013432
v -0.005571 0.043038 0.018081
v -0.005571 0.043038 0.018081
v -0.005377 0.043081 0.017746
v -0.005377 0.043081 0.017746
v -0.005012 0.043145 0.017113
v -0.005012 0.043145 0.017113
v -0.004667 0.043182 0.016515
v -0.004667 0.043182 0.016515
v -0.004330 0.043194 0.015932
v -0.004330 0.043194 0.015932
v -0.004330 0.043194 0.015932
v -0.004330 0.043194 0.015932
v -0.003994 0.043182 0.015349
v -0.003994 0.043182 0.015349
v -0.003648 0.043145 0.014751
v -0.003648 0.043145 0.014751
v -0.003283 0.043081 0.014118
v -0.003283 0.043081 0.014118
v -0.003090 0.043038 0.013783
v -0.003090 0.043038 0.013783
v 0.002887 0.042987 0.013432
v 0.002887 0.042987 0.013432
v 0.002887 0.042987 0.013432
v -0.002481 0.043038 0.013432
v -0.002481 0.043038 0.013432
v -0.002094 0.043081 0.013432
v -0.002094 0.043081 0.013432
v -0.001364 0.043145 0.013432
v -0.001364 0.043145 0.013432
v -0.000673 0.043182 0.013432
v -0.000673 0.043182 0.013432
v 0.000000 0.043194 0.013432
v 0.000000 0.043194 0.013432
v 0.000000 0.043194 0.013432
v 0.000000 0.043194 0.013432
v 0.000673 0.043182 0.013432
v 0.000673 0.043182 0.013432
v 0.001364 0.043145 0.013432
v 0.001364 0.043145 0.013432
v 0.002094 0.043081 0.013432
v 0.002094 0.043081 0.013432
v 0.002481 0.043038 0.013432
v 0.002481 0.043038 0.013432
v 0.005774 0.042987 0.018432
v 0.005774 0.042987 0.018432
v 0.005774 0.042987 0.018432
v 0.003090 0.043038 0.013783
v 0.003090 0.043038 0.013783
v 0.003283 0.043081 0.014118
v 0.003283 0.043081 0.014118
v 0.003648 0.043145 0.014751
v 0.003648 0.043145 0.014751
v 0.003994 0.043182 0.015349
v 0.003994 0.043182 0.015349
v 0.004330 0.043194 0.015932
v 0.004330 0.043194 0.015932
v 0.004330 0.043194 0.015932
v 0.004330 0.043194 0.015932
v 0.004667 0.043182 0.016515
v 0.004667 0.043182 0.016515
v 0.005012 0.043145 0.017113
v 0.005012 0.043145 0.017113
v 0.005377 0.043081 0.017746
v 0.005377 0.043081 0.017746
v 0.005571 0.043038 0.018081
v 0.005571 0.043038 0.018081
v 0.005571 0.043038 0.018783
v 0.005571 0.043038 0.018783
v 0.005377 0.043081 0.019118
v 0.005377 0.043081 0.019118
v 0.005012 0.043145 0.019751
v 0.005012 0.043145 0.019751
v 0.004667 0.043182 0.020349
v 0.004667 0.043182 0.020349
v 0.004330 0.043194 0.020932
v 0.004330 0.043194 0.020932
v 0.004330 0.043194 0.020932
v 0.004330 0.043194 0.020932
v 0.003994 0.043182 0.021515
v 0.003994 0.043182 0.021515
v 0.003648 0.043145 0.022113
v 0.003648 0.043145 0.022113
v 0.003283 0.043081 0.022746
v 0.003283 0.043081 0.022746
v 0.003090 0.043038 0.023081
v 0.003090 0.043038 0.023081
v 0.004011 0.043194 0.021418
v 0.004011 0.043194 0.021418
v 0.003637 0.043194 0.021863
v 0.003637 0.043194 0.021863
v 0.003214 0.043194 0.022262
v 0.003214 0.043194 0.022262
v 0.002748 0.043194 0.022609
v 0.002748 0.043194 0.022609
v 0.002244 0.043194 0.022900
v 0.002244 0.043194 0.022900
v 0.001710 0.043194 0.023130
v 0.001710 0.043194 0.023130
v 0.001153 0.043194 0.023297
v 0.001153 0.043194 0.023297
v 0.000580 0.043194 0.023398
v 0.000580 0.043194 0.023398
v -0.000580 0.043194 0.023398
v -0.000580 0.043194 0.023398
v -0.001153 0.043194 0.023297
v -0.001153 0.043194 0.023297
v -0.001710 0.043194 0.023130
v -0.001710 0.043194 0.023130
v -0.002244 0.043194 0.022900
v -0.002244 0.043194 0.022900
v -0.002748 0.043194 0.022609
v -0.002748 0.043194 0.022609
v -0.003214 0.043194 0.022262
v -0.003214 0.043194 0.022262
v -0.003637 0.043194 0.021863
v -0.003637 0.043194 0.021863
v -0.004011 0.043194 0.021418
v -0.004011 0.043194 0.021418
v -0.004591 0.043194 0.020412
v -0.004591 0.043194 0.020412
v -0.004790 0.043194 0.019866
v -0.004790 0.043194 0.019866
v -0.004924 0.043194 0.019300
v -0.004924 0.043194 0.019300
v -0.004992 0.043194 0.018723
v -0.004992 0.043194 0.018723
v -0.004992 0.043194 0.018141
v -0.004992 0.043194 0.018141
v -0.004924 0.043194 0.017564
v -0.004924 0.043194 0.017564
v -0.004790 0.043194 0.016998
v -0.004790 0.043194 0.016998
v -0.004591 0.043194 0.016452
v -0.004591 0.043194 0.016452
v -0.004011 0.043194 0.015446
v -0.004011 0.043194 0.015446
v -0.003637 0.043194 0.015001
v -0.003637 0.043194 0.015001
v -0.003214 0.043194 0.014602
v -0.003214 0.043194 0.014602
v -0.002748 0.043194 0.014255
v -0.002748 0.043194 0.014255
v -0.002244 0.043194 0.013964
v -0.002244 0.043194 0.013964
v -0.001710 0.043194 0.013733
v -0.001710 0.043194 0.013733
v -0.001153 0.043194 0.013567
v -0.001153 0.043194 0.013567
v -0.000580 0.043194 0.013466
v -0.000580 0.043194 0.013466
v 0.000580 0.043194 0.013466
v 0.000580 0.043194 0.013466
v 0.001153 0.043194 0.013567
v 0.001153 0.043194 0.013567
v 0.001710 0.043194 0.013733
v 0.001710 0.043194 0.013733
v 0.002244 0.043194 0.013964
v 0.002244 0.043194 0.013964
v 0.002748 0.043194 0.014255
v 0.002748 0.043194 0.014255
v 0.003214 0.043194 0.014602
v 0.003214 0.043194 0.014602
v 0.003637 0.043194 0.015001
v 0.003637 0.043194 0.015001
v 0.004011 0.043194 0.015446
v 0.004011 0.043194 0.015446
v 0.004591 0.043194 0.016452
v 0.004591 0.043194 0.016452
v 0.004790 0.043194 0.016998
v 0.004790 0.043194 0.016998
v 0.004924 0.043194 0.017564
v 0.004924 0.043194 0.017564
v 0.004992 0.043194 0.018141
v 0.004992 0.043194 0.018141
v 0.004992 0.043194 0.018723
v 0.004992 0.043194 0.018723
v 0.004924 0.043194 0.019300
v 0.004924 0.043194 0.019300
v 0.004790 0.043194 0.019866
v 0.004790 0.043194 0.019866
v 0.004591 0.043194 0.020412
v 0.004591 0.043194 0.020412
v -0.004000 0.043194 0.018432
v -0.004000 0.043194 0.018432
v -0.003966 0.043194 0.017910
v -0.003966 0.043194 0.017910
v -0.003864 0.043194 0.017397
v -0.003864 0.043194 0.017397
v -0.003696 0.043194 0.016901
v -0.003696 0.043194 0.016901
v -0.003464 0.043194 0.016432
v -0.003464 0.043194 0.016432
v -0.003173 0.043194 0.015997
v -0.003173 0.043194 0.015997
v -0.002828 0.043194 0.015604
v -0.002828 0.043194 0.015604
v -0.002435 0.043194 0.015259
v -0.002435 0.043194 0.015259
v -0.002000 0.043194 0.014968
v -0.002000 0.043194 0.014968
v -0.001531 0.043194 0.014736
v -0.001531 0.043194 0.014736
v -0.001035 0.043194 0.014568
v -0.001035 0.043194 0.014568
v -0.000522 0.043194 0.014466
v -0.000522 0.043194 0.014466
v 0.000000 0.043194 0.014432
v 0.000000 0.043194 0.014432
v 0.000522 0.043194 0.014466
v 0.000522 0.043194 0.014466
v 0.001035 0.043194 0.014568
v 0.001035 0.043194 0.014568
v 0.001531 0.043194 0.014736
v 0.001531 0.043194 0.014736
v 0.002000 0.043194 0.014968
v 0.002000 0.043194 0.014968
v 0.002435 0.043194 0.015259
v 0.002435 0.043194 0.015259
v 0.002828 0.043194 0.015604
v 0.002828 0.043194 0.015604
v 0.003173 0.043194 0.015997
v 0.003173 0.043194 0.015997
v 0.003464 0.043194 0.016432
v 0.003464 0.043194 0.016432
v 0.003696 0.043194 0.016901
v 0.003696 0.043194 0.016901
v 0.003864 0.043194 0.017397
v 0.003864 0.043194 0.017397
v 0.003966 0.043194 0.017910
v 0.003966 0.043194 0.017910
v 0.004000 0.043194 0.018432
v 0.004000 0.043194 0.018432
v 0.003966 0.043194 0.018954
v 0.003966 0.043194 0.018954
v 0.003864 0.043194 0.019467
v 0.003864 0.043194 0.019467
v 0.003696 0.043194 0.019963
v 0.003696 0.043194 0.019963
v 0.003464 0.043194 0.020432
v 0.003464 0.043194 0.020432
v 0.003173 0.043194 0.020867
v 0.003173 0.043194 0.020867
v 0.002828 0.043194 0.021260
v 0.002828 0.043194 0.021260
v 0.002435 0.043194 0.021605
v 0.002435 0.043194 0.021605
v 0.002000 0.043194 0.021896
v 0.002000 0.043194 0.021896
v 0.001531 0.043194 0.022127
v 0.001531 0.043194 0.022127
v 0.001035 0.043194 0.022296
v 0.001035 0.043194 0.022296
v 0.000522 0.043194 0.022398
v 0.000522 0.043194 0.022398
v 0.000000 0.043194 0.022432
v 0.000000 0.043194 0.022432
v -0.000522 0.043194 0.022398
v -0.000522 0.043194 0.022398
v -0.001035 0.043194 0.022296
v -0.001035 0.043194 0.022296
v -0.001531 0.043194 0.022127
v -0.001531 0.043194 0.022127
v -0.002000 0.043194 0.021896
v -0.002000 0.043194 0.021896
v -0.002435 0.043194 0.021605
v -0.002435 0.043194 0.021605
v -0.002828 0.043194 0.021260
v -0.002828 0.043194 0.021260
v -0.003173 0.043194 0.020867
v -0.003173 0.043194 0.020867
v -0.003464 0.043194 0.020432
v -0.003464 0.043194 0.020432
v -0.003696 0.043194 0.019963
v -0.003696 0.043194 0.019963
v -0.003864 0.043194 0.019467
v -0.003864 0.043194 0.019467
v -0.003966 0.043194 0.018954
v -0.003966 0.043194 0.018954
v -0.004000 0.046862 0.018432
v -0.004000 0.046862 0.018432
v -0.003966 0.046862 0.017910
v -0.003966 0.046862 0.017910
v -0.003864 0.046862 0.017397
v -0.003864 0.046862 0.017397
v -0.003696 0.046862 0.016901
v -0.003696 0.046862 0.016901
v -0.003464 0.046862 0.016432
v -0.003464 0.046862 0.016432
v -0.003173 0.046862 0.015997
v -0.003173 0.046862 0.015997
v -0.002828 0.046862 0.015604
v -0.002828 0.046862 0.015604
v -0.002435 0.046862 0.015259
v -0.002435 0.046862 0.015259
v -0.002000 0.046862 0.014968
v -0.002000 0.046862 0.014968
v -0.001531 0.046862 0.014736
v -0.001531 0.046862 0.014736
v -0.001035 0.046862 0.014568
v -0.001035 0.046862 0.014568
v -0.000522 0.046862 0.014466
v -0.000522 0.046862 0.014466
v 0.000000 0.046862 0.014432
v 0.000000 0.046862 0.014432
v 0.000522 0.046862 0.014466
v 0.000522 0.046862 0.014466
v 0.001035 0.046862 0.014568
v 0.001035 0.046862 0.014568
v 0.001531 0.046862 0.014736
v 0.001531 0.046862 0.014736
v 0.002000 0.046862 0.014968
v 0.002000 0.046862 0.014968
v 0.002435 0.046862 0.015259
v 0.002435 0.046862 0.015259
v 0.002828 0.046862 0.015604
v 0.002828 0.046862 0.015604
v 0.003173 0.046862 0.015997
v 0.003173 0.046862 0.015997
v 0.003464 0.046862 0.016432
v 0.003464 0.046862 0.016432
v 0.003696 0.046862 0.016901
v 0.003696 0.046862 0.016901
v 0.003864 0.046862 0.017397
v 0.003864 0.046862 0.017397
v 0.003966 0.046862 0.017910
v 0.003966 0.046862 0.017910
v 0.004000 0.046862 0.018432
v 0.004000 0.046862 0.018432
v 0.003966 0.046862 0.018954
v 0.003966 0.046862 0.018954
v 0.003864 0.046862 0.019467
v 0.003864 0.046862 0.019467
v 0.003696 0.046862 0.019963
v 0.003696 0.046862 0.019963
v 0.003464 0.046862 0.020432
v 0.003464 0.046862 0.020432
v 0.003173 0.046862 0.020867
v 0.003173 0.046862 0.020867
v 0.002828 0.046862 0.021260
v 0.002828 0.046862 0.021260
v 0.002435 0.046862 0.021605
v 0.002435 0.046862 0.021605
v 0.002000 0.046862 0.021896
v 0.002000 0.046862 0.021896
v 0.001531 0.046862 0.022127
v 0.001531 0.046862 0.022127
v 0.001035 0.046862 0.022296
v 0.001035 0.046862 0.022296
v 0.000522 0.046862 0.022398
v 0.000522 0.046862 0.022398
v 0.000000 0.046862 0.022432
v 0.000000 0.046862 0.022432
v -0.000522 0.046862 0.022398
v -0.000522 0.046862 0.022398
v -0.001035 0.046862 0.022296
v -0.001035 0.046862 0.022296
v -0.001531 0.046862 0.022127
v -0.001531 0.046862 0.022127
v -0.002000 0.046862 0.021896
v -0.002000 0.046862 0.021896
v -0.002435 0.046862 0.021605
v -0.002435 0.046862 0.021605
v -0.002828 0.046862 0.021260
v -0.002828 0.046862 0.021260
v -0.003173 0.046862 0.020867
v -0.003173 0.046862 0.020867
v -0.003464 0.046862 0.020432
v -0.003464 0.046862 0.020432
v -0.003696 0.046862 0.019963
v -0.003696 0.046862 0.019963
v -0.003864 0.046862 0.019467
v -0.003864 0.046862 0.019467
v -0.003966 0.046862 0.018954
v -0.003966 0.046862 0.018954
v 0.003425 0.047194 0.018432
v 0.003392 0.047194 0.018909
v 0.003292 0.047194 0.019376
v 0.003129 0.047194 0.019825
v 0.002905 0.047194 0.020247
v 0.002624 0.047194 0.020634
v 0.002292 0.047194 0.020977
v 0.001915 0.047194 0.021271
v 0.001501 0.047194 0.021510
v 0.001058 0.047194 0.021689
v 0.000595 0.047194 0.021805
v 0.000120 0.047194 0.021855
v -0.000358 0.047194 0.021838
v -0.000829 0.047194 0.021755
v -0.001283 0.047194 0.021608
v -0.001713 0.047194 0.021398
v -0.002109 0.047194 0.021131
v -0.002464 0.047194 0.020811
v -0.002771 0.047194 0.020445
v -0.003024 0.047194 0.020040
v -0.003218 0.047194 0.019603
v -0.003350 0.047194 0.019144
v -0.003417 0.047194 0.018671
v -0.003417 0.047194 0.018193
v -0.003350 0.047194 0.017720
v -0.003218 0.047194 0.017261
v -0.003024 0.047194 0.016824
v -0.002771 0.047194 0.016419
v -0.002464 0.047194 0.016053
v -0.002109 0.047194 0.015733
v -0.001713 0.047194 0.015466
v -0.001283 0.047194 0.015256
v -0.000829 0.047194 0.015109
v -0.000358 0.047194 0.015026
v 0.000120 0.047194 0.015009
v 0.000595 0.047194 0.015059
v 0.001058 0.047194 0.015175
v 0.001501 0.047194 0.015354
v 0.001915 0.047194 0.015593
v 0.002292 0.047194 0.015887
v 0.002624 0.047194 0.016230
v 0.002905 0.047194 0.016617
v 0.003129 0.047194 0.017039
v 0.003292 0.047194 0.017488
v 0.003392 0.047194 0.017955
v 0.003425 0.047194 0.018432
v 0.003392 0.047194 0.018909
v 0.003292 0.047194 0.019376
v 0.003129 0.047194 0.019825
v 0.002905 0.047194 0.020247
v 0.002624 0.047194 0.020634
v 0.002292 0.047194 0.020977
v 0.001915 0.047194 0.021271
v 0.001501 0.047194 0.021510
v 0.001058 0.047194 0.021689
v 0.000595 0.047194 0.021805
v 0.000120 0.047194 0.021855
v -0.000358 0.047194 0.021838
v -0.000829 0.047194 0.021755
v -0.001283 0.047194 0.021608
v -0.001713 0.047194 0.021398
v -0.002109 0.047194 0.021131
v -0.002464 0.047194 0.020811
v -0.002771 0.047194 0.020445
v -0.003024 0.047194 0.020040
v -0.003218 0.047194 0.019603
v -0.003350 0.047194 0.019144
v -0.003417 0.047194 0.018671
v -0.003417 0.047194 0.018193
v -0.003350 0.047194 0.017720
v -0.003218 0.047194 0.017261
v -0.003024 0.047194 0.016824
v -0.002771 0.047194 0.016419
v -0.002464 0.047194 0.016053
v -0.002109 0.047194 0.015733
v -0.001713 0.047194 0.015466
v -0.001283 0.047194 0.015256
v -0.000829 0.047194 0.015109
v -0.000358 0.047194 0.015026
v 0.000120 0.047194 0.015009
v 0.000595 0.047194 0.015059
v 0.001058 0.047194 0.015175
v 0.001501 0.047194 0.015354
v 0.001915 0.047194 0.015593
v 0.002292 0.047194 0.015887
v 0.002624 0.047194 0.016230
v 0.002905 0.047194 0.016617
v 0.003129 0.047194 0.017039
v 0.003292 0.047194 0.017488
v 0.003392 0.047194 0.017955
v 0.003250 0.047194 0.018432
v 0.003217 0.047194 0.018894
v 0.003118 0.047194 0.019348
v 0.002956 0.047194 0.019782
v 0.002734 0.047194 0.020189
v 0.002456 0.047194 0.020560
v 0.002128 0.047194 0.020888
v 0.001757 0.047194 0.021166
v 0.001350 0.047194 0.021388
v 0.000916 0.047194 0.021550
v 0.000463 0.047194 0.021649
v 0.000000 0.047194 0.021682
v -0.000463 0.047194 0.021649
v -0.000916 0.047194 0.021550
v -0.001350 0.047194 0.021388
v -0.001757 0.047194 0.021166
v -0.002128 0.047194 0.020888
v -0.002456 0.047194 0.020560
v -0.002734 0.047194 0.020189
v -0.002956 0.047194 0.019782
v -0.003118 0.047194 0.019348
v -0.003217 0.047194 0.018894
v -0.003250 0.047194 0.018432
v -0.003217 0.047194 0.017969
v -0.003118 0.047194 0.017516
v -0.002956 0.047194 0.017082
v -0.002734 0.047194 0.016675
v -0.002456 0.047194 0.016304
v -0.002128 0.047194 0.015976
v -0.001757 0.047194 0.015698
v -0.001350 0.047194 0.015476
v -0.000916 0.047194 0.015314
v -0.000463 0.047194 0.015215
v 0.000000 0.047194 0.015182
v 0.000463 0.047194 0.015215
v 0.000916 0.047194 0.015314
v 0.001350 0.047194 0.015476
v 0.001757 0.047194 0.015698
v 0.002128 0.047194 0.015976
v 0.002456 0.047194 0.016304
v 0.002734 0.047194 0.016675
v 0.002956 0.047194 0.017082
v 0.003118 0.047194 0.017516
v 0.003217 0.047194 0.017969
v 0.040496 -0.000570 0.005556
v 0.040438 -0.002243 0.005556
v 0.040311 -0.003912 0.005556
v 0.040115 -0.005575 0.005556
v 0.039850 -0.007228 0.005556
v 0.039517 -0.008868 0.005556
v 0.039117 -0.010494 0.005556
v 0.038650 -0.012101 0.005556
v 0.038117 -0.013688 0.005556
v 0.037519 -0.015251 0.005556
v 0.036856 -0.016789 0.005556
v 0.036131 -0.018298 0.005556
v 0.035344 -0.019775 0.005556
v 0.034497 -0.021219 0.005556
v 0.033590 -0.022626 0.005556
v 0.032627 -0.023995 0.005556
v 0.031607 -0.025323 0.005556
v 0.030534 -0.026607 0.005556
v 0.029408 -0.027846 0.005556
v 0.028232 -0.029038 0.005556
v 0.027008 -0.030180 0.005556
v 0.025738 -0.031270 0.005556
v 0.024424 -0.032307 0.005556
v 0.023068 -0.033289 0.005556
v 0.021672 -0.034214 0.005556
v 0.020240 -0.035080 0.005556
v 0.018773 -0.035886 0.005556
v 0.017274 -0.036632 0.005556
v 0.015745 -0.037314 0.005556
v 0.014190 -0.037933 0.005556
v 0.012610 -0.038487 0.005556
v 0.011009 -0.038975 0.005556
v 0.009389 -0.039397 0.005556
v 0.007753 -0.039751 0.005556
v 0.006103 -0.040037 0.005556
v 0.004444 -0.040255 0.005556
v 0.002776 -0.040405 0.005556
v 0.001104 -0.040485 0.005556
v -0.000570 -0.040496 0.005556
v -0.002243 -0.040438 0.005556
v -0.003912 -0.040311 0.005556
v -0.005575 -0.040115 0.005556
v -0.007228 -0.039850 0.005556
v -0.008868 -0.039517 0.005556
v -0.010494 -0.039117 0.005556
v -0.012101 -0.038650 0.005556
v -0.013688 -0.038117 0.005556
v -0.015252 -0.037519 0.005556
v -0.016789 -0.036856 0.005556
v -0.018298 -0.036131 0.005556
v -0.019775 -0.035344 0.005556
v -0.021219 -0.034497 0.005556
v -0.022626 -0.033590 0.005556
v -0.023995 -0.032626 0.005556
v -0.025323 -0.031607 0.005556
v -0.026607 -0.030534 0.005556
v -0.027847 -0.029408 0.005556
v -0.029038 -0.028232 0.005556
v -0.030180 -0.027008 0.005556
v -0.031270 -0.025738 0.005556
v -0.032307 -0.024423 0.005556
v -0.033289 -0.023068 0.005556
v -0.034214 -0.021672 0.005556
v -0.035080 -0.020240 0.005556
v -0.035887 -0.018773 0.005556
v -0.036632 -0.017274 0.005556
v -0.037314 -0.015745 0.005556
v -0.037933 -0.014190 0.005556
v -0.038487 -0.012610 0.005556
v -0.038975 -0.011009 0.005556
v -0.039397 -0.009389 0.005556
v -0.039751 -0.007753 0.005556
v -0.040038 -0.006103 0.005556
v -0.040256 -0.004444 0.005556
v -0.040405 -0.002776 0.005556
v -0.040485 -0.001104 0.005556
v -0.040496 0.000570 0.005556
v -0.040438 0.002243 0.005556
v -0.040311 0.003912 0.005556
v -0.040115 0.005575 0.005556
v -0.039850 0.007228 0.005556
v -0.039517 0.008868 0.005556
v -0.039117 0.010494 0.005556
v -0.038650 0.012101 0.005556
v -0.038117 0.013688 0.005556
v -0.037519 0.015251 0.005556
v -0.036856 0.016789 0.005556
v -0.036131 0.018298 0.005556
v -0.035344 0.019775 0.005556
v -0.034497 0.021219 0.005556
v -0.033590 0.022626 0.005556
v -0.032627 0.023995 0.005556
v -0.031607 0.025323 0.005556
v -0.030534 0.026607 0.005556
v -0.029408 0.027846 0.005556
v -0.028232 0.029038 0.005556
v -0.027008 0.030180 0.005556
v -0.025738 0.031270 0.005556
v -0.024424 0.032307 0.005556
v -0.023068 0.033289 0.005556
v -0.021672 0.034214 0.005556
v -0.020240 0.035080 0.005556
v -0.018773 0.035886 0.005556
v -0.017274 0.036632 0.005556
v -0.015745 0.037314 0.005556
v -0.014190 0.037933 0.005556
v -0.012610 0.038487 0.005556
v -0.011009 0.038975 0.005556
v -0.009389 0.039397 0.005556
v -0.007753 0.039751 0.005556
v -0.006103 0.040037 0.005556
v -0.004444 0.040255 0.005556
v -0.002776 0.040405 0.005556
v -0.001104 0.040485 0.005556
v 0.000570 0.040496 0.005556
v 0.002243 0.040438 0.005556
v 0.003912 0.040311 0.005556
v 0.005575 0.040115 0.005556
v 0.007228 0.039850 0.005556
v 0.008868 0.039517 0.005556
v 0.010494 0.039117 0.005556
v 0.012101 0.038650 0.005556
v 0.013688 0.038117 0.005556
v 0.015252 0.037519 0.005556
v 0.016789 0.036856 0.005556
v 0.018298 0.036131 0.005556
v 0.019775 0.035344 0.005556
v 0.021219 0.034497 0.005556
v 0.022626 0.033590 0.005556
v 0.023995 0.032626 0.005556
v 0.025323 0.031607 0.005556
v 0.026607 0.030534 0.005556
v 0.027847 0.029408 0.005556
v 0.029038 0.028232 0.005556
v 0.030180 0.027008 0.005556
v 0.031270 0.025738 0.005556
v 0.032307 0.024423 0.005556
v 0.033289 0.023068 0.005556
v 0.034214 0.021672 0.005556
v 0.035080 0.020240 0.005556
v 0.035887 0.018773 0.005556
v 0.036632 0.017274 0.005556
v 0.037314 0.015745 0.005556
v 0.037933 0.014190 0.005556
v 0.038487 0.012610 0.005556
v 0.038975 0.011009 0.005556
v 0.039397 0.009389 0.005556
v 0.039751 0.007753 0.005556
v 0.040038 0.006103 0.005556
v 0.040256 0.004444 0.005556
v 0.040405 0.002776 0.005556
v 0.040485 0.001104 0.005556
v 0.040496 -0.000570 0.008731
v 0.040438 -0.002243 0.008731
v 0.040311 -0.003912 0.008731
v 0.040115 -0.005575 0.008731
v 0.039850 -0.007228 0.008731
v 0.039517 -0.008868 0.008731
v 0.039117 -0.010494 0.008731
v 0.038650 -0.012101 0.008731
v 0.038117 -0.013688 0.008731
v 0.037519 -0.015251 0.008731
v 0.036856 -0.016789 0.008731
v 0.036131 -0.018298 0.008731
v 0.035344 -0.019775 0.008731
v 0.034497 -0.021219 0.008731
v 0.033590 -0.022626 0.008731
v 0.032627 -0.023995 0.008731
v 0.031607 -0.025323 0.008731
v 0.030534 -0.026607 0.008731
v 0.029408 -0.027846 0.008731
v 0.028232 -0.029038 0.008731
v 0.027008 -0.030180 0.008731
v 0.025738 -0.031270 0.008731
v 0.024424 -0.032307 0.008731
v 0.023068 -0.033289 0.008731
v 0.021672 -0.034214 0.008731
v 0.020240 -0.035080 0.008731
v 0.018773 -0.035886 0.008731
v 0.017274 -0.036632 0.008731
v 0.015745 -0.037314 0.008731
v 0.014190 -0.037933 0.008731
v 0.012610 -0.038487 0.008731
v 0.011009 -0.038975 0.008731
v 0.009389 -0.039397 0.008731
v 0.007753 -0.039751 0.008731
v 0.006103 -0.040037 0.008731
v 0.004444 -0.040255 0.008731
v 0.002776 -0.040405 0.008731
v 0.001104 -0.040485 0.008731
v -0.000570 -0.040496 0.008731
v -0.002243 -0.040438 0.008731
v -0.003912 -0.040311 0.008731
v -0.005575 -0.040115 0.008731
v -0.007228 -0.039850 0.008731
v -0.008868 -0.039517 0.008731
v -0.010494 -0.039117 0.008731
v -0.012101 -0.038650 0.008731
v -0.013688 -0.038117 0.008731
v -0.015252 -0.037519 0.008731
v -0.016789 -0.036856 0.008731
v -0.018298 -0.036131 0.008731
v -0.019775 -0.035344 0.008731
v -0.021219 -0.034497 0.008731
v -0.022626 -0.033590 0.008731
v -0.023995 -0.032626 0.008731
v -0.025323 -0.031607 0.008731
v -0.026607 -0.030534 0.008731
v -0.027847 -0.029408 0.008731
v -0.029038 -0.028232 0.008731
v -0.030180 -0.027008 0.008731
v -0.031270 -0.025738 0.008731
v -0.032307 -0.024423 0.008731
v -0.033289 -0.023067 0.008731
v -0.034214 -0.021672 0.008731
v -0.035080 -0.020240 0.008731
v -0.035887 -0.018773 0.008731
v -0.036632 -0.017274 0.008731
v -0.037314 -0.015745 0.008731
v -0.037933 -0.014190 0.008731
v -0.038487 -0.012610 0.008731
v -0.038975 -0.011009 0.008731
v -0.039397 -0.009389 0.008731
v -0.039751 -0.007753 0.008731
v -0.040038 -0.006103 0.008731
v -0.040256 -0.004444 0.008731
v -0.040405 -0.002776 0.008731
v -0.040485 -0.001104 0.008731
v -0.040496 0.000570 0.008731
v -0.040438 0.002243 0.008731
v -0.040311 0.003912 0.008731
v -0.040115 0.005575 0.008731
v -0.039850 0.007228 0.008731
v -0.039517 0.008868 0.008731
v -0.039117 0.010494 0.008731
v -0.038650 0.012101 0.008731
v -0.038117 0.013688 0.008731
v -0.037519 0.015251 0.008731
v -0.036856 0.016789 0.008731
v -0.036131 0.018298 0.008731
v -0.035344 0.019775 0.008731
v -0.034497 0.021219 0.008731
v -0.033590 0.022626 0.008731
v -0.032627 0.023995 0.008731
v -0.031607 0.025323 0.008731
v -0.030534 0.026607 0.008731
v -0.029408 0.027846 0.008731
v -0.028232 0.029038 0.008731
v -0.027008 0.030180 0.008731
v -0.025738 0.031270 0.008731
v -0.024424 0.032307 0.008731
v -0.023068 0.033289 0.008731
v -0.021672 0.034214 0.008731
v -0.020240 0.035080 0.008731
v -0.018773 0.035886 0.008731
v -0.017274 0.036632 0.008731
v -0.015745 0.037314 0.008731
v -0.014190 0.037933 0.008731
v -0.012610 0.038487 0.008731
v -0.011009 0.038975 0.008731
v -0.009389 0.039397 0.008731
v -0.007753 0.039751 0.008731
v -0.006103 0.040037 0.008731
v -0.004444 0.040255 0.008731
v -0.002776 0.040405 0.008731
v -0.001104 0.040485 0.008731
v 0.000570 0.040496 0.008731
v 0.002243 0.040438 0.008731
v 0.003912 0.040311 0.008731
v 0.005575 0.040115 0.008731
v 0.007228 0.039850 0.008731
v 0.008868 0.039517 0.008731
v 0.010494 0.039117 0.008731
v 0.012101 0.038650 0.008731
v 0.013688 0.038117 0.008731
v 0.015252 0.037519 0.008731
v 0.016789 0.036856 0.008731
v 0.018298 0.036131 0.008731
v 0.019775 0.035344 0.008731
v 0.021219 0.034497 0.008731
v 0.022626 0.033590 0.008731
v 0.023995 0.032626 0.008731
v 0.025323 0.031607 0.008731
v 0.026607 0.030534 0.008731
v 0.027847 0.029408 0.008731
v 0.029038 0.028232 0.008731
v 0.030180 0.027008 0.008731
v 0.031270 0.025738 0.008731
v 0.032307 0.024423 0.008731
v 0.033289 0.023068 0.008731
v 0.034214 0.021672 0.008731
v 0.035080 0.020240 0.008731
v 0.035887 0.018773 0.008731
v 0.036632 0.017274 0.008731
v 0.037314 0.015745 0.008731
v 0.037933 0.014190 0.008731
v 0.038487 0.012610 0.008731
v 0.038975 0.011009 0.008731
v 0.039397 0.009389 0.008731
v 0.039751 0.007753 0.008731
v 0.040038 0.006103 0.008731
v 0.040256 0.004444 0.008731
v 0.040405 0.002776 0.008731
v 0.040485 0.001104 0.008731
vn 0.6953 -0.7187 -0.0000
vn 0.6955 -0.7185 -0.0000
vn 0.6797 -0.7037 -0.2069
vn 0.6643 -0.6869 -0.2946
vn -0.0000 -0.0000 1.0000
vn -0.0000 -0.0000 -1.0000
vn -0.0411 -0.9992 -0.0000
vn -0.0000 -1.0000 -0.0000
vn -0.0820 -0.9966 -0.0000
vn -0.1229 -0.9924 -0.0000
vn -0.1635 -0.9865 -0.0000
vn -0.2039 -0.9790 -0.0000
vn -0.2439 -0.9698 -0.0000
vn -0.2835 -0.9590 -0.0000
vn -0.3227 -0.9465 -0.0000
vn -0.3612 -0.9325 -0.0000
vn -0.9209 0.3898 -0.0000
vn -0.9361 0.3517 -0.0000
vn -0.9361 0.3516 -0.0000
vn -0.4365 -0.8997 -0.0000
vn -0.3992 -0.9169 -0.0000
vn -0.4731 -0.8810 -0.0000
vn -0.5089 -0.8608 -0.0000
vn -0.5438 -0.8392 -0.0000
vn -0.5778 -0.8162 -0.0000
vn -0.6108 -0.7918 -0.0000
vn -0.6428 -0.7660 -0.0000
vn -0.6737 -0.7390 -0.0000
vn -0.7035 -0.7107 -0.0000
vn -0.7321 -0.6812 -0.0000
vn -0.7594 -0.6506 -0.0000
vn -0.7855 -0.6189 -0.0000
vn -0.8102 -0.5861 -0.0000
vn -0.8336 -0.5524 -0.0000
vn -0.8556 -0.5177 -0.0000
vn -0.8761 -0.4821 -0.0000
vn -0.8952 -0.4457 -0.0000
vn -0.9127 -0.4086 -0.0000
vn -0.9287 -0.3708 -0.0000
vn -0.9560 -0.2934 -0.0000
vn -0.9432 -0.3324 -0.0000
vn -0.9672 -0.2539 -0.0000
vn -0.9768 -0.2139 -0.0000
vn -0.9848 -0.1736 -0.0000
vn -0.9848 -0.1737 -0.0000
vn -0.9911 -0.1331 -0.0000
vn -0.9957 -0.0923 -0.0000
vn -0.9987 -0.0513 -0.0000
vn -0.9999 -0.0103 -0.0000
vn -0.9995 0.0308 -0.0000
vn -0.9974 0.0718 -0.0000
vn -0.9936 0.1127 -0.0000
vn -0.9882 0.1534 -0.0000
vn -0.9810 0.1938 -0.0000
vn -0.9722 0.2339 -0.0000
vn -0.9618 0.2737 -0.0000
vn -0.9498 0.3129 -0.0000
vn 0.9361 0.3516 -0.0000
vn 0.9209 0.3898 -0.0000
vn 0.9361 0.3517 -0.0000
vn -0.9041 0.4273 -0.0000
vn -0.8858 0.4640 -0.0000
vn -0.8660 0.5000 -0.0000
vn -0.8448 0.5351 -0.0000
vn -0.8221 0.5694 -0.0000
vn -0.7980 0.6026 -0.0000
vn -0.7726 0.6349 -0.0000
vn -0.7459 0.6661 -0.0000
vn -0.7179 0.6961 -0.0000
vn -0.6887 0.7250 -0.0000
vn -0.6584 0.7527 -0.0000
vn -0.6269 0.7791 -0.0000
vn -0.5944 0.8042 -0.0000
vn -0.5609 0.8279 -0.0000
vn -0.5264 0.8502 -0.0000
vn -0.4911 0.8711 -0.0000
vn -0.4549 0.8905 -0.0000
vn -0.4180 0.9085 -0.0000
vn -0.3803 0.9249 -0.0000
vn 0.9287 -0.3708 -0.0000
vn 0.9432 -0.3324 -0.0000
vn -0.3032 0.9529 -0.0000
vn -0.3420 0.9397 -0.0000
vn -0.2638 0.9646 -0.0000
vn -0.2240 0.9746 -0.0000
vn -0.2239 0.9746 -0.0000
vn -0.1837 0.9830 -0.0000
vn -0.1838 0.9830 -0.0000
vn -0.1432 0.9897 -0.0000
vn -0.1025 0.9947 -0.0000
vn -0.0616 0.9981 -0.0000
vn -0.0205 0.9998 -0.0000
vn 0.0205 0.9998 -0.0000
vn 0.0616 0.9981 -0.0000
vn 0.1025 0.9947 -0.0000
vn 0.1432 0.9897 -0.0000
vn 0.1838 0.9830 -0.0000
vn 0.1837 0.9830 -0.0000
vn 0.2239 0.9746 -0.0000
vn 0.2240 0.9746 -0.0000
vn 0.2638 0.9646 -0.0000
vn 0.3032 0.9529 -0.0000
vn 0.3420 0.9397 -0.0000
vn 0.4180 0.9085 -0.0000
vn 0.3803 0.9249 -0.0000
vn 0.4549 0.8905 -0.0000
vn 0.4911 0.8711 -0.0000
vn 0.5264 0.8502 -0.0000
vn 0.5609 0.8279 -0.0000
vn 0.5944 0.8042 -0.0000
vn 0.6269 0.7791 -0.0000
vn 0.6584 0.7527 -0.0000
vn 0.6887 0.7250 -0.0000
vn 0.7179 0.6961 -0.0000
vn 0.7459 0.6661 -0.0000
vn 0.7726 0.6349 -0.0000
vn 0.7980 0.6026 -0.0000
vn 0.8221 0.5694 -0.0000
vn 0.8448 0.5351 -0.0000
vn 0.8660 0.5000 -0.0000
vn 0.8858 0.4640 -0.0000
vn 0.9041 0.4273 -0.0000
vn 0.9498 0.3129 -0.0000
vn 0.9618 0.2737 -0.0000
vn 0.9722 0.2339 -0.0000
vn 0.9810 0.1938 -0.0000
vn 0.9882 0.1534 -0.0000
vn 0.9936 0.1127 -0.0000
vn 0.9974 0.0718 -0.0000
vn 0.9995 0.0308 -0.0000
vn 0.9999 -0.0103 -0.0000
vn 0.9987 -0.0513 -0.0000
vn 0.9957 -0.0923 -0.0000
vn 0.9911 -0.1331 -0.0000
vn 0.9848 -0.1737 -0.0000
vn 0.9848 -0.1736 -0.0000
vn 0.9768 -0.2139 -0.0000
vn 0.9672 -0.2539 -0.0000
vn 0.9560 -0.2934 -0.0000
vn 0.9127 -0.4086 -0.0000
vn 0.8952 -0.4457 -0.0000
vn 0.8761 -0.4821 -0.0000
vn 0.8556 -0.5177 -0.0000
vn 0.8336 -0.5524 -0.0000
vn 0.8102 -0.5861 -0.0000
vn 0.7855 -0.6189 -0.0000
vn 0.7594 -0.6506 -0.0000
vn 0.7321 -0.6812 -0.0000
vn 0.7035 -0.7107 -0.0000
vn 0.6737 -0.7390 -0.0000
vn 0.6428 -0.7660 -0.0000
vn 0.6108 -0.7918 -0.0000
vn 0.5778 -0.8162 -0.0000
vn 0.5438 -0.8392 -0.0000
vn 0.5089 -0.8608 -0.0000
vn 0.4731 -0.8810 -0.0000
vn 0.4365 -0.8997 -0.0000
vn 0.3992 -0.9169 -0.0000
vn 0.3227 -0.9465 -0.0000
vn 0.3612 -0.9325 -0.0000
vn 0.2835 -0.9590 -0.0000
vn 0.2439 -0.9698 -0.0000
vn 0.2039 -0.9790 -0.0000
vn 0.1635 -0.9865 -0.0000
vn 0.1229 -0.9924 -0.0000
vn 0.0820 -0.9966 -0.0000
vn 0.0411 -0.9992 -0.0000
vn 0.9847 0.1742 -0.0000
vn 0.9767 0.2145 -0.0000
vn 0.6889 -0.7249 -0.0000
vn 0.7181 -0.6960 -0.0000
vn -0.8949 0.4463 -0.0000
vn -0.9125 0.4092 -0.0000
vn -0.8758 0.4827 -0.0000
vn -0.9910 0.1336 -0.0000
vn -0.9957 0.0928 -0.0000
vn -0.8662 -0.4997 -0.0000
vn -0.8445 -0.5356 0.0011
vn -0.8443 -0.5359 -0.0013
vn -0.1379 0.1435 -0.9800
vn 0.0676 -0.0693 -0.9953
vn 0.0766 -0.0780 -0.9940
vn -0.0392 0.0416 -0.9984
vn -0.6856 0.7105 -0.1586
vn -0.6170 0.6395 -0.4586
vn -0.6092 0.6319 -0.4791
vn -0.6555 0.6799 -0.3288
vn -0.6321 0.6562 -0.4121
vn -0.6287 0.6518 -0.4242
vn -0.5055 0.5240 -0.6855
vn -0.5652 0.5855 -0.5812
vn -0.2807 0.2906 0.9147
vn -0.3438 0.3552 0.8693
vn -0.1512 0.1557 0.9762
vn -0.1469 0.1504 0.9777
vn 0.5741 -0.5962 -0.5612
vn 0.6545 -0.6792 -0.3321
vn 0.6597 -0.6838 -0.3117
vn 0.5741 -0.5954 -0.5620
vn 0.4838 -0.5013 -0.7174
vn 0.5760 -0.5981 -0.5572
vn 0.5739 -0.5951 -0.5625
vn 0.4340 -0.4503 -0.7803
vn 0.4529 -0.4676 0.7591
vn 0.4446 -0.4597 0.7687
vn 0.2678 -0.2766 0.9229
vn 0.3547 -0.3666 0.8601
vn -0.7093 -0.7049 -0.0000
vn -0.7087 -0.7055 -0.0000
vn -0.7118 -0.7024 -0.0000
vn -0.7117 -0.7024 -0.0000
vn -0.8349 -0.5504 -0.0000
vn -0.8348 -0.5505 -0.0000
vn -0.8369 -0.5474 -0.0000
vn -0.8419 -0.5397 -0.0000
vn -0.8409 -0.5411 -0.0000
vn -0.8399 -0.5427 -0.0000
vn -0.8400 -0.5427 -0.0000
vn -0.8386 -0.5447 -0.0000
vn -0.6006 -0.7995 -0.0000
vn -0.6007 -0.7995 -0.0000
vn -0.6036 -0.7973 -0.0000
vn -0.6035 -0.7973 -0.0000
vn -0.8275 -0.5615 -0.0000
vn -0.8255 -0.5645 -0.0000
vn -0.8269 -0.5623 -0.0000
vn -0.5811 -0.8138 -0.0000
vn -0.5846 -0.8114 -0.0000
vn -0.5846 -0.8113 -0.0000
vn -0.8193 -0.5733 -0.0000
vn -0.8188 -0.5741 -0.0000
vn -0.8179 -0.5754 -0.0000
vn -0.8160 -0.5780 -0.0000
vn -0.8161 -0.5780 -0.0000
vn -0.8147 -0.5799 -0.0000
vn -0.8146 -0.5800 -0.0000
vn -0.8135 -0.5815 -0.0000
vn -0.8137 -0.5813 -0.0000
vn -0.8129 -0.5824 -0.0000
vn -0.6100 -0.7924 -0.0000
vn -0.6095 -0.7928 -0.0000
vn -0.6082 -0.7938 -0.0000
vn -0.6081 -0.7939 -0.0000
vn -0.6061 -0.7954 -0.0000
vn -0.6062 -0.7953 -0.0000
vn -0.8325 -0.5540 -0.0000
vn -0.8300 -0.5577 -0.0000
vn -0.5900 -0.8074 -0.0000
vn -0.5871 -0.8095 -0.0000
vn -0.5891 -0.8080 -0.0000
vn -0.7148 -0.6994 -0.0000
vn -0.7147 -0.6995 -0.0000
vn -0.7178 -0.6963 -0.0000
vn -0.8213 -0.5705 -0.0000
vn -0.5783 -0.8158 -0.0000
vn -0.5776 -0.8163 -0.0000
vn -0.5762 -0.8173 -0.0000
vn -0.5737 -0.8191 -0.0000
vn -0.5736 -0.8192 -0.0000
vn -0.5717 -0.8205 -0.0000
vn -0.5716 -0.8206 -0.0000
vn -0.5702 -0.8215 -0.0000
vn -0.5703 -0.8215 -0.0000
vn -0.5692 -0.8222 -0.0000
vn -0.7368 -0.6762 -0.0000
vn -0.7358 -0.6772 -0.0000
vn -0.7346 -0.6785 -0.0000
vn -0.7330 -0.6803 -0.0000
vn -0.7330 -0.6802 -0.0000
vn -0.7309 -0.6825 -0.0000
vn -0.7298 -0.6837 -0.0000
vn -0.7292 -0.6843 -0.0000
vn -0.7209 -0.6930 -0.0000
vn -0.7240 -0.6898 -0.0000
vn -0.7268 -0.6868 -0.0000
vn -0.7076 -0.7066 -0.0000
vn -0.7054 -0.7088 -0.0000
vn -0.7037 -0.7105 -0.0000
vn -0.7036 -0.7105 -0.0000
vn -0.7025 -0.7116 -0.0000
vn -0.7025 -0.7117 -0.0000
vn -0.7016 -0.7126 -0.0000
vn -0.9995 -0.0303 -0.0000
vn -0.9975 -0.0713 -0.0000
vn -0.6422 0.7665 -0.0000
vn -0.6731 0.7395 -0.0000
vn -0.7029 0.7112 -0.0000
vn -0.7316 0.6818 -0.0000
vn 0.8098 0.5867 -0.0000
vn 0.7850 0.6194 -0.0000
vn 0.9975 -0.0713 -0.0000
vn 0.9995 -0.0303 -0.0000
vn 0.5431 0.8397 -0.0000
vn 0.5082 0.8613 -0.0000
vn 0.7316 0.6818 -0.0000
vn 0.7029 0.7112 -0.0000
vn -0.4724 0.8814 -0.0000
vn -0.5082 0.8613 -0.0000
vn -0.9043 -0.4269 -0.0000
vn -0.8860 -0.4637 -0.0000
vn 0.9723 -0.2335 -0.0000
vn 0.9811 -0.1934 -0.0000
vn -0.9987 0.0518 -0.0000
vn 0.7982 -0.6024 -0.0000
vn 0.8223 -0.5691 -0.0000
vn 0.9210 -0.3894 -0.0000
vn 0.9363 -0.3513 -0.0000
vn -0.9558 0.2939 -0.0000
vn -0.9671 0.2544 -0.0000
vn -0.4550 -0.8905 -0.0000
vn -0.4181 -0.9084 -0.0000
vn 0.6731 0.7395 -0.0000
vn -0.9767 0.2145 -0.0000
vn 0.8758 0.4827 -0.0000
vn 0.8552 0.5182 -0.0000
vn 0.3218 0.9468 -0.0000
vn 0.2827 0.9592 -0.0000
vn -0.4358 0.9001 -0.0000
vn -0.9723 -0.2335 -0.0000
vn -0.9619 -0.2733 -0.0000
vn 0.3604 0.9328 -0.0000
vn 0.3984 0.9172 -0.0000
vn -0.6883 0.7120 -0.1392
vn -0.6238 0.6452 -0.4410
vn -0.6285 0.6517 -0.4246
vn -0.6855 0.7107 -0.1578
vn -0.6420 0.6652 0.3812
vn -0.6230 0.6459 0.4412
vn -0.6856 0.7107 0.1578
vn -0.6842 0.7105 0.1647
vn 0.6458 -0.6687 -0.3685
vn 0.6681 -0.6911 0.2758
vn 0.6732 -0.6957 0.2504
vn 0.6943 -0.7197 0.0003
vn 0.6674 -0.6918 0.2757
vn 0.6938 -0.7202 0.0001
vn 0.6709 -0.6962 0.2555
vn 0.5667 -0.5878 0.5773
vn 0.4524 -0.4699 0.7580
vn 0.4440 -0.4605 0.7687
vn 0.5816 -0.6029 0.5461
vn -0.1642 0.1692 -0.9718
vn 0.0418 -0.0441 -0.9982
vn 0.0554 -0.0565 -0.9969
vn -0.1502 0.1564 -0.9762
vn -0.5025 0.5186 0.6918
vn -0.5868 0.6074 0.5354
vn -0.6240 0.6453 0.4407
vn -0.5063 0.5235 0.6853
vn 0.6634 -0.6879 -0.2944
vn 0.6440 -0.6670 -0.3747
vn 0.6791 -0.7034 -0.2098
vn 0.5848 -0.6048 -0.5405
vn 0.5120 -0.5297 -0.6762
vn 0.5673 -0.5868 -0.5778
vn 0.5750 -0.5949 0.5617
vn 0.4247 -0.4391 0.7917
vn 0.4218 -0.4354 0.7953
vn 0.5120 -0.5297 0.6762
vn 0.2564 -0.2647 0.9296
vn 0.2683 -0.2762 0.9229
vn 0.3556 -0.3689 0.8588
vn 0.2675 -0.2776 0.9227
vn 0.1276 -0.1318 -0.9830
vn 0.0118 -0.0121 -0.9999
vn 0.0554 -0.0566 -0.9969
vn 0.2566 -0.2649 -0.9295
vn 0.2559 -0.2655 -0.9295
vn 0.4442 -0.4607 -0.7684
vn 0.4250 -0.4393 -0.7914
vn 0.1175 -0.1217 0.9856
vn 0.0545 -0.0573 0.9969
vn 0.2460 -0.2559 0.9349
vn 0.0118 -0.0121 0.9999
vn 0.0554 -0.0565 0.9969
vn -0.1630 0.1696 0.9719
vn -0.1204 0.1253 0.9848
vn -0.1510 0.1555 0.9762
vn -0.5874 0.6081 -0.5340
vn -0.5071 0.5237 -0.6846
vn -0.4970 0.5141 -0.6991
vn 0.0545 -0.0573 -0.9969
vn -0.0006 0.0002 -1.0000
vn 0.1175 -0.1217 -0.9856
vn -0.1205 0.1254 -0.9848
vn -0.2379 0.2465 -0.9395
vn -0.1630 0.1696 -0.9719
vn -0.3541 0.3675 0.8600
vn -0.3557 0.3700 0.8582
vn -0.2378 0.2464 0.9395
vn 0.6439 -0.6666 0.3755
vn 0.6646 -0.6868 0.2943
vn 0.5749 -0.5944 0.5622
vn 0.5730 -0.5915 0.5673
vn -0.5139 0.5330 -0.6722
vn -0.4838 0.5015 -0.7172
vn -0.5626 0.5828 -0.5863
vn 0.4241 -0.4399 0.7916
vn 0.2555 -0.2654 0.9297
vn -0.5874 0.6081 0.5339
vn -0.6238 0.6452 0.4410
vn -0.4970 0.5141 0.6991
vn -0.5071 0.5237 0.6846
vn -0.6303 0.6543 0.4179
vn -0.6285 0.6517 0.4246
vn -0.6875 0.7127 0.1393
vn -0.6806 0.7051 0.1990
vn -0.6864 0.7100 0.1577
vn -0.6420 0.6644 0.3826
vn -0.6858 0.7086 0.1659
vn -0.6420 0.6644 -0.3827
vn -0.6942 0.7192 -0.0286
vn -0.6942 0.7192 0.0286
vn -0.6303 0.6543 -0.4179
vn -0.5139 0.5329 0.6722
vn -0.5626 0.5828 0.5863
vn -0.4838 0.5015 0.7172
vn -0.3541 0.3675 -0.8600
vn -0.3557 0.3700 -0.8582
vn -0.3322 0.3434 -0.8785
vn -0.3198 0.3300 -0.8882
vn -0.4178 0.4316 -0.7995
vn -0.1510 0.1555 -0.9762
vn -0.1533 0.1570 -0.9756
vn 0.2683 -0.2762 -0.9229
vn 0.2564 -0.2647 -0.9296
vn 0.4247 -0.4391 -0.7917
vn 0.4219 -0.4354 -0.7953
vn 0.1276 -0.1317 0.9830
vn 0.6279 -0.6508 0.4269
vn 0.4530 -0.4693 -0.7580
vn 0.4440 -0.4605 -0.7687
vn 0.2675 -0.2776 -0.9227
vn 0.3555 -0.3689 -0.8588
vn 0.5715 -0.5936 -0.5666
vn 0.5740 -0.5952 -0.5625
vn 0.5786 -0.5992 0.5534
vn 0.6296 -0.6514 0.4235
vn -0.6945 0.7189 -0.0286
vn -0.6814 0.7053 -0.1955
vn 0.5822 -0.6021 -0.5464
vn 0.6681 -0.6911 -0.2759
vn 0.6723 -0.6947 -0.2558
vn 0.6281 -0.6499 -0.4279
vn 0.2460 -0.2559 -0.9349
vn -0.1533 0.1570 0.9756
vn -0.3198 0.3300 0.8882
vn -0.3322 0.3434 0.8785
vn -0.0006 0.0002 1.0000
vn -0.4177 0.4316 0.7995
vn 0.4249 -0.4393 0.7915
vn 0.2565 -0.2648 0.9296
vn 0.2600 -0.2678 0.9277
vn 0.4157 -0.4290 0.8020
vn -0.3553 0.3672 -0.8596
vn -0.3317 0.3441 -0.8784
vn -0.5063 0.5234 -0.6854
vn -0.6287 0.6518 0.4241
vn -0.5055 0.5241 0.6854
vn -0.5052 0.5240 -0.6857
vn -0.5149 0.5324 -0.6719
vn -0.3553 0.3671 -0.8597
vn -0.3428 0.3558 -0.8694
vn 0.2558 -0.2654 0.9296
vn 0.0417 -0.0440 0.9982
vn 0.0553 -0.0564 0.9969
vn 0.4347 -0.4493 -0.7805
vn -0.3318 0.3442 0.8783
vn -0.1503 0.1565 0.9762
vn 0.6951 -0.7189 -0.0000
vn 0.6792 -0.7032 0.2105
vn 0.6956 -0.7185 -0.0001
vn 0.5816 -0.6030 0.5460
vn 0.4441 -0.4606 0.7685
vn 0.5675 -0.5869 0.5774
vn 0.5691 -0.5902 0.5725
vn 0.4565 -0.4741 0.7529
vn -0.6856 0.7108 -0.1576
vn -0.6883 0.7119 -0.1392
vn -0.6239 0.6453 -0.4409
vn 0.6634 -0.6878 -0.2946
vn 0.6454 -0.6684 -0.3698
vn 0.6795 -0.7038 -0.2075
vn 0.5670 -0.5862 -0.5788
vn -0.1241 0.1278 -0.9840
vn 0.0369 -0.0397 -0.9985
vn 0.0417 -0.0440 -0.9982
vn 0.4786 -0.4955 -0.7249
vn 0.3858 -0.3992 -0.8317
vn 0.0088 -0.0092 0.9999
vn -0.1241 0.1278 0.9840
vn -0.1642 0.1692 0.9718
vn 0.0542 -0.0571 0.9969
vn -0.1597 0.1667 -0.9730
vn -0.1551 0.1623 0.9745
vn -0.3317 0.3441 0.8784
vn -0.3219 0.3345 0.8857
vn -0.2853 0.2955 -0.9118
vn -0.3890 0.4033 -0.8283
vn -0.4964 0.5147 0.6991
vn -0.5878 0.6088 0.5327
vn -0.5076 0.5271 0.6815
vn -0.5149 0.5324 0.6719
vn -0.6294 0.6510 0.4244
vn -0.5060 0.5256 -0.6839
vn -0.6321 0.6530 0.4172
vn -0.6810 0.7048 0.1985
vn -0.6883 0.7119 0.1392
vn -0.6815 0.7059 -0.1931
vn 0.6951 -0.7189 0.0001
vn 0.6796 -0.7036 -0.2077
vn 0.6644 -0.6871 -0.2941
vn -0.6864 0.7099 -0.1576
vn -0.6294 0.6510 -0.4244
vn -0.6321 0.6530 -0.4172
vn -0.5635 0.5833 -0.5850
vn -0.4176 0.4335 0.7986
vn 0.6713 -0.6965 0.2535
vn 0.6286 -0.6515 0.4248
vn -0.0031 0.0036 1.0000
vn 0.1150 -0.1190 0.9862
vn 0.0550 -0.0561 0.9969
vn -0.6322 0.6562 0.4120
vn -0.5652 0.5856 0.5811
vn 0.2436 -0.2530 -0.9363
vn 0.2561 -0.2643 -0.9298
vn 0.1247 -0.1294 0.9837
vn 0.2444 -0.2519 0.9364
vn -0.6837 0.7097 -0.1703
vn 0.5669 -0.5877 0.5773
vn 0.6941 -0.7197 0.0157
vn 0.6942 -0.7196 -0.0185
vn -0.6875 0.7127 0.1391
vn -0.6864 0.7100 0.1574
vn 0.6636 -0.6878 0.2942
vn 0.6795 -0.7038 0.2075
vn 0.6454 -0.6684 0.3697
vn -0.4855 0.5022 -0.7156
vn -0.3590 0.3701 0.8568
vn -0.3553 0.3671 0.8597
vn -0.2401 0.2484 0.9384
vn -0.2401 0.2484 -0.9384
vn 0.1618 -0.1679 -0.9724
vn 0.2755 -0.2860 -0.9178
vn 0.3935 -0.4076 -0.8240
vn -0.6945 0.7189 0.0285
vn -0.6856 0.7078 -0.1699
vn 0.5830 -0.6045 0.5428
vn 0.5113 -0.5292 0.6772
vn -0.3590 0.3701 -0.8568
vn -0.4855 0.5022 0.7156
vn -0.5635 0.5833 0.5850
vn 0.6452 -0.6680 -0.3707
vn 0.6643 -0.6870 0.2943
vn 0.6796 -0.7036 0.2077
vn 0.2633 -0.2743 0.9249
vn 0.5829 -0.6029 -0.5447
vn 0.5109 -0.5285 -0.6780
vn 0.5676 -0.5870 -0.5773
vn 0.0300 -0.0326 -0.9990
vn 0.1595 -0.1656 -0.9732
vn 0.1218 -0.1259 0.9845
vn 0.1218 -0.1260 -0.9845
vn 0.0045 -0.0044 -1.0000
vn 0.0298 -0.0325 0.9990
vn 0.1593 -0.1654 0.9733
vn 0.0044 -0.0043 1.0000
vn -0.1456 0.1525 0.9775
vn -0.3139 0.3263 0.8916
vn -0.4162 0.4321 0.8000
vn -0.3847 0.3981 0.8328
vn -0.4162 0.4320 -0.8001
vn -0.4913 0.5089 -0.7069
vn -0.3642 0.3756 -0.8522
vn -0.2434 0.2518 -0.9367
vn -0.6415 0.6640 0.3843
vn -0.6857 0.7084 0.1675
vn 0.4177 -0.4340 0.7982
vn -0.6942 0.7192 0.0285
vn -0.6810 0.7055 0.1961
vn -0.6414 0.6639 -0.3846
vn -0.6813 0.7051 -0.1967
vn -0.5867 0.6073 -0.5356
vn -0.5024 0.5185 -0.6919
vn -0.4913 0.5089 0.7069
vn 0.2602 -0.2677 -0.9277
vn 0.4158 -0.4290 -0.8019
vn 0.4566 -0.4742 -0.7528
vn 0.5108 -0.5284 0.6781
vn 0.5829 -0.6029 0.5448
vn 0.6452 -0.6680 0.3707
vn 0.3578 -0.3713 0.8568
vn 0.2656 -0.2751 0.9240
vn -0.1455 0.1524 -0.9775
vn -0.6841 0.7100 -0.1670
vn -0.1295 0.1336 -0.9825
vn 0.2658 -0.2753 -0.9239
vn 0.3579 -0.3714 -0.8567
vn 0.6862 -0.7112 -0.1530
vn -0.5973 -0.8020 -0.0000
vn -0.5937 -0.8047 -0.0000
vn -0.5972 -0.8021 -0.0000
vn -0.7181 -0.6960 0.0011
vn -0.7045 -0.7097 0.0011
vn -0.6878 -0.7259 -0.0008
vn -0.7515 -0.6598 -0.0001
vn -0.7717 -0.6360 -0.0009
vn -0.7720 -0.6356 0.0008
vn -0.7813 -0.6242 -0.0000
vn -0.7469 -0.6650 0.0011
vn -0.7355 -0.6775 0.0007
vn -0.7469 -0.6650 -0.0013
vn -0.7168 -0.6973 -0.0000
vn -0.7142 -0.7000 0.0001
vn -0.7118 -0.7024 0.0002
vn -0.7097 -0.7045 0.0004
vn -0.7076 -0.7066 0.0006
vn -0.6615 -0.7500 0.0010
vn -0.6597 -0.7515 -0.0015
vn -0.7245 -0.6892 0.0002
vn -0.7219 -0.6920 0.0001
vn -0.7193 -0.6947 -0.0000
vn -0.7348 -0.6783 0.0016
vn -0.7313 -0.6820 0.0010
vn -0.7292 -0.6843 0.0007
vn -0.7270 -0.6867 0.0005
vn -0.6588 -0.7523 -0.0003
vn -0.7018 -0.7124 0.0008
vn -0.6983 -0.7158 -0.0000
vn -0.6461 -0.7633 0.0007
vn -0.6271 -0.7790 0.0011
vn -0.6887 -0.7251 -0.0004
vn -0.6445 -0.7646 0.0014
vn -0.6413 -0.7673 0.0010
vn -0.7021 -0.7121 -0.0007
vn -0.7049 -0.7093 -0.0011
vn -0.7067 -0.7075 -0.0012
vn -0.7181 -0.6960 -0.0009
vn -0.7096 -0.7046 -0.0003
vn -0.7118 -0.7024 -0.0002
vn -0.7142 -0.7000 -0.0001
vn -0.7167 -0.6973 -0.0000
vn -0.7219 -0.6920 -0.0001
vn -0.7245 -0.6893 -0.0002
vn -0.7269 -0.6867 -0.0004
vn -0.7291 -0.6844 -0.0006
vn -0.7312 -0.6822 -0.0008
vn -0.7337 -0.6795 -0.0011
vn -0.7954 -0.6060 -0.0097
vn -0.6088 -0.7933 -0.0006
vn -0.5935 -0.8049 0.0014
vn -0.5891 -0.8081 -0.0001
vn -0.5619 -0.8272 0.0014
vn -0.5266 -0.8501 -0.0000
vn -0.5623 -0.8269 -0.0016
vn -0.6117 -0.7911 -0.0010
vn -0.6136 -0.7896 -0.0011
vn -0.6271 -0.7790 -0.0009
vn -0.6168 -0.7871 -0.0004
vn -0.6192 -0.7852 -0.0002
vn -0.6219 -0.7831 -0.0001
vn -0.6248 -0.7808 -0.0000
vn -0.6277 -0.7784 -0.0000
vn -0.6306 -0.7761 -0.0001
vn -0.6335 -0.7737 -0.0002
vn -0.6362 -0.7715 -0.0003
vn -0.6386 -0.7695 -0.0005
vn -0.6410 -0.7676 -0.0008
vn -0.6436 -0.7654 -0.0010
vn -0.6827 -0.7307 -0.0057
vn -0.6219 -0.7831 0.0001
vn -0.6192 -0.7852 0.0003
vn -0.6167 -0.7872 0.0005
vn -0.6143 -0.7891 0.0007
vn -0.6113 -0.7914 0.0011
vn -0.5935 -0.8048 -0.0017
vn -0.6335 -0.7737 0.0002
vn -0.6306 -0.7761 -0.0000
vn -0.6083 -0.7937 0.0007
vn -0.6388 -0.7694 0.0006
vn -0.6362 -0.7715 0.0004
vn -0.7849 -0.6196 -0.0008
vn -0.7843 -0.6204 0.0008
vn -0.7868 -0.6172 0.0012
vn -0.8022 -0.5971 0.0001
vn -0.7981 -0.6025 0.0011
vn -0.8044 -0.5941 0.0003
vn -0.8065 -0.5912 0.0006
vn -0.8085 -0.5885 0.0009
vn -0.8105 -0.5857 0.0012
vn -0.8135 -0.5815 0.0018
vn -0.8136 -0.5814 0.0006
vn -0.7897 -0.6135 0.0005
vn -0.7915 -0.6112 0.0003
vn -0.7933 -0.6088 0.0002
vn -0.7954 -0.6061 -0.0000
vn -0.7976 -0.6031 -0.0000
vn -0.7999 -0.6002 -0.0000
vn -0.8229 -0.5682 -0.0012
vn -0.8272 -0.5619 -0.0001
vn -0.8229 -0.5682 0.0010
vn -0.7872 -0.6167 -0.0012
vn -0.7888 -0.6147 -0.0012
vn -0.7982 -0.6024 -0.0009
vn -0.7915 -0.6112 -0.0003
vn -0.7933 -0.6088 -0.0002
vn -0.7954 -0.6061 -0.0001
vn -0.8022 -0.5971 -0.0001
vn -0.8044 -0.5941 -0.0003
vn -0.8065 -0.5913 -0.0005
vn -0.8084 -0.5887 -0.0007
vn -0.8103 -0.5861 -0.0010
vn -0.8125 -0.5829 -0.0013
vn -0.8134 -0.5817 -0.0005
vn 0.7589 0.6512 -0.0000
vn 0.8332 0.5529 -0.0000
vn 0.9937 -0.1122 -0.0000
vn 0.9882 -0.1530 -0.0000
vn 0.9499 -0.3125 -0.0000
vn 0.9499 -0.3126 -0.0000
vn 0.0616 -0.9981 -0.0000
vn 0.1025 -0.9947 -0.0000
vn 0.4724 0.8814 -0.0000
vn 0.4358 0.9001 -0.0000
vn 0.5946 -0.8040 -0.0000
vn 0.6271 -0.7789 -0.0000
vn 0.9619 -0.2733 -0.0000
vn 0.9671 0.2544 -0.0000
vn 0.9558 0.2939 -0.0000
vn 0.6422 0.7665 -0.0000
vn -0.9882 -0.1530 -0.0000
vn -0.9811 -0.1934 -0.0000
vn 0.5610 -0.8278 -0.0000
vn 0.7728 -0.6347 -0.0000
vn 0.7461 -0.6659 -0.0000
vn -0.1838 -0.9830 -0.0000
vn -0.1433 -0.9897 -0.0000
vn 0.4181 -0.9084 -0.0000
vn 0.4550 -0.8905 -0.0000
vn 0.8949 0.4463 -0.0000
vn 0.3032 -0.9529 -0.0000
vn 0.3421 -0.9397 -0.0000
vn 0.9999 0.0108 -0.0000
vn 0.9987 0.0518 -0.0000
vn -0.0616 -0.9981 -0.0000
vn -0.0205 -0.9998 -0.0000
vn 0.5266 -0.8501 -0.0000
vn -0.1025 -0.9947 -0.0000
vn 0.1433 -0.9897 -0.0000
vn 0.0205 -0.9998 -0.0000
vn 0.9957 0.0928 -0.0000
vn 0.9910 0.1336 -0.0000
vn -0.9847 0.1742 -0.0000
vn -0.4912 -0.8710 -0.0000
vn -0.8098 0.5867 -0.0000
vn -0.8332 0.5529 -0.0000
vn -0.9499 -0.3126 -0.0000
vn -0.9363 -0.3513 -0.0000
vn -0.9499 -0.3125 -0.0000
vn 0.3804 -0.9248 -0.0000
vn -0.3804 -0.9248 -0.0000
vn -0.3421 -0.9397 -0.0000
vn 0.2240 -0.9746 -0.0000
vn 0.2639 -0.9646 -0.0000
vn 0.1838 -0.9830 -0.0000
vn -0.9999 0.0108 -0.0000
vn -0.9937 -0.1122 -0.0000
vn 0.4912 -0.8710 -0.0000
vn -0.2827 0.9592 -0.0000
vn -0.3218 0.9468 -0.0000
vn -0.7589 0.6512 -0.0000
vn -0.7850 0.6194 -0.0000
vn 0.6102 0.7923 -0.0000
vn -0.3984 0.9172 -0.0000
vn -0.8552 0.5182 -0.0000
vn -0.9210 -0.3894 -0.0000
vn -0.2639 -0.9646 -0.0000
vn -0.2240 -0.9746 -0.0000
vn -0.3604 0.9328 -0.0000
vn -0.5431 0.8397 -0.0000
vn 0.6585 -0.7525 -0.0000
vn 0.8449 -0.5349 -0.0000
vn 0.8662 -0.4997 -0.0000
vn -0.6102 0.7923 -0.0000
vn -0.2030 0.9792 -0.0000
vn -0.2430 0.9700 -0.0000
vn -0.1626 0.9867 -0.0000
vn 0.1626 0.9867 -0.0000
vn 0.1423 0.9898 -0.0000
vn -0.1423 0.9898 -0.0000
vn 0.2507 -0.2579 -0.9331
vn 0.8860 -0.4637 -0.0000
vn 0.5771 0.8167 -0.0000
vn -0.3032 -0.9529 -0.0000
vn -0.5771 0.8167 -0.0000
vn 0.9043 -0.4269 -0.0000
vn -0.9285 0.3714 -0.0000
vn -0.9430 0.3329 -0.0000
vn 0.9430 0.3329 -0.0000
vn 0.2430 0.9700 -0.0000
vn 0.2030 0.9792 -0.0000
vn 0.9285 0.3714 -0.0000
vn 0.9125 0.4092 -0.0000
vn -0.8237 -0.5670 -0.0000
vn -0.8236 -0.5671 -0.0000
vn -0.3138 0.3262 -0.8917
vn -0.2548 0.6595 0.7072
vn -0.2817 0.6485 0.7072
vn -0.4541 0.5420 0.7072
vn -0.4759 0.5229 0.7072
vn -0.6047 0.3664 0.7072
vn -0.6192 0.3413 0.7072
vn -0.6906 0.1516 0.7072
vn -0.6962 0.1232 0.7072
vn -0.7026 -0.0794 0.7072
vn -0.6987 -0.1081 0.7072
vn -0.6393 -0.3019 0.7072
vn -0.6264 -0.3279 0.7072
vn -0.5074 -0.4918 0.7076
vn -0.4879 -0.5123 0.7068
vn -0.4869 -0.5134 0.7067
vn -0.3217 -0.6296 0.7072
vn -0.2956 -0.6423 0.7072
vn -0.1013 -0.6997 0.7072
vn -0.0725 -0.7033 0.7072
vn 0.1300 -0.6950 0.7072
vn 0.1584 -0.6891 0.7072
vn 0.3473 -0.6159 0.7072
vn 0.3723 -0.6011 0.7072
vn 0.5275 -0.4708 0.7072
vn 0.5464 -0.4487 0.7072
vn 0.6512 -0.2754 0.7072
vn 0.6620 -0.2484 0.7072
vn 0.7052 -0.0504 0.7072
vn 0.7067 -0.0214 0.7072
vn 0.6838 0.1799 0.7072
vn 0.6758 0.2078 0.7072
vn 0.5891 0.3909 0.7072
vn 0.5726 0.4148 0.7072
vn 0.4314 0.5602 0.7072
vn 0.4080 0.5774 0.7072
vn 0.2275 0.6694 0.7072
vn 0.1999 0.6782 0.7072
vn -0.3081 0.6364 0.7072
vn -0.4970 0.5029 0.7072
vn -0.6327 0.3156 0.7072
vn -0.7007 0.0945 0.7072
vn -0.6937 -0.1367 0.7072
vn -0.6124 -0.3533 0.7072
vn -0.4653 -0.5329 0.7068
vn -0.4665 -0.5319 0.7067
vn -0.2690 -0.6539 0.7072
vn -0.0435 -0.7057 0.7072
vn 0.1866 -0.6820 0.7072
vn 0.3967 -0.5853 0.7072
vn 0.5644 -0.4259 0.7072
vn 0.6716 -0.2210 0.7072
vn 0.7070 0.0076 0.7072
vn 0.6667 0.2354 0.7072
vn 0.5550 0.4380 0.7072
vn 0.3840 0.5937 0.7072
vn 0.1718 0.6858 0.7072
vn -0.0504 0.7044 0.7080
vn -0.1150 0.6976 0.7072
vn -0.3340 0.6232 0.7072
vn -0.5172 0.4820 0.7072
vn -0.6451 0.2893 0.7072
vn -0.7040 0.0656 0.7072
vn -0.6875 -0.1651 0.7072
vn -0.5975 -0.3782 0.7071
vn -0.5974 -0.3782 0.7072
vn -0.4431 -0.5504 0.7076
vn -0.2419 -0.6644 0.7072
vn -0.0145 -0.7069 0.7072
vn 0.2144 -0.6737 0.7072
vn 0.4204 -0.5685 0.7072
vn 0.5814 -0.4024 0.7072
vn 0.6801 -0.1932 0.7072
vn 0.7061 0.0366 0.7072
vn 0.6565 0.2626 0.7072
vn 0.5366 0.4604 0.7072
vn 0.3593 0.6089 0.7072
vn 0.1435 0.6923 0.7072
vn 0.0504 0.7044 0.7080
vn -0.1435 0.6923 0.7072
vn -0.3593 0.6089 0.7072
vn -0.5366 0.4604 0.7072
vn -0.6565 0.2626 0.7072
vn -0.7061 0.0366 0.7072
vn -0.6801 -0.1932 0.7072
vn -0.5811 -0.4033 0.7069
vn -0.5820 -0.4021 0.7069
vn -0.4213 -0.5683 0.7068
vn -0.4199 -0.5692 0.7068
vn -0.2144 -0.6737 0.7072
vn 0.0145 -0.7069 0.7072
vn 0.2419 -0.6644 0.7072
vn 0.4434 -0.5507 0.7072
vn 0.5974 -0.3782 0.7072
vn 0.6875 -0.1651 0.7072
vn 0.7040 0.0656 0.7072
vn 0.6451 0.2893 0.7072
vn 0.5172 0.4820 0.7072
vn 0.3340 0.6232 0.7072
vn 0.1150 0.6976 0.7072
vn -0.1718 0.6858 0.7072
vn -0.3840 0.5937 0.7072
vn -0.5550 0.4380 0.7072
vn -0.6667 0.2354 0.7072
vn -0.7070 0.0076 0.7072
vn -0.6716 -0.2210 0.7072
vn -0.5640 -0.4257 0.7076
vn -0.3970 -0.5855 0.7068
vn -0.1866 -0.6820 0.7072
vn 0.0435 -0.7057 0.7072
vn 0.2690 -0.6539 0.7072
vn 0.4656 -0.5321 0.7072
vn 0.6937 -0.1367 0.7072
vn 0.7007 0.0945 0.7072
vn 0.6327 0.3156 0.7072
vn 0.4970 0.5029 0.7072
vn 0.3081 0.6364 0.7072
vn 0.6124 -0.3533 0.7072
vn -0.1999 0.6782 0.7072
vn -0.4080 0.5774 0.7072
vn -0.4081 0.5774 0.7072
vn -0.5726 0.4148 0.7072
vn -0.6758 0.2078 0.7072
vn -0.7067 -0.0214 0.7072
vn -0.6620 -0.2484 0.7072
vn -0.5465 -0.4491 0.7069
vn -0.5463 -0.4488 0.7072
vn -0.3723 -0.6011 0.7072
vn -0.1584 -0.6891 0.7072
vn 0.0725 -0.7033 0.7072
vn 0.2956 -0.6423 0.7072
vn 0.4871 -0.5125 0.7072
vn 0.6264 -0.3279 0.7072
vn 0.6987 -0.1081 0.7072
vn 0.6962 0.1232 0.7072
vn 0.6192 0.3413 0.7072
vn 0.4759 0.5229 0.7072
vn 0.2817 0.6485 0.7072
vn -0.2275 0.6694 0.7072
vn -0.4314 0.5602 0.7072
vn -0.5891 0.3909 0.7072
vn -0.6838 0.1799 0.7072
vn -0.7052 -0.0504 0.7072
vn -0.6512 -0.2754 0.7072
vn -0.5272 -0.4717 0.7068
vn -0.5282 -0.4706 0.7068
vn -0.3473 -0.6159 0.7072
vn -0.1300 -0.6950 0.7072
vn 0.1013 -0.6997 0.7072
vn 0.3217 -0.6296 0.7072
vn 0.5077 -0.4921 0.7072
vn 0.6394 -0.3019 0.7072
vn 0.7026 -0.0794 0.7072
vn 0.6906 0.1516 0.7072
vn 0.6047 0.3664 0.7072
vn 0.4541 0.5420 0.7072
vn 0.2548 0.6595 0.7072
vn -0.0000 0.0001 1.0000
vn -0.0000 -0.0001 1.0000
vn -0.1731 -0.6822 -0.7104
vn -0.2003 -0.6713 -0.7136
vn -0.1970 -0.6727 -0.7132
vn -0.1701 -0.6832 -0.7101
vn -0.3857 -0.5997 -0.7012
vn -0.4118 -0.5852 -0.6986
vn -0.4162 -0.5826 -0.6981
vn -0.3911 -0.5969 -0.7005
vn -0.5653 -0.4437 -0.6954
vn -0.5822 -0.4189 -0.6968
vn -0.5795 -0.4229 -0.6967
vn -0.5631 -0.4466 -0.6953
vn -0.6500 -0.2314 -0.7238
vn -0.6646 -0.2059 -0.7183
vn -0.6663 -0.2026 -0.7177
vn -0.6521 -0.2279 -0.7231
vn -0.7100 -0.0074 -0.7042
vn -0.7097 0.0220 -0.7042
vn -0.7097 0.0216 -0.7042
vn -0.7100 -0.0072 -0.7042
vn -0.6603 0.2196 -0.7182
vn -0.6454 0.2450 -0.7235
vn -0.6478 0.2413 -0.7226
vn -0.6623 0.2163 -0.7173
vn -0.5733 0.4309 -0.6969
vn -0.5559 0.4553 -0.6954
vn -0.5542 0.4578 -0.6952
vn -0.5712 0.4347 -0.6962
vn -0.3994 0.5932 -0.6990
vn -0.3730 0.6071 -0.7017
vn -0.3790 0.6045 -0.7007
vn -0.4043 0.5906 -0.6984
vn -0.1863 0.6751 -0.7138
vn -0.1589 0.6854 -0.7107
vn -0.1562 0.6861 -0.7105
vn -0.1832 0.6764 -0.7134
vn 0.0440 0.7083 -0.7045
vn 0.0732 0.7051 -0.7053
vn 0.0719 0.7053 -0.7053
vn 0.0432 0.7083 -0.7046
vn 0.2586 0.6399 -0.7236
vn 0.2884 0.6359 -0.7158
vn 0.2973 0.6341 -0.7138
vn 0.2684 0.6390 -0.7209
vn 0.4730 0.5420 -0.6946
vn 0.4957 0.5221 -0.6941
vn 0.4960 0.5215 -0.6943
vn 0.4747 0.5407 -0.6945
vn 0.6155 0.3521 -0.7051
vn 0.6255 0.3240 -0.7097
vn 0.6234 0.3317 -0.7081
vn 0.6132 0.3589 -0.7037
vn 0.6923 0.1379 -0.7083
vn 0.6992 0.1094 -0.7066
vn 0.6997 0.1075 -0.7063
vn 0.6931 0.1355 -0.7079
vn 0.7013 -0.0949 -0.7065
vn 0.6951 -0.1236 -0.7083
vn 0.6956 -0.1214 -0.7081
vn 0.7016 -0.0932 -0.7064
vn 0.6320 -0.3109 -0.7099
vn 0.6226 -0.3391 -0.7052
vn 0.6199 -0.3463 -0.7041
vn 0.6297 -0.3191 -0.7083
vn 0.5065 -0.5118 -0.6940
vn 0.4843 -0.5320 -0.6946
vn 0.4853 -0.5309 -0.6947
vn 0.5064 -0.5114 -0.6943
vn 0.3017 -0.6301 -0.7155
vn 0.2719 -0.6349 -0.7231
vn 0.2814 -0.6337 -0.7206
vn 0.3102 -0.6283 -0.7134
vn 0.0878 -0.7037 -0.7051
vn 0.0587 -0.7076 -0.7042
vn 0.0576 -0.7078 -0.7041
vn 0.0862 -0.7041 -0.7049
vn -0.2266 -0.6583 -0.7178
vn -0.2231 -0.6602 -0.7172
vn -0.4370 -0.5690 -0.6966
vn -0.4404 -0.5669 -0.6962
vn -0.5972 -0.3932 -0.6991
vn -0.5946 -0.3983 -0.6984
vn -0.6769 -0.1793 -0.7139
vn -0.6781 -0.1763 -0.7135
vn -0.7078 0.0513 -0.7045
vn -0.7079 0.0504 -0.7045
vn -0.6374 0.2653 -0.7234
vn -0.6364 0.2749 -0.7207
vn -0.5369 0.4784 -0.6949
vn -0.5359 0.4800 -0.6946
vn -0.3457 0.6190 -0.7052
vn -0.3525 0.6164 -0.7041
vn -0.1308 0.6937 -0.7083
vn -0.1285 0.6944 -0.7080
vn 0.1022 0.7003 -0.7065
vn 0.1004 0.7006 -0.7064
vn 0.3175 0.6289 -0.7097
vn 0.3254 0.6265 -0.7083
vn 0.5168 0.5009 -0.6943
vn 0.5164 0.5012 -0.6943
vn 0.6330 0.2951 -0.7157
vn 0.6312 0.3038 -0.7136
vn 0.7043 0.0805 -0.7054
vn 0.7046 0.0791 -0.7052
vn 0.6870 -0.1518 -0.7107
vn 0.6878 -0.1492 -0.7104
vn 0.6111 -0.3666 -0.7016
vn 0.6082 -0.3728 -0.7008
vn 0.4612 -0.5514 -0.6952
vn 0.4632 -0.5494 -0.6954
vn 0.2515 -0.6429 -0.7235
vn 0.2478 -0.6454 -0.7225
vn 0.0294 -0.7099 -0.7037
vn 0.0289 -0.7100 -0.7037
vn -0.0000 -0.7107 -0.7035
vn -0.0294 -0.7099 -0.7037
vn -0.0288 -0.7099 -0.7037
vn -0.2517 -0.6431 -0.7233
vn -0.2480 -0.6455 -0.7224
vn -0.4611 -0.5513 -0.6953
vn -0.4633 -0.5496 -0.6952
vn -0.6111 -0.3666 -0.7016
vn -0.6083 -0.3728 -0.7007
vn -0.6869 -0.1518 -0.7107
vn -0.6876 -0.1492 -0.7106
vn -0.7044 0.0805 -0.7053
vn -0.7045 0.0790 -0.7053
vn -0.6331 0.2951 -0.7157
vn -0.6312 0.3038 -0.7136
vn -0.5168 0.5008 -0.6943
vn -0.5165 0.5012 -0.6943
vn -0.3175 0.6287 -0.7099
vn -0.3254 0.6266 -0.7082
vn -0.1022 0.7002 -0.7066
vn -0.1004 0.7007 -0.7063
vn 0.1308 0.6938 -0.7082
vn 0.1285 0.6943 -0.7081
vn 0.3457 0.6192 -0.7050
vn 0.3526 0.6165 -0.7040
vn 0.5370 0.4787 -0.6947
vn 0.5357 0.4800 -0.6947
vn 0.6375 0.2653 -0.7234
vn 0.6369 0.2749 -0.7203
vn 0.7078 0.0514 -0.7046
vn 0.7079 0.0504 -0.7045
vn 0.6769 -0.1793 -0.7139
vn 0.6781 -0.1764 -0.7135
vn 0.5975 -0.3932 -0.6988
vn 0.5946 -0.3984 -0.6984
vn 0.4370 -0.5688 -0.6968
vn 0.4402 -0.5666 -0.6966
vn 0.2265 -0.6584 -0.7177
vn 0.2230 -0.6603 -0.7172
vn -0.0587 -0.7076 -0.7041
vn -0.0576 -0.7077 -0.7042
vn -0.2720 -0.6349 -0.7231
vn -0.2814 -0.6337 -0.7206
vn -0.4841 -0.5320 -0.6948
vn -0.4853 -0.5311 -0.6946
vn -0.6226 -0.3392 -0.7052
vn -0.6198 -0.3463 -0.7042
vn -0.6950 -0.1236 -0.7083
vn -0.6957 -0.1214 -0.7080
vn -0.6993 0.1094 -0.7065
vn -0.6996 0.1075 -0.7064
vn -0.6257 0.3240 -0.7096
vn -0.6233 0.3317 -0.7081
vn -0.4955 0.5220 -0.6943
vn -0.4961 0.5213 -0.6944
vn -0.2885 0.6358 -0.7159
vn -0.2973 0.6341 -0.7138
vn -0.0732 0.7051 -0.7053
vn -0.0719 0.7053 -0.7052
vn 0.1589 0.6854 -0.7106
vn 0.1562 0.6863 -0.7104
vn 0.3730 0.6073 -0.7014
vn 0.3789 0.6044 -0.7008
vn 0.5558 0.4553 -0.6955
vn 0.5539 0.4577 -0.6955
vn 0.6452 0.2448 -0.7237
vn 0.6477 0.2412 -0.7227
vn 0.7097 0.0220 -0.7042
vn 0.7097 0.0216 -0.7042
vn 0.6646 -0.2060 -0.7182
vn 0.6663 -0.2027 -0.7176
vn 0.5822 -0.4189 -0.6969
vn 0.5796 -0.4228 -0.6966
vn 0.4118 -0.5850 -0.6987
vn 0.4161 -0.5825 -0.6982
vn 0.2002 -0.6713 -0.7136
vn 0.1970 -0.6728 -0.7131
vn -0.0878 -0.7038 -0.7050
vn -0.0862 -0.7040 -0.7050
vn -0.3017 -0.6302 -0.7155
vn -0.3102 -0.6283 -0.7135
vn -0.5062 -0.5116 -0.6943
vn -0.5063 -0.5115 -0.6943
vn -0.6321 -0.3109 -0.7097
vn -0.6298 -0.3190 -0.7082
vn -0.7012 -0.0950 -0.7066
vn -0.7017 -0.0932 -0.7064
vn -0.6924 0.1380 -0.7082
vn -0.6930 0.1355 -0.7080
vn -0.6157 0.3521 -0.7050
vn -0.6130 0.3588 -0.7039
vn -0.4730 0.5419 -0.6947
vn -0.4747 0.5408 -0.6944
vn -0.2586 0.6400 -0.7236
vn -0.2684 0.6390 -0.7208
vn -0.0441 0.7083 -0.7046
vn -0.0432 0.7084 -0.7045
vn 0.1863 0.6751 -0.7138
vn 0.1832 0.6764 -0.7134
vn 0.3995 0.5934 -0.6987
vn 0.4042 0.5907 -0.6984
vn 0.5733 0.4310 -0.6969
vn 0.5709 0.4344 -0.6966
vn 0.6606 0.2196 -0.7179
vn 0.6623 0.2162 -0.7174
vn 0.7100 -0.0073 -0.7042
vn 0.7100 -0.0072 -0.7042
vn 0.6501 -0.2315 -0.7238
vn 0.6523 -0.2280 -0.7229
vn 0.5653 -0.4437 -0.6954
vn 0.5631 -0.4466 -0.6954
vn 0.3856 -0.5994 -0.7014
vn 0.3911 -0.5969 -0.7005
vn 0.1730 -0.6821 -0.7105
vn 0.1701 -0.6833 -0.7100
vn -0.1167 -0.6983 -0.7062
vn -0.1146 -0.6987 -0.7062
vn -0.3306 -0.6225 -0.7094
vn -0.3381 -0.6200 -0.7080
vn -0.5271 -0.4900 -0.6943
vn -0.5263 -0.4908 -0.6944
vn -0.6386 -0.2818 -0.7161
vn -0.6371 -0.2908 -0.7138
vn -0.7058 -0.0660 -0.7053
vn -0.7060 -0.0648 -0.7052
vn -0.6838 0.1660 -0.7106
vn -0.6847 0.1631 -0.7103
vn -0.6035 0.3794 -0.7013
vn -0.6007 0.3850 -0.7006
vn -0.4495 0.5605 -0.6956
vn -0.4521 0.5584 -0.6955
vn -0.2381 0.6477 -0.7237
vn -0.2345 0.6499 -0.7229
vn -0.0147 0.7099 -0.7042
vn -0.0144 0.7099 -0.7042
vn 0.2129 0.6626 -0.7181
vn 0.2095 0.6643 -0.7175
vn 0.4250 0.5778 -0.6968
vn 0.4290 0.5756 -0.6962
vn 0.5891 0.4056 -0.6988
vn 0.5866 0.4102 -0.6983
vn 0.6732 0.1932 -0.7138
vn 0.6746 0.1901 -0.7133
vn 0.7087 -0.0367 -0.7045
vn 0.7087 -0.0360 -0.7045
vn 0.6421 -0.2517 -0.7242
vn 0.6416 -0.2618 -0.7210
vn 0.5469 -0.4673 -0.6947
vn 0.5454 -0.4693 -0.6945
vn 0.3586 -0.6122 -0.7047
vn 0.3651 -0.6096 -0.7036
vn 0.1451 -0.6910 -0.7081
vn 0.1426 -0.6919 -0.7077
vn -0.1451 -0.6912 -0.7080
vn -0.1426 -0.6918 -0.7078
vn -0.3586 -0.6122 -0.7047
vn -0.3650 -0.6094 -0.7038
vn -0.5468 -0.4674 -0.6947
vn -0.5452 -0.4692 -0.6948
vn -0.6424 -0.2519 -0.7238
vn -0.6415 -0.2618 -0.7211
vn -0.7087 -0.0367 -0.7046
vn -0.7088 -0.0361 -0.7045
vn -0.6732 0.1933 -0.7138
vn -0.6745 0.1901 -0.7133
vn -0.5892 0.4056 -0.6988
vn -0.5866 0.4103 -0.6982
vn -0.4249 0.5776 -0.6970
vn -0.4287 0.5752 -0.6967
vn -0.2128 0.6627 -0.7180
vn -0.2094 0.6643 -0.7175
vn 0.0147 0.7099 -0.7042
vn 0.0144 0.7099 -0.7042
vn 0.2383 0.6478 -0.7236
vn 0.2347 0.6501 -0.7227
vn 0.4494 0.5606 -0.6955
vn 0.4523 0.5587 -0.6952
vn 0.6033 0.3793 -0.7015
vn 0.6007 0.3850 -0.7006
vn 0.6837 0.1659 -0.7106
vn 0.6848 0.1631 -0.7102
vn 0.7058 -0.0659 -0.7053
vn 0.7060 -0.0647 -0.7053
vn 0.6388 -0.2818 -0.7159
vn 0.6370 -0.2908 -0.7139
vn 0.5273 -0.4901 -0.6941
vn 0.5264 -0.4908 -0.6942
vn 0.3306 -0.6227 -0.7092
vn 0.3381 -0.6200 -0.7080
vn 0.1167 -0.6982 -0.7063
vn 0.1146 -0.6988 -0.7060
vn -0.0000 1.0000 -0.0000
vn -0.6535 0.7569 -0.0000
vn -0.6468 0.7570 0.0930
vn -0.3484 0.9361 0.0491
vn -0.3520 0.9360 -0.0000
vn -0.8738 0.4863 -0.0000
vn -0.8649 0.4863 0.1243
vn -0.8775 0.2436 0.4130
vn -0.8102 0.2437 0.5332
vn -0.7351 0.4863 0.4724
vn -0.7948 0.4863 0.3630
vn -0.3380 0.9361 0.0976
vn -0.0869 0.9958 0.0285
vn -0.0901 0.9958 0.0145
vn 0.1841 0.7570 -0.6270
vn 0.0930 0.7570 -0.6468
vn 0.0510 0.9417 -0.3326
vn 0.0984 0.9410 -0.3239
vn 0.8649 0.4863 0.1244
vn 0.8738 0.4863 -0.0000
vn 0.6535 0.7569 -0.0000
vn 0.6468 0.7570 0.0930
vn -0.9582 0.2437 0.1502
vn -0.9272 0.2436 0.2845
vn -0.8384 0.4863 0.2462
vn -0.3224 0.9355 -0.1447
vn -0.3381 0.9360 -0.0978
vn -0.0869 0.9958 -0.0285
vn -0.0850 0.9955 -0.0428
vn 0.6468 0.7570 -0.0930
vn 0.6270 0.7570 -0.1841
vn 0.3379 0.9361 -0.0976
vn 0.3488 0.9359 -0.0494
vn -0.5944 0.7570 0.2714
vn -0.6269 0.7570 0.1841
vn -0.3954 0.2437 0.8856
vn -0.2659 0.2437 0.9327
vn -0.2462 0.4863 0.8384
vn -0.3630 0.4863 0.7948
vn 0.0851 0.9955 0.0428
vn 0.0775 0.9955 0.0553
vn 0.2957 0.9366 0.1879
vn 0.3224 0.9355 0.1447
vn -0.5497 0.7570 0.3533
vn -0.2943 0.9374 0.1861
vn -0.3220 0.9356 0.1450
vn -0.7264 0.2437 0.6426
vn -0.6280 0.2437 0.7391
vn -0.5722 0.4863 0.6604
vn -0.6604 0.4863 0.5722
vn 0.0693 0.9953 0.0670
vn 0.2653 0.9369 0.2277
vn 0.4939 0.7570 -0.4279
vn 0.4280 0.7569 -0.4938
vn 0.2278 0.9388 -0.2583
vn 0.2636 0.9381 -0.2247
vn -0.0000 0.4863 0.8738
vn 0.1243 0.4863 0.8649
vn 0.0930 0.7570 0.6468
vn -0.0000 0.7570 0.6534
vn 0.9699 0.2436 -0.0001
vn 0.9601 0.2436 -0.1375
vn 0.8649 0.4863 -0.1243
vn 0.0593 0.9953 0.0772
vn 0.2296 0.9372 0.2627
vn 0.7570 0.0792 -0.6486
vn 0.6589 0.0792 -0.7481
vn 0.6378 0.2436 -0.7307
vn 0.7349 0.2436 -0.6329
vn -0.4279 0.7570 0.4938
vn -0.4938 0.7570 0.4279
vn 0.1438 0.2437 0.9591
vn 0.2782 0.2437 0.9291
vn 0.2462 0.4863 0.8384
vn 0.0478 0.9952 0.0857
vn 0.1894 0.9374 0.2924
vn -0.6468 0.7570 -0.0930
vn -0.3485 0.9360 -0.0492
vn -0.4724 0.4862 -0.7351
vn -0.5722 0.4863 -0.6604
vn -0.4279 0.7570 -0.4939
vn -0.3533 0.7570 -0.5497
vn -0.3954 0.2437 -0.8856
vn -0.5169 0.2436 -0.8206
vn -0.3630 0.4863 -0.7948
vn 0.0351 0.9951 0.0923
vn 0.1454 0.9375 0.3161
vn -0.4724 0.4863 0.7351
vn -0.2715 0.7570 0.5944
vn -0.3533 0.7570 0.5497
vn 0.8829 0.2436 -0.4014
vn 0.8172 0.2436 -0.5223
vn 0.7351 0.4863 -0.4724
vn 0.7948 0.4863 -0.3630
vn 0.0214 0.9951 0.0969
vn 0.0985 0.9376 0.3333
vn 0.5497 0.7570 0.3533
vn 0.5944 0.7570 0.2714
vn 0.7948 0.4863 0.3630
vn 0.8384 0.4863 0.2462
vn 0.6270 0.7570 0.1841
vn -0.2659 0.2437 -0.9327
vn -0.2462 0.4863 -0.8384
vn 0.0072 0.9950 0.0992
vn 0.0498 0.9377 0.3438
vn -0.1244 0.4863 0.8649
vn -0.0930 0.7570 0.6468
vn -0.1841 0.7570 0.6270
vn -0.1311 0.2437 0.9609
vn -0.0076 0.9950 0.0992
vn -0.0000 0.9377 0.3474
vn -0.0514 0.9416 0.3327
vn 0.0064 0.2437 0.9698
vn -0.0203 0.9923 0.1221
vn -0.0984 0.9410 0.3239
vn 0.1841 0.7570 0.6270
vn 0.2783 0.2437 -0.9291
vn 0.1438 0.2437 -0.9591
vn 0.1244 0.4863 -0.8649
vn 0.2462 0.4863 -0.8384
vn -0.0365 0.9931 0.1115
vn -0.1443 0.9402 0.3084
vn 0.2714 0.7569 0.5944
vn 0.3630 0.4863 0.7948
vn 0.4071 0.2437 0.8803
vn -0.0505 0.9937 0.0997
vn -0.1877 0.9395 0.2864
vn 0.3533 0.7570 0.5497
vn 0.5278 0.2437 0.8137
vn 0.4724 0.4863 0.7351
vn -0.0624 0.9943 0.0870
vn -0.2278 0.9388 0.2583
vn 0.4279 0.7570 0.4938
vn 0.5722 0.4863 0.6604
vn 0.6378 0.2436 0.7307
vn -0.0721 0.9947 0.0735
vn -0.2635 0.9381 0.2247
vn 0.4939 0.7570 0.4279
vn 0.6604 0.4863 -0.5722
vn 0.5722 0.4863 -0.6604
vn 0.7349 0.2436 0.6329
vn 0.6604 0.4863 0.5722
vn -0.0799 0.9950 0.0594
vn 0.7351 0.4863 0.4724
vn 0.8172 0.2436 0.5224
vn -0.0864 0.9952 0.0454
vn -0.5497 0.7569 -0.3533
vn -0.5944 0.7570 -0.2714
vn -0.2957 0.9366 -0.1879
vn -0.7050 0.7071 -0.0546
vn -0.7050 0.7072 -0.0541
vn -0.7051 0.7071 0.0539
vn -0.7049 0.7072 0.0544
vn 0.8830 0.2436 0.4013
vn 0.3220 0.9356 -0.1451
vn 0.0864 0.9952 -0.0454
vn 0.0868 0.9958 -0.0285
vn 0.3381 0.9360 0.0978
vn -0.8384 0.4863 -0.2462
vn -0.8649 0.4863 -0.1244
vn -0.6270 0.7570 -0.1841
vn 0.9309 0.2437 0.2722
vn 0.3486 0.9360 0.0492
vn 0.2032 0.1743 -0.9635
vn 0.3471 0.1614 -0.9238
vn 0.3355 -0.0000 -0.9420
vn 0.1880 -0.0000 -0.9822
vn 0.3520 0.9360 -0.0000
vn 0.0914 0.9958 -0.0000
vn 0.0901 0.9958 0.0145
vn -0.0930 0.7570 -0.6468
vn -0.0000 0.7570 -0.6535
vn -0.0000 0.4863 -0.8738
vn -0.1243 0.4863 -0.8649
vn 0.9601 0.2436 0.1374
vn 0.0901 0.9958 -0.0145
vn 0.0064 0.2437 -0.9698
vn -0.1311 0.2437 -0.9610
vn 0.0870 0.9958 0.0285
vn 0.8384 0.4862 -0.2462
vn 0.9309 0.2435 -0.2722
vn 0.5944 0.7570 -0.2714
vn -0.0776 0.9955 -0.0553
vn 0.5497 0.7570 -0.3533
vn 0.2942 0.9374 -0.1861
vn -0.7948 0.4863 -0.3630
vn -0.9272 0.2436 -0.2845
vn -0.9582 0.2437 -0.1502
vn -0.0693 0.9953 -0.0670
vn -0.2653 0.9369 -0.2277
vn -0.2714 0.7570 -0.5944
vn -0.1894 0.9374 -0.2924
vn -0.1454 0.9375 -0.3161
vn -0.0593 0.9953 -0.0772
vn -0.2296 0.9372 -0.2627
vn -0.0478 0.9952 -0.0857
vn 0.3533 0.7570 -0.5497
vn 0.1877 0.9395 -0.2864
vn 0.4724 0.4863 -0.7351
vn 0.5278 0.2436 -0.8137
vn -0.0351 0.9951 -0.0923
vn 0.2715 0.7570 -0.5944
vn 0.1443 0.9403 -0.3084
vn 0.4071 0.2437 -0.8803
vn 0.3630 0.4863 -0.7948
vn -0.0214 0.9951 -0.0969
vn -0.0986 0.9376 -0.3334
vn -0.0068 0.9950 -0.0992
vn -0.0498 0.9377 -0.3439
vn -0.6280 0.2436 -0.7391
vn -0.7264 0.2437 -0.6426
vn -0.6604 0.4863 -0.5722
vn 0.0018 0.9913 -0.1314
vn 0.0035 0.9423 -0.3346
vn -0.1841 0.7570 -0.6270
vn 0.0203 0.9923 -0.1221
vn 0.0365 0.9931 -0.1115
vn -0.8101 0.2437 -0.5332
vn -0.7351 0.4863 -0.4724
vn 0.0506 0.9937 -0.0997
vn -0.8775 0.2436 -0.4130
vn 0.0624 0.9943 -0.0870
vn 0.0721 0.9947 -0.0735
vn -0.4939 0.7570 -0.4279
vn -0.5169 0.2437 0.8206
vn 0.0799 0.9950 -0.0594
vn -0.0901 0.9958 -0.0145
vn -0.0914 0.9958 -0.0000
vn -0.9699 0.2434 -0.0000
vn -0.8413 -0.0000 -0.5406
vn -0.9096 -0.0000 -0.4154
vn -0.9898 -0.0000 -0.1423
vn -1.0000 -0.0000 -0.0000
vn -0.1423 -0.0000 -0.9898
vn 0.6549 -0.0000 -0.7558
vn 0.5406 -0.0000 -0.8413
vn 0.4154 -0.0000 -0.9096
vn -0.6549 -0.0000 -0.7558
vn -0.7557 -0.0000 -0.6549
vn -0.7558 -0.0000 -0.6549
vn -0.2817 -0.0000 0.9595
vn -0.1423 -0.0000 0.9898
vn 0.9195 0.0968 0.3809
vn 0.7038 0.0968 0.7038
vn 0.7071 -0.0000 0.7071
vn 0.9239 -0.0000 0.3827
vn -0.9595 -0.0000 0.2817
vn -0.9096 -0.0000 0.4154
vn 0.8413 -0.0000 -0.5406
vn 0.7558 -0.0000 -0.6549
vn 0.3925 0.9189 0.0398
vn 0.7112 0.6995 0.0703
vn 0.7112 0.6995 -0.0703
vn 0.3926 0.9189 -0.0398
vn 0.9218 0.3771 0.0901
vn 0.9218 0.3771 -0.0901
vn 0.9905 0.0970 0.0970
vn 0.9905 0.0970 -0.0970
vn 1.0000 -0.0000 -0.0000
vn 0.9898 -0.0000 -0.1423
vn 0.9471 -0.3140 -0.0669
vn 0.9991 0.0423 -0.0000
vn 0.9471 -0.3140 0.0669
vn 0.8731 -0.4875 -0.0000
vn 0.6906 -0.6253 0.3633
vn 0.6331 -0.6253 0.4562
vn 0.6545 -0.6253 0.4250
vn 0.7081 -0.6253 0.3279
vn 0.2940 -0.6254 0.7228
vn 0.1903 -0.6254 0.7568
vn 0.2179 -0.6254 0.7493
vn 0.3220 -0.6254 0.7108
vn 0.0829 -0.6254 0.7759
vn -0.0261 -0.6254 0.7799
vn -0.0016 -0.6254 0.7803
vn 0.1093 -0.6254 0.7726
vn -0.6266 0.0792 -0.7753
vn -0.7288 0.0792 -0.6801
vn -0.6616 -0.6254 0.4137
vn -0.7128 -0.6254 0.3175
vn -0.7099 -0.6254 0.3239
vn -0.6566 -0.6254 0.4215
vn -0.6666 -0.0000 0.7454
vn -0.7724 -0.0000 0.6351
vn -0.7721 -0.0000 0.6355
vn -0.6662 -0.0000 0.7458
vn 0.8137 0.1098 0.5709
vn 0.7180 0.1168 0.6862
vn 0.7182 -0.0000 0.6958
vn 0.8159 -0.0000 0.5782
vn 0.2961 0.0792 0.9519
vn 0.4262 0.0792 0.9012
vn -0.4359 -0.6254 0.6472
vn -0.5218 -0.6254 0.5802
vn -0.5115 -0.6254 0.5893
vn -0.4225 -0.6254 0.6560
vn 0.0114 0.9948 0.1010
vn 0.0407 0.9231 0.3823
vn 0.1543 0.9151 0.3724
vn 0.0422 0.9939 0.1017
vn 0.0008 0.9964 0.0848
vn 0.0017 0.9396 0.3423
vn -0.9738 -0.0000 -0.2274
vn -0.9278 -0.0000 -0.3731
vn -0.9277 -0.0000 -0.3733
vn -0.9738 -0.0000 -0.2275
vn 0.2817 -0.0000 -0.9595
vn -0.8413 -0.0000 0.5406
vn 0.4154 -0.0000 0.9096
vn 0.5406 -0.0000 0.8413
vn 0.1423 -0.0000 0.9898
vn -0.7558 -0.0000 0.6549
vn -0.6549 -0.0000 0.7558
vn -0.9595 -0.0000 -0.2817
vn 0.2817 -0.0000 0.9595
vn -0.2231 0.9288 -0.2958
vn -0.1820 0.9198 -0.3477
vn -0.3281 0.7023 -0.6318
vn -0.4220 0.7023 -0.5734
vn 0.0010 0.0921 -0.9957
vn 0.0021 0.3610 -0.9326
vn 0.0910 0.3654 -0.9264
vn 0.0975 0.0935 -0.9908
vn -0.1184 0.0792 0.9898
vn 0.0211 0.0792 0.9966
vn -0.1184 0.0792 -0.9898
vn -0.2555 0.0792 -0.9636
vn 0.0019 0.6724 -0.7402
vn 0.0015 0.8930 -0.4501
vn 0.0405 0.9036 -0.4265
vn 0.0712 0.6814 -0.7284
vn 0.5479 0.0791 0.8328
vn 0.6589 0.0792 0.7481
vn 0.8710 0.3835 0.3071
vn 0.8978 0.3736 0.2332
vn 0.7028 0.6874 0.1834
vn 0.6739 0.7012 0.2329
vn 0.0031 0.3191 0.9477
vn 0.0025 0.0826 0.9966
vn 0.0982 0.0889 0.9912
vn 0.0914 0.3498 0.9323
vn 0.9452 0.1028 0.3100
vn 0.9641 0.1012 0.2454
vn 0.5479 0.0792 -0.8328
vn 0.4262 0.0792 -0.9012
vn -0.2794 0.9198 0.2754
vn -0.5059 0.7023 0.5008
vn -0.4220 0.7023 0.5734
vn -0.2312 0.9210 0.3136
vn 0.9558 0.0792 -0.2831
vn 0.9069 0.0792 -0.4139
vn 0.1602 0.0792 0.9839
vn 0.7028 0.6874 -0.1834
vn 0.6739 0.7012 -0.2329
vn 0.3701 0.9205 -0.1257
vn 0.3983 0.9113 -0.1044
vn -0.6549 0.7074 0.2659
vn -0.6560 0.7072 0.2637
vn -0.6080 0.7073 0.3605
vn -0.6063 0.7074 0.3633
vn -0.4676 0.7073 -0.5301
vn -0.4713 0.7074 -0.5268
vn -0.5460 0.7074 -0.4489
vn -0.5435 0.7073 -0.4521
vn -0.9974 -0.0009 0.0724
vn -0.9974 -0.0009 -0.0723
vn -0.9971 -0.0000 -0.0763
vn -0.9970 -0.0001 0.0768
vn 0.3549 0.3743 -0.8567
vn 0.3809 0.0968 -0.9195
vn 0.4831 0.1486 -0.8628
vn 0.4752 -0.0000 -0.8799
vn -0.5453 -0.0000 -0.8382
vn -0.3720 0.2389 -0.8970
vn -0.4105 -0.0000 -0.9118
vn -0.5447 -0.0000 -0.8386
vn -0.5461 0.7073 0.4490
vn -0.5432 0.7075 0.4521
vn 0.7570 0.0792 0.6486
vn 0.8402 0.0792 0.5365
vn -0.2846 0.7073 0.6470
vn -0.2908 0.7073 0.6443
vn -0.1892 0.7073 0.6812
vn -0.1816 0.7075 0.6830
vn -0.7500 -0.6255 -0.2151
vn -0.7128 -0.6254 -0.3175
vn -0.7099 -0.6254 -0.3239
vn -0.7487 -0.6254 -0.2197
vn -0.2256 0.7023 -0.6752
vn -0.2634 0.5556 -0.7886
vn -0.3821 0.5557 -0.7384
vn -0.1074 0.1537 0.9823
vn -0.2579 0.1584 0.9531
vn -0.2667 -0.0000 0.9638
vn -0.1167 -0.0000 0.9932
vn -0.1819 0.7073 -0.6831
vn -0.1892 0.7073 -0.6811
vn -0.2908 0.7073 -0.6443
vn -0.2846 0.7073 -0.6471
vn 0.7642 -0.6253 0.1580
vn 0.7717 -0.6253 0.1160
vn 0.7346 -0.6253 -0.2633
vn 0.7642 -0.6253 -0.1580
vn 0.7717 -0.6253 -0.1160
vn 0.7475 -0.6253 -0.2242
vn 0.7346 -0.6253 0.2633
vn 0.7475 -0.6253 0.2242
vn 0.3484 0.9196 -0.1813
vn 0.1744 0.9805 -0.0904
vn 0.1817 0.9809 -0.0690
vn 0.3920 -0.6253 -0.6748
vn 0.4823 -0.6254 -0.6134
vn 0.5088 -0.6253 -0.5917
vn 0.4196 -0.6253 -0.6579
vn -0.8886 0.0791 -0.4518
vn -0.9430 0.0791 -0.3232
vn -0.4930 0.5552 -0.6698
vn 0.0980 -0.0000 0.9952
vn -0.7803 -0.6253 -0.0000
vn -0.7726 -0.6255 -0.1086
vn -0.7724 -0.6254 -0.1110
vn -0.7803 -0.6254 -0.0000
vn -0.3877 0.0792 0.9184
vn -0.2555 0.0792 0.9636
vn -0.2404 -0.6253 0.7424
vn -0.3415 -0.6254 0.7016
vn -0.3250 -0.6254 0.7094
vn -0.2209 -0.6254 0.7484
vn 0.5632 -0.6254 -0.5401
vn 0.5876 -0.6253 -0.5135
vn 0.8413 -0.0000 0.5406
vn 0.9096 -0.0000 0.4154
vn -0.2332 0.2275 -0.9454
vn -0.0871 0.2136 -0.9730
vn -0.1167 -0.0000 -0.9932
vn -0.2667 -0.0000 -0.9638
vn -0.1229 0.9208 -0.3702
vn 0.8915 0.0943 0.4431
vn 0.8945 -0.0000 0.4471
vn -0.2817 -0.0000 -0.9595
vn 0.0006 0.9799 -0.1995
vn 0.0113 0.9921 -0.1253
vn -0.1346 -0.6254 0.7686
vn -0.1124 -0.6254 0.7722
vn 0.9511 -0.0054 0.3089
vn -0.9898 -0.0000 0.1423
vn -0.5406 -0.0000 0.8413
vn -0.4154 -0.0000 0.9096
vn 0.9898 -0.0000 0.1423
vn 0.3827 -0.0000 0.9239
vn 0.9595 -0.0000 0.2817
vn 0.6549 -0.0000 0.7558
vn 0.6549 -0.0000 0.7557
vn 0.7071 -0.0000 -0.7071
vn 0.9239 -0.0000 -0.3827
vn 0.9952 -0.0000 0.0980
vn 0.9952 -0.0000 -0.0980
vn 0.7557 -0.0000 0.6549
vn 0.7558 -0.0000 0.6549
vn -0.5406 -0.0000 -0.8413
vn 0.7038 0.0969 -0.7038
vn 0.9195 0.0969 -0.3809
vn 0.9096 -0.0000 -0.4154
vn -0.4154 -0.0000 -0.9096
vn 0.6331 -0.6253 -0.4562
vn 0.6545 -0.6253 -0.4250
vn 0.0341 0.7074 0.7060
vn 0.0246 0.7072 0.7066
vn 0.1319 0.7073 0.6945
vn 0.1421 0.7072 0.6925
vn 0.5844 0.7073 0.3977
vn 0.5761 0.7072 0.4099
vn 0.6318 0.7072 0.3173
vn 0.6385 0.7073 0.3033
vn 0.2467 0.7073 0.6625
vn 0.2362 0.7072 0.6663
vn 0.3349 0.7073 0.6225
vn 0.3456 0.7074 0.6166
vn 0.1601 0.0792 -0.9839
vn 0.0211 0.0792 -0.9966
vn 0.3455 0.7074 -0.6167
vn 0.3349 0.7074 -0.6225
vn 0.2362 0.7074 -0.6662
vn 0.2467 0.7074 -0.6624
vn -0.9789 0.0791 -0.1883
vn -0.1346 -0.6254 -0.7686
vn -0.0261 -0.6254 -0.7799
vn -0.0016 -0.6254 -0.7803
vn -0.1124 -0.6254 -0.7722
vn 0.3920 -0.6253 0.6748
vn 0.4197 -0.6253 0.6579
vn -0.8167 0.0792 -0.5716
vn 0.5164 0.7073 0.4828
vn 0.5069 0.7073 0.4928
vn 0.2564 -0.0000 0.9666
vn 0.3885 -0.0000 0.9215
vn 0.0829 -0.6254 -0.7759
vn 0.1903 -0.6254 -0.7568
vn 0.2179 -0.6254 -0.7493
vn 0.1093 -0.6254 -0.7726
vn 0.7078 0.6993 -0.0999
vn 0.7015 0.7034 -0.1145
vn 0.6726 0.7074 -0.2173
vn 0.6775 0.7073 -0.2016
vn 0.4361 0.7073 0.5563
vn 0.4258 0.7073 0.5642
vn -0.9947 0.0804 -0.0634
vn 0.0715 0.6893 0.7209
vn 0.2751 0.6952 0.6641
vn 0.2850 0.9152 -0.2850
vn 0.5083 0.6951 -0.5083
vn 0.2751 0.6951 -0.6642
vn 0.1542 0.9152 -0.3724
vn 0.3827 -0.0000 -0.9239
vn 0.0980 -0.0000 -0.9952
vn 0.3809 0.0968 0.9195
vn 0.9595 -0.0000 -0.2817
vn 0.1423 -0.0000 -0.9898
vn 0.1951 0.9795 0.0508
vn 0.2828 0.9569 0.0657
vn 0.3712 0.9198 0.1273
vn 0.4001 0.9105 0.1047
vn 0.8978 0.3737 -0.2332
vn 0.8710 0.3835 -0.3071
vn 0.9641 0.1012 -0.2453
vn 0.9452 0.1028 -0.3100
vn 0.1914 0.9786 0.0758
vn 0.2163 0.9717 0.0951
vn 0.3449 0.9207 0.1827
vn 0.1762 0.9791 0.1016
vn 0.2142 0.9667 0.1401
vn 0.1765 0.9773 0.1169
vn 0.3129 0.9201 0.2358
vn 0.1820 0.9702 0.1598
vn 0.2728 0.9196 0.2825
vn 0.1408 0.9802 0.1391
vn 0.2036 0.9422 0.2661
vn 0.1128 0.9798 0.1654
vn 0.2272 0.9209 0.3166
vn 0.1217 0.9709 0.2062
vn 0.1729 0.9207 0.3499
vn 0.0844 0.9750 0.2054
vn 0.1502 0.8845 0.4417
vn 0.0691 0.9787 0.1932
vn 0.1133 0.9213 0.3719
vn 0.0373 0.9795 0.1979
vn 0.0543 0.9210 0.3858
vn 0.0071 0.9798 0.2000
vn -0.0043 0.9201 0.3916
vn -0.0215 0.9703 0.2409
vn -0.0638 0.9204 0.3858
vn -0.0485 0.9767 0.2092
vn -0.0567 0.9722 0.2274
vn -0.1236 0.9213 0.3688
vn 0.4102 0.7023 0.5818
vn 0.4956 0.7023 0.5110
vn 0.8155 0.3662 -0.4481
vn 0.6286 0.7023 -0.3341
vn -0.1698 0.3245 0.9305
vn -0.3387 0.2476 0.9077
vn -0.0847 0.9742 0.2091
vn -0.1597 0.9293 0.3329
vn -0.1042 0.9778 0.1817
vn -0.1738 0.9227 0.3442
vn -0.1234 0.9730 0.1952
vn -0.1545 0.9714 0.1801
vn -0.1372 0.9806 0.1399
vn -0.4455 0.8333 0.3272
vn -0.2124 0.9688 0.1279
vn -0.3018 0.9270 0.2229
vn -0.1783 0.9788 0.1006
vn -0.3501 0.9200 0.1761
vn -0.2231 0.9705 0.0917
vn -0.3709 0.9210 0.1195
vn -0.1983 0.9773 0.0748
vn -0.2403 0.9691 0.0557
vn -0.2092 0.9768 0.0461
vn -0.3869 0.9202 0.0601
vn -0.2409 0.9704 0.0192
vn -0.3930 0.9195 -0.0001
vn -0.1949 0.9808 -0.0003
vn -0.4791 0.8752 -0.0671
vn -0.2201 0.9742 -0.0492
vn -0.3760 0.9250 -0.0546
vn -0.2138 0.9754 -0.0537
vn -0.3706 0.9209 -0.1206
vn -0.2224 0.9708 -0.0904
vn -0.3998 0.8963 -0.1920
vn -0.1914 0.9752 -0.1114
vn -0.3418 0.9247 -0.1678
vn -0.1892 0.9748 -0.1180
vn -0.3162 0.9207 -0.2288
vn -0.1843 0.9705 -0.1553
vn -0.2786 0.9202 -0.2749
vn -0.1369 0.9806 -0.1405
vn -0.1336 0.9800 -0.1476
vn -0.4433 0.6628 -0.6034
vn -0.1383 0.9627 -0.2323
vn -0.0939 0.9801 -0.1749
vn -0.0926 0.9713 -0.2191
vn -0.0717 0.9789 -0.1912
vn -0.0605 0.9629 -0.2631
vn -0.0433 0.9787 -0.2006
vn -0.0646 0.9197 -0.3873
vn -0.0214 0.9701 -0.2417
vn -0.0047 0.9199 -0.3920
vn 0.0033 0.9802 -0.1980
vn 0.0553 0.8947 -0.4433
vn 0.0392 0.9778 -0.2059
vn 0.0516 0.9232 -0.3809
vn 0.0531 0.9721 -0.2283
vn 0.1157 0.9207 -0.3726
vn 0.0688 0.9786 -0.1939
vn 0.1021 0.9644 -0.2441
vn 0.0818 0.9781 -0.1916
vn 0.1738 0.9199 -0.3516
vn 0.1238 0.9700 -0.2091
vn 0.2276 0.9202 -0.3186
vn 0.1145 0.9802 -0.1614
vn 0.1996 0.9449 -0.2595
vn 0.2722 0.9200 -0.2821
vn -0.3277 0.7023 0.6320
vn -0.2255 0.7023 0.6753
vn 0.3148 0.7023 0.6385
vn 0.2117 0.7023 0.6796
vn 0.2641 0.3414 0.9021
vn 0.3998 0.3480 0.8480
vn 0.5225 0.3389 -0.7824
vn 0.6367 0.3510 -0.6866
vn 0.7195 0.1252 -0.6831
vn 0.6083 0.1366 -0.7819
vn 0.1456 0.9794 -0.1398
vn 0.4637 0.8116 -0.3554
vn 0.1907 0.9738 -0.1240
vn 0.2994 0.9258 -0.2306
vn 0.1880 0.9751 -0.1178
vn 0.1035 0.7022 0.7044
vn -0.0072 0.7022 0.7119
vn -0.0242 0.3296 0.9438
vn 0.1216 0.3352 0.9343
vn 0.8160 0.3694 0.4447
vn -0.3855 0.7074 -0.5925
vn -0.3806 0.7073 -0.5957
vn 0.8908 0.0950 -0.4444
vn 0.8141 0.1148 -0.5692
vn 0.7347 0.3618 -0.5739
vn -0.6353 0.7022 -0.3213
vn -0.5777 0.7023 -0.4161
vn -0.6747 0.5556 -0.4859
vn -0.7420 0.5555 -0.3752
vn 0.2117 0.7023 -0.6797
vn 0.1035 0.7023 -0.7043
vn 0.3947 0.3255 -0.8592
vn -0.6775 0.7023 0.2186
vn -0.7913 0.5555 0.2553
vn -0.7420 0.5555 0.3752
vn -0.6353 0.7023 0.3213
vn 0.2463 0.0524 -0.9678
vn 0.6286 0.7023 0.3341
vn 0.5691 0.7023 0.4277
vn 0.7350 0.3683 0.5693
vn 0.0905 0.0209 -0.9957
vn -0.7119 0.7023 -0.0000
vn -0.7033 0.7022 -0.1106
vn -0.8214 0.5555 -0.1292
vn -0.8314 0.5557 -0.0000
vn -0.0072 0.7023 -0.7118
vn -0.1178 0.7022 -0.7022
vn 0.0550 0.1875 -0.9807
vn -0.0673 -0.0117 -0.9977
vn 0.4102 0.7023 -0.5818
vn 0.4957 0.7022 -0.5110
vn -0.0549 0.3445 -0.9372
vn -0.1783 0.4600 -0.8698
vn -0.2408 -0.0926 -0.9662
vn -0.1178 0.7023 0.7021
vn -0.5777 0.7023 0.4161
vn -0.3030 0.4870 -0.8192
vn -0.3866 -0.1287 -0.9132
vn -0.4173 0.5093 -0.7526
vn -0.5210 -0.1662 -0.8372
vn 0.1040 0.9945 0.0109
vn 0.1040 0.9945 -0.0109
vn -0.5176 0.5332 -0.6692
vn -0.6405 -0.2000 -0.7415
vn -0.5908 0.5557 0.5849
vn -0.4928 0.5556 0.6696
vn -0.5060 0.7023 -0.5008
vn -0.6020 0.5566 -0.5725
vn -0.7417 -0.2364 -0.6277
vn -0.6746 0.5556 0.4860
vn 0.5690 0.7023 -0.4277
vn -0.6689 0.5795 -0.4657
vn -0.8220 -0.2730 -0.4997
vn 0.2473 0.5557 -0.7938
vn 0.1209 0.5556 -0.8226
vn -0.7170 0.6016 -0.3519
vn -0.8795 -0.3092 -0.3617
vn -0.5909 0.5557 -0.5849
vn -0.7463 0.6230 -0.2343
vn -0.9128 -0.3454 -0.2177
vn -0.7565 0.6436 -0.1159
vn -0.9218 -0.3808 -0.0721
vn -0.8214 0.5555 0.1292
vn -0.7033 0.7022 0.1106
vn -0.9999 -0.0162 -0.0000
vn -0.7565 0.6437 0.1160
vn -0.9218 -0.3808 0.0721
vn -0.7464 0.6229 0.2342
vn -0.9129 -0.3454 0.2177
vn -0.7171 0.6016 0.3519
vn -0.8794 -0.3094 0.3618
vn -0.6689 0.5794 0.4657
vn -0.8221 -0.2728 0.4998
vn -0.6018 0.5568 0.5725
vn -0.7416 -0.2366 0.6277
vn -0.5175 0.5333 0.6691
vn -0.6405 -0.2000 0.7415
vn -0.4175 0.5092 0.7526
vn -0.5210 -0.1636 0.8378
vn -0.3034 0.4851 0.8202
vn -0.3721 0.2378 0.8972
vn -0.3865 -0.1281 0.9134
vn 0.0441 0.1487 0.9879
vn 0.1947 0.1431 0.9704
vn 0.3408 0.1370 0.9301
vn 0.4787 0.1307 0.8682
vn -0.3827 0.5556 0.7381
vn 0.6055 0.1237 0.7862
vn 0.5254 0.3548 0.7734
vn 0.6380 0.3617 0.6798
vn 0.3148 0.7023 -0.6385
vn -0.6775 0.7023 -0.2186
vn -0.7912 0.5556 -0.2553
vn -0.0084 0.5556 -0.8314
vn -0.1376 0.5554 -0.8201
vn -0.5453 -0.0000 0.8382
vn -0.5447 -0.0000 0.8386
vn 0.3549 0.3744 0.8567
vn 0.8567 0.3744 -0.3548
vn 0.6557 0.3744 0.6557
vn 0.9069 0.0792 0.4139
vn 0.5083 0.6951 0.5083
vn 0.8567 0.3744 0.3548
vn 0.6641 0.6952 0.2751
vn 0.6642 0.6951 -0.2751
vn 0.3725 0.9151 -0.1543
vn 0.2850 0.9151 0.2850
vn 0.1017 0.9939 -0.0421
vn 0.0779 0.9939 -0.0779
vn 0.1018 0.9939 0.0421
vn 0.3725 0.9151 0.1543
vn 0.0778 0.9939 0.0778
vn 0.6557 0.3744 -0.6557
vn 0.1319 0.7074 -0.6944
vn 0.1421 0.7074 -0.6924
vn -0.5975 -0.6254 0.5018
vn -0.5901 -0.6254 0.5106
vn 0.0421 0.9939 -0.1017
vn -0.0012 0.7730 0.6344
vn -0.0017 0.5683 0.8228
vn -0.6267 0.0792 0.7753
vn -0.5122 0.0792 0.8552
vn 0.0340 0.7073 -0.7061
vn 0.0246 0.7074 -0.7064
vn -0.0833 0.7073 -0.7020
vn -0.0748 0.7073 -0.7030
vn 0.7182 -0.0000 -0.6958
vn 0.6037 -0.0000 -0.7972
vn -0.0000 0.9986 -0.0537
vn 0.5632 -0.6253 0.5401
vn 0.5876 -0.6253 0.5135
vn 0.4823 -0.6253 0.6134
vn 0.5088 -0.6253 0.5917
vn -0.7500 -0.6254 0.2152
vn -0.7487 -0.6255 0.2197
vn -0.7727 -0.6254 0.1087
vn -0.7723 -0.6255 0.1111
vn -0.6616 -0.6254 -0.4137
vn -0.6567 -0.6254 -0.4215
vn -0.5975 -0.6255 -0.5018
vn -0.5901 -0.6254 -0.5106
vn -0.5218 -0.6254 -0.5802
vn -0.5115 -0.6254 -0.5893
vn -0.4359 -0.6254 -0.6472
vn -0.4225 -0.6254 -0.6560
vn -0.3415 -0.6254 -0.7016
vn -0.3250 -0.6254 -0.7094
vn -0.2404 -0.6254 -0.7424
vn -0.2209 -0.6254 -0.7484
vn 0.1868 0.9812 -0.0494
vn 0.2940 -0.6254 -0.7228
vn 0.3220 -0.6254 -0.7108
vn 0.6906 -0.6253 -0.3633
vn 0.7081 -0.6253 -0.3279
vn 0.9012 -0.3847 -0.1995
vn 0.9511 -0.0054 -0.3089
vn 0.9160 -0.3457 -0.2035
vn 0.9705 -0.0987 -0.2202
vn 0.9735 -0.0407 -0.2252
vn 0.9732 -0.0147 -0.2296
vn 0.9713 -0.0024 -0.2379
vn 0.6037 -0.0000 0.7972
vn 0.3355 -0.0000 0.9420
vn 0.4752 -0.0000 0.8799
vn 0.1880 -0.0000 0.9822
vn 0.0360 -0.0000 0.9994
vn 0.0360 -0.0000 -0.9994
vn 0.9558 0.0792 0.2831
vn 0.9860 0.0792 0.1468
vn -0.4105 -0.0000 0.9119
vn -0.8601 -0.0000 0.5101
vn -0.8600 -0.0000 0.5104
vn 0.9860 0.0792 -0.1468
vn -0.9278 -0.0000 0.3730
vn -0.9738 -0.0000 0.2274
vn -0.9738 -0.0000 0.2275
vn -0.9277 -0.0000 0.3733
vn -0.8601 -0.0000 -0.5101
vn -0.8599 -0.0000 -0.5104
vn -0.7724 -0.0000 -0.6351
vn -0.6666 -0.0000 -0.7454
vn -0.6662 -0.0000 -0.7458
vn -0.7721 -0.0000 -0.6355
vn 0.8159 -0.0000 -0.5782
vn 0.8945 -0.0000 -0.4471
vn 0.8273 -0.5311 0.1830
vn 0.8510 -0.4902 0.1886
vn 0.9664 -0.1363 0.2178
vn 0.9731 -0.0548 0.2236
vn 0.9734 -0.0215 0.2282
vn 0.9714 -0.0040 0.2373
vn 0.7297 -0.0000 0.6838
vn 0.8177 -0.0000 0.5756
vn -0.9881 -0.0000 0.1540
vn -0.9570 -0.0000 0.2900
vn -0.9430 0.0791 0.3232
vn -0.9789 0.0791 0.1883
vn -0.9073 -0.0000 0.4204
vn -0.8886 0.0792 0.4518
vn 0.9447 -0.0000 -0.3279
vn 0.8899 -0.0000 -0.4562
vn -1.0000 0.0049 -0.0000
vn -0.9947 0.0804 0.0634
vn -0.2947 -0.0000 -0.9556
vn -0.4249 -0.0000 -0.9052
vn -0.3877 0.0792 -0.9184
vn -0.6579 -0.0000 0.7531
vn -0.5467 -0.0000 0.8373
vn -0.4249 -0.0000 0.9053
vn -0.2947 -0.0000 0.9556
vn 0.1194 -0.0000 -0.9928
vn -0.0199 -0.0000 -0.9998
vn -0.0199 -0.0000 0.9998
vn 0.1194 -0.0000 0.9928
vn -0.1589 -0.0000 0.9873
vn -0.6579 -0.0000 -0.7531
vn -0.7563 -0.0000 -0.6542
vn 0.9447 -0.0000 0.3279
vn 0.9812 -0.0000 0.1932
vn 0.6274 -0.0000 0.7787
vn -0.9073 -0.0000 -0.4204
vn -0.9570 -0.0000 -0.2900
vn 0.8899 -0.0000 0.4562
vn 0.8402 0.0792 -0.5365
vn 0.8177 -0.0000 -0.5756
vn 0.7297 -0.0000 -0.6838
vn -0.9881 -0.0000 -0.1540
vn -0.8400 -0.0000 0.5426
vn -0.7563 -0.0000 0.6542
vn -0.7288 0.0792 0.6801
vn -0.8167 0.0791 0.5716
vn 0.9812 -0.0000 -0.1932
vn 0.5129 -0.0000 -0.8584
vn 0.3885 -0.0000 -0.9215
vn 0.6274 -0.0000 -0.7787
vn 0.5129 -0.0000 0.8584
vn 0.2564 -0.0000 -0.9666
vn 0.2961 0.0792 -0.9519
vn -0.1589 -0.0000 -0.9873
vn -0.5122 0.0792 -0.8552
vn -0.5467 -0.0000 -0.8373
vn -0.8400 -0.0000 -0.5426
vn 0.7290 0.6825 -0.0518
vn 0.7137 0.7004 -0.0000
vn 0.7290 0.6825 0.0518
vn 0.7078 0.6993 0.0999
vn 0.7015 0.7034 0.1145
vn 0.6385 0.7073 -0.3033
vn 0.6317 0.7073 -0.3173
vn 0.5760 0.7073 -0.4098
vn 0.5844 0.7073 -0.3977
vn 0.5068 0.7073 -0.4928
vn 0.5164 0.7073 -0.4828
vn 0.4258 0.7073 -0.5642
vn 0.4361 0.7073 -0.5563
vn -0.6078 0.7076 -0.3604
vn -0.6064 0.7073 -0.3632
vn -0.6558 0.7074 -0.2637
vn -0.6550 0.7073 -0.2658
vn -0.6881 0.7073 -0.1621
vn -0.6884 0.7073 -0.1608
vn -0.6887 0.7070 0.1607
vn -0.6881 0.7073 0.1621
vn -0.4713 0.7073 0.5269
vn -0.4675 0.7073 0.5302
vn -0.3855 0.7073 0.5925
vn -0.3807 0.7073 0.5957
vn -0.0833 0.7073 0.7020
vn -0.0746 0.7074 0.7028
vn 0.6727 0.7073 0.2173
vn 0.6775 0.7073 0.2016
vn 0.0001 1.0000 -0.0000
vn -0.0001 1.0000 -0.0000
vn 0.4977 0.0968 -0.8620
vn 0.8052 0.0968 -0.5850
vn 0.8090 -0.0000 -0.5878
vn 0.5000 -0.0000 -0.8660
vn -0.9953 0.0968 -0.0000
vn -0.9093 0.0968 -0.4048
vn -0.9135 -0.0000 -0.4067
vn 0.8052 0.0968 0.5850
vn 0.4976 0.0968 0.8620
vn 0.5000 -0.0000 0.8660
vn 0.8090 -0.0000 0.5878
vn 0.9736 0.0968 -0.2069
vn 0.9736 0.0968 0.2069
vn 0.9782 -0.0000 0.2079
vn 0.9781 -0.0000 -0.2079
vn -0.3090 -0.0000 -0.9511
vn 0.1045 -0.0000 -0.9945
vn 0.1040 0.0968 -0.9899
vn 0.1045 -0.0000 0.9945
vn -0.3090 -0.0000 0.9511
vn 0.9781 -0.0000 0.2079
vn -0.6660 0.0968 -0.7397
vn -0.3076 0.0968 -0.9466
vn -0.3090 -0.0000 -0.9510
vn -0.6691 -0.0000 -0.7431
vn -0.6660 0.0968 0.7396
vn -0.9093 0.0968 0.4048
vn -0.9136 -0.0000 0.4067
vn -0.6692 -0.0000 0.7431
vn 0.9782 -0.0000 -0.2079
vn 0.1040 0.0968 0.9899
vn -0.9135 -0.0000 0.4067
vn 0.5822 0.6944 0.4230
vn 0.7504 0.3738 0.5452
vn 0.9072 0.3738 0.1928
vn 0.7039 0.6944 0.1496
vn -0.2706 0.9146 -0.3005
vn -0.4815 0.6944 -0.5348
vn -0.6574 0.6944 -0.2927
vn -0.3694 0.9146 -0.1645
vn -0.3076 0.0968 0.9466
vn -0.6691 -0.0000 0.7431
vn 0.4976 0.0968 -0.8620
vn -0.8473 0.3738 -0.3772
vn -0.9275 0.3738 -0.0000
vn -0.8473 0.3738 0.3772
vn -0.6206 0.3738 0.6892
vn 0.9072 0.3738 -0.1928
vn 0.0969 0.3739 -0.9224
vn -0.2866 0.3738 -0.8821
vn -0.2866 0.3738 0.8821
vn 0.0969 0.3738 0.9224
vn 0.4637 0.3738 0.8032
vn 0.7504 0.3739 0.5452
vn 0.7504 0.3738 -0.5452
vn -0.6206 0.3738 -0.6892
vn 0.4638 0.3738 -0.8032
vn 0.0970 0.3738 -0.9224
vn -0.2866 0.3739 0.8821
vn -0.6206 0.3738 -0.6893
vn -0.4044 0.9146 -0.0000
vn -0.3694 0.9146 0.1645
vn 0.3272 0.9146 -0.2377
vn 0.2022 0.9146 -0.3502
vn 0.0423 0.9146 0.4022
vn 0.2022 0.9146 0.3502
vn -0.1249 0.9146 -0.3846
vn 0.0423 0.9146 -0.4022
vn 0.3956 0.9146 -0.0841
vn 0.3956 0.9146 0.0841
vn 0.3271 0.9146 0.2377
vn -0.1250 0.9146 0.3846
vn -0.2705 0.9146 0.3006
vn -0.7196 0.6944 -0.0000
vn -0.6574 0.6944 0.2927
vn -0.4815 0.6944 0.5348
vn -0.2224 0.6944 -0.6844
vn 0.7039 0.6944 -0.1496
vn 0.5822 0.6944 -0.4230
vn 0.3598 0.6944 -0.6232
vn 0.0752 0.6944 -0.7157
vn 0.4637 0.3739 -0.8032
vn 0.3598 0.6944 0.6232
vn 0.4638 0.3738 0.8032
vn 0.0752 0.6944 0.7157
vn 0.0970 0.3738 0.9224
vn -0.2223 0.6944 0.6844
vn 0.3955 0.9146 0.0841
vn 0.3955 0.9146 -0.0841
vn 0.0422 0.9146 -0.4022
vn 0.3272 0.9146 0.2377
vn 0.0753 0.6944 0.7157
vn -0.6206 0.3738 0.6893
vn -0.2866 0.3739 -0.8821
vn -0.2706 0.9146 0.3005
vn 0.7503 0.3738 -0.5452
vn -0.2224 0.6944 0.6844
vn -0.1249 0.9146 0.3846
vn -0.6206 0.3739 0.6893
vn 0.7503 0.3739 -0.5452
vn -0.6660 0.0968 -0.7396
vn -0.2705 0.9146 -0.3006
vn -0.6206 0.3739 -0.6893
vn -0.6692 -0.0000 -0.7431
vn -0.9136 -0.0000 -0.4067
vn -0.5000 -0.0000 0.8660
vn -0.6088 -0.0000 0.7934
vn -0.1305 -0.0000 0.9914
vn -0.2588 -0.0000 0.9659
vn -0.9914 -0.0000 0.1305
vn -0.9659 -0.0000 0.2588
vn 0.2790 0.8661 -0.4148
vn 0.2529 0.8650 -0.4334
vn 0.1983 0.8664 -0.4582
vn 0.2111 0.8664 -0.4525
vn 0.1407 -0.9666 -0.2143
vn 0.1166 -0.9665 -0.2286
vn 0.1280 -0.9662 -0.2238
vn 0.1378 -0.9663 -0.2175
vn 0.2574 0.9662 0.0133
vn 0.2566 0.9665 0.0088
vn 0.2566 0.9665 -0.0088
vn 0.2574 0.9662 -0.0133
vn 0.8660 -0.0000 0.5000
vn 0.2553 -0.9665 -0.0269
vn 0.2566 -0.9661 -0.0297
vn 0.2579 -0.9661 -0.0088
vn 0.2575 -0.9663 -0.0000
vn 0.7934 -0.0000 0.6088
vn 0.1305 -0.0000 0.9914
vn -0.3827 -0.0000 0.9239
vn -0.7934 -0.0000 0.6088
vn -0.8660 -0.0000 0.5000
vn 0.9659 -0.0000 -0.2588
vn 0.9914 -0.0000 -0.1305
vn -0.7071 -0.0000 0.7071
vn -0.9914 -0.0000 -0.1305
vn -0.9659 -0.0000 -0.2588
vn 0.4806 0.8664 -0.1353
vn 0.4817 0.8664 -0.1313
vn 0.4600 0.8664 -0.1941
vn 0.4576 0.8664 -0.1998
vn 0.4949 0.8664 0.0662
vn 0.4993 0.8664 -0.0000
vn 0.4991 0.8665 -0.0000
vn 0.4946 0.8664 0.0683
vn -0.6088 -0.0000 -0.7934
vn -0.5000 -0.0000 -0.8660
vn 0.6088 -0.0000 0.7934
vn -0.2469 -0.9554 0.1619
vn -0.2359 -0.9584 0.1607
vn -0.1919 -0.9689 0.1564
vn -0.1970 -0.9639 0.1790
vn -0.1795 -0.9661 0.1855
vn -0.1680 -0.9656 0.1986
vn -0.1564 -0.9660 0.2059
vn -0.1402 -0.9662 0.2162
vn -0.1359 -0.9665 0.2178
vn -0.1207 -0.9665 0.2266
vn -0.1228 -0.9694 0.2127
vn -0.1172 -0.9662 0.2295
vn -0.1001 -0.9660 0.2384
vn -0.0880 -0.9656 0.2448
vn -0.0709 -0.9661 0.2482
vn -0.0565 -0.9639 0.2601
vn -0.0394 -0.9689 0.2444
vn -0.0212 -0.9584 0.2847
vn -0.0172 -0.9555 0.2946
vn -0.2891 -0.9459 -0.1474
vn -0.2815 -0.9492 -0.1406
vn -0.2262 -0.9701 -0.0883
vn -0.2597 -0.9616 -0.0886
vn -0.2509 -0.9660 -0.0623
vn -0.2744 -0.9604 -0.0491
vn -0.2564 -0.9661 -0.0297
vn -0.2539 -0.9667 -0.0309
vn -0.2536 -0.9668 0.0311
vn -0.2579 -0.9661 0.0088
vn -0.2576 -0.9663 -0.0000
vn -0.2564 -0.9661 0.0297
vn 0.2553 -0.9665 0.0269
vn 0.2579 -0.9661 0.0088
vn 0.2566 -0.9661 0.0297
vn -0.2744 -0.9604 0.0491
vn -0.2509 -0.9660 0.0623
vn -0.2597 -0.9616 0.0886
vn -0.2262 -0.9701 0.0883
vn -0.2815 -0.9492 0.1406
vn -0.2891 -0.9459 0.1473
vn -0.0172 -0.9555 -0.2946
vn -0.0212 -0.9584 -0.2847
vn -0.0394 -0.9689 -0.2444
vn -0.0565 -0.9639 -0.2601
vn -0.0709 -0.9661 -0.2482
vn -0.0880 -0.9656 -0.2448
vn -0.1001 -0.9660 -0.2384
vn -0.1172 -0.9662 -0.2295
vn -0.1207 -0.9665 -0.2266
vn 0.1172 0.9662 0.2295
vn 0.1207 0.9665 0.2266
vn 0.1359 0.9665 0.2178
vn 0.1402 0.9662 0.2162
vn -0.1359 -0.9665 -0.2178
vn -0.1228 -0.9694 -0.2127
vn -0.1402 -0.9662 -0.2162
vn -0.1564 -0.9660 -0.2059
vn -0.1679 -0.9656 -0.1986
vn -0.1795 -0.9661 -0.1855
vn -0.1970 -0.9639 -0.1790
vn -0.1920 -0.9689 -0.1564
vn -0.2360 -0.9584 -0.1607
vn -0.2466 -0.9555 -0.1622
vn 0.1404 0.9666 -0.2144
vn 0.1377 0.9663 -0.2175
vn 0.1281 0.9662 -0.2237
vn 0.1165 0.9665 -0.2286
vn 0.1170 -0.9659 -0.2309
vn 0.1001 -0.9660 -0.2384
vn 0.0880 -0.9656 -0.2448
vn 0.0709 -0.9661 -0.2482
vn 0.0565 -0.9639 -0.2601
vn 0.0394 -0.9689 -0.2444
vn 0.0212 -0.9584 -0.2847
vn 0.0172 -0.9555 -0.2946
vn 0.1564 -0.9660 -0.2059
vn 0.1679 -0.9656 -0.1986
vn 0.1795 -0.9661 -0.1855
vn 0.1970 -0.9639 -0.1790
vn 0.1920 -0.9689 -0.1564
vn 0.2360 -0.9584 -0.1607
vn 0.2466 -0.9555 -0.1622
vn -0.2588 -0.9659 -0.0000
vn -0.2579 -0.9661 -0.0088
vn 0.2560 -0.9652 -0.0532
vn 0.2508 -0.9659 -0.0648
vn 0.2597 -0.9616 -0.0886
vn 0.2508 -0.9659 0.0648
vn 0.2560 -0.9652 0.0532
vn 0.2597 -0.9616 0.0886
vn 0.2262 -0.9701 0.0883
vn 0.2815 -0.9492 0.1406
vn 0.2891 -0.9459 0.1473
vn 0.2262 -0.9701 -0.0883
vn 0.2816 -0.9492 -0.1406
vn 0.2891 -0.9459 -0.1474
vn 0.1282 -0.9662 0.2237
vn 0.1170 -0.9659 0.2309
vn 0.1164 -0.9665 0.2286
vn -0.2571 0.9663 0.0107
vn -0.2559 0.9666 0.0147
vn -0.2562 0.9665 -0.0134
vn -0.2578 0.9662 -0.0010
vn 0.1378 -0.9663 0.2175
vn 0.1407 -0.9666 0.2143
vn 0.1564 -0.9660 0.2059
vn 0.1679 -0.9656 0.1986
vn 0.1795 -0.9661 0.1855
vn 0.1970 -0.9639 0.1790
vn 0.1919 -0.9689 0.1564
vn 0.2359 -0.9584 0.1607
vn 0.2465 -0.9555 0.1622
vn 0.1001 -0.9660 0.2384
vn 0.0880 -0.9656 0.2448
vn 0.0709 -0.9661 0.2482
vn 0.0565 -0.9639 0.2601
vn 0.0394 -0.9689 0.2444
vn 0.0212 -0.9584 0.2847
vn 0.0172 -0.9555 0.2946
vn -0.8660 -0.0000 -0.5000
vn 0.8660 -0.0000 -0.5000
vn 0.2465 0.9555 0.1621
vn 0.2359 0.9584 0.1606
vn 0.1919 0.9689 0.1563
vn 0.1970 0.9639 0.1789
vn 0.1795 0.9661 0.1855
vn 0.1679 0.9656 0.1986
vn 0.1564 0.9660 0.2059
vn 0.1228 0.9694 0.2126
vn 0.1001 0.9660 0.2384
vn 0.0880 0.9656 0.2447
vn 0.0709 0.9661 0.2482
vn 0.0565 0.9639 0.2600
vn 0.0394 0.9689 0.2443
vn 0.0211 0.9585 0.2842
vn 0.0172 0.9556 0.2941
vn -0.1297 0.9662 0.2228
vn -0.1400 0.9665 0.2153
vn -0.1415 0.9659 0.2168
vn -0.1564 0.9660 0.2059
vn -0.1679 0.9656 0.1986
vn -0.1795 0.9661 0.1855
vn -0.1970 0.9639 0.1789
vn -0.1919 0.9689 0.1560
vn -0.2359 0.9584 0.1606
vn -0.2465 0.9555 0.1621
vn -0.1194 0.9663 0.2281
vn -0.1001 0.9660 0.2384
vn -0.1153 0.9666 0.2290
vn -0.0880 0.9656 0.2447
vn -0.0709 0.9661 0.2482
vn -0.0565 0.9639 0.2600
vn -0.0394 0.9689 0.2443
vn -0.0211 0.9584 0.2846
vn -0.0171 0.9555 0.2945
vn -0.2585 0.9659 -0.0141
vn -0.2565 0.9660 -0.0325
vn -0.2560 0.9656 -0.0461
vn -0.2504 0.9661 -0.0627
vn -0.2535 0.9639 -0.0811
vn -0.2312 0.9689 -0.0881
vn -0.2569 0.9584 -0.1240
vn -0.2635 0.9555 -0.1324
vn -0.2565 0.9660 0.0325
vn -0.2560 0.9656 0.0461
vn -0.2504 0.9661 0.0627
vn -0.2535 0.9639 0.0811
vn -0.2312 0.9689 0.0880
vn -0.2570 0.9584 0.1240
vn -0.2636 0.9555 0.1324
vn -0.1281 0.9662 -0.2237
vn -0.1165 0.9665 -0.2286
vn -0.1170 0.9659 -0.2309
vn -0.1001 0.9660 -0.2384
vn -0.0880 0.9656 -0.2447
vn -0.0709 0.9661 -0.2482
vn -0.0565 0.9639 -0.2601
vn -0.0394 0.9689 -0.2443
vn -0.0211 0.9586 -0.2841
vn -0.0172 0.9556 -0.2941
vn -0.1377 0.9663 -0.2175
vn -0.1564 0.9660 -0.2059
vn -0.1404 0.9666 -0.2144
vn -0.1679 0.9656 -0.1986
vn -0.1795 0.9661 -0.1855
vn -0.1970 0.9639 -0.1790
vn -0.1919 0.9689 -0.1563
vn -0.2358 0.9584 -0.1606
vn -0.2464 0.9555 -0.1621
vn 0.1170 0.9659 -0.2309
vn 0.1564 0.9660 -0.2059
vn 0.1679 0.9656 -0.1986
vn 0.1795 0.9661 -0.1855
vn 0.1970 0.9639 -0.1790
vn 0.1919 0.9689 -0.1560
vn 0.2358 0.9584 -0.1606
vn 0.2464 0.9555 -0.1621
vn 0.1001 0.9660 -0.2384
vn 0.0880 0.9656 -0.2447
vn 0.0709 0.9661 -0.2482
vn 0.0565 0.9639 -0.2601
vn 0.0394 0.9689 -0.2443
vn 0.0211 0.9584 -0.2846
vn 0.0171 0.9555 -0.2945
vn 0.2635 0.9555 -0.1324
vn 0.2569 0.9584 -0.1240
vn 0.2312 0.9689 -0.0881
vn 0.2535 0.9639 -0.0811
vn 0.2504 0.9661 -0.0627
vn 0.2560 0.9656 -0.0461
vn 0.2565 0.9660 -0.0325
vn 0.2456 0.9694 -0.0000
vn 0.2565 0.9660 0.0325
vn 0.2560 0.9656 0.0461
vn 0.2504 0.9661 0.0627
vn 0.2535 0.9639 0.0811
vn 0.2312 0.9689 0.0880
vn 0.2569 0.9584 0.1240
vn 0.2635 0.9555 0.1324
vn 0.6088 -0.0000 -0.7934
vn -0.3827 -0.0000 -0.9239
vn 0.9914 -0.0000 0.1305
vn 0.9659 -0.0000 0.2588
vn -0.9239 -0.0000 -0.3827
vn -0.9239 -0.0000 0.3827
vn 0.1305 -0.0000 -0.9914
vn 0.4949 0.8664 -0.0662
vn 0.4946 0.8664 -0.0683
vn 0.4302 0.8664 -0.2534
vn 0.4260 0.8664 -0.2605
vn -0.4634 0.8664 0.1860
vn -0.4346 0.8664 0.2459
vn -0.4386 0.8664 0.2386
vn -0.4671 0.8664 0.1764
vn 0.0706 0.8664 0.4943
vn 0.1356 0.8664 0.4805
vn 0.1473 0.8664 0.4771
vn 0.0807 0.8664 0.4927
vn 0.1356 0.8664 -0.4805
vn 0.1473 0.8664 -0.4771
vn 0.2977 0.8664 0.4008
vn 0.3484 0.8664 0.3577
vn 0.3395 0.8664 0.3661
vn 0.2863 0.8664 0.4091
vn 0.3863 0.8664 -0.3163
vn 0.3928 0.8664 -0.3083
vn 0.3483 0.8664 -0.3577
vn 0.3395 0.8664 -0.3661
vn -0.4386 0.8664 -0.2386
vn -0.4346 0.8664 -0.2459
vn -0.4634 0.8664 -0.1860
vn -0.4671 0.8664 -0.1764
vn 0.0126 0.8664 -0.4991
vn 0.0044 0.8664 -0.4993
vn -0.0619 0.8664 -0.4954
vn -0.0558 0.8664 -0.4962
vn -0.3981 0.8664 0.3014
vn -0.3546 0.8664 0.3515
vn -0.3575 0.8665 0.3485
vn -0.4018 0.8664 0.2964
vn -0.1231 0.8664 -0.4839
vn -0.1271 0.8665 -0.4828
vn -0.1901 0.8664 -0.4616
vn -0.1881 0.8664 -0.4625
vn -0.2496 0.8664 -0.4325
vn -0.2496 0.8664 -0.4326
vn -0.3048 0.8664 -0.3956
vn -0.3065 0.8665 -0.3941
vn -0.2496 0.8664 0.4324
vn -0.1901 0.8664 0.4617
vn -0.1881 0.8664 0.4625
vn -0.2495 0.8664 0.4326
vn 0.4817 0.8664 0.1313
vn 0.4806 0.8664 0.1353
vn -0.0619 0.8665 0.4954
vn 0.0044 0.8664 0.4993
vn 0.0126 0.8664 0.4991
vn -0.0558 0.8664 0.4962
vn -0.4840 0.8664 -0.1228
vn -0.4868 0.8664 -0.1109
vn -0.4978 0.8649 0.0638
vn -0.4987 0.8661 0.0342
vn -0.5018 0.8650 0.0022
vn 0.2489 0.8650 0.4357
vn 0.2197 0.8661 0.4490
vn -0.4840 0.8664 0.1228
vn -0.4868 0.8664 0.1109
vn 0.0706 0.8664 -0.4943
vn 0.0807 0.8664 -0.4927
vn 0.4302 0.8664 0.2534
vn 0.4600 0.8664 0.1941
vn 0.4576 0.8664 0.1998
vn 0.4260 0.8664 0.2605
vn -0.1271 0.8665 0.4828
vn -0.1231 0.8664 0.4839
vn -0.3048 0.8664 0.3956
vn -0.3065 0.8664 0.3941
vn -0.4018 0.8664 -0.2964
vn -0.3981 0.8664 -0.3014
vn -0.4960 0.8664 -0.0574
vn -0.4974 0.8664 -0.0434
vn 0.3041 0.8650 -0.3992
vn 0.1936 0.8650 0.4630
vn -0.3575 0.8665 -0.3485
vn -0.3546 0.8664 -0.3515
vn -0.2588 -0.0000 -0.9659
vn -0.1305 -0.0000 -0.9914
vn 0.7934 -0.0000 -0.6088
vn -0.7934 -0.0000 -0.6088
vn 0.2588 -0.0000 0.9659
vn -0.7071 -0.0000 -0.7071
vn 0.2588 -0.0000 -0.9659
vn 0.3928 0.8664 0.3083
vn 0.3863 0.8664 0.3163
vn 0.2588 -0.9659 -0.0000
vn -0.8294 0.5587 -0.0000
vn -0.8518 0.5239 -0.0000
vn 0.4883 0.8727 -0.0000
vn 0.4518 0.8921 -0.0000
vn 0.4145 0.9100 -0.0000
vn 0.3766 0.9264 -0.0000
vn 0.6030 -0.7977 -0.0000
vn 0.6355 -0.7721 -0.0000
vn 0.3114 -0.9503 -0.0000
vn 0.3504 -0.9366 -0.0000
vn -0.9264 0.3766 -0.0000
vn -0.9412 0.3380 -0.0000
vn 0.9976 0.0685 -0.0000
vn 0.9940 0.1097 -0.0000
vn 0.9976 0.0686 -0.0000
vn 0.3888 -0.9213 -0.0000
vn 0.4265 -0.9045 -0.0000
vn -0.9953 0.0966 -0.0000
vn -0.9985 0.0554 -0.0000
vn -0.0141 -0.9999 -0.0000
vn 0.0273 -0.9996 -0.0000
vn -0.2318 0.9728 -0.0000
vn -0.2718 0.9623 -0.0000
vn -0.9100 0.4145 -0.0000
vn -0.7977 -0.6031 -0.0000
vn -0.7721 -0.6355 -0.0000
vn -0.3380 -0.9412 -0.0000
vn -0.2988 -0.9543 -0.0000
vn -0.8921 0.4518 -0.0000
vn 0.7804 -0.6253 -0.0000
vn 0.8056 -0.5925 -0.0000
vn -0.9976 -0.0685 -0.0000
vn -0.9940 -0.1097 -0.0000
vn -0.9976 -0.0686 -0.0000
vn -0.5351 0.8448 -0.0000
vn -0.5696 0.8219 -0.0000
vn 0.7452 0.6669 -0.0000
vn 0.7170 0.6971 -0.0000
vn -0.5587 -0.8294 -0.0000
vn -0.5239 -0.8518 -0.0000
vn 0.0685 -0.9976 -0.0000
vn 0.1097 -0.9940 -0.0000
vn 0.4997 -0.8662 -0.0000
vn 0.5351 -0.8448 -0.0000
vn -0.9045 -0.4265 -0.0000
vn -0.8861 -0.4635 -0.0000
vn 0.7977 0.6031 -0.0000
vn 0.7721 0.6355 -0.0000
vn 0.9503 0.3114 -0.0000
vn 0.9366 0.3504 -0.0000
vn -0.6876 -0.7261 -0.0000
vn -0.6570 -0.7539 -0.0000
vn 0.8518 -0.5239 -0.0000
vn 0.8727 -0.4883 -0.0000
vn 0.6253 0.7804 -0.0000
vn 0.5925 0.8056 -0.0000
vn -0.4518 -0.8921 -0.0000
vn -0.4145 -0.9100 -0.0000
vn -0.1785 -0.9839 -0.0000
vn -0.1376 -0.9905 -0.0000
vn 0.9264 -0.3766 -0.0000
vn 0.9412 -0.3380 -0.0000
vn -0.2190 -0.9757 -0.0000
vn -0.7261 0.6876 -0.0000
vn -0.7539 0.6570 -0.0000
vn -0.3766 -0.9264 -0.0000
vn -0.7170 -0.6971 -0.0000
vn -0.8219 -0.5696 -0.0000
vn -0.9815 -0.1914 -0.0000
vn -0.9728 -0.2318 -0.0000
vn 0.2988 0.9543 -0.0000
vn 0.2591 0.9659 -0.0000
vn 0.4635 -0.8861 -0.0000
vn -0.4997 0.8662 -0.0000
vn -0.1507 0.9886 -0.0000
vn -0.1914 0.9815 -0.0000
vn 0.2718 -0.9623 -0.0000
vn -0.9839 0.1785 -0.0000
vn -0.9905 0.1376 -0.0000
vn 0.1914 -0.9815 -0.0000
vn 0.2318 -0.9728 -0.0000
vn 0.9839 -0.1785 -0.0000
vn 0.9905 -0.1376 -0.0000
vn 0.6669 -0.7452 -0.0000
vn 0.8294 -0.5587 -0.0000
vn -0.0554 -0.9985 -0.0000
vn -0.0966 -0.9953 -0.0000
vn -0.9543 0.2988 -0.0000
vn -0.9659 0.2591 -0.0000
vn 0.9659 -0.2591 -0.0000
vn 0.9757 -0.2190 -0.0000
vn 0.5696 -0.8219 -0.0000
vn -0.9757 0.2190 -0.0000
vn -0.6971 0.7170 -0.0000
vn 0.7539 -0.6570 -0.0000
vn -0.6669 0.7452 -0.0000
vn 0.9985 -0.0554 -0.0000
vn 0.9999 -0.0141 -0.0000
vn 0.9886 0.1507 -0.0000
vn 0.9815 0.1914 -0.0000
vn -0.6253 -0.7804 -0.0000
vn -0.0273 0.9996 -0.0000
vn -0.0685 0.9976 -0.0000
vn 0.8861 0.4635 -0.0000
vn 0.8662 0.4998 -0.0000
vn -0.9999 0.0141 -0.0000
vn -0.9623 -0.2718 -0.0000
vn -0.8662 -0.4998 -0.0000
vn 0.1507 -0.9886 -0.0000
vn -0.8448 -0.5351 -0.0000
vn 0.2190 0.9757 -0.0000
vn 0.1785 0.9839 -0.0000
vn -0.6355 0.7721 -0.0000
vn -0.8056 0.5925 -0.0000
vn 0.6876 0.7261 -0.0000
vn -0.5925 -0.8056 -0.0000
vn -0.8727 0.4883 -0.0000
vn -0.4883 -0.8727 -0.0000
vn -0.2591 -0.9659 -0.0000
vn 0.9996 0.0273 -0.0000
vn 0.3380 0.9412 -0.0000
vn -0.9886 -0.1507 -0.0000
vn 0.5587 0.8294 -0.0000
vn 0.5239 0.8518 -0.0000
vn -0.3504 0.9366 -0.0000
vn -0.3888 0.9213 -0.0000
vn -0.9366 -0.3504 -0.0000
vn -0.9213 -0.3888 -0.0000
vn 0.1376 0.9905 -0.0000
vn 0.0554 0.9985 -0.0000
vn 0.0141 0.9999 -0.0000
vn 0.0966 0.9953 -0.0000
vn 0.6570 0.7539 -0.0000
vn 0.9045 0.4265 -0.0000
vn 0.9213 0.3888 -0.0000
vn -0.6030 0.7977 -0.0000
vn 0.9100 -0.4145 -0.0000
vn 0.6971 -0.7170 -0.0000
vn -0.1097 0.9940 -0.0000
vn 0.9623 0.2718 -0.0000
vn -0.7452 -0.6669 -0.0000
vn -0.9996 -0.0273 -0.0000
vn -0.7804 0.6253 -0.0000
vn 0.8219 0.5696 -0.0000
vn 0.8921 -0.4518 -0.0000
vn -0.4265 0.9045 -0.0000
vn -0.4635 0.8861 -0.0000
vn 0.9953 -0.0966 -0.0000
vn -0.3114 0.9503 -0.0000
vn 0.9543 -0.2988 -0.0000
vn -0.9503 -0.3114 -0.0000
vn 0.7261 -0.6876 -0.0000
vn 0.9728 0.2318 -0.0000
s 1
usemtl Material.001
f 877//1 469//2 531//3
f 877//1 531//3 879//4
s 0
f 322//5 323//5 254//5
f 322//5 254//5 252//5
f 336//5 337//5 282//5
f 336//5 282//5 280//5
f 3//6 2025//6 2029//6
s 1
f 2028//7 2024//8 11//8
f 2028//7 11//8 13//7
f 2032//9 2028//7 13//7
f 2032//9 13//7 15//9
f 2036//10 2032//9 15//9
f 2036//10 15//9 17//10
f 2040//11 2036//10 17//10
f 2040//11 17//10 19//11
f 2044//12 2040//11 19//11
f 2044//12 19//11 21//12
f 2050//13 2044//12 21//12
f 2050//13 21//12 23//13
f 2052//14 2050//13 23//13
f 2052//14 23//13 25//14
f 2056//15 2052//14 25//14
f 2056//15 25//14 27//15
f 2060//16 2056//15 27//15
f 2060//16 27//15 29//16
f 2216//17 2212//18 105//19
f 2216//17 105//19 107//17
f 2068//20 2064//21 31//21
f 2068//20 31//21 33//20
f 2072//22 2068//20 33//20
f 2072//22 33//20 35//22
f 2076//23 2072//22 35//22
f 2076//23 35//22 37//23
f 2082//24 2076//23 37//23
f 2082//24 37//23 39//24
f 2084//25 2082//24 39//24
f 2084//25 39//24 41//25
f 2088//26 2084//25 41//25
f 2088//26 41//25 43//26
f 2092//27 2088//26 43//26
f 2092//27 43//26 45//27
f 2096//28 2092//27 45//27
f 2096//28 45//27 47//28
f 2100//29 2096//28 47//28
f 2100//29 47//28 49//29
f 2104//30 2100//29 49//29
f 2104//30 49//29 51//30
f 2108//31 2104//30 51//30
f 2108//31 51//30 53//31
f 2114//32 2108//31 53//31
f 2114//32 53//31 55//32
f 2116//33 2114//32 55//32
f 2116//33 55//32 57//33
f 2120//34 2116//33 57//33
f 2120//34 57//33 59//34
f 2124//35 2120//34 59//34
f 2124//35 59//34 61//35
f 2128//36 2124//35 61//35
f 2128//36 61//35 63//36
f 2132//37 2128//36 63//36
f 2132//37 63//36 65//37
f 2136//38 2132//37 65//37
f 2136//38 65//37 67//38
f 2140//39 2136//38 67//38
f 2140//39 67//38 69//39
s 0
f 1380//6 749//6 748//6
f 1380//6 748//6 1378//6
s 1
f 2148//40 2146//41 71//41
f 2148//40 71//41 73//40
f 2152//42 2148//40 73//40
f 2152//42 73//40 75//42
f 2156//43 2152//42 75//42
f 2156//43 75//42 77//43
f 2160//44 2156//43 77//43
f 2160//44 77//43 79//45
f 2164//46 2160//44 79//45
f 2164//46 79//45 81//46
f 2168//47 2164//46 81//46
f 2168//47 81//46 83//47
f 2172//48 2168//47 83//47
f 2172//48 83//47 85//48
f 2178//49 2172//48 85//48
f 2178//49 85//48 87//49
f 2180//50 2178//49 87//49
f 2180//50 87//49 89//50
f 2184//51 2180//50 89//50
f 2184//51 89//50 91//51
f 2188//52 2184//51 91//51
f 2188//52 91//51 93//52
f 2192//53 2188//52 93//52
f 2192//53 93//52 95//53
f 2196//54 2192//53 95//53
f 2196//54 95//53 97//54
f 2200//55 2196//54 97//54
f 2200//55 97//54 99//55
f 2204//56 2200//55 99//55
f 2204//56 99//55 101//56
f 2210//57 2204//56 101//56
f 2210//57 101//56 103//57
f 2212//18 2210//57 103//57
f 2212//18 103//57 105//19
f 2448//58 2444//59 221//59
f 2448//58 221//59 223//60
f 2220//61 2216//17 107//17
f 2220//61 107//17 109//61
f 2224//62 2220//61 109//61
f 2224//62 109//61 111//62
f 2228//63 2224//62 111//62
f 2228//63 111//62 113//63
f 2232//64 2228//63 113//63
f 2232//64 113//63 115//64
f 2236//65 2232//64 115//64
f 2236//65 115//64 117//65
f 2242//66 2236//65 117//65
f 2242//66 117//65 119//66
f 2244//67 2242//66 119//66
f 2244//67 119//66 121//67
f 2248//68 2244//67 121//67
f 2248//68 121//67 123//68
f 2252//69 2248//68 123//68
f 2252//69 123//68 125//69
f 2256//70 2252//69 125//69
f 2256//70 125//69 127//70
f 2260//71 2256//70 127//70
f 2260//71 127//70 129//71
f 2264//72 2260//71 129//71
f 2264//72 129//71 131//72
f 2268//73 2264//72 131//72
f 2268//73 131//72 133//73
f 2274//74 2268//73 133//73
f 2274//74 133//73 135//74
f 2276//75 2274//74 135//74
f 2276//75 135//74 137//75
f 2280//76 2276//75 137//75
f 2280//76 137//75 139//76
f 2284//77 2280//76 139//76
f 2284//77 139//76 141//77
f 2288//78 2284//77 141//77
f 2288//78 141//77 143//78
f 2292//79 2288//78 143//78
f 2292//79 143//78 145//79
f 2520//80 2516//81 257//81
f 2520//80 257//81 259//80
s 0
f 4//6 2133//6 2137//6
s 1
f 2300//82 2296//83 147//83
f 2300//82 147//83 149//82
f 2306//84 2300//82 149//82
f 2306//84 149//82 151//84
f 2308//85 2306//84 151//84
f 2308//85 151//84 153//86
f 2312//87 2308//85 153//86
f 2312//87 153//86 155//88
f 2316//89 2312//87 155//88
f 2316//89 155//88 157//89
f 2320//90 2316//89 157//89
f 2320//90 157//89 159//90
f 2324//91 2320//90 159//90
f 2324//91 159//90 161//91
f 2328//92 2324//91 161//91
f 2328//92 161//91 163//92
f 2332//93 2328//92 163//92
f 2332//93 163//92 165//93
f 2338//94 2332//93 165//93
f 2338//94 165//93 167//94
f 2340//95 2338//94 167//94
f 2340//95 167//94 169//95
f 2344//96 2340//95 169//95
f 2344//96 169//95 171//96
f 2348//97 2344//96 171//96
f 2348//97 171//96 173//98
f 2352//99 2348//97 173//98
f 2352//99 173//98 175//100
f 2356//101 2352//99 175//100
f 2356//101 175//100 177//101
f 2360//102 2356//101 177//101
f 2360//102 177//101 179//102
f 2364//103 2360//102 179//102
f 2364//103 179//102 181//103
f 2296//83 2292//79 145//79
f 2296//83 145//79 147//83
f 2372//104 2370//105 183//105
f 2372//104 183//105 185//104
f 2376//106 2372//104 185//104
f 2376//106 185//104 187//106
f 2380//107 2376//106 187//106
f 2380//107 187//106 189//107
f 2384//108 2380//107 189//107
f 2384//108 189//107 191//108
f 2388//109 2384//108 191//108
f 2388//109 191//108 193//109
f 2392//110 2388//109 193//109
f 2392//110 193//109 195//110
f 2396//111 2392//110 195//110
f 2396//111 195//110 197//111
f 2402//112 2396//111 197//111
f 2402//112 197//111 199//112
f 2404//113 2402//112 199//112
f 2404//113 199//112 201//113
f 2408//114 2404//113 201//113
f 2408//114 201//113 203//114
f 2412//115 2408//114 203//114
f 2412//115 203//114 205//115
f 2416//116 2412//115 205//115
f 2416//116 205//115 207//116
f 2420//117 2416//116 207//116
f 2420//117 207//116 209//117
f 2424//118 2420//117 209//117
f 2424//118 209//117 211//118
f 2428//119 2424//118 211//118
f 2428//119 211//118 213//119
f 2434//120 2428//119 213//119
f 2434//120 213//119 215//120
f 2436//121 2434//120 215//120
f 2436//121 215//120 217//121
f 2440//122 2436//121 217//121
f 2440//122 217//121 219//122
f 2444//59 2440//122 219//122
f 2444//59 219//122 221//59
f 2370//105 2364//103 181//103
f 2370//105 181//103 183//105
f 2452//123 2448//58 223//60
f 2452//123 223//60 225//123
f 2456//124 2452//123 225//123
f 2456//124 225//123 227//124
f 2460//125 2456//124 227//124
f 2460//125 227//124 229//125
f 2466//126 2460//125 229//125
f 2466//126 229//125 231//126
f 2468//127 2466//126 231//126
f 2468//127 231//126 233//127
f 2472//128 2468//127 233//127
f 2472//128 233//127 235//128
f 2476//129 2472//128 235//128
f 2476//129 235//128 237//129
f 2480//130 2476//129 237//129
f 2480//130 237//129 239//130
f 2484//131 2480//130 239//130
f 2484//131 239//130 241//131
f 2488//132 2484//131 241//131
f 2488//132 241//131 243//132
f 2492//133 2488//132 243//132
f 2492//133 243//132 245//133
f 2498//134 2492//133 245//133
f 2498//134 245//133 247//134
f 2500//135 2498//134 247//134
f 2500//135 247//134 249//136
f 2504//137 2500//135 249//136
f 2504//137 249//136 251//137
f 2508//138 2504//137 251//137
f 2508//138 251//137 253//138
f 2512//139 2508//138 253//138
f 2512//139 253//138 255//139
f 2516//81 2512//139 255//139
f 2516//81 255//139 257//81
f 2146//41 2140//39 69//39
f 2146//41 69//39 71//41
f 2524//140 2520//80 259//80
f 2524//140 259//80 261//140
s 0
f 3//6 4//6 5//6
f 3//6 5//6 2//6
s 1
f 2530//141 2524//140 261//140
f 2530//141 261//140 263//141
f 2532//142 2530//141 263//141
f 2532//142 263//141 265//142
f 2536//143 2532//142 265//142
f 2536//143 265//142 267//143
f 2540//144 2536//143 267//143
f 2540//144 267//143 269//144
f 2544//145 2540//144 269//144
f 2544//145 269//144 271//145
f 2548//146 2544//145 271//145
f 2548//146 271//145 273//146
f 2552//147 2548//146 273//146
f 2552//147 273//146 275//147
f 2556//148 2552//147 275//147
f 2556//148 275//147 277//148
f 2562//149 2556//148 277//148
f 2562//149 277//148 279//149
f 2564//150 2562//149 279//149
f 2564//150 279//149 281//150
f 2568//151 2564//150 281//150
f 2568//151 281//150 283//151
f 2572//152 2568//151 283//151
f 2572//152 283//151 285//152
f 2576//153 2572//152 285//152
f 2576//153 285//152 287//153
f 2580//154 2576//153 287//153
f 2580//154 287//153 289//154
f 2584//155 2580//154 289//154
f 2584//155 289//154 291//155
f 2588//156 2584//155 291//155
f 2588//156 291//155 293//156
f 2594//157 2588//156 293//156
f 2594//157 293//156 295//157
f 2596//158 2594//157 295//157
f 2596//158 295//157 297//158
f 2064//21 2060//16 29//16
f 2064//21 29//16 31//21
f 2604//159 2600//160 299//160
f 2604//159 299//160 301//159
f 2608//161 2604//159 301//159
f 2608//161 301//159 303//161
f 2612//162 2608//161 303//161
f 2612//162 303//161 305//162
f 2616//163 2612//162 305//162
f 2616//163 305//162 307//163
f 2620//164 2616//163 307//163
f 2620//164 307//163 309//164
f 2626//165 2620//164 309//164
f 2626//165 309//164 311//165
f 2628//166 2626//165 311//165
f 2628//166 311//165 313//166
f 2632//167 2628//166 313//166
f 2632//167 313//166 315//167
s 0
f 2193//6 2197//6 5//6
f 4//6 2101//6 2105//6
f 3//6 9//6 2597//6
f 3//6 2597//6 2601//6
f 2033//6 2037//6 3//6
f 7//6 2389//6 2393//6
f 4//6 2137//6 2141//6
f 2623//6 2629//6 3//6
f 5//6 2161//6 2165//6
f 2069//6 2073//6 4//6
f 7//6 2393//6 2397//6
f 4//6 2077//6 2079//6
f 6//6 2265//6 2269//6
f 1//6 2317//6 2321//6
f 3//6 2037//6 2041//6
f 2105//6 2109//6 4//6
f 2525//6 2527//6 9//6
f 2117//6 2121//6 4//6
f 4//6 2125//6 2129//6
f 2129//6 2133//6 4//6
f 3//6 2//6 8//6
f 3//6 8//6 9//6
f 4//6 2073//6 2077//6
f 2045//6 2047//6 3//6
f 2473//6 2477//6 8//6
f 8//6 2463//6 2469//6
f 2157//6 2161//6 5//6
f 4//6 2097//6 2101//6
f 2357//6 2361//6 1//6
f 3//6 2041//6 2045//6
f 2345//6 2349//6 1//6
f 6//6 2285//6 2289//6
f 4//6 2065//6 2069//6
f 5//6 2197//6 2201//6
f 1//6 2361//6 2365//6
s 1
f 1195//168 1193//169 1901//169
f 1195//168 1901//169 1897//168
s 0
f 6//6 2229//6 2233//6
f 2233//6 2237//6 6//6
f 2//6 5//6 6//6
f 2//6 6//6 1//6
f 6//6 2253//6 2257//6
f 2//6 1//6 7//6
f 2//6 7//6 8//6
f 1//6 2325//6 2329//6
f 4//6 2111//6 2117//6
f 2321//6 2325//6 1//6
f 2221//6 2225//6 6//6
f 6//6 2289//6 2293//6
f 3//6 2621//6 2623//6
f 4//6 2089//6 2093//6
f 1//6 6//6 2293//6
f 1//6 2293//6 2297//6
f 1//6 2329//6 2333//6
s 1
f 1243//170 1241//171 1805//171
f 1243//170 1805//171 1801//170
s 0
f 2281//6 2285//6 6//6
f 2181//6 2185//6 5//6
f 6//6 2261//6 2265//6
f 2297//6 2301//6 1//6
f 2309//6 2313//6 1//6
f 3//6 2629//6 2633//6
f 2633//6 2025//6 3//6
f 5//6 2165//6 2169//6
f 5//6 2201//6 2205//6
f 8//6 2477//6 2481//6
f 3//6 2617//6 2621//6
f 2385//6 2389//6 7//6
f 3//6 2609//6 2613//6
f 2333//6 2335//6 1//6
f 8//6 2457//6 2461//6
f 1//6 2335//6 2341//6
f 7//6 2441//6 2445//6
f 8//6 7//6 2445//6
f 8//6 2445//6 2449//6
f 2449//6 2453//6 8//6
s 1
f 1379//172 1377//173 1533//173
f 1379//172 1533//173 1529//172
f 1381//174 1379//172 1529//172
f 1381//174 1529//172 1523//174
s 0
f 8//6 2501//6 2505//6
f 2601//6 2605//6 3//6
f 2509//6 2513//6 8//6
f 2057//6 2061//6 3//6
s 1
f 1363//175 1361//176 1565//176
f 1363//175 1565//176 1561//175
s 0
f 7//6 2437//6 2441//6
f 5//6 2149//6 2153//6
f 7//6 2417//6 2421//6
s 1
f 1331//177 1329//178 1629//179
f 1331//177 1629//179 1625//177
s 0
f 9//6 2557//6 2559//6
f 8//6 2513//6 2517//6
f 4//6 2085//6 2089//6
f 1//6 2313//6 2317//6
f 2549//6 2553//6 9//6
f 9//6 2553//6 2557//6
f 9//6 2589//6 2591//6
f 9//6 2591//6 2597//6
f 2537//6 2541//6 9//6
f 2217//6 6//6 5//6
f 2217//6 5//6 2213//6
f 10//5 314//5 353//5
f 10//5 353//5 354//5
f 314//5 312//5 352//5
f 314//5 352//5 353//5
f 312//5 310//5 351//5
f 312//5 351//5 352//5
f 310//5 308//5 350//5
f 310//5 350//5 351//5
f 308//5 306//5 349//5
f 308//5 349//5 350//5
f 306//5 304//5 348//5
f 306//5 348//5 349//5
f 304//5 302//5 347//5
f 304//5 347//5 348//5
f 302//5 300//5 346//5
f 302//5 346//5 347//5
f 300//5 298//5 345//5
f 300//5 345//5 346//5
f 298//5 296//5 344//5
f 298//5 344//5 345//5
f 296//5 294//5 343//5
f 296//5 343//5 344//5
f 294//5 292//5 342//5
f 294//5 342//5 343//5
f 292//5 290//5 341//5
f 292//5 341//5 342//5
f 290//5 288//5 340//5
f 290//5 340//5 341//5
f 288//5 286//5 339//5
f 288//5 339//5 340//5
f 1406//6 762//6 761//6
f 1406//6 761//6 1404//6
f 1404//6 761//6 760//6
f 1404//6 760//6 1402//6
f 1402//6 760//6 759//6
f 1402//6 759//6 1400//6
f 1400//6 759//6 758//6
f 1400//6 758//6 1398//6
f 1394//6 756//6 755//6
f 1394//6 755//6 1392//6
f 1390//6 754//6 753//6
f 1390//6 753//6 1388//6
f 1388//6 753//6 752//6
f 1388//6 752//6 1386//6
f 1290//6 704//6 703//6
f 1290//6 703//6 1288//6
f 1296//6 707//6 706//6
f 1296//6 706//6 1294//6
f 1364//6 741//6 740//6
f 1364//6 740//6 1362//6
f 1362//6 740//6 739//6
f 1362//6 739//6 1360//6
f 240//5 238//5 467//5
f 240//5 467//5 468//5
f 468//5 467//5 316//5
f 1356//6 737//6 736//6
f 1356//6 736//6 1354//6
s 1
f 995//180 993//181 583//182
f 995//180 583//182 581//183
f 1003//184 1001//185 572//186
f 1003//184 572//186 570//187
f 633//188 1107//189 1105//190
f 633//188 1105//190 635//191
f 1045//192 1118//193 1120//194
f 1045//192 1120//194 1043//195
f 1083//196 1085//197 1092//198
f 1083//196 1092//198 1094//199
s 0
f 1330//6 724//6 723//6
f 1330//6 723//6 1328//6
s 1
f 943//200 945//201 988//202
f 943//200 988//202 990//203
f 541//204 1019//205 1017//206
f 541//204 1017//206 543//207
s 0
f 462//5 463//5 230//5
f 462//5 230//5 228//5
f 466//5 467//5 238//5
f 466//5 238//5 236//5
f 1366//6 742//6 741//6
f 1366//6 741//6 1364//6
f 1368//6 743//6 742//6
f 1368//6 742//6 1366//6
f 1370//6 744//6 743//6
f 1370//6 743//6 1368//6
f 321//5 322//5 252//5
f 321//5 252//5 250//5
f 1286//6 702//6 701//6
f 1286//6 701//6 1284//6
f 1284//6 701//6 700//6
f 1284//6 700//6 1282//6
f 1282//6 700//6 699//6
f 1282//6 699//6 1280//6
f 1280//6 699//6 698//6
f 1280//6 698//6 1278//6
f 327//5 328//5 264//5
f 327//5 264//5 262//5
f 328//5 329//5 266//5
f 328//5 266//5 264//5
f 329//5 330//5 268//5
f 329//5 268//5 266//5
f 330//5 331//5 270//5
f 330//5 270//5 268//5
f 331//5 332//5 272//5
f 331//5 272//5 270//5
s 1
f 620//208 638//209 640//210
f 620//208 640//210 618//211
s 0
f 333//5 334//5 276//5
f 333//5 276//5 274//5
f 334//5 335//5 278//5
f 334//5 278//5 276//5
f 337//5 338//5 284//5
f 337//5 284//5 282//5
s 1
f 480//212 524//213 526//214
f 480//212 526//214 478//214
s 0
f 138//5 136//5 416//5
f 138//5 416//5 417//5
f 136//5 134//5 415//5
f 136//5 415//5 416//5
f 134//5 132//5 414//5
f 134//5 414//5 415//5
f 132//5 130//5 413//5
f 132//5 413//5 414//5
f 130//5 128//5 412//5
f 130//5 412//5 413//5
f 128//5 126//5 411//5
f 128//5 411//5 412//5
f 126//5 124//5 410//5
f 126//5 410//5 411//5
f 124//5 122//5 409//5
f 124//5 409//5 410//5
f 122//5 120//5 408//5
f 122//5 408//5 409//5
f 120//5 118//5 407//5
f 120//5 407//5 408//5
f 118//5 116//5 406//5
f 118//5 406//5 407//5
f 116//5 114//5 405//5
f 116//5 405//5 406//5
f 114//5 112//5 404//5
f 114//5 404//5 405//5
f 112//5 110//5 403//5
f 112//5 403//5 404//5
f 110//5 108//5 402//5
f 110//5 402//5 403//5
f 108//5 106//5 401//5
f 108//5 401//5 402//5
f 106//5 104//5 400//5
f 106//5 400//5 401//5
f 104//5 102//5 399//5
f 104//5 399//5 400//5
f 102//5 100//5 398//5
f 102//5 398//5 399//5
f 100//5 98//5 397//5
f 100//5 397//5 398//5
f 98//5 96//5 396//5
f 98//5 396//5 397//5
f 96//5 94//5 395//5
f 96//5 395//5 396//5
f 94//5 92//5 394//5
f 94//5 394//5 395//5
f 92//5 90//5 393//5
f 92//5 393//5 394//5
f 90//5 88//5 392//5
f 90//5 392//5 393//5
f 88//5 86//5 391//5
f 88//5 391//5 392//5
f 86//5 84//5 390//5
f 86//5 390//5 391//5
f 84//5 82//5 390//5
f 390//5 82//5 389//5
f 389//5 82//5 80//5
f 389//5 80//5 388//5
f 388//5 80//5 78//5
f 388//5 78//5 387//5
f 387//5 78//5 76//5
f 387//5 76//5 386//5
f 386//5 76//5 74//5
f 386//5 74//5 385//5
f 385//5 74//5 72//5
f 385//5 72//5 384//5
f 384//5 72//5 70//5
f 384//5 70//5 383//5
f 383//5 70//5 68//5
f 383//5 68//5 382//5
f 382//5 68//5 66//5
f 382//5 66//5 381//5
f 381//5 66//5 64//5
f 381//5 64//5 380//5
f 380//5 64//5 62//5
f 380//5 62//5 379//5
f 379//5 62//5 60//5
f 379//5 60//5 378//5
f 378//5 60//5 58//5
f 378//5 58//5 377//5
f 377//5 58//5 56//5
f 377//5 56//5 376//5
f 376//5 56//5 54//5
f 376//5 54//5 375//5
f 375//5 54//5 52//5
f 375//5 52//5 374//5
f 374//5 52//5 50//5
f 374//5 50//5 373//5
f 373//5 50//5 48//5
f 373//5 48//5 372//5
f 372//5 48//5 46//5
f 372//5 46//5 371//5
f 371//5 46//5 44//5
f 371//5 44//5 370//5
f 370//5 44//5 42//5
f 370//5 42//5 369//5
f 369//5 42//5 40//5
f 369//5 40//5 368//5
f 368//5 40//5 38//5
f 368//5 38//5 367//5
f 367//5 38//5 36//5
f 367//5 36//5 366//5
f 366//5 36//5 34//5
f 366//5 34//5 32//5
f 366//5 32//5 365//5
f 365//5 32//5 30//5
f 365//5 30//5 364//5
f 364//5 30//5 28//5
f 364//5 28//5 363//5
f 363//5 28//5 26//5
f 363//5 26//5 362//5
f 362//5 26//5 24//5
f 362//5 24//5 361//5
f 361//5 24//5 22//5
f 361//5 22//5 360//5
f 360//5 22//5 20//5
f 360//5 20//5 359//5
f 359//5 20//5 18//5
f 359//5 18//5 358//5
f 358//5 18//5 16//5
f 358//5 16//5 357//5
f 357//5 16//5 14//5
f 357//5 14//5 356//5
f 356//5 14//5 12//5
f 356//5 12//5 355//5
f 355//5 12//5 10//5
f 355//5 10//5 354//5
f 468//5 316//5 240//5
s 1
f 470//215 472//216 532//216
f 532//216 472//216 474//217
f 532//216 474//217 530//218
f 530//218 474//217 476//219
f 530//218 476//219 528//219
f 528//219 476//219 478//214
f 528//219 478//214 526//214
f 544//220 588//221 590//222
f 544//220 590//222 542//223
s 0
f 1382//6 750//6 749//6
f 1382//6 749//6 1380//6
f 440//5 441//5 186//5
f 440//5 186//5 184//5
s 1
f 486//224 488//225 518//226
f 556//227 578//227 580//228
f 556//227 580//228 554//229
s 0
f 1268//6 693//6 692//6
f 1268//6 692//6 1266//6
s 1
f 512//230 494//231 510//232
f 510//232 494//231 496//233
f 510//232 496//233 508//234
f 508//234 496//233 506//235
f 506//235 496//233 498//236
f 506//235 498//236 504//237
f 504//237 498//236 500//238
f 504//237 500//238 502//239
f 534//240 536//241 596//241
f 596//241 536//241 538//242
f 596//241 538//242 594//243
f 594//243 538//242 540//244
f 594//243 540//244 592//245
f 592//245 540//244 542//223
f 592//245 542//223 590//222
s 0
f 1408//6 763//6 762//6
f 1408//6 762//6 1406//6
s 1
f 480//212 482//246 522//246
f 480//212 522//246 524//213
f 482//246 484//247 520//247
f 482//246 520//247 522//246
f 550//248 552//249 582//250
f 616//251 642//252 644//253
f 616//251 644//253 614//253
s 0
f 320//5 321//5 250//5
f 320//5 250//5 248//5
s 1
f 492//254 494//231 512//230
f 492//254 512//230 514//254
f 576//255 558//256 574//257
f 574//257 558//256 559//258
f 574//257 559//258 571//259
f 571//259 559//258 569//260
f 569//260 559//258 561//261
f 569//260 561//261 567//262
f 567//262 561//261 563//263
f 567//262 563//263 565//264
f 598//265 600//266 660//266
f 660//266 600//266 658//267
f 658//267 600//266 602//267
f 658//267 602//267 656//268
f 656//268 602//267 604//269
f 656//268 604//269 654//270
f 654//270 604//269 606//271
f 654//270 606//271 652//272
s 0
f 332//5 333//5 274//5
f 332//5 274//5 272//5
s 1
f 618//211 640//210 642//252
f 618//211 642//252 616//251
f 612//273 646//273 648//274
f 612//273 648//274 610//274
s 0
f 1372//6 745//6 744//6
f 1372//6 744//6 1370//6
s 1
f 608//275 650//275 652//272
f 608//275 652//272 606//271
f 638//209 620//208 622//276
f 638//209 622//276 636//277
f 636//277 622//276 624//277
f 636//277 624//277 634//278
f 634//278 624//277 626//279
f 634//278 626//279 632//280
f 632//280 626//279 628//281
f 632//280 628//281 630//282
s 0
f 8//6 2493//6 2495//6
s 1
f 1355//283 1353//284 1581//284
f 1355//283 1581//284 1577//283
s 0
f 5//6 2185//6 2189//6
f 2521//6 9//6 8//6
f 2521//6 8//6 2517//6
f 2521//6 2525//6 9//6
f 9//6 2527//6 2533//6
s 1
f 1399//285 1397//286 1491//286
f 1399//285 1491//286 1489//285
s 0
f 5//6 2153//6 2157//6
s 1
f 1395//287 1393//288 1501//288
f 1395//287 1501//288 1497//287
f 1173//289 1171//290 1945//290
f 1173//289 1945//290 1939//289
f 1207//291 1205//292 1875//292
f 1207//291 1875//292 1873//291
s 0
f 7//6 2425//6 2429//6
s 1
f 1155//293 1153//294 1981//294
f 1155//293 1981//294 1977//293
s 0
f 4//6 2121//6 2125//6
s 1
f 1167//295 1165//296 1955//296
f 1167//295 1955//296 1951//295
s 0
f 2245//6 2249//6 6//6
s 1
f 1409//297 1407//298 1471//298
f 1409//297 1471//298 1469//297
s 0
f 2495//6 2501//6 8//6
s 1
f 1335//299 1333//300 1619//300
f 1335//299 1619//300 1617//299
s 0
f 3//6 2605//6 2609//6
s 1
f 1215//301 1213//302 1859//302
f 1215//301 1859//302 1855//301
f 1361//176 1359//303 1567//303
f 1361//176 1567//303 1565//176
s 0
f 2431//6 2437//6 7//6
f 7//6 2367//6 2373//6
f 7//6 2381//6 2385//6
s 1
f 1397//286 1395//287 1497//287
f 1397//286 1497//287 1491//286
s 0
f 7//6 2405//6 2409//6
f 6//6 2249//6 2253//6
s 1
f 1235//304 1233//305 1821//305
f 1235//304 1821//305 1817//304
s 0
f 6//6 2217//6 2221//6
f 2065//6 4//6 3//6
f 2065//6 3//6 2061//6
f 6//6 2271//6 2277//6
s 1
f 1223//306 1221//307 1843//307
f 1223//306 1843//307 1841//306
s 0
f 2461//6 2463//6 8//6
s 1
f 1371//308 1369//309 1549//309
f 1371//308 1549//309 1545//308
f 1303//310 1301//311 1683//311
f 1303//310 1683//311 1681//310
s 0
f 8//6 2453//6 2457//6
f 1//6 2349//6 2353//6
f 7//6 2377//6 2381//6
f 2485//6 2489//6 8//6
f 9//6 2565//6 2569//6
f 2409//6 2413//6 7//6
s 1
f 1165//296 1163//312 1961//312
f 1165//296 1961//312 1955//296
s 0
f 2257//6 2261//6 6//6
f 9//6 2577//6 2581//6
f 2573//6 2577//6 9//6
f 9//6 2545//6 2549//6
s 1
f 1369//309 1367//313 1553//313
f 1369//309 1553//313 1549//309
s 0
f 9//6 2569//6 2573//6
s 1
f 1179//314 1177//315 1933//315
f 1179//314 1933//315 1929//314
s 0
f 6//6 2277//6 2281//6
s 1
f 1143//316 1141//317 2003//317
f 1143//316 2003//317 2001//316
f 1411//318 1409//297 1469//297
f 1411//318 1469//297 1465//318
s 0
f 3//6 2053//6 2057//6
s 1
f 1345//319 1343//320 1599//320
f 1345//319 1599//320 1597//319
s 0
f 2269//6 2271//6 6//6
f 8//6 2505//6 2509//6
s 1
f 1145//321 1143//316 2001//316
f 1145//321 2001//316 1997//321
f 1147//322 1145//321 1997//321
f 1147//322 1997//321 1993//322
f 898//323 896//324 895//325
f 898//323 895//325 897//326
f 562//327 1007//328 1005//329
f 562//327 1005//329 564//330
f 531//3 529//331 879//4
f 877//1 917//332 471//333
f 877//1 471//333 469//2
f 878//334 918//335 917//332
f 878//334 917//332 877//1
f 845//336 847//337 918//335
f 845//336 918//335 878//334
f 851//338 853//339 914//340
f 851//338 914//340 916//341
f 1102//342 1100//343 1099//344
f 1102//342 1099//344 1101//345
f 1049//346 1051//347 1114//348
f 1049//346 1114//348 1116//349
f 880//350 841//351 843//352
f 527//353 525//354 881//355
f 915//356 913//357 479//358
f 915//356 479//358 477//359
f 913//357 911//360 481//361
f 913//357 481//361 479//358
f 853//339 855//362 912//363
f 853//339 912//363 914//340
f 519//364 517//365 887//366
f 1097//367 1098//368 1096//369
f 1097//367 1096//369 1095//370
f 859//371 910//372 912//363
f 859//371 912//363 857//373
f 485//374 909//375 907//376
f 485//374 907//376 487//377
f 909//375 910//372 908//378
f 909//375 908//378 907//376
f 819//379 821//380 894//381
f 819//379 894//381 896//324
f 888//382 829//383 831//384
f 515//385 513//386 889//387
f 907//376 905//388 491//389
f 907//376 491//389 489//390
f 537//391 1023//392 1021//393
f 537//391 1021//393 539//394
f 893//395 509//396 507//397
f 1019//205 1020//398 1018//399
f 1019//205 1018//399 1017//206
f 871//400 902//401 904//402
f 871//400 904//402 869//403
f 497//404 901//405 899//406
f 497//404 899//406 499//407
f 901//405 902//401 900//408
f 901//405 900//408 899//406
f 873//409 875//410 900//408
f 873//409 900//408 902//401
f 896//324 817//411 819//379
f 564//330 1005//329 1003//184
f 564//330 1003//184 566//412
f 501//413 499//407 899//406
f 895//325 893//395 507//397
f 895//325 507//397 505//414
f 903//415 495//416 493//417
f 509//396 893//395 891//418
f 509//396 891//418 511//419
f 893//395 894//381 892//420
f 893//395 892//420 891//418
f 825//421 892//420 894//381
f 825//421 894//381 823//422
f 891//418 892//420 890//423
f 891//418 890//423 889//387
f 827//424 890//423 892//420
f 827//424 892//420 825//421
f 489//390 487//377 907//376
f 521//425 885//426 883//427
f 521//425 883//427 523//428
f 909//375 485//374 483//429
f 519//364 887//366 885//426
f 519//364 885//426 521//425
f 916//341 918//335 847//337
f 916//341 847//337 849//430
f 896//324 894//381 893//395
f 896//324 893//395 895//325
f 837//431 884//432 886//433
f 837//431 886//433 835//434
f 911//360 912//363 910//372
f 911//360 910//372 909//375
f 839//435 882//436 884//432
f 839//435 884//432 837//431
f 477//359 475//437 915//356
f 915//356 475//437 473//438
f 813//439 815//440 898//323
f 821//380 823//422 894//381
f 523//428 883//427 881//355
f 523//428 881//355 525//354
f 987//441 985//442 595//443
f 987//441 595//443 593//444
f 833//445 835//434 886//433
f 471//333 917//332 915//356
f 471//333 915//356 473//438
f 863//446 865//447 906//448
f 863//446 906//448 908//378
f 882//436 880//350 879//4
f 882//436 879//4 881//355
f 849//430 851//338 916//341
f 855//362 857//373 912//363
f 910//372 859//371 861//449
f 890//423 827//424 829//383
f 890//423 829//383 888//382
f 867//450 869//403 904//402
f 902//401 871//400 873//409
f 1125//451 1123//452 609//453
f 1125//451 609//453 607//454
f 1104//455 1102//342 1101//345
f 1104//455 1101//345 1103//456
f 915//356 917//332 918//335
f 915//356 918//335 916//341
f 1106//457 1104//455 1103//456
f 1106//457 1103//456 1105//190
f 1116//349 1114//348 1113//458
f 1116//349 1113//458 1115//459
f 999//460 1000//461 998//462
f 999//460 998//462 997//463
f 1123//452 1124//464 1122//465
f 1123//452 1122//465 1121//466
f 989//467 990//203 988//202
f 989//467 988//202 987//441
f 1117//468 1119//469 1120//194
f 1117//468 1120//194 1118//193
f 983//470 1023//392 535//471
f 983//470 535//471 533//472
f 1128//473 1126//474 1125//451
f 1128//473 1125//451 1127//475
f 1031//476 1033//477 1126//474
f 1031//476 1126//474 1128//473
s 0
f 458//5 459//5 222//5
f 458//5 222//5 220//5
s 1
f 1109//478 1110//479 1108//480
f 1109//478 1108//480 1107//189
s 0
f 1336//6 727//6 726//6
f 1336//6 726//6 1334//6
s 1
f 986//481 947//482 949//483
f 593//444 591//484 987//441
f 933//485 935//486 994//487
f 933//485 994//487 996//342
f 989//467 589//488 587//489
s 0
f 1322//6 720//6 719//6
f 1322//6 719//6 1320//6
f 1342//6 730//6 729//6
f 1342//6 729//6 1340//6
s 1
f 1126//474 1124//464 1123//452
f 1126//474 1123//452 1125//451
f 880//350 878//334 877//1
f 880//350 877//1 879//4
f 967//490 969//491 1014//492
f 967//490 1014//492 1016//493
f 581//183 579//494 995//180
f 551//495 1013//469 1011//496
f 551//495 1011//496 553//497
f 997//463 577//498 575//499
f 1009//500 1007//328 560//501
f 1009//500 560//501 557//502
f 1010//503 1008//504 1007//328
f 1010//503 1007//328 1009//500
f 575//499 573//505 999//460
f 575//499 999//460 997//463
f 908//378 906//448 905//388
f 908//378 905//388 907//376
f 980//506 982//507 1006//508
f 980//506 1006//508 1008//504
f 570//187 568//509 1003//184
f 1003//184 568//509 566//412
f 1089//510 597//2 659//511
f 1089//510 659//511 1091//512
f 562//327 560//501 1007//328
f 1004//513 1002//514 1001//185
f 1004//513 1001//185 1003//184
f 888//382 886//433 885//426
f 888//382 885//426 887//366
f 924//515 925//516 1000//461
f 924//515 1000//461 1002//514
f 557//502 555//517 1009//500
s 0
f 1348//6 733//6 732//6
f 1348//6 732//6 1346//6
s 1
f 1128//473 1130//335 1027//518
f 1128//473 1027//518 1029//519
f 549//520 547//521 1015//522
f 996//342 994//487 993//181
f 996//342 993//181 995//180
f 1115//459 1113//458 625//523
f 1115//459 625//523 623//524
f 994//487 992//525 991//526
f 994//487 991//526 993//181
f 1016//493 965//527 967//490
f 545//528 543//207 1017//206
f 899//406 897//326 503//529
f 899//406 503//529 501//413
s 0
f 1338//6 728//6 727//6
f 1338//6 727//6 1336//6
s 1
f 537//391 535//471 1023//392
f 1021//393 1022//530 1020//398
f 1021//393 1020//398 1019//205
f 1025//531 1027//518 1130//335
f 1025//531 1130//335 1090//532
f 1109//478 1111//533 1112//534
f 1109//478 1112//534 1110//479
f 949//483 951//336 984//334
f 949//483 984//334 986//481
f 1024//535 953//536 955//537
s 0
f 1324//6 721//6 720//6
f 1324//6 720//6 1322//6
f 7//6 2413//6 2417//6
s 1
f 925//516 927//538 1000//461
f 875//410 813//439 898//323
f 875//410 898//323 900//408
f 973//539 1012//540 1014//492
f 973//539 1014//492 971//541
f 996//342 931//542 933//485
f 937//543 939//544 992//525
f 990//203 941//545 943//200
f 1004//513 1006//508 920//546
f 1004//513 920//546 922//547
f 957//548 959//549 1022//530
f 941//545 990//203 992//525
f 941//545 992//525 939//544
f 969//491 971//541 1014//492
s 0
f 448//5 449//5 202//5
f 448//5 202//5 200//5
s 1
f 929//550 998//462 1000//461
f 929//550 1000//461 927//538
f 1010//503 975//551 977//552
f 982//507 920//546 1006//508
f 1107//189 1108//480 1106//457
f 1107//189 1106//457 1105//190
f 885//426 886//433 884//432
f 885//426 884//432 883//427
f 1008//504 1006//508 1005//329
f 1008//504 1005//329 1007//328
f 1121//466 1122//465 1120//194
f 1121//466 1120//194 1119//469
f 1002//514 1000//461 999//460
f 1002//514 999//460 1001//185
f 997//463 998//462 996//342
f 997//463 996//342 995//180
f 991//526 992//525 990//203
f 991//526 990//203 989//467
f 1092//198 1090//532 1089//510
f 1092//198 1089//510 1091//512
f 843//352 845//336 878//334
f 843//352 878//334 880//350
f 659//511 657//553 1091//512
f 1089//510 1129//554 599//555
f 1089//510 599//555 597//2
f 1024//535 1022//530 1021//393
f 1024//535 1021//393 1023//392
f 1018//399 963//556 965//527
f 1018//399 965//527 1016//493
f 1115//459 1117//468 1118//193
f 1115//459 1118//193 1116//349
f 655//557 653//558 1093//559
f 1073//560 1075//561 1098//368
f 1073//560 1098//368 1100//343
f 611//562 609//453 1123//452
f 611//562 1123//452 1121//466
f 647//563 645//564 1099//344
f 1095//370 1096//369 1094//199
f 1095//370 1094//199 1093//559
f 1041//565 1122//465 1124//464
f 1041//565 1124//464 1039//566
f 1100//343 1098//368 1097//367
f 1100//343 1097//367 1099//344
f 613//567 1121//466 1119//469
f 613//567 1119//469 615//568
f 615//568 1119//469 1117//468
f 615//568 1117//468 617//569
f 1013//469 1014//492 1012//540
f 1013//469 1012//540 1011//496
f 861//449 863//446 908//378
f 861//449 908//378 910//372
f 617//569 1117//468 1115//459
f 617//569 1115//459 619//570
f 906//448 904//402 903//415
f 906//448 903//415 905//388
f 1116//349 1118//193 1047//571
f 1116//349 1047//571 1049//346
f 639//572 637//573 1105//190
f 1105//190 637//573 635//191
f 1067//574 1069//575 1102//342
f 1067//574 1102//342 1104//455
f 1053//576 1055//577 1112//534
f 1053//576 1112//534 1114//348
f 963//556 1018//399 1020//398
f 963//556 1020//398 961//578
f 1111//533 629//579 627//580
f 1061//581 1108//480 1110//479
f 1061//581 1110//479 1059//582
f 1090//532 1130//335 1129//554
f 1090//532 1129//554 1089//510
s 0
f 457//5 458//5 220//5
f 457//5 220//5 218//5
s 1
f 1127//475 1129//554 1130//335
f 1127//475 1130//335 1128//473
f 1063//583 1065//584 1106//457
f 1063//583 1106//457 1108//480
f 1114//348 1051//347 1053//576
f 623//524 621//585 1115//459
f 1115//459 621//585 619//570
s 0
f 459//5 460//5 224//5
f 459//5 224//5 222//5
s 1
f 1043//195 1120//194 1122//465
f 1043//195 1122//465 1041//565
f 1121//466 613//567 611//562
f 649//586 1097//367 1095//370
f 649//586 1095//370 651//587
f 903//415 904//402 902//401
f 903//415 902//401 901//405
f 1114//348 1112//534 1111//533
f 1114//348 1111//533 1113//458
f 1083//196 1094//199 1096//369
f 1083//196 1096//369 1081//588
f 605//589 603//590 1127//475
f 1129//554 601//591 599//555
f 1001//185 999//460 573//505
f 1001//185 573//505 572//186
f 1094//199 1092//198 1091//512
f 1094//199 1091//512 1093//559
f 1029//519 1031//476 1128//473
f 1035//592 1037//593 1124//464
f 1124//464 1037//593 1039//566
f 1101//345 1099//344 645//564
f 1101//345 645//564 643//594
f 1045//192 1047//571 1118//193
f 883//427 884//432 882//436
f 883//427 882//436 881//355
f 890//423 888//382 887//366
f 890//423 887//366 889//387
f 905//388 903//415 493//417
f 905//388 493//417 491//389
f 986//481 984//334 983//470
f 986//481 983//470 985//442
f 1057//439 1059//582 1110//479
f 631//595 1109//478 1107//189
f 631//595 1107//189 633//188
f 1108//480 1061//581 1063//583
f 629//579 1111//533 1109//478
f 629//579 1109//478 631//595
f 1069//575 1071//596 1102//342
f 1075//561 1077//597 1098//368
f 1098//368 1077//597 1079//598
f 1087//599 1025//531 1090//532
f 1016//493 1014//492 1013//469
f 1016//493 1013//469 1015//522
f 916//341 914//340 913//357
f 916//341 913//357 915//356
f 988//202 986//481 985//442
f 988//202 985//442 987//441
f 984//334 1024//535 1023//392
f 984//334 1023//392 983//470
f 1011//496 1012//540 1010//503
f 1011//496 1010//503 1009//500
f 914//340 912//363 911//360
f 914//340 911//360 913//357
s 0
f 1131//6 1134//6 779//6
f 1131//6 779//6 778//6
f 1134//6 1136//6 780//6
f 1134//6 780//6 779//6
f 1136//6 1138//6 781//6
f 1136//6 781//6 780//6
f 1138//6 1140//6 782//6
f 1138//6 782//6 781//6
f 1140//6 1142//6 783//6
f 1140//6 783//6 782//6
f 1142//6 1144//6 784//6
f 1142//6 784//6 783//6
f 1144//6 1146//6 784//6
f 784//6 1146//6 785//6
f 785//6 1146//6 1148//6
f 785//6 1148//6 786//6
f 786//6 1148//6 1150//6
f 786//6 1150//6 787//6
f 787//6 1150//6 1152//6
f 787//6 1152//6 788//6
f 788//6 1152//6 1154//6
f 788//6 1154//6 789//6
f 789//6 1154//6 1156//6
f 789//6 1156//6 790//6
f 790//6 1156//6 1158//6
f 790//6 1158//6 791//6
f 791//6 1158//6 1160//6
f 791//6 1160//6 792//6
f 792//6 1160//6 1162//6
f 792//6 1162//6 793//6
f 793//6 1162//6 1164//6
f 793//6 1164//6 794//6
f 794//6 1164//6 1166//6
f 794//6 1166//6 795//6
f 795//6 1166//6 1168//6
f 795//6 1168//6 796//6
f 796//6 1168//6 1170//6
f 796//6 1170//6 797//6
f 797//6 1170//6 1172//6
f 797//6 1172//6 798//6
f 798//6 1172//6 1174//6
f 798//6 1174//6 799//6
f 799//6 1174//6 1176//6
f 799//6 1176//6 800//6
f 800//6 1176//6 1178//6
f 800//6 1178//6 801//6
f 801//6 1178//6 1180//6
f 801//6 1180//6 802//6
f 802//6 1180//6 1182//6
f 802//6 1182//6 803//6
f 803//6 1182//6 1184//6
f 803//6 1184//6 804//6
f 804//6 1184//6 1186//6
f 804//6 1186//6 805//6
f 805//6 1186//6 1188//6
f 805//6 1188//6 806//6
f 806//6 1188//6 1190//6
f 806//6 1190//6 807//6
f 807//6 1190//6 1192//6
f 807//6 1192//6 808//6
f 808//6 1192//6 1194//6
f 808//6 1194//6 809//6
f 809//6 1194//6 1196//6
f 809//6 1196//6 1198//6
f 809//6 1198//6 810//6
f 810//6 1198//6 1200//6
f 810//6 1200//6 811//6
f 811//6 1200//6 1202//6
f 811//6 1202//6 812//6
f 812//6 1202//6 1204//6
f 812//6 1204//6 661//6
f 661//6 1204//6 1206//6
f 661//6 1206//6 662//6
f 662//6 1206//6 1208//6
f 662//6 1208//6 663//6
f 663//6 1208//6 1210//6
f 663//6 1210//6 664//6
f 664//6 1210//6 1212//6
f 664//6 1212//6 665//6
f 665//6 1212//6 1214//6
f 665//6 1214//6 666//6
f 666//6 1214//6 1216//6
f 666//6 1216//6 667//6
f 667//6 1216//6 1218//6
f 667//6 1218//6 668//6
f 668//6 1218//6 1220//6
f 668//6 1220//6 669//6
f 669//6 1220//6 1222//6
f 669//6 1222//6 670//6
f 670//6 1222//6 1224//6
f 670//6 1224//6 671//6
f 671//6 1224//6 1226//6
f 671//6 1226//6 672//6
f 672//6 1226//6 1228//6
f 672//6 1228//6 673//6
f 673//6 1228//6 1230//6
f 673//6 1230//6 674//6
f 674//6 1230//6 1232//6
f 674//6 1232//6 675//6
f 675//6 1232//6 1234//6
f 675//6 1234//6 676//6
f 676//6 1234//6 1236//6
f 676//6 1236//6 677//6
f 677//6 1236//6 1238//6
f 677//6 1238//6 678//6
f 678//6 1238//6 1240//6
f 678//6 1240//6 679//6
f 679//6 1240//6 1242//6
f 679//6 1242//6 680//6
f 680//6 1242//6 1244//6
f 680//6 1244//6 681//6
f 681//6 1244//6 1246//6
f 681//6 1246//6 682//6
f 682//6 1246//6 1248//6
f 682//6 1248//6 683//6
f 683//6 1248//6 1250//6
f 683//6 1250//6 684//6
f 684//6 1250//6 1252//6
f 684//6 1252//6 685//6
f 685//6 1252//6 1254//6
f 685//6 1254//6 686//6
f 418//5 419//5 142//5
f 418//5 142//5 140//5
f 420//5 421//5 146//5
f 420//5 146//5 144//5
f 422//5 423//5 150//5
f 422//5 150//5 148//5
f 423//5 424//5 152//5
f 423//5 152//5 150//5
f 425//5 426//5 156//5
f 425//5 156//5 154//5
f 426//5 427//5 158//5
f 426//5 158//5 156//5
f 427//5 428//5 160//5
f 427//5 160//5 158//5
f 326//5 327//5 262//5
f 326//5 262//5 260//5
f 325//5 326//5 260//5
f 325//5 260//5 258//5
f 324//5 325//5 258//5
f 324//5 258//5 256//5
f 323//5 324//5 256//5
f 323//5 256//5 254//5
s 1
f 546//600 548//601 584//601
f 546//600 584//601 586//602
s 0
f 444//5 445//5 194//5
f 444//5 194//5 192//5
f 445//5 446//5 196//5
f 445//5 196//5 194//5
f 446//5 447//5 198//5
f 446//5 198//5 196//5
f 447//5 448//5 200//5
f 447//5 200//5 198//5
s 1
f 931//542 996//342 998//462
f 931//542 998//462 929//550
s 0
f 449//5 450//5 204//5
f 449//5 204//5 202//5
s 1
f 539//394 1021//393 1019//205
f 539//394 1019//205 541//204
s 0
f 455//5 456//5 216//5
f 455//5 216//5 214//5
s 1
f 1113//458 1111//533 627//580
f 1113//458 627//580 625//523
f 955//537 957//548 1022//530
f 955//537 1022//530 1024//535
f 881//355 879//4 529//331
f 881//355 529//331 527//353
f 548//601 550//248 582//250
f 548//601 582//250 584//601
f 961//578 1020//398 1022//530
f 961//578 1022//530 959//549
f 483//429 481//361 911//360
f 483//429 911//360 909//375
f 554//229 580//228 582//250
f 554//229 582//250 552//249
s 0
f 1308//6 713//6 712//6
f 1308//6 712//6 1306//6
f 1298//6 708//6 707//6
f 1298//6 707//6 1296//6
f 318//5 319//5 246//5
f 318//5 246//5 244//5
f 434//5 435//5 174//5
f 434//5 174//5 172//5
f 433//5 434//5 172//5
f 433//5 172//5 170//5
f 432//5 433//5 170//5
f 432//5 170//5 168//5
f 431//5 432//5 168//5
f 431//5 168//5 166//5
f 1278//6 698//6 697//6
f 1278//6 697//6 1276//6
f 1272//6 695//6 694//6
f 1272//6 694//6 1270//6
f 1270//6 694//6 693//6
f 1270//6 693//6 1268//6
s 1
f 556//227 558//256 576//255
f 556//227 576//255 578//227
s 0
f 1266//6 692//6 691//6
f 1266//6 691//6 1264//6
f 1264//6 691//6 690//6
f 1264//6 690//6 1262//6
f 1260//6 689//6 688//6
f 1260//6 688//6 1258//6
f 1258//6 688//6 687//6
f 1258//6 687//6 1256//6
f 1256//6 687//6 686//6
f 1256//6 686//6 1254//6
f 338//5 339//5 286//5
f 338//5 286//5 284//5
f 763//6 1408//6 1410//6
f 763//6 1410//6 764//6
f 764//6 1410//6 1412//6
f 764//6 1412//6 765//6
f 765//6 1412//6 1414//6
f 765//6 1414//6 766//6
f 766//6 1414//6 1416//6
f 766//6 1416//6 767//6
f 767//6 1416//6 1418//6
f 767//6 1418//6 768//6
f 768//6 1418//6 1420//6
f 768//6 1420//6 769//6
f 769//6 1420//6 1422//6
f 769//6 1422//6 770//6
f 770//6 1422//6 1424//6
f 770//6 1424//6 771//6
f 771//6 1424//6 1426//6
f 771//6 1426//6 772//6
f 772//6 1426//6 773//6
f 773//6 1426//6 774//6
f 774//6 1426//6 775//6
f 775//6 1426//6 1131//6
f 775//6 1131//6 776//6
f 776//6 1131//6 777//6
f 777//6 1131//6 778//6
s 1
f 1649//603 1062//604 1651//605
f 1026//606 1641//607 1323//608
f 814//609 1323//608 1641//607
f 1026//606 1323//608 1321//610
f 1088//611 1645//612 1026//606
f 1072//613 1070//614 1649//603
f 1649//603 1070//614 1068//615
f 1649//603 1068//615 1066//616
f 1066//616 1064//617 1649//603
f 1649//603 1064//617 1062//604
f 1651//605 952//618 1655//619
f 1078//620 1076//621 1649//603
f 1649//603 1076//621 1074//622
f 1649//603 1074//622 1072//613
f 1649//603 1088//611 1086//623
f 1649//603 1086//623 1084//624
f 1084//624 1082//625 1649//603
f 1649//603 1082//625 1080//626
f 1649//603 1080//626 1078//620
f 1651//605 1315//627 952//618
f 1651//605 1062//604 1060//628
f 1060//628 1058//629 1651//605
f 1655//619 950//630 1661//631
f 1651//605 1317//632 1315//627
f 1651//605 1058//629 1317//632
f 1661//631 948//633 946//634
f 1058//629 1056//635 1317//632
f 1317//632 1056//635 1054//636
f 1317//632 1054//636 1052//637
f 1317//632 1052//637 1319//638
f 1319//638 1052//637 1050//639
f 1050//639 1048//640 1319//638
f 1319//638 1048//640 1046//641
f 1319//638 1046//641 1044//642
f 1044//642 1042//622 1319//638
f 1319//638 1042//622 1040//643
f 1319//638 1040//643 1038//644
f 1038//644 1036//645 1319//638
f 1319//638 1036//645 1034//646
f 1319//638 1034//646 1032//647
f 1032//647 1030//648 1319//638
f 1319//638 1030//648 1028//649
f 1319//638 1028//649 1026//606
f 981//650 1311//651 919//652
f 919//652 1311//651 1309//653
f 1309//653 1307//654 1673//654
f 1309//653 1673//654 1669//655
f 919//652 1309//653 1669//655
f 981//650 979//656 1311//651
f 1311//651 979//656 978//657
f 1311//651 978//657 1313//658
f 1313//658 978//657 976//659
f 976//659 974//660 1313//658
f 1313//658 974//660 972//661
f 1313//658 972//661 970//662
f 970//662 968//663 1313//658
f 1313//658 968//663 966//664
f 1313//658 966//664 964//665
f 964//665 962//666 1313//658
f 1313//658 962//666 960//667
f 1313//658 960//667 958//668
f 958//668 956//669 1313//658
f 1313//658 956//669 954//670
f 1313//658 954//670 952//618
f 1655//619 952//618 950//630
f 934//662 932//671 1661//631
f 1661//631 932//671 930//672
f 1661//631 930//672 928//673
f 928//673 926//674 1661//631
f 1661//631 926//674 923//675
f 1661//631 923//675 1663//676
f 940//677 938//678 1661//631
f 1661//631 938//678 936//663
f 1661//631 936//663 934//662
f 1661//631 950//630 948//633
f 921//679 919//652 1663//676
f 946//634 944//680 1661//631
f 1661//631 944//680 942//681
f 1661//631 942//681 940//677
f 919//652 1669//655 1663//676
f 1663//676 923//675 921//679
f 876//682 1323//608 814//609
f 1645//612 1088//611 1649//603
f 816//683 1641//607 818//684
f 1026//606 1645//612 1641//607
f 832//685 1635//686 834//687
f 834//687 1635//686 836//688
f 836//688 1635//686 838//689
f 838//689 1635//686 840//690
f 840//690 1635//686 842//691
f 842//691 1635//686 844//692
f 814//609 1641//607 816//683
f 818//684 1641//607 1635//686
f 818//684 1635//686 820//693
f 820//693 1635//686 822//694
f 822//694 1635//686 824//695
f 824//695 1635//686 826//696
f 826//696 1635//686 828//697
f 828//697 1635//686 830//698
f 830//698 1635//686 832//685
f 844//692 1635//686 1633//699
f 844//692 1633//699 846//700
f 846//700 1633//699 1629//179
f 846//700 1329//178 1327//701
f 876//682 874//702 1323//608
f 1323//608 874//702 872//703
f 1323//608 872//703 1325//704
f 1325//704 872//703 870//705
f 870//705 868//706 1325//704
f 1325//704 868//706 866//707
f 1325//704 866//707 864//697
f 864//697 862//698 1325//704
f 1325//704 862//698 860//708
f 1325//704 860//708 858//709
f 858//709 856//710 1325//704
f 1325//704 856//710 854//711
f 1325//704 854//711 852//712
f 852//712 850//713 1325//704
f 1325//704 850//713 848//714
f 1325//704 848//714 1327//701
f 1327//701 848//714 846//700
f 1171//290 1169//715 1949//715
f 1171//290 1949//715 1945//290
f 1175//716 1173//289 1939//289
f 1175//716 1939//289 1937//716
f 1209//717 1207//291 1873//291
f 1209//717 1873//291 1869//717
f 1211//718 1209//717 1869//717
f 1211//718 1869//717 1865//718
f 1221//307 1219//719 1849//720
f 1221//307 1849//720 1843//307
s 0
f 9//6 2541//6 2545//6
s 1
f 1277//721 1275//722 1737//722
f 1277//721 1737//722 1731//721
f 1151//723 1149//724 1987//724
f 1151//723 1987//724 1983//723
f 1249//725 1247//726 1791//726
f 1249//725 1791//726 1789//725
f 1219//719 1217//727 1853//727
f 1219//719 1853//727 1849//720
f 1191//728 1189//729 1907//729
f 1191//728 1907//729 1905//728
f 1163//312 1161//730 1965//730
f 1163//312 1965//730 1961//312
s 0
f 7//6 2429//6 2431//6
s 1
f 1003//184 1005//329 1006//508
f 1003//184 1006//508 1004//513
f 1349//731 1347//732 1593//732
f 1349//731 1593//732 1587//731
f 1217//727 1215//301 1855//301
f 1217//727 1855//301 1853//727
f 1251//733 1249//725 1789//725
f 1251//733 1789//725 1785//733
f 1237//734 1235//304 1817//304
f 1237//734 1817//304 1811//734
f 1239//735 1237//734 1811//734
f 1239//735 1811//734 1809//735
f 1289//736 1287//737 1713//737
f 1289//736 1713//737 1709//736
f 1259//738 1257//739 1773//739
f 1259//738 1773//739 1769//738
f 1181//740 1179//314 1929//314
f 1181//740 1929//314 1923//740
s 0
f 2141//6 2143//6 5//6
f 2141//6 5//6 4//6
s 1
f 1265//741 1263//742 1759//742
f 1265//741 1759//742 1757//741
f 1203//743 1201//744 1885//744
f 1203//743 1885//744 1881//743
f 1205//292 1203//743 1881//743
f 1205//292 1881//743 1875//292
s 0
f 2373//6 2377//6 7//6
s 1
f 1283//745 1281//746 1725//746
f 1283//745 1725//746 1721//745
f 1253//747 1251//733 1785//733
f 1253//747 1785//733 1779//747
f 1287//737 1285//748 1715//748
f 1287//737 1715//748 1713//737
f 1285//748 1283//745 1721//745
f 1285//748 1721//745 1715//748
f 1275//722 1273//749 1741//749
f 1275//722 1741//749 1737//722
f 1281//746 1279//750 1727//750
f 1281//746 1727//750 1725//746
f 1199//751 1197//752 1891//752
f 1199//751 1891//752 1887//751
f 1367//313 1365//753 1555//753
f 1367//313 1555//753 1553//313
f 1305//754 1303//310 1681//310
f 1305//754 1681//310 1677//754
f 1387//755 1385//756 1517//756
f 1387//755 1517//756 1513//755
f 1341//757 1339//758 1609//758
f 1341//757 1609//758 1603//759
f 1263//742 1261//760 1763//760
f 1263//742 1763//760 1759//742
f 1299//761 1297//762 1693//762
f 1299//761 1693//762 1689//761
f 1269//763 1267//764 1753//764
f 1269//763 1753//764 1747//763
f 1271//765 1269//763 1747//763
f 1271//765 1747//763 1745//765
f 1273//749 1271//765 1745//765
f 1273//749 1745//765 1741//749
f 1357//766 1355//283 1577//283
f 1357//766 1577//283 1571//766
s 0
f 7//6 2399//6 2405//6
s 1
f 1169//715 1167//295 1951//295
f 1169//715 1951//295 1949//715
f 1347//732 1345//319 1597//319
f 1347//732 1597//319 1593//732
s 0
f 1//6 2341//6 2345//6
s 1
f 1353//284 1351//767 1585//767
f 1353//284 1585//767 1581//284
f 1255//768 1253//747 1779//747
f 1255//768 1779//747 1777//768
f 1201//744 1199//751 1887//751
f 1201//744 1887//751 1885//744
f 1419//769 1417//770 1453//770
f 1419//769 1453//770 1449//769
f 1359//303 1357//766 1571//766
f 1359//303 1571//766 1567//303
f 1391//771 1389//772 1507//772
f 1391//771 1507//772 1503//771
f 1161//730 1159//773 1969//773
f 1161//730 1969//773 1965//730
f 1413//774 1411//318 1465//318
f 1413//774 1465//318 1459//774
f 1383//775 1381//174 1523//174
f 1383//775 1523//174 1521//775
f 1337//776 1335//299 1617//299
f 1337//776 1617//299 1613//776
f 1339//758 1337//776 1613//776
f 1339//758 1613//776 1609//758
f 1343//320 1341//757 1603//759
f 1343//320 1603//759 1599//320
f 1293//777 1291//778 1705//778
f 1293//777 1705//778 1699//777
s 0
f 9//6 2581//6 2585//6
s 1
f 1351//767 1349//731 1587//731
f 1351//767 1587//731 1585//767
s 0
f 2093//6 2097//6 4//6
s 1
f 1415//779 1413//774 1459//774
f 1415//779 1459//774 1457//779
f 1307//654 1305//754 1677//754
f 1307//654 1677//754 1673//654
f 1261//760 1259//738 1769//738
f 1261//760 1769//738 1763//760
f 1407//298 1405//780 1475//780
f 1407//298 1475//780 1471//298
f 1291//778 1289//736 1709//736
f 1291//778 1709//736 1705//778
f 1245//781 1243//170 1801//170
f 1245//781 1801//170 1795//781
f 1231//782 1229//783 1827//783
f 1231//782 1827//783 1823//782
f 1401//784 1399//285 1489//285
f 1401//784 1489//285 1485//784
f 1423//785 1421//786 1443//786
f 1423//785 1443//786 1439//785
f 1439//785 1435//787 1425//787
f 1439//785 1425//787 1423//785
f 1321//610 1319//638 1026//606
f 1315//627 1313//658 952//618
f 1135//788 1133//789 2022//789
f 1135//788 2022//789 2015//788
f 1435//787 1433//790 1428//790
f 1435//787 1428//790 1425//787
f 1085//197 1087//599 1090//532
f 1085//197 1090//532 1092//198
s 0
f 1306//6 712//6 711//6
f 1306//6 711//6 1304//6
f 465//5 466//5 236//5
f 465//5 236//5 234//5
s 1
f 993//181 991//526 585//791
f 993//181 585//791 583//182
f 1127//475 1125//451 607//454
f 1127//475 607//454 605//589
s 0
f 1358//6 738//6 737//6
f 1358//6 737//6 1356//6
f 443//5 444//5 192//5
f 443//5 192//5 190//5
s 1
f 889//387 887//366 517//365
f 889//387 517//365 515//385
s 0
f 2613//6 2617//6 3//6
s 1
f 1229//783 1227//792 1833//792
f 1229//783 1833//792 1827//783
s 0
f 5//6 2175//6 2181//6
s 1
f 1385//756 1383//775 1521//775
f 1385//756 1521//775 1517//756
f 1159//773 1157//793 1971//793
f 1159//773 1971//793 1969//773
s 0
f 2421//6 2425//6 7//6
s 1
f 1295//794 1293//777 1699//777
f 1295//794 1699//777 1695//794
f 1241//171 1239//735 1809//735
f 1241//171 1809//735 1805//171
s 0
f 9//6 2533//6 2537//6
s 1
f 1403//795 1401//784 1485//784
f 1403//795 1485//784 1481//795
f 1177//315 1175//716 1937//716
f 1177//315 1937//716 1933//315
f 1225//796 1223//306 1841//306
f 1225//796 1841//306 1837//796
s 0
f 1//6 2301//6 2303//6
s 1
f 1018//399 1016//493 1015//522
f 1018//399 1015//522 1017//206
f 951//336 953//536 1024//535
f 951//336 1024//535 984//334
f 589//488 989//467 987//441
f 589//488 987//441 591//484
f 511//419 891//418 889//387
f 511//419 889//387 513//386
s 0
f 1294//6 706//6 705//6
f 1294//6 705//6 1292//6
f 464//5 465//5 234//5
f 464//5 234//5 232//5
f 1304//6 711//6 710//6
f 1304//6 710//6 1302//6
f 1314//6 716//6 715//6
f 1314//6 715//6 1312//6
s 1
f 1279//750 1277//721 1731//721
f 1279//750 1731//721 1727//750
f 1375//797 1373//798 1539//798
f 1375//797 1539//798 1535//797
f 1257//739 1255//768 1777//768
f 1257//739 1777//768 1773//739
s 0
f 2367//6 7//6 1//6
f 2367//6 1//6 2365//6
s 1
f 1149//724 1147//322 1993//322
f 1149//724 1993//322 1987//724
f 1421//786 1419//769 1449//769
f 1421//786 1449//769 1443//786
f 846//700 1629//179 1329//178
f 1189//729 1187//799 1913//799
f 1189//729 1913//799 1907//729
f 1197//752 1195//168 1897//168
f 1197//752 1897//168 1891//752
f 1157//793 1155//293 1977//293
f 1157//793 1977//293 1971//793
f 1153//294 1151//723 1983//723
f 1153//294 1983//723 1981//294
f 1417//770 1415//779 1457//779
f 1417//770 1457//779 1453//770
s 0
f 3//6 2047//6 2053//6
s 1
f 1141//317 1139//800 2009//800
f 1141//317 2009//800 2003//317
f 1405//780 1403//795 1481//795
f 1405//780 1481//795 1475//780
s 0
f 8//6 2469//6 2473//6
f 1//6 2353//6 2357//6
s 1
f 900//408 898//323 897//326
f 900//408 897//326 899//406
s 0
f 2169//6 2173//6 5//6
f 6//6 2237//6 2239//6
f 8//6 2489//6 2493//6
s 1
f 1267//764 1265//741 1757//741
f 1267//764 1757//741 1753//764
s 0
f 2559//6 2565//6 9//6
s 1
f 1373//798 1371//308 1545//308
f 1373//798 1545//308 1539//798
f 1227//792 1225//796 1837//796
f 1227//792 1837//796 1833//792
s 0
f 2585//6 2589//6 9//6
s 1
f 1389//772 1387//755 1513//755
f 1389//772 1513//755 1507//772
s 0
f 2079//6 2085//6 4//6
f 4//6 2109//6 2111//6
f 5//6 2189//6 2193//6
s 1
f 1247//726 1245//781 1795//781
f 1247//726 1795//781 1791//726
f 1297//762 1295//794 1695//794
f 1297//762 1695//794 1693//762
s 0
f 2205//6 2207//6 5//6
f 3//6 2029//6 2033//6
s 1
f 1137//801 1135//788 2015//788
f 1137//801 2015//788 2013//801
s 0
f 2143//6 2149//6 5//6
s 1
f 1185//802 1183//803 1919//803
f 1185//802 1919//803 1917//802
f 1333//300 1331//177 1625//177
f 1333//300 1625//177 1619//300
f 1377//173 1375//797 1535//797
f 1377//173 1535//797 1533//173
f 1233//305 1231//782 1823//782
f 1233//305 1823//782 1821//305
f 1301//311 1299//761 1689//761
f 1301//311 1689//761 1683//311
s 0
f 1340//6 729//6 728//6
f 1340//6 728//6 1338//6
f 441//5 442//5 188//5
f 441//5 188//5 186//5
f 435//5 436//5 176//5
f 435//5 176//5 174//5
f 1288//6 703//6 702//6
f 1288//6 702//6 1286//6
f 430//5 431//5 166//5
f 430//5 166//5 164//5
f 1398//6 758//6 757//6
f 1398//6 757//6 1396//6
f 335//5 336//5 280//5
f 335//5 280//5 278//5
s 1
f 492//254 514//254 516//804
f 492//254 516//804 490//805
s 0
f 1386//6 752//6 751//6
f 1386//6 751//6 1384//6
f 436//5 437//5 178//5
f 436//5 178//5 176//5
f 1320//6 719//6 718//6
f 1320//6 718//6 1318//6
f 429//5 430//5 164//5
f 429//5 164//5 162//5
f 317//5 318//5 244//5
f 317//5 244//5 242//5
f 1354//6 736//6 735//6
f 1354//6 735//6 1352//6
f 1352//6 735//6 734//6
f 1352//6 734//6 1350//6
f 319//5 320//5 248//5
f 319//5 248//5 246//5
s 1
f 2600//160 2596//158 297//158
f 2600//160 297//158 299//160
s 0
f 439//5 440//5 184//5
f 439//5 184//5 182//5
f 316//5 317//5 242//5
f 316//5 242//5 240//5
f 424//5 425//5 154//5
f 424//5 154//5 152//5
s 1
f 610//274 648//274 650//275
f 610//274 650//275 608//275
f 831//384 833//445 886//433
f 831//384 886//433 888//382
s 0
f 437//5 438//5 180//5
f 437//5 180//5 178//5
f 1300//6 709//6 708//6
f 1300//6 708//6 1298//6
f 442//5 443//5 190//5
f 442//5 190//5 188//5
s 1
f 549//520 1015//522 1013//469
f 549//520 1013//469 551//495
s 0
f 1276//6 697//6 696//6
f 1276//6 696//6 1274//6
s 1
f 1187//799 1185//802 1917//802
f 1187//799 1917//802 1913//799
f 1393//288 1391//771 1503//771
f 1393//288 1503//771 1501//288
s 0
f 1//6 2303//6 2309//6
s 1
f 1183//803 1181//740 1923//740
f 1183//803 1923//740 1919//803
f 1193//169 1191//728 1905//728
f 1193//169 1905//728 1901//169
f 1139//800 1137//801 2013//801
f 1139//800 2013//801 2009//800
s 0
f 5//6 2173//6 2175//6
s 1
f 1213//302 1211//718 1865//718
f 1213//302 1865//718 1859//302
f 1365//753 1363//175 1561//175
f 1365//753 1561//175 1555//753
s 0
f 6//6 2225//6 2229//6
f 6//6 2239//6 2245//6
f 5//6 2207//6 2213//6
s 1
f 865//447 867//450 904//402
f 865//447 904//402 906//448
f 882//436 839//435 841//351
f 882//436 841//351 880//350
f 553//497 1011//496 1009//500
f 553//497 1009//500 555//517
f 1093//559 1091//512 657//553
f 1093//559 657//553 655//557
f 1103//456 1101//345 643//594
f 1103//456 643//594 641//806
s 0
f 1376//6 747//6 746//6
f 1376//6 746//6 1374//6
s 1
f 1033//477 1035//592 1124//464
f 1033//477 1124//464 1126//474
s 0
f 1350//6 734//6 733//6
f 1350//6 733//6 1348//6
f 8//6 2481//6 2485//6
f 2397//6 2399//6 7//6
f 1318//6 718//6 717//6
f 1318//6 717//6 1316//6
s 1
f 495//416 903//415 901//405
f 495//416 901//405 497//404
s 0
f 417//5 418//5 140//5
f 417//5 140//5 138//5
f 421//5 422//5 148//5
f 421//5 148//5 146//5
f 1396//6 757//6 756//6
f 1396//6 756//6 1394//6
s 1
f 544//220 546//600 586//602
f 544//220 586//602 588//221
s 0
f 1378//6 748//6 747//6
f 1378//6 747//6 1376//6
f 1292//6 705//6 704//6
f 1292//6 704//6 1290//6
f 438//5 439//5 182//5
f 438//5 182//5 180//5
f 1302//6 710//6 709//6
f 1302//6 709//6 1300//6
f 1316//6 717//6 716//6
f 1316//6 716//6 1314//6
f 451//5 452//5 208//5
f 451//5 208//5 206//5
s 1
f 897//326 895//325 505//414
f 897//326 505//414 503//529
f 651//587 1095//370 1093//559
f 651//587 1093//559 653//558
s 0
f 1374//6 746//6 745//6
f 1374//6 745//6 1372//6
f 428//5 429//5 162//5
f 428//5 162//5 160//5
f 1274//6 696//6 695//6
f 1274//6 695//6 1272//6
f 419//5 420//5 144//5
f 419//5 144//5 142//5
f 1346//6 732//6 731//6
f 1346//6 731//6 1344//6
s 1
f 985//442 983//470 533//472
f 985//442 533//472 595//443
s 0
f 1328//6 723//6 722//6
f 1328//6 722//6 1326//6
s 1
f 601//591 1129//554 1127//475
f 601//591 1127//475 603//590
f 922//547 924//515 1002//514
f 922//547 1002//514 1004//513
f 1071//596 1073//560 1100//343
f 1071//596 1100//343 1102//342
s 0
f 454//5 455//5 214//5
f 454//5 214//5 212//5
f 1332//6 725//6 724//6
f 1332//6 724//6 1330//6
s 1
f 614//253 644//253 646//273
f 614//253 646//273 612//273
s 0
f 453//5 454//5 212//5
f 453//5 212//5 210//5
s 1
f 898//323 815//440 817//411
f 898//323 817//411 896//324
s 0
f 452//5 453//5 210//5
f 452//5 210//5 208//5
f 456//5 457//5 218//5
f 456//5 218//5 216//5
s 1
f 490//805 516//804 518//226
f 490//805 518//226 488//225
f 935//486 937//543 992//525
f 935//486 992//525 994//487
f 1081//588 1096//369 1098//368
f 1081//588 1098//368 1079//598
f 587//489 585//791 991//526
f 587//489 991//526 989//467
f 977//552 980//506 1008//504
f 977//552 1008//504 1010//503
f 1110//479 1112//534 1055//577
f 1110//479 1055//577 1057//439
f 945//201 947//482 986//481
f 945//201 986//481 988//202
f 647//563 1099//344 1097//367
f 647//563 1097//367 649//586
s 0
f 1326//6 722//6 721//6
f 1326//6 721//6 1324//6
s 1
f 1017//206 1015//522 547//521
f 1017//206 547//521 545//528
s 0
f 463//5 464//5 232//5
f 463//5 232//5 230//5
f 1310//6 714//6 713//6
f 1310//6 713//6 1308//6
f 1334//6 726//6 725//6
f 1334//6 725//6 1332//6
s 1
f 975//551 1010//503 1012//540
f 975//551 1012//540 973//539
f 1105//190 1103//456 641//806
f 1105//190 641//806 639//572
s 0
f 460//5 461//5 226//5
f 460//5 226//5 224//5
f 1312//6 715//6 714//6
f 1312//6 714//6 1310//6
f 461//5 462//5 228//5
f 461//5 228//5 226//5
f 1344//6 731//6 730//6
f 1344//6 730//6 1342//6
s 1
f 484//247 486//224 518//226
f 484//247 518//226 520//247
s 0
f 450//5 451//5 206//5
f 450//5 206//5 204//5
s 1
f 1065//584 1067//574 1104//455
f 1065//584 1104//455 1106//457
s 0
f 1262//6 690//6 689//6
f 1262//6 689//6 1260//6
f 1392//6 755//6 754//6
f 1392//6 754//6 1390//6
f 1384//6 751//6 750//6
f 1384//6 750//6 1382//6
s 1
f 577//498 997//463 995//180
f 577//498 995//180 579//494
s 0
f 1360//6 739//6 738//6
f 1360//6 738//6 1358//6
s 1
f 1456//807 1458//808 1461//808
f 1456//807 1461//808 1455//807
f 1488//809 1490//810 1493//810
f 1488//809 1493//810 1487//809
f 1520//811 1522//812 1525//812
f 1520//811 1525//812 1519//811
f 1552//813 1554//814 1557//814
f 1552//813 1557//814 1551//813
f 1584//815 1586//816 1589//816
f 1584//815 1589//816 1583//815
f 1616//817 1618//818 1621//818
f 1616//817 1621//818 1615//817
f 1648//819 1650//820 1653//821
f 1648//819 1653//821 1647//819
f 1680//822 1682//823 1685//823
f 1680//822 1685//823 1679//822
f 1712//824 1714//825 1717//825
f 1712//824 1717//825 1711//824
f 1744//826 1746//827 1749//827
f 1744//826 1749//827 1743//826
f 1776//828 1778//829 1781//829
f 1776//828 1781//829 1775//828
f 1808//830 1810//831 1813//831
f 1808//830 1813//831 1807//830
f 1840//832 1842//833 1845//833
f 1840//832 1845//833 1839//832
f 1872//834 1874//835 1877//835
f 1872//834 1877//835 1871//834
f 1904//836 1906//837 1909//837
f 1904//836 1909//837 1903//836
f 1936//838 1938//839 1941//839
f 1936//838 1941//839 1935//838
f 1968//840 1970//841 1973//841
f 1968//840 1973//841 1967//840
f 2000//842 2002//843 2005//843
f 2000//842 2005//843 1999//842
f 1458//808 1464//844 1463//844
f 1458//808 1463//844 1461//808
f 1490//810 1496//845 1495//845
f 1490//810 1495//845 1493//810
f 1522//812 1528//846 1527//846
f 1522//812 1527//846 1525//812
f 1554//814 1560//847 1559//847
f 1554//814 1559//847 1557//814
f 1586//816 1592//848 1591//848
f 1586//816 1591//848 1589//816
f 1618//818 1624//849 1623//849
f 1618//818 1623//849 1621//818
f 1650//820 1654//850 1657//851
f 1650//820 1657//851 1653//821
f 1682//823 1688//852 1687//852
f 1682//823 1687//852 1685//823
f 1714//825 1720//853 1719//853
f 1714//825 1719//853 1717//825
f 1746//827 1752//854 1751//854
f 1746//827 1751//854 1749//827
f 1778//829 1784//855 1783//855
f 1778//829 1783//855 1781//829
f 1810//831 1816//856 1815//856
f 1810//831 1815//856 1813//831
f 1842//833 1848//857 1847//857
f 1842//833 1847//857 1845//833
f 1874//835 1880//858 1879//858
f 1874//835 1879//858 1877//835
f 1906//837 1912//859 1911//859
f 1906//837 1911//859 1909//837
f 1938//839 1944//860 1943//860
f 1938//839 1943//860 1941//839
f 1970//841 1976//861 1975//861
f 1970//841 1975//861 1973//841
f 2002//843 2008//862 2007//862
f 2002//843 2007//862 2005//843
f 1432//863 1434//864 1437//864
f 1432//863 1437//864 1430//863
f 1464//844 1468//865 1467//865
f 1464//844 1467//865 1463//844
f 1496//845 1500//866 1499//866
f 1496//845 1499//866 1495//845
f 1528//846 1532//867 1531//867
f 1528//846 1531//867 1527//846
f 1560//847 1564//868 1563//868
f 1560//847 1563//868 1559//847
f 1592//848 1596//869 1595//869
f 1592//848 1595//869 1591//848
f 1624//849 1628//870 1627//871
f 1624//849 1627//871 1623//849
f 1654//850 1660//872 1659//872
f 1654//850 1659//872 1657//851
f 1688//852 1692//873 1691//873
f 1688//852 1691//873 1687//852
f 1720//853 1724//874 1723//874
f 1720//853 1723//874 1719//853
f 1752//854 1756//875 1755//875
f 1752//854 1755//875 1751//854
f 1784//855 1788//876 1787//876
f 1784//855 1787//876 1783//855
f 1816//856 1820//877 1819//877
f 1816//856 1819//877 1815//856
f 1848//857 1852//878 1851//878
f 1848//857 1851//878 1847//857
f 1880//858 1884//879 1883//879
f 1880//858 1883//879 1879//858
f 1912//859 1916//880 1915//880
f 1912//859 1915//880 1911//859
f 1944//860 1948//881 1947//881
f 1944//860 1947//881 1943//860
f 1976//861 1980//882 1979//882
f 1976//861 1979//882 1975//861
f 2008//862 2012//883 2011//883
f 2008//862 2011//883 2007//862
f 1430//863 2019//884 2021//884
f 1430//863 2021//884 1432//863
f 1434//864 1438//885 1441//885
f 1434//864 1441//885 1437//864
f 1468//865 1470//886 1473//886
f 1468//865 1473//886 1467//865
f 1500//866 1502//887 1505//887
f 1500//866 1505//887 1499//866
f 1532//867 1534//888 1537//888
f 1532//867 1537//888 1531//867
f 1564//868 1566//889 1569//889
f 1564//868 1569//889 1563//868
f 1596//869 1598//890 1601//890
f 1596//869 1601//890 1595//869
f 1628//870 1632//891 1631//892
f 1628//870 1631//892 1627//871
f 1660//872 1662//893 1665//894
f 1660//872 1665//894 1659//872
f 1692//873 1694//895 1697//895
f 1692//873 1697//895 1691//873
f 1724//874 1726//896 1729//896
f 1724//874 1729//896 1723//874
f 1756//875 1758//897 1761//897
f 1756//875 1761//897 1755//875
f 1788//876 1790//898 1793//898
f 1788//876 1793//898 1787//876
f 1820//877 1822//899 1825//899
f 1820//877 1825//899 1819//877
f 1852//878 1854//900 1857//900
f 1852//878 1857//900 1851//878
f 1884//879 1886//901 1889//901
f 1884//879 1889//901 1883//879
f 1916//880 1918//902 1921//902
f 1916//880 1921//902 1915//880
f 1948//881 1950//903 1953//903
f 1948//881 1953//903 1947//881
f 1980//882 1982//904 1985//904
f 1980//882 1985//904 1979//882
f 2012//883 2014//905 2017//905
f 2012//883 2017//905 2011//883
f 1438//885 1442//906 1445//906
f 1438//885 1445//906 1441//885
f 1470//886 1474//907 1477//907
f 1470//886 1477//907 1473//886
f 1502//887 1506//908 1509//908
f 1502//887 1509//908 1505//887
f 1534//888 1538//909 1541//909
f 1534//888 1541//909 1537//888
f 1566//889 1570//910 1573//910
f 1566//889 1573//910 1569//889
f 1598//890 1602//911 1605//911
f 1598//890 1605//911 1601//890
f 1632//891 1634//912 1637//912
f 1632//891 1637//912 1631//892
f 1662//893 1668//913 1667//913
f 1662//893 1667//913 1665//894
f 1694//895 1698//914 1701//914
f 1694//895 1701//914 1697//895
f 1726//896 1730//915 1733//915
f 1726//896 1733//915 1729//896
f 1758//897 1762//916 1765//916
f 1758//897 1765//916 1761//897
f 1790//898 1794//917 1797//917
f 1790//898 1797//917 1793//898
f 1854//900 1858//918 1861//918
f 1854//900 1861//918 1857//900
f 1886//901 1890//919 1893//919
f 1886//901 1893//919 1889//901
f 1918//902 1922//920 1925//920
f 1918//902 1925//920 1921//902
f 1950//903 1954//921 1957//921
f 1950//903 1957//921 1953//903
f 1982//904 1986//922 1989//922
f 1982//904 1989//922 1985//904
f 2014//905 2021//884 2019//884
f 2014//905 2019//884 2017//905
f 1822//899 1826//923 1829//923
f 1822//899 1829//923 1825//899
f 1442//906 1448//924 1447//924
f 1442//906 1447//924 1445//906
f 1474//907 1480//925 1479//926
f 1474//907 1479//926 1477//907
f 1506//908 1512//927 1511//927
f 1506//908 1511//927 1509//908
f 1538//909 1544//928 1543//928
f 1538//909 1543//928 1541//909
f 1570//910 1576//929 1575//929
f 1570//910 1575//929 1573//910
f 1602//911 1608//930 1607//930
f 1602//911 1607//930 1605//911
f 1634//912 1640//931 1639//932
f 1634//912 1639//932 1637//912
f 1668//913 1672//933 1671//933
f 1668//913 1671//933 1667//913
f 1698//914 1704//934 1703//934
f 1698//914 1703//934 1701//914
f 1730//915 1736//935 1735//935
f 1730//915 1735//935 1733//915
f 1762//916 1768//936 1767//936
f 1762//916 1767//936 1765//916
f 1794//917 1800//937 1799//937
f 1794//917 1799//937 1797//917
f 1826//923 1832//938 1831//938
f 1826//923 1831//938 1829//923
f 1858//918 1864//939 1863//939
f 1858//918 1863//939 1861//918
f 1890//919 1896//940 1895//940
f 1890//919 1895//940 1893//919
f 1922//920 1928//941 1927//941
f 1922//920 1927//941 1925//920
f 1954//921 1960//942 1959//942
f 1954//921 1959//942 1957//921
f 1986//922 1992//943 1991//943
f 1986//922 1991//943 1989//922
f 1448//924 1452//944 1451//944
f 1448//924 1451//944 1447//924
f 1480//925 1484//945 1483//945
f 1480//925 1483//945 1479//926
f 1512//927 1516//946 1515//946
f 1512//927 1515//946 1511//927
f 1544//928 1548//947 1547//947
f 1544//928 1547//947 1543//928
f 1576//929 1580//948 1579//948
f 1576//929 1579//948 1575//929
f 1608//930 1612//949 1611//949
f 1608//930 1611//949 1607//930
f 1640//931 1644//950 1643//951
f 1640//931 1643//951 1639//932
f 1672//933 1676//952 1675//952
f 1672//933 1675//952 1671//933
f 1704//934 1708//953 1707//953
f 1704//934 1707//953 1703//934
f 1736//935 1740//954 1739//954
f 1736//935 1739//954 1735//935
f 1768//936 1772//955 1771//955
f 1768//936 1771//955 1767//936
f 1800//937 1804//956 1803//956
f 1800//937 1803//956 1799//937
f 1832//938 1836//957 1835//957
f 1832//938 1835//957 1831//938
f 1864//939 1868//958 1867//958
f 1864//939 1867//958 1863//939
f 1896//940 1900//959 1899//959
f 1896//940 1899//959 1895//940
f 1928//941 1932//960 1931//960
f 1928//941 1931//960 1927//941
f 1960//942 1964//961 1963//961
f 1960//942 1963//961 1959//942
f 1992//943 1996//962 1995//962
f 1992//943 1995//962 1991//943
f 1452//944 1456//807 1455//807
f 1452//944 1455//807 1451//944
f 1484//945 1488//809 1487//809
f 1484//945 1487//809 1483//945
f 1516//946 1520//811 1519//811
f 1516//946 1519//811 1515//946
f 1548//947 1552//813 1551//813
f 1548//947 1551//813 1547//947
f 1580//948 1584//815 1583//815
f 1580//948 1583//815 1579//948
f 1612//949 1616//817 1615//817
f 1612//949 1615//817 1611//949
f 1644//950 1648//819 1647//819
f 1644//950 1647//819 1643//951
f 1676//952 1680//822 1679//822
f 1676//952 1679//822 1675//952
f 1708//953 1712//824 1711//824
f 1708//953 1711//824 1707//953
f 1740//954 1744//826 1743//826
f 1740//954 1743//826 1739//954
f 1772//955 1776//828 1775//828
f 1772//955 1775//828 1771//955
f 1804//956 1808//830 1807//830
f 1804//956 1807//830 1803//956
f 1836//957 1840//832 1839//832
f 1836//957 1839//832 1835//957
f 1868//958 1872//834 1871//834
f 1868//958 1871//834 1867//958
f 1900//959 1904//836 1903//836
f 1900//959 1903//836 1899//959
f 1932//960 1936//838 1935//838
f 1932//960 1935//838 1931//960
f 1964//961 1968//840 1967//840
f 1964//961 1967//840 1963//961
f 1996//962 2000//842 1999//842
f 1996//962 1999//842 1995//962
s 0
f 1450//963 1454//963 1460//963
f 1460//964 1462//964 1466//964
f 1466//5 1472//5 1476//5
f 1476//5 1478//5 1482//5
f 1482//963 1486//963 1492//963
f 1492//963 1494//963 1498//963
f 1498//5 1504//5 1508//5
f 1508//5 1510//5 1514//5
f 1514//5 1518//5 1524//5
f 1524//5 1526//5 1530//5
f 1530//5 1536//5 1540//5
f 1540//5 1542//5 1546//5
f 1546//5 1550//5 1556//5
f 1556//5 1558//5 1562//5
f 1562//5 1568//5 1572//5
f 1572//5 1574//5 1578//5
f 1578//5 1582//5 1588//5
f 1588//5 1590//5 1594//5
f 1594//5 1600//5 1604//5
f 1604//5 1606//5 1610//5
f 1610//5 1614//5 1620//5
f 1620//5 1622//5 1626//5
f 1626//5 1630//5 1636//5
f 1636//964 1638//964 1642//964
f 1642//963 1646//963 1652//963
f 1652//964 1656//964 1658//964
f 1658//963 1664//963 1666//963
f 1666//5 1670//5 1674//5
f 1674//964 1678//964 1684//964
f 1684//964 1686//964 1690//964
f 1690//5 1696//5 1700//5
f 1700//963 1702//963 1706//963
f 1706//5 1710//5 1716//5
f 1716//963 1718//963 1722//963
f 1722//963 1728//963 1732//963
f 1732//5 1734//5 1738//5
f 1738//963 1742//963 1748//963
f 1748//5 1750//5 1754//5
f 1754//5 1760//5 1764//5
f 1764//964 1766//964 1770//964
f 1770//5 1774//5 1780//5
f 1780//5 1782//5 1786//5
f 1786//964 1792//964 1796//964
f 1796//963 1798//963 1802//963
f 1802//5 1806//5 1812//5
f 1812//5 1814//5 1818//5
f 1818//5 1824//5 1828//5
f 1828//5 1830//5 1834//5
f 1834//5 1838//5 1844//5
f 1844//5 1846//5 1850//5
f 1850//5 1856//5 1860//5
f 1860//5 1862//5 1866//5
f 1866//5 1870//5 1876//5
f 1876//5 1878//5 1882//5
f 1882//5 1888//5 1892//5
f 1892//5 1894//5 1898//5
f 1898//5 1902//5 1908//5
f 1908//5 1910//5 1914//5
f 1914//5 1920//5 1924//5
f 1924//5 1926//5 1930//5
f 1930//5 1934//5 1940//5
f 1940//5 1942//5 1946//5
f 1946//963 1952//963 1956//963
f 1956//963 1958//963 1962//963
f 1962//963 1966//963 1972//963
f 1972//5 1974//5 1978//5
f 1978//963 1984//963 1988//963
f 1988//5 1990//5 1994//5
f 1994//964 1998//964 2004//964
f 2004//964 2006//964 2010//964
f 2010//964 2016//964 2018//964
f 2018//5 1429//5 1436//5
f 1436//964 1440//964 1444//964
f 1444//5 1446//5 1450//5
f 1450//5 1460//5 1466//5
f 1466//5 1476//5 1482//5
f 1482//5 1492//5 1498//5
f 1498//5 1508//5 1514//5
f 1514//5 1524//5 1530//5
f 1530//5 1540//5 1546//5
f 1546//5 1556//5 1562//5
f 1562//5 1572//5 1578//5
f 1578//5 1588//5 1594//5
f 1594//5 1604//5 1610//5
f 1610//5 1620//5 1626//5
f 1626//5 1636//5 1642//5
f 1642//5 1652//5 1658//5
f 1658//5 1666//5 1674//5
f 1674//5 1684//5 1690//5
f 1690//5 1700//5 1706//5
f 1706//5 1716//5 1722//5
f 1722//5 1732//5 1738//5
f 1738//5 1748//5 1754//5
f 1754//5 1764//5 1770//5
f 1770//5 1780//5 1786//5
f 1786//5 1796//5 1802//5
f 1802//5 1812//5 1818//5
f 1818//5 1828//5 1834//5
f 1834//5 1844//5 1850//5
f 1850//5 1860//5 1866//5
f 1866//5 1876//5 1882//5
f 1882//5 1892//5 1898//5
f 1898//5 1908//5 1914//5
f 1914//5 1924//5 1930//5
f 1930//5 1940//5 1946//5
f 1946//5 1956//5 1962//5
f 1962//5 1972//5 1978//5
f 1978//5 1988//5 1994//5
f 1994//5 2004//5 2010//5
f 2010//5 2018//5 1436//5
f 1436//5 1444//5 1450//5
f 1450//5 1466//5 1482//5
f 1482//5 1498//5 1514//5
f 1514//5 1530//5 1546//5
f 1546//5 1562//5 1578//5
f 1578//5 1594//5 1610//5
f 1610//5 1626//5 1642//5
f 1642//5 1658//5 1674//5
f 1674//5 1690//5 1706//5
f 1706//5 1722//5 1738//5
f 1738//5 1754//5 1770//5
f 1770//5 1786//5 1802//5
f 1802//5 1818//5 1834//5
f 1834//5 1850//5 1866//5
f 1866//5 1882//5 1898//5
f 1898//5 1914//5 1930//5
f 1930//5 1946//5 1962//5
f 1962//5 1978//5 1994//5
f 1994//5 2010//5 1436//5
f 1436//5 1450//5 1482//5
f 1482//5 1514//5 1546//5
f 1546//5 1578//5 1610//5
f 1610//5 1642//5 1674//5
f 1674//5 1706//5 1738//5
f 1738//5 1770//5 1802//5
f 1802//5 1834//5 1866//5
f 1866//5 1898//5 1930//5
f 1930//5 1962//5 1994//5
f 1994//5 1436//5 1482//5
f 1482//5 1546//5 1610//5
f 1610//5 1674//5 1738//5
f 1738//5 1802//5 1866//5
f 1866//5 1930//5 1994//5
f 1994//5 1482//5 1610//5
f 1610//5 1738//5 1866//5
f 1610//5 1866//5 1994//5
s 1
f 2049//965 2051//966 2054//967
f 2049//965 2054//967 2048//968
f 2081//969 2083//970 2086//971
f 2081//969 2086//971 2080//972
f 2113//973 2115//974 2118//975
f 2113//973 2118//975 2112//976
f 2145//977 2147//978 2150//979
f 2145//977 2150//979 2144//980
f 2177//981 2179//982 2182//983
f 2177//981 2182//983 2176//984
f 2209//985 2211//986 2214//987
f 2209//985 2214//987 2208//988
f 2241//989 2243//990 2246//991
f 2241//989 2246//991 2240//992
f 2273//993 2275//994 2278//995
f 2273//993 2278//995 2272//996
f 2305//997 2307//998 2310//999
f 2305//997 2310//999 2304//1000
f 2337//1001 2339//1002 2342//1003
f 2337//1001 2342//1003 2336//1004
f 2369//1005 2371//1006 2374//1007
f 2369//1005 2374//1007 2368//1008
f 2401//1009 2403//1010 2406//1011
f 2401//1009 2406//1011 2400//1012
f 2433//1013 2435//1014 2438//1015
f 2433//1013 2438//1015 2432//1016
f 2465//1017 2467//1018 2470//1019
f 2465//1017 2470//1019 2464//1020
f 2497//1021 2499//1022 2502//1023
f 2497//1021 2502//1023 2496//1024
f 2529//1025 2531//1026 2534//1027
f 2529//1025 2534//1027 2528//1028
f 2561//1029 2563//1030 2566//1031
f 2561//1029 2566//1031 2560//1032
f 2593//1033 2595//1034 2598//1035
f 2593//1033 2598//1035 2592//1036
f 2625//1037 2627//1038 2630//1039
f 2625//1037 2630//1039 2624//1040
f 2051//966 2055//1041 2058//1042
f 2051//966 2058//1042 2054//967
f 2083//970 2087//1043 2090//1044
f 2083//970 2090//1044 2086//971
f 2115//974 2119//1045 2122//1046
f 2115//974 2122//1046 2118//975
f 2147//978 2151//1047 2154//1048
f 2147//978 2154//1048 2150//979
f 2179//982 2183//1049 2186//1050
f 2179//982 2186//1050 2182//983
f 2211//986 2215//1051 2218//1052
f 2211//986 2218//1052 2214//987
f 2243//990 2247//1053 2250//1054
f 2243//990 2250//1054 2246//991
f 2275//994 2279//1055 2282//1056
f 2275//994 2282//1056 2278//995
f 2307//998 2311//1057 2314//1058
f 2307//998 2314//1058 2310//999
f 2339//1002 2343//1059 2346//1060
f 2339//1002 2346//1060 2342//1003
f 2371//1006 2375//1061 2378//1062
f 2371//1006 2378//1062 2374//1007
f 2403//1010 2407//1063 2410//1064
f 2403//1010 2410//1064 2406//1011
f 2435//1014 2439//1065 2442//1066
f 2435//1014 2442//1066 2438//1015
f 2467//1018 2471//1067 2474//1068
f 2467//1018 2474//1068 2470//1019
f 2499//1022 2503//1069 2506//1070
f 2499//1022 2506//1070 2502//1023
f 2531//1026 2535//1071 2538//1072
f 2531//1026 2538//1072 2534//1027
f 2563//1030 2567//1073 2570//1074
f 2563//1030 2570//1074 2566//1031
f 2595//1034 2599//1075 2602//1076
f 2595//1034 2602//1076 2598//1035
f 2627//1038 2631//1077 2634//1078
f 2627//1038 2634//1078 2630//1039
f 2026//1079 2634//1078 2631//1077
f 2026//1079 2631//1077 2023//1079
f 2023//1079 2027//1080 2030//1081
f 2023//1079 2030//1081 2026//1079
f 2055//1041 2059//1082 2062//1083
f 2055//1041 2062//1083 2058//1042
f 2087//1043 2091//1084 2094//1085
f 2087//1043 2094//1085 2090//1044
f 2119//1045 2123//1086 2126//1087
f 2119//1045 2126//1087 2122//1046
f 2151//1047 2155//1088 2158//1089
f 2151//1047 2158//1089 2154//1048
f 2183//1049 2187//1090 2190//1091
f 2183//1049 2190//1091 2186//1050
f 2215//1051 2219//1092 2222//1093
f 2215//1051 2222//1093 2218//1052
f 2247//1053 2251//1094 2254//1095
f 2247//1053 2254//1095 2250//1054
f 2279//1055 2283//1096 2286//1097
f 2279//1055 2286//1097 2282//1056
f 2311//1057 2315//1098 2318//1099
f 2311//1057 2318//1099 2314//1058
f 2343//1059 2347//1100 2350//1101
f 2343//1059 2350//1101 2346//1060
f 2375//1061 2379//1102 2382//1103
f 2375//1061 2382//1103 2378//1062
f 2407//1063 2411//1104 2414//1105
f 2407//1063 2414//1105 2410//1064
f 2439//1065 2443//1106 2446//1107
f 2439//1065 2446//1107 2442//1066
f 2471//1067 2475//1108 2478//1109
f 2471//1067 2478//1109 2474//1068
f 2503//1069 2507//1110 2510//1111
f 2503//1069 2510//1111 2506//1070
f 2535//1071 2539//1112 2542//1113
f 2535//1071 2542//1113 2538//1072
f 2567//1073 2571//1114 2574//1115
f 2567//1073 2574//1115 2570//1074
f 2599//1075 2603//1116 2606//1117
f 2599//1075 2606//1117 2602//1076
f 2027//1080 2031//1118 2034//1119
f 2027//1080 2034//1119 2030//1081
f 2059//1082 2063//1120 2066//1121
f 2059//1082 2066//1121 2062//1083
f 2091//1084 2095//1122 2098//1123
f 2091//1084 2098//1123 2094//1085
f 2123//1086 2127//1124 2130//1125
f 2123//1086 2130//1125 2126//1087
f 2155//1088 2159//1126 2162//1127
f 2155//1088 2162//1127 2158//1089
f 2187//1090 2191//1128 2194//1129
f 2187//1090 2194//1129 2190//1091
f 2219//1092 2223//1130 2226//1131
f 2219//1092 2226//1131 2222//1093
f 2251//1094 2255//1132 2258//1133
f 2251//1094 2258//1133 2254//1095
f 2283//1096 2287//1134 2290//1135
f 2283//1096 2290//1135 2286//1097
f 2315//1098 2319//1136 2322//1137
f 2315//1098 2322//1137 2318//1099
f 2347//1100 2351//1138 2354//1139
f 2347//1100 2354//1139 2350//1101
f 2379//1102 2383//1140 2386//1141
f 2379//1102 2386//1141 2382//1103
f 2411//1104 2415//1142 2418//1143
f 2411//1104 2418//1143 2414//1105
f 2443//1106 2447//1144 2450//1145
f 2443//1106 2450//1145 2446//1107
f 2475//1108 2479//1146 2482//1147
f 2475//1108 2482//1147 2478//1109
f 2507//1110 2511//1148 2514//1149
f 2507//1110 2514//1149 2510//1111
f 2539//1112 2543//1150 2546//1151
f 2539//1112 2546//1151 2542//1113
f 2571//1114 2575//1152 2578//1153
f 2571//1114 2578//1153 2574//1115
f 2603//1116 2607//1154 2610//1155
f 2603//1116 2610//1155 2606//1117
f 2031//1118 2035//1156 2038//1157
f 2031//1118 2038//1157 2034//1119
f 2063//1120 2067//1158 2070//1159
f 2063//1120 2070//1159 2066//1121
f 2095//1122 2099//1160 2102//1161
f 2095//1122 2102//1161 2098//1123
f 2127//1124 2131//1162 2134//1163
f 2127//1124 2134//1163 2130//1125
f 2159//1126 2163//1164 2166//1165
f 2159//1126 2166//1165 2162//1127
f 2191//1128 2195//1166 2198//1167
f 2191//1128 2198//1167 2194//1129
f 2223//1130 2227//1168 2230//1169
f 2223//1130 2230//1169 2226//1131
f 2255//1132 2259//1170 2262//1171
f 2255//1132 2262//1171 2258//1133
f 2287//1134 2291//1172 2294//1173
f 2287//1134 2294//1173 2290//1135
f 2319//1136 2323//1174 2326//1175
f 2319//1136 2326//1175 2322//1137
f 2351//1138 2355//1176 2358//1177
f 2351//1138 2358//1177 2354//1139
f 2383//1140 2387//1178 2390//1179
f 2383//1140 2390//1179 2386//1141
f 2415//1142 2419//1180 2422//1181
f 2415//1142 2422//1181 2418//1143
f 2447//1144 2451//1182 2454//1183
f 2447//1144 2454//1183 2450//1145
f 2479//1146 2483//1184 2486//1185
f 2479//1146 2486//1185 2482//1147
f 2511//1148 2515//1186 2518//1187
f 2511//1148 2518//1187 2514//1149
f 2543//1150 2547//1188 2550//1189
f 2543//1150 2550//1189 2546//1151
f 2575//1152 2579//1190 2582//1191
f 2575//1152 2582//1191 2578//1153
f 2607//1154 2611//1192 2614//1193
f 2607//1154 2614//1193 2610//1155
f 2035//1156 2039//1194 2042//1195
f 2035//1156 2042//1195 2038//1157
f 2067//1158 2071//1196 2074//1197
f 2067//1158 2074//1197 2070//1159
f 2099//1160 2103//1198 2106//1199
f 2099//1160 2106//1199 2102//1161
f 2131//1162 2135//1200 2138//1201
f 2131//1162 2138//1201 2134//1163
f 2163//1164 2167//1202 2170//1203
f 2163//1164 2170//1203 2166//1165
f 2195//1166 2199//1204 2202//1205
f 2195//1166 2202//1205 2198//1167
f 2227//1168 2231//1206 2234//1207
f 2227//1168 2234//1207 2230//1169
f 2259//1170 2263//1208 2266//1209
f 2259//1170 2266//1209 2262//1171
f 2291//1172 2295//1210 2298//1211
f 2291//1172 2298//1211 2294//1173
f 2323//1174 2327//1212 2330//1213
f 2323//1174 2330//1213 2326//1175
f 2355//1176 2359//1214 2362//1215
f 2355//1176 2362//1215 2358//1177
f 2387//1178 2391//1216 2394//1217
f 2387//1178 2394//1217 2390//1179
f 2419//1180 2423//1218 2426//1219
f 2419//1180 2426//1219 2422//1181
f 2451//1182 2455//1220 2458//1221
f 2451//1182 2458//1221 2454//1183
f 2483//1184 2487//1222 2490//1223
f 2483//1184 2490//1223 2486//1185
f 2515//1186 2519//1224 2522//1225
f 2515//1186 2522//1225 2518//1187
f 2547//1188 2551//1226 2554//1227
f 2547//1188 2554//1227 2550//1189
f 2579//1190 2583//1228 2586//1229
f 2579//1190 2586//1229 2582//1191
f 2611//1192 2615//1230 2618//1231
f 2611//1192 2618//1231 2614//1193
f 2039//1194 2043//1232 2046//1233
f 2039//1194 2046//1233 2042//1195
f 2071//1196 2075//1234 2078//1235
f 2071//1196 2078//1235 2074//1197
f 2103//1198 2107//1236 2110//1237
f 2103//1198 2110//1237 2106//1199
f 2135//1200 2139//1238 2142//1239
f 2135//1200 2142//1239 2138//1201
f 2167//1202 2171//1240 2174//1241
f 2167//1202 2174//1241 2170//1203
f 2199//1204 2203//1242 2206//1243
f 2199//1204 2206//1243 2202//1205
f 2231//1206 2235//1244 2238//1245
f 2231//1206 2238//1245 2234//1207
f 2263//1208 2267//1246 2270//1247
f 2263//1208 2270//1247 2266//1209
f 2295//1210 2299//1248 2302//1249
f 2295//1210 2302//1249 2298//1211
f 2327//1212 2331//1250 2334//1251
f 2327//1212 2334//1251 2330//1213
f 2359//1214 2363//1252 2366//1253
f 2359//1214 2366//1253 2362//1215
f 2391//1216 2395//1254 2398//1255
f 2391//1216 2398//1255 2394//1217
f 2423//1218 2427//1256 2430//1257
f 2423//1218 2430//1257 2426//1219
f 2455//1220 2459//1258 2462//1259
f 2455//1220 2462//1259 2458//1221
f 2487//1222 2491//1260 2494//1261
f 2487//1222 2494//1261 2490//1223
f 2519//1224 2523//1262 2526//1263
f 2519//1224 2526//1263 2522//1225
f 2551//1226 2555//1264 2558//1265
f 2551//1226 2558//1265 2554//1227
f 2583//1228 2587//1266 2590//1267
f 2583//1228 2590//1267 2586//1229
f 2615//1230 2619//1268 2622//1269
f 2615//1230 2622//1269 2618//1231
f 2043//1232 2049//965 2048//968
f 2043//1232 2048//968 2046//1233
f 2075//1234 2081//969 2080//972
f 2075//1234 2080//972 2078//1235
f 2107//1236 2113//973 2112//976
f 2107//1236 2112//976 2110//1237
f 2139//1238 2145//977 2144//980
f 2139//1238 2144//980 2142//1239
f 2171//1240 2177//981 2176//984
f 2171//1240 2176//984 2174//1241
f 2203//1242 2209//985 2208//988
f 2203//1242 2208//988 2206//1243
f 2235//1244 2241//989 2240//992
f 2235//1244 2240//992 2238//1245
f 2267//1246 2273//993 2272//996
f 2267//1246 2272//996 2270//1247
f 2299//1248 2305//997 2304//1000
f 2299//1248 2304//1000 2302//1249
f 2331//1250 2337//1001 2336//1004
f 2331//1250 2336//1004 2334//1251
f 2363//1252 2369//1005 2368//1008
f 2363//1252 2368//1008 2366//1253
f 2395//1254 2401//1009 2400//1012
f 2395//1254 2400//1012 2398//1255
f 2427//1256 2433//1013 2432//1016
f 2427//1256 2432//1016 2430//1257
f 2459//1258 2465//1017 2464//1020
f 2459//1258 2464//1020 2462//1259
f 2491//1260 2497//1021 2496//1024
f 2491//1260 2496//1024 2494//1261
f 2523//1262 2529//1025 2528//1028
f 2523//1262 2528//1028 2526//1263
f 2555//1264 2561//1029 2560//1032
f 2555//1264 2560//1032 2558//1265
f 2587//1266 2593//1033 2592//1036
f 2587//1266 2592//1036 2590//1267
f 2619//1268 2625//1037 2624//1040
f 2619//1268 2624//1040 2622//1269
f 2024//8 2632//167 315//167
f 2024//8 315//167 11//8
s 0
f 2020//1270 1132//1270 1427//1270
f 2020//1270 1427//1270 1431//1270
s 1
usemtl Material.003
f 2794//1271 2788//1272 2787//1273
f 2794//1271 2787//1273 2795//1274
f 2793//1275 2789//1276 2788//1272
f 2793//1275 2788//1272 2794//1271
f 2702//1277 2703//1278 2780//1279
f 2702//1277 2780//1279 2783//1280
f 2787//1273 2784//1281 2654//1282
f 2787//1273 2654//1282 2655//1283
f 2827//1284 2824//1285 2823//1286
f 2827//1284 2823//1286 2826//1287
f 2726//1288 2727//1289 2728//1290
f 2726//1288 2728//1290 2725//1291
f 2700//1292 2701//1293 2786//1294
f 2700//1292 2786//1294 2789//1276
f 2799//1295 2796//1296 2658//1297
f 2799//1295 2658//1297 2659//1298
f 2851//1299 2848//1300 2847//1301
f 2851//1299 2847//1301 2850//1302
f 2786//1294 2783//1280 2782//1303
f 2786//1294 2782//1303 2785//1304
f 2707//1305 2708//1306 2765//1307
f 2707//1305 2765//1307 2768//1308
f 2638//1309 2639//1310 2736//1311
f 2638//1309 2736//1311 2733//1312
f 2782//1303 2779//1313 2778//1314
f 2782//1303 2778//1314 2781//1315
f 2783//1280 2780//1279 2779//1313
f 2783//1280 2779//1313 2782//1303
f 2704//1316 2705//1317 2774//1318
f 2704//1316 2774//1318 2777//1319
f 2639//1310 2640//1320 2739//1321
f 2639//1310 2739//1321 2736//1311
f 2839//1322 2836//1323 2835//1324
f 2839//1322 2835//1324 2838//1325
f 2759//1326 2756//1327 2755//1328
f 2759//1326 2755//1328 2758//1329
f 2677//1330 2678//1331 2852//1332
f 2677//1330 2852//1332 2727//1289
f 2640//1320 2641//1333 2742//1334
f 2640//1320 2742//1334 2739//1321
f 3623//1335 3622//1336 2683//1337
f 3623//1335 2683//1337 2682//1338
f 2777//1319 2774//1318 2773//1339
f 2777//1319 2773//1339 2776//1340
f 2711//1341 2712//1342 2753//1343
f 2711//1341 2753//1343 2756//1327
f 2641//1333 2642//1344 2745//1345
f 2641//1333 2745//1345 2742//1334
f 2791//1346 2794//1271 2795//1274
f 2791//1346 2795//1274 2790//1347
f 2813//1348 2810//1349 2809//1350
f 2813//1348 2809//1350 2812//1351
f 2691//1352 2692//1353 2813//1348
f 2691//1352 2813//1348 2816//1354
f 2642//1344 2643//1355 2748//1356
f 2642//1344 2748//1356 2745//1345
f 2785//1304 2782//1303 2781//1315
f 2785//1304 2781//1315 2784//1281
f 2771//1357 2768//1308 2767//1358
f 2771//1357 2767//1358 2770//1359
f 2680//1360 2681//1361 2843//1362
f 2680//1360 2843//1362 2846//1363
f 2643//1355 2644//1364 2751//1365
f 2643//1355 2751//1365 2748//1356
f 2737//1366 2734//1367 2733//1312
f 2737//1366 2733//1312 2736//1311
f 2735//1368 2732//1369 2731//1370
f 2735//1368 2731//1370 2734//1367
f 2690//1371 2691//1352 2816//1354
f 2690//1371 2816//1354 2819//1372
f 2644//1364 2645//1373 2754//1374
f 2644//1364 2754//1374 2751//1365
f 2788//1272 2785//1304 2784//1281
f 2788//1272 2784//1281 2787//1273
f 2765//1307 2762//1375 2761//1376
f 2765//1307 2761//1376 2764//1377
f 2708//1306 2709//1378 2762//1375
f 2708//1306 2762//1375 2765//1307
f 2645//1373 2646//1379 2757//1380
f 2645//1373 2757//1380 2754//1374
f 2757//1380 2760//1381 2761//1376
f 2757//1380 2761//1376 2758//1329
f 2758//1329 2761//1376 2762//1375
f 2758//1329 2762//1375 2759//1326
f 2759//1326 2762//1375 2709//1378
f 2759//1326 2709//1378 2710//1382
f 2646//1379 2647//1383 2763//1384
f 2646//1379 2763//1384 2760//1381
f 2755//1328 2752//1385 2751//1365
f 2755//1328 2751//1365 2754//1374
f 2686//1386 2687//1387 2825//1388
f 2686//1386 2825//1388 2828//1389
f 2647//1383 2648//1390 2766//1391
f 2647//1383 2766//1391 2763//1384
f 2752//1385 2749//1392 2748//1356
f 2752//1385 2748//1356 2751//1365
f 2753//1343 2750//1393 2749//1392
f 2753//1343 2749//1392 2752//1385
f 2712//1342 2713//1394 2750//1393
f 2712//1342 2750//1393 2753//1343
f 2648//1390 2649//1395 2769//1396
f 2648//1390 2769//1396 2766//1391
f 2749//1392 2746//1397 2745//1345
f 2749//1392 2745//1345 2748//1356
f 2780//1279 2777//1319 2776//1340
f 2780//1279 2776//1340 2779//1313
f 2713//1394 2714//1398 2747//1399
f 2713//1394 2747//1399 2750//1393
f 2649//1395 2650//1400 2772//1401
f 2649//1395 2772//1401 2769//1396
f 2746//1397 2743//1402 2742//1334
f 2746//1397 2742//1334 2745//1345
f 2747//1399 2744//1403 2743//1402
f 2747//1399 2743//1402 2746//1397
f 2714//1398 2715//1404 2744//1403
f 2714//1398 2744//1403 2747//1399
f 2650//1400 2651//1405 2775//1406
f 2650//1400 2775//1406 2772//1401
f 2743//1402 2740//1407 2739//1321
f 2743//1402 2739//1321 2742//1334
f 2840//1408 2837//1409 2836//1323
f 2840//1408 2836//1323 2839//1322
f 2715//1404 2716//1410 2741//1411
f 2715//1404 2741//1411 2744//1403
f 2651//1405 2652//1412 2778//1314
f 2651//1405 2778//1314 2775//1406
f 2740//1407 2737//1366 2736//1311
f 2740//1407 2736//1311 2739//1321
f 2741//1411 2738//1413 2737//1366
f 2741//1411 2737//1366 2740//1407
f 2716//1410 2717//1414 2738//1413
f 2716//1410 2738//1413 2741//1411
f 2652//1412 2653//1415 2781//1315
f 2652//1412 2781//1315 2778//1314
f 2803//1416 2800//1417 2799//1295
f 2803//1416 2799//1295 2802//1418
f 3539//1419 3669//1420 3671//1421
f 3539//1419 3671//1421 3541//1422
f 2717//1414 2718//1423 2735//1368
f 2717//1414 2735//1368 2738//1413
f 2847//1301 2844//1424 2674//1425
f 2847//1301 2674//1425 2675//1426
f 2734//1367 2731//1370 2730//1427
f 2734//1367 2730//1427 2733//1312
f 2798//1428 2792//1429 2791//1346
f 2798//1428 2791//1346 2797//1430
f 2718//1423 2719//1431 2732//1369
f 2718//1423 2732//1369 2735//1368
f 2731//1370 2725//1291 2724//1432
f 2731//1370 2724//1432 2730//1427
f 2732//1369 2726//1288 2725//1291
f 2732//1369 2725//1291 2731//1370
f 3101//1433 3100//1434 3516//1435
f 3101//1433 3516//1435 3518//1436
f 2724//1432 2729//1437 2635//1438
f 2724//1432 2635//1438 2636//1439
f 2758//1329 2755//1328 2754//1374
f 2758//1329 2754//1374 2757//1380
f 2821//1440 2722//1441 2723//1442
f 2821//1440 2723//1442 2822//1443
f 2720//1444 2677//1330 2727//1289
f 2720//1444 2727//1289 2726//1288
f 2729//1437 2850//1302 2676//1445
f 2729//1437 2676//1445 2635//1438
f 2728//1290 2851//1299 2850//1302
f 2728//1290 2850//1302 2729//1437
f 2727//1289 2852//1332 2851//1299
f 2727//1289 2851//1299 2728//1290
f 2822//1443 2723//1442 2688//1446
f 2822//1443 2688//1446 2689//1447
f 2730//1427 2724//1432 2636//1439
f 2730//1427 2636//1439 2637//1448
f 2776//1340 2773//1339 2772//1401
f 2776//1340 2772//1401 2775//1406
f 2852//1332 2849//1449 2848//1300
f 2852//1332 2848//1300 2851//1299
f 2678//1331 2679//1450 2849//1449
f 2678//1331 2849//1449 2852//1332
f 2848//1300 2845//1451 2844//1424
f 2848//1300 2844//1424 2847//1301
f 2849//1449 2846//1363 2845//1451
f 2849//1449 2845//1451 2848//1300
f 2679//1450 2680//1360 2846//1363
f 2679//1450 2846//1363 2849//1449
f 2659//1298 2660//1452 2802//1418
f 2659//1298 2802//1418 2799//1295
f 2845//1451 2842//1453 2841//1454
f 2845//1451 2841//1454 2844//1424
f 2801//1455 2798//1428 2797//1430
f 2801//1455 2797//1430 2800//1417
f 2697//1456 2698//1457 2792//1429
f 2697//1456 2792//1429 2798//1428
f 2660//1452 2661//1458 2805//1459
f 2660//1452 2805//1459 2802//1418
f 2815//1460 2812//1351 2811//1461
f 2815//1460 2811//1461 2814//1462
f 2768//1308 2765//1307 2764//1377
f 2768//1308 2764//1377 2767//1358
f 2681//1361 2682//1338 2840//1408
f 2681//1361 2840//1408 2843//1362
f 2661//1458 2662//1463 2808//1464
f 2661//1458 2808//1464 2805//1459
f 2773//1339 2770//1359 2769//1396
f 2773//1339 2769//1396 2772//1401
f 2738//1413 2735//1368 2734//1367
f 2738//1413 2734//1367 2737//1366
f 2682//1338 2683//1337 2837//1409
f 2682//1338 2837//1409 2840//1408
f 2662//1463 2663//1465 2811//1461
f 2662//1463 2811//1461 2808//1464
f 2836//1323 2833//1466 2832//1467
f 2836//1323 2832//1467 2835//1324
f 2837//1409 2834//1468 2833//1466
f 2837//1409 2833//1466 2836//1323
f 2683//1337 2684//1469 2834//1468
f 2683//1337 2834//1468 2837//1409
f 2663//1465 2664//1470 2814//1462
f 2663//1465 2814//1462 2811//1461
f 2833//1466 2830//1471 2829//1472
f 2833//1466 2829//1472 2832//1467
f 2792//1429 2793//1275 2794//1271
f 2792//1429 2794//1271 2791//1346
f 2684//1469 2685//1473 2831//1474
f 2684//1469 2831//1474 2834//1468
f 2664//1470 2665//1475 2817//1476
f 2664//1470 2817//1476 2814//1462
f 2764//1377 2761//1376 2760//1381
f 2764//1377 2760//1381 2763//1384
f 2831//1474 2828//1389 2827//1284
f 2831//1474 2827//1284 2830//1471
f 2685//1473 2686//1386 2828//1389
f 2685//1473 2828//1389 2831//1474
f 2665//1475 2666//1477 2820//1478
f 2665//1475 2820//1478 2817//1476
f 2800//1417 2797//1430 2796//1296
f 2800//1417 2796//1296 2799//1295
f 2828//1389 2825//1388 2824//1285
f 2828//1389 2824//1285 2827//1284
f 2693//1479 2694//1480 2807//1481
f 2693//1479 2807//1481 2810//1349
f 2666//1477 2667//1482 2823//1286
f 2666//1477 2823//1286 2721//1483
f 2820//1478 2721//1483 2722//1441
f 2820//1478 2722//1441 2821//1440
f 2819//1372 2816//1354 2815//1460
f 2819//1372 2815//1460 2818//1484
f 2710//1382 2711//1341 2756//1327
f 2710//1382 2756//1327 2759//1326
f 2667//1482 2668//1485 2826//1287
f 2667//1482 2826//1287 2823//1286
f 2821//1440 2818//1484 2817//1476
f 2821//1440 2817//1476 2820//1478
f 2789//1276 2786//1294 2785//1304
f 2789//1276 2785//1304 2788//1272
f 2689//1447 2690//1371 2819//1372
f 2689//1447 2819//1372 2822//1443
f 2668//1485 2669//1486 2829//1472
f 2668//1485 2829//1472 2826//1287
f 2818//1484 2815//1460 2814//1462
f 2818//1484 2814//1462 2817//1476
f 2834//1468 2831//1474 2830//1471
f 2834//1468 2830//1471 2833//1466
f 2694//1480 2695//1487 2804//1488
f 2694//1480 2804//1488 2807//1481
f 2669//1486 2670//1489 2832//1467
f 2669//1486 2832//1467 2829//1472
f 2770//1359 2767//1358 2766//1391
f 2770//1359 2766//1391 2769//1396
f 2816//1354 2813//1348 2812//1351
f 2816//1354 2812//1351 2815//1460
f 2696//1490 2697//1456 2798//1428
f 2696//1490 2798//1428 2801//1455
f 2670//1489 2671//1491 2835//1324
f 2670//1489 2835//1324 2832//1467
f 2725//1291 2728//1290 2729//1437
f 2725//1291 2729//1437 2724//1432
f 2843//1362 2840//1408 2839//1322
f 2843//1362 2839//1322 2842//1453
f 2701//1293 2702//1277 2783//1280
f 2701//1293 2783//1280 2786//1294
f 2671//1491 2672//1492 2838//1325
f 2671//1491 2838//1325 2835//1324
f 2809//1350 2806//1493 2805//1459
f 2809//1350 2805//1459 2808//1464
f 2810//1349 2807//1481 2806//1493
f 2810//1349 2806//1493 2809//1350
f 2706//1494 2707//1305 2768//1308
f 2706//1494 2768//1308 2771//1357
f 2672//1492 2673//1495 2841//1454
f 2672//1492 2841//1454 2838//1325
f 2806//1493 2803//1416 2802//1418
f 2806//1493 2802//1418 2805//1459
f 2807//1481 2804//1488 2803//1416
f 2807//1481 2803//1416 2806//1493
f 2703//1278 2704//1316 2777//1319
f 2703//1278 2777//1319 2780//1279
f 2673//1495 2674//1425 2844//1424
f 2673//1495 2844//1424 2841//1454
f 2824//1285 2722//1441 2721//1483
f 2824//1285 2721//1483 2823//1286
f 2804//1488 2801//1455 2800//1417
f 2804//1488 2800//1417 2803//1416
f 2695//1487 2696//1490 2801//1455
f 2695//1487 2801//1455 2804//1488
f 2733//1312 2730//1427 2637//1448
f 2733//1312 2637//1448 2638//1309
f 2767//1358 2764//1377 2763//1384
f 2767//1358 2763//1384 2766//1391
f 2744//1403 2741//1411 2740//1407
f 2744//1403 2740//1407 2743//1402
f 2719//1431 2720//1444 2726//1288
f 2719//1431 2726//1288 2732//1369
f 2796//1296 2790//1347 2657//1496
f 2796//1296 2657//1496 2658//1297
f 2797//1430 2791//1346 2790//1347
f 2797//1430 2790//1347 2796//1296
f 2822//1443 2819//1372 2818//1484
f 2822//1443 2818//1484 2821//1440
f 2692//1353 2693//1479 2810//1349
f 2692//1353 2810//1349 2813//1348
f 2795//1274 2787//1273 2655//1283
f 2795//1274 2655//1283 2656//1497
f 2830//1471 2827//1284 2826//1287
f 2830//1471 2826//1287 2829//1472
f 2750//1393 2747//1399 2746//1397
f 2750//1393 2746//1397 2749//1392
f 2698//1457 2699//1498 2793//1275
f 2698//1457 2793//1275 2792//1429
f 2687//1387 2688//1446 2723//1442
f 2687//1387 2723//1442 2825//1388
f 2825//1388 2723//1442 2722//1441
f 2825//1388 2722//1441 2824//1285
f 2812//1351 2809//1350 2808//1464
f 2812//1351 2808//1464 2811//1461
f 2721//1483 2820//1478 2666//1477
f 2705//1317 2706//1494 2771//1357
f 2705//1317 2771//1357 2774//1318
f 2756//1327 2753//1343 2752//1385
f 2756//1327 2752//1385 2755//1328
f 2842//1453 2839//1322 2838//1325
f 2842//1453 2838//1325 2841//1454
f 2760//1381 2757//1380 2646//1379
f 2879//1499 2878//1500 3047//1500
f 2879//1499 3047//1500 3049//1499
f 2876//1501 2875//1502 3041//1502
f 2876//1501 3041//1502 3043//1501
f 2886//6 2885//1503 3061//1503
f 2886//6 3061//1503 3062//6
f 2891//1504 2890//1505 3071//1505
f 2891//1504 3071//1505 3073//1504
f 2890//1505 2889//1506 3069//1506
f 2890//1505 3069//1506 3071//1505
f 2881//1507 2880//1508 3051//1509
f 2881//1507 3051//1509 3053//1507
f 2866//1510 2865//1511 3021//1511
f 2866//1510 3021//1511 3023//1510
f 2880//1508 2879//1499 3049//1499
f 2880//1508 3049//1499 3051//1509
f 2990//1512 2991//1513 2994//1514
f 2990//1512 2994//1514 2995//1515
f 2873//1516 2872//1517 3035//1517
f 2873//1516 3035//1517 3037//1516
f 2893//1518 2892//1519 3075//1519
f 2893//1518 3075//1519 3077//1518
f 3374//1520 3375//1521 3362//1522
f 3374//1520 3362//1522 3361//1523
f 3375//1521 3376//1524 3363//1525
f 3375//1521 3363//1525 3362//1522
f 3376//1524 2988//1526 2980//1527
f 3376//1524 2980//1527 3363//1525
f 2892//1519 2891//1504 3073//1504
f 2892//1519 3073//1504 3075//1519
f 2853//1528 2896//1529 3083//1529
f 2853//1528 3083//1529 2997//1528
f 3459//1530 3583//1531 3460//1532
f 3459//1530 3460//1532 2996//1533
f 3465//1534 3467//1535 3004//1536
f 3465//1534 3004//1536 3002//1537
f 3475//1538 3477//1539 3014//1540
f 3475//1538 3014//1540 3012//1541
f 3479//1542 3482//1543 3019//1544
f 3479//1542 3019//1544 3016//1545
f 3612//1546 3611//1547 2694//1480
f 3612//1546 2694//1480 2693//1479
f 3495//1548 3497//1549 3034//1550
f 3495//1548 3034//1550 3032//1551
f 3156//1552 3152//1553 3550//1554
f 3156//1552 3550//1554 3552//1555
f 3173//1556 3172//1557 3572//1558
f 3173//1556 3572//1558 3574//1559
f 3592//1560 3591//1561 2713//1394
f 3592//1560 2713//1394 2712//1342
f 3489//1562 3491//1563 3028//1564
f 3489//1562 3028//1564 3026//1565
f 3634//1270 2653//1415 2652//1412
f 3634//1270 2652//1412 3636//1270
f 2850//1302 2847//1301 2675//1426
f 2850//1302 2675//1426 2676//1445
f 2784//1281 2781//1315 2653//1415
f 2784//1281 2653//1415 2654//1282
f 3380//1566 3381//1567 3390//1568
f 3380//1566 3390//1568 3379//1569
f 3380//1566 3393//1570 3396//1571
f 3380//1566 3396//1571 3381//1567
f 3133//1572 3129//1573 3536//1574
f 3133//1572 3536//1574 3538//1575
f 2889//1506 2888//1576 3067//1576
f 2889//1506 3067//1576 3069//1506
f 2872//1517 2871//1577 3033//1577
f 2872//1517 3033//1577 3035//1517
f 2865//1511 2864//5 3018//5
f 2865//1511 3018//5 3021//1511
f 2861//1578 2860//1579 3011//1579
f 2861//1578 3011//1579 3013//1578
f 2995//1515 2994//1514 2977//1514
f 2995//1515 2977//1514 2976//1515
f 2864//5 2863//1580 3017//1580
f 2864//5 3017//1580 3018//5
f 2870//1581 2869//1582 3029//1582
f 2870//1581 3029//1582 3031//1581
f 2877//1583 2876//1501 3043//1501
f 2877//1583 3043//1501 3045//1583
f 2863//1580 2862//1584 3015//1584
f 2863//1580 3015//1584 3017//1580
f 2846//1363 2843//1362 2842//1453
f 2846//1363 2842//1453 2845//1451
f 3298//1585 3304//1586 3305//1587
f 3298//1585 3305//1587 3299//1588
f 3351//1589 3404//1590 3353//1591
f 3351//1589 3353//1591 2981//1592
f 3595//1593 3594//1594 2710//1382
f 3595//1593 2710//1382 2709//1378
f 3616//1595 3615//1596 2690//1371
f 3616//1595 2690//1371 2689//1447
f 3406//1597 3408//1598 3355//1599
f 3406//1597 3355//1599 3354//1600
f 3590//1601 3589//1602 2715//1404
f 3590//1601 2715//1404 2714//1398
f 3186//1603 3178//1604 3181//1605
f 3186//1603 3181//1605 3185//1606
f 3402//1607 3084//1608 2989//1609
f 3402//1607 2989//1609 3383//1610
f 3175//1611 3177//1612 3178//1604
f 3175//1611 3178//1604 3186//1603
f 3621//1613 3620//1614 2685//1473
f 3621//1613 2685//1473 2684//1469
f 2790//1347 2795//1274 2656//1497
f 2790//1347 2656//1497 2657//1496
f 3229//1615 3230//1616 3224//1617
f 3229//1615 3224//1617 3223//1618
f 3626//1619 3625//1620 2680//1360
f 3626//1619 2680//1360 2679//1450
f 3593//1621 3592//1560 2712//1342
f 3593//1621 2712//1342 2711//1341
f 3091//1622 3349//1623 3348//1624
f 3091//1622 3348//1624 3093//1625
f 3545//1626 3675//1627 3677//1628
f 3545//1626 3677//1628 3547//1629
f 3529//1630 3659//1631 3661//1632
f 3529//1630 3661//1632 3531//1633
f 3137//1634 3135//1635 3540//1636
f 3137//1634 3540//1636 3542//1637
f 3366//1638 2982//1639 2981//1592
f 3366//1638 2981//1592 3353//1591
f 3100//1434 3099//1640 3514//1641
f 3100//1434 3514//1641 3516//1435
f 2699//1498 2700//1292 2789//1276
f 2699//1498 2789//1276 2793//1275
f 3112//1642 3107//1643 3526//1644
f 3112//1642 3526//1644 3528//1645
f 3547//1629 3677//1628 3679//1646
f 3547//1629 3679//1646 3549//1647
f 3588//1648 3587//1649 2717//1414
f 3588//1648 2717//1414 2716//1410
f 3555//1650 3685//1651 3687//1652
f 3555//1650 3687//1652 3557//1653
f 3419//1654 3421//1655 3046//1656
f 3419//1654 3046//1656 3044//1657
f 3305//1587 3311//1658 3314//1659
f 3305//1587 3314//1659 3307//1660
f 2779//1313 2776//1340 2775//1406
f 2779//1313 2775//1406 2778//1314
f 3166//1661 3165//1662 3558//1663
f 3166//1661 3558//1663 3560//1664
f 3523//1665 3653//1666 3655//1667
f 3523//1665 3655//1667 3525//1668
f 3628//1270 2656//1497 2655//1283
f 3628//1270 2655//1283 3630//1270
f 3460//1532 3461//1669 2998//1670
f 3460//1532 2998//1670 2996//1533
f 3455//1671 3457//1672 3082//1673
f 3455//1671 3082//1673 3080//1674
f 3463//1675 3465//1534 3002//1537
f 3463//1675 3002//1537 3000//1676
f 3348//1624 3345//1677 2900//1678
f 3348//1624 2900//1678 2899//1679
f 3445//1680 3447//1681 3072//1682
f 3445//1680 3072//1682 3070//1683
f 3609//1684 3608//1685 2697//1456
f 3609//1684 2697//1456 2696//1490
f 3299//1588 3305//1587 3307//1660
f 3299//1588 3307//1660 3301//1686
f 2897//5 2979//1687 2989//1609
f 2897//5 2989//1609 3084//1608
f 3415//1688 3417//1689 3042//1690
f 3415//1688 3042//1690 3040//1691
f 3597//1692 3596//1693 2708//1306
f 3597//1692 2708//1306 2707//1305
f 3485//1694 3487//1695 3024//1696
f 3485//1694 3024//1696 3022//1697
f 3447//1681 3449//1698 3074//1699
f 3447//1681 3074//1699 3072//1682
f 3692//1270 2665//1475 2664//1470
f 3692//1270 2664//1470 3694//1270
f 2857//1700 2856//1701 3003//1701
f 2857//1700 3003//1701 3005//1700
f 2871//1577 2870//1581 3031//1581
f 2871//1577 3031//1581 3033//1577
f 3105//1702 3103//1703 3522//1704
f 3105//1702 3522//1704 3524//1705
f 3304//1586 3310//1706 3311//1658
f 3304//1586 3311//1658 3305//1587
f 3630//1270 2655//1283 2654//1282
f 3630//1270 2654//1282 3632//1270
f 3174//1707 3173//1556 3574//1559
f 3174//1707 3574//1559 3576//1708
f 2885//1503 2884//1709 3059//1709
f 2885//1503 3059//1709 3061//1503
f 2878//1500 2877//1583 3045//1583
f 2878//1500 3045//1583 3047//1500
f 2862//1584 2861//1578 3013//1578
f 2862//1584 3013//1578 3015//1584
f 3408//1598 3410//1710 3356//1711
f 3408//1598 3356//1711 3355//1599
f 3483//1712 3485//1694 3022//1697
f 3483//1712 3022//1697 3020//1713
f 3175//1611 3174//1707 3576//1708
f 3175//1611 3576//1708 3578//1714
f 2875//1502 2874//1715 3039//1715
f 2875//1502 3039//1715 3041//1502
f 2869//1582 2868//1716 3027//1716
f 2869//1582 3027//1716 3029//1582
f 2868//1716 2867//1717 3025//1717
f 2868//1716 3025//1717 3027//1716
f 2854//1718 2853//1528 2997//1528
f 2854//1718 2997//1528 2999//1718
f 2994//1514 2993//1719 2978//1719
f 2994//1514 2978//1719 2977//1514
f 2855//1720 2854//1718 2999//1718
f 2855//1720 2999//1718 3001//1720
f 2860//1579 2859//1721 3009//1722
f 2860//1579 3009//1722 3011//1579
f 2856//1701 2855//1720 3001//1720
f 2856//1701 3001//1720 3003//1701
f 2986//1723 2985//1724 2973//1724
f 2986//1723 2973//1724 2972//1723
f 2975//1725 2974//1726 2980//1527
f 2975//1725 2980//1527 2988//1526
f 2858//1727 2857//1700 3005//1700
f 2858//1727 3005//1700 3007//1728
f 2882//1729 2881//1507 3053//1507
f 2882//1729 3053//1507 3055//1729
f 2983//1730 2984//1731 2985//1724
f 2983//1730 2985//1724 2986//1723
f 2894//1732 2893//1518 3077//1518
f 2894//1732 3077//1518 3079//1732
f 2884//1709 2883//1733 3057//1733
f 2884//1709 3057//1733 3059//1709
f 2859//1721 2858//1727 3007//1728
f 2859//1721 3007//1728 3009//1722
f 3449//1698 3451//1734 3076//1735
f 3449//1698 3076//1735 3074//1699
f 3704//1270 2659//1298 2658//1297
f 3704//1270 2658//1297 3706//1270
f 3561//1736 3691//1737 3693//1738
f 3561//1736 3693//1738 3563//1739
f 3573//1740 3703//1741 3705//1742
f 3573//1740 3705//1742 3575//1743
f 3565//1744 3695//1745 3697//1746
f 3565//1744 3697//1746 3567//1747
f 3618//1748 3617//1749 2688//1446
f 3618//1748 2688//1446 2687//1387
f 3513//1750 3643//1751 3645//1752
f 3513//1750 3645//1752 3515//1753
f 3608//1685 3607//1754 2698//1457
f 3608//1685 2698//1457 2697//1456
f 3435//1755 3438//1756 3063//1757
f 3435//1755 3063//1757 3060//1758
f 3473//1759 3475//1538 3012//1541
f 3473//1759 3012//1541 3010//1760
f 3487//1695 3489//1562 3026//1565
f 3487//1695 3026//1565 3024//1696
f 3696//1270 2663//1465 2662//1463
f 3696//1270 2662//1463 3698//1270
f 3611//1547 3610//1761 2695//1487
f 3611//1547 2695//1487 2694//1480
f 3571//1762 3701//1763 3703//1741
f 3571//1762 3703//1741 3573//1740
f 3478//1764 3476//1765 3591//1561
f 3478//1764 3591//1561 3592//1560
f 3439//1766 3441//1767 3066//1768
f 3439//1766 3066//1768 3064//1769
f 3394//1770 3631//1771 3633//1772
f 3394//1770 3633//1772 3503//1773
f 3569//1774 3699//1775 3701//1763
f 3569//1774 3701//1763 3571//1762
f 3607//1754 3606//1776 2699//1498
f 3607//1754 2699//1498 2698//1457
f 3638//1270 2651//1405 2650//1400
f 3638//1270 2650//1400 3640//1270
f 3381//1567 3382//1777 3391//1778
f 3381//1567 3391//1778 3390//1568
f 3367//1779 3368//1780 3365//1781
f 3367//1779 3365//1781 3364//1782
f 3365//1781 3366//1638 3353//1591
f 3365//1781 3353//1591 3354//1600
f 2984//1731 2980//1527 2985//1724
f 2985//1724 2980//1527 2974//1726
f 2985//1724 2974//1726 2973//1724
f 2971//1783 2970//1784 2987//1783
f 2987//1783 2970//1784 2981//1592
f 2987//1783 2981//1592 2982//1639
f 2992//1785 2989//1609 2993//1719
f 2993//1719 2989//1609 2979//1687
f 2993//1719 2979//1687 2978//1719
f 2982//1639 2983//1730 2986//1723
f 2982//1639 2986//1723 2987//1783
f 2976//1515 2975//1725 2995//1515
f 2995//1515 2975//1725 2988//1526
f 2995//1515 2988//1526 2990//1512
f 2987//1783 2986//1723 2972//1723
f 2987//1783 2972//1723 2971//1783
f 2991//1513 2992//1785 2993//1719
f 2991//1513 2993//1719 2994//1514
f 2867//1717 2866//1510 3023//1510
f 2867//1717 3023//1510 3025//1717
f 2895//1786 2894//1732 3079//1732
f 2895//1786 3079//1732 3081//1786
f 2874//1715 2873//1516 3037//1516
f 2874//1715 3037//1516 3039//1715
f 2883//1733 2882//1729 3055//1729
f 2883//1733 3055//1729 3057//1733
f 2887//1787 2886//6 3062//6
f 2887//1787 3062//6 3065//1787
f 2888//1576 2887//1787 3065//1787
f 2888//1576 3065//1787 3067//1576
f 2970//1784 2968//6 3351//1589
f 2970//1784 3351//1589 2981//1592
f 3086//5 3090//5 3084//1608
f 3084//1608 3090//5 3092//5
f 3084//1608 3092//5 2897//5
s 0
f 3086//5 3088//5 3090//5
s 1
f 2969//1788 2967//1789 3184//1790
f 2969//1788 3184//1790 3183//1791
f 3089//1792 3350//1793 3349//1623
f 3089//1792 3349//1623 3091//1622
f 3087//1794 3094//1795 3350//1793
f 3087//1794 3350//1793 3089//1792
f 2967//1789 2966//1796 3184//1790
f 3184//1790 2966//1796 2965//1797
f 3184//1790 2965//1797 3187//1798
f 3187//1798 2965//1797 2964//1799
f 2964//1799 2963//1800 3187//1798
f 3187//1798 2963//1800 2962//1801
f 3187//1798 2962//1801 3190//1802
f 3190//1802 2962//1801 2961//1803
f 3190//1802 2961//1803 3193//1804
f 3193//1804 2961//1803 2960//1805
f 2960//1805 2959//1806 3193//1804
f 3193//1804 2959//1806 2958//1807
f 3193//1804 2958//1807 3196//1808
f 3196//1808 2958//1807 2957//1809
f 3196//1808 2957//1809 3199//1810
f 3199//1810 2957//1809 2956//1811
f 2956//1811 2955//1812 3199//1810
f 3199//1810 2955//1812 2954//1813
f 3199//1810 2954//1813 3202//1814
f 3202//1814 2954//1813 2953//1815
f 3202//1814 2953//1815 3205//1816
f 3205//1816 2953//1815 2952//1817
f 3205//1816 2952//1817 3208//1818
f 3208//1818 2952//1817 2951//1819
f 3208//1818 2951//1819 3211//1820
f 3211//1820 2951//1819 2950//1821
f 2950//1821 2949//1822 3214//1823
f 2950//1821 3214//1823 3211//1820
f 3193//1804 3196//1808 3197//1824
f 3193//1804 3197//1824 3194//1825
f 3350//1793 3347//1826 3346//1827
f 3350//1793 3346//1827 3349//1623
f 3213//1828 3216//1829 3165//1662
f 3213//1828 3165//1662 3166//1661
f 2949//1822 2948//1830 3214//1823
f 3214//1823 2948//1830 2947//1831
f 3214//1823 2947//1831 2946//1832
f 3214//1823 2946//1832 3217//1833
f 3217//1833 2946//1832 2945//1834
f 3217//1833 2945//1834 3223//1618
f 3223//1618 2945//1834 2944//1835
f 3223//1618 2944//1835 3229//1615
f 3229//1615 2944//1835 2943//1836
f 2943//1836 2942//1837 3229//1615
f 3229//1615 2942//1837 2941//1838
f 3229//1615 2941//1838 3235//1839
f 3235//1839 2941//1838 2940//1840
f 3235//1839 2940//1840 3241//1841
f 3241//1841 2940//1840 2939//1842
f 3241//1841 2939//1842 3247//1843
f 3247//1843 2939//1842 2938//1844
f 2938//1844 2937//1845 3247//1843
f 3247//1843 2937//1845 2936//1846
f 3247//1843 2936//1846 3253//1847
f 3253//1847 2936//1846 2935//1848
f 3253//1847 2935//1848 3259//1849
f 3259//1849 2935//1848 2934//1850
f 2934//1850 2933//1851 3259//1849
f 3259//1849 2933//1851 2932//1852
f 3259//1849 2932//1852 3267//1853
f 3267//1853 2932//1852 2931//1854
f 3267//1853 2931//1854 3273//1855
f 3273//1855 2931//1854 2930//1856
f 2930//1856 2929//1857 3273//1855
f 3273//1855 2929//1857 2928//1858
f 3273//1855 2928//1858 3279//1859
f 3279//1859 2928//1858 2927//1860
f 3279//1859 2927//1860 3285//1861
f 3285//1861 2927//1860 2926//1862
f 3285//1861 2926//1862 3291//1863
f 3291//1863 2926//1862 2925//1864
f 2925//1864 2923//1865 3291//1863
f 3292//1866 2924//1866 2922//1866
f 3291//1863 2921//1867 3298//1585
f 3298//1585 2921//1867 2920//1868
f 3298//1585 2920//1868 3304//1586
f 3304//1586 2920//1868 2919//1869
f 3304//1586 2919//1869 3310//1706
f 3310//1706 2919//1869 2918//1870
f 2918//1870 2917//1871 3310//1706
f 3310//1706 2917//1871 2916//1872
f 3310//1706 2916//1872 3316//1873
f 3316//1873 2916//1872 2915//1874
f 3316//1873 2915//1874 3321//1875
f 3321//1875 2915//1874 2914//1876
f 2914//1876 2913//1877 3321//1875
f 3321//1875 2913//1877 2912//1878
f 3321//1875 2912//1878 3325//1879
f 3325//1879 2912//1878 2911//1880
f 3325//1879 2911//1880 3329//1881
f 3329//1881 2911//1880 2910//1882
f 2910//1882 2909//1883 3329//1881
f 3329//1881 2909//1883 2908//1884
f 3329//1881 2908//1884 3333//1885
f 3333//1885 2908//1884 2907//1886
f 3333//1885 2907//1886 3336//1887
f 3336//1887 2907//1886 2906//1888
f 2906//1888 2905//1889 3339//1890
f 2906//1888 3339//1890 3336//1887
f 3217//1833 3218//1891 3215//1892
f 3217//1833 3215//1892 3214//1823
f 3200//1893 3203//1894 3204//1895
f 3200//1893 3204//1895 3201//1896
f 3338//1897 3341//1898 3097//1899
f 3338//1897 3097//1899 3098//1900
f 2905//1889 2904//1901 3339//1890
f 3339//1890 2904//1901 2903//1902
f 3339//1890 2903//1902 2902//1903
f 3339//1890 2902//1903 3342//1904
f 3342//1904 2902//1903 2901//1905
f 3342//1904 2901//1905 3345//1677
f 3345//1677 2901//1905 2900//1678
f 3206//1906 3209//1907 3210//1908
f 3206//1906 3210//1908 3207//1909
f 3186//1603 3189//1910 3174//1707
f 3186//1603 3174//1707 3175//1611
f 3636//1270 2652//1412 2651//1405
f 3636//1270 2651//1405 3638//1270
f 3185//1606 3181//1605 3183//1791
f 3185//1606 3183//1791 3184//1790
f 3525//1668 3655//1667 3657//1911
f 3525//1668 3657//1911 3527//1912
f 3095//1913 3096//1914 3344//1915
f 3095//1913 3344//1915 3347//1826
f 3203//1894 3206//1906 3207//1909
f 3203//1894 3207//1909 3204//1895
f 3196//1808 3199//1810 3200//1893
f 3196//1808 3200//1893 3197//1824
f 3096//1914 3097//1899 3341//1898
f 3096//1914 3341//1898 3344//1915
f 3280//1916 3286//1917 3288//1918
f 3280//1916 3288//1918 3282//1919
f 3325//1879 3329//1881 3330//1920
f 3325//1879 3330//1920 3326//1921
f 3098//1900 3099//1640 3335//1922
f 3098//1900 3335//1922 3338//1897
f 3248//1923 3250//1924 3244//1925
f 3248//1923 3244//1925 3242//1926
f 3223//1618 3224//1617 3218//1891
f 3223//1618 3218//1891 3217//1833
f 3099//1640 3100//1434 3331//1927
f 3099//1640 3331//1927 3335//1922
f 3188//1928 3191//1929 3192//1930
f 3188//1928 3192//1930 3189//1910
f 3190//1802 3193//1804 3194//1825
f 3190//1802 3194//1825 3191//1929
f 3100//1434 3101//1433 3327//1931
f 3100//1434 3327//1931 3331//1927
f 3260//1932 3268//1933 3270//1934
f 3260//1932 3270//1934 3263//1935
f 3316//1873 3321//1875 3322//1936
f 3316//1873 3322//1936 3317//1937
f 3101//1433 3102//1938 3324//1939
f 3101//1433 3324//1939 3327//1931
f 3341//1898 3338//1897 3337//1940
f 3341//1898 3337//1940 3340//1941
f 3199//1810 3202//1814 3203//1894
f 3199//1810 3203//1894 3200//1893
f 3102//1938 3103//1703 3318//1942
f 3102//1938 3318//1942 3324//1939
f 2774//1318 2771//1357 2770//1359
f 2774//1318 2770//1359 2773//1339
f 3205//1816 3208//1818 3209//1907
f 3205//1816 3209//1907 3206//1906
f 3103//1703 3105//1702 3312//1943
s 0
f 3104//1944 3313//1944 3320//1944
s 1
f 3216//1829 3213//1828 3212//1945
f 3216//1829 3212//1945 3215//1892
f 3235//1839 3236//1946 3230//1616
f 3235//1839 3230//1616 3229//1615
f 3105//1702 3107//1643 3306//1947
s 0
f 3106//1948 3308//1948 3315//1948
f 3108//1949 3110//1949 3300//1949
f 3109//1950 3302//1950 3309//1950
s 1
f 3581//1270 3373//1951 3360//1952
f 3581//1270 3360//1952 3579//1270
s 0
f 3111//1953 3114//1953 3294//1953
f 3113//1954 3296//1954 3303//1954
s 1
f 3230//1616 3232//1955 3226//1956
f 3230//1616 3226//1956 3224//1617
f 3285//1861 3291//1863 3293//1957
f 3285//1861 3293//1957 3286//1917
s 0
f 3115//1958 3118//1958 3287//1958
f 3117//1959 3289//1959 3297//1959
s 1
f 3236//1946 3238//1960 3232//1955
f 3236//1946 3232//1955 3230//1616
f 3339//1890 3342//1904 3343//1961
f 3339//1890 3343//1961 3340//1941
s 0
f 3119//1962 3122//1962 3281//1962
f 3121//1963 3283//1963 3290//1963
s 1
f 3326//1921 3330//1920 3332//1964
f 3326//1921 3332//1964 3328//1965
f 3241//1841 3242//1926 3236//1946
f 3241//1841 3236//1946 3235//1839
s 0
f 3123//1966 3126//1966 3275//1966
f 3125//1967 3277//1967 3284//1967
s 1
f 3293//1957 3299//1588 3301//1686
f 3293//1957 3301//1686 3295//1968
f 3340//1941 3337//1940 3336//1887
f 3340//1941 3336//1887 3339//1890
s 0
f 3127//1969 3130//1969 3269//1969
f 3128//1970 3271//1970 3278//1970
s 1
f 3340//1941 3343//1961 3344//1915
f 3340//1941 3344//1915 3341//1898
f 3279//1859 3285//1861 3286//1917
f 3279//1859 3286//1917 3280//1916
s 0
f 3131//1971 3134//1971 3261//1971
f 3132//1972 3264//1972 3272//1972
s 1
f 3260//1932 3263//1935 3256//1973
f 3260//1932 3256//1973 3254//1974
f 3259//1849 3260//1932 3254//1974
f 3259//1849 3254//1974 3253//1847
f 3135//1635 3137//1634 3266//1975
s 0
f 3262//1976 3136//1976 3139//1976
f 3265//1977 3140//1977 3258//1977
f 3255//1978 3138//1978 3143//1978
f 3257//1979 3144//1979 3252//1979
f 3249//1980 3142//1980 3147//1980
f 3251//1981 3149//1981 3246//1981
f 3243//1982 3146//1982 3151//1982
f 3245//1983 3153//1983 3240//1983
f 3237//1984 3150//1984 3155//1984
f 3239//1985 3157//1985 3234//1985
f 3231//1986 3154//1986 3159//1986
f 3233//1987 3161//1987 3228//1987
f 3225//1988 3158//1988 3163//1988
s 1
f 3227//1989 3164//1989 3222//1989
f 3219//1990 3162//1991 3165//1662
f 3221//1992 3165//1662 3216//1829
f 3166//1661 3167//1993 3210//1908
f 3166//1661 3210//1908 3213//1828
f 3343//1961 3346//1827 3347//1826
f 3343//1961 3347//1826 3344//1915
f 3321//1875 3325//1879 3326//1921
f 3321//1875 3326//1921 3322//1936
f 3167//1993 3168//1994 3207//1909
f 3167//1993 3207//1909 3210//1908
f 3286//1917 3293//1957 3295//1968
f 3286//1917 3295//1968 3288//1918
f 3208//1818 3211//1820 3212//1945
f 3208//1818 3212//1945 3209//1907
f 3168//1994 3169//1995 3204//1895
f 3168//1994 3204//1895 3207//1909
f 3185//1606 3188//1928 3189//1910
f 3185//1606 3189//1910 3186//1603
f 3247//1843 3248//1923 3242//1926
f 3247//1843 3242//1926 3241//1841
f 3169//1995 3170//1996 3201//1896
f 3169//1995 3201//1896 3204//1895
f 3224//1617 3226//1956 3220//1997
f 3224//1617 3220//1997 3218//1891
f 3215//1892 3212//1945 3211//1820
f 3215//1892 3211//1820 3214//1823
f 3170//1996 3171//1998 3198//1999
f 3170//1996 3198//1999 3201//1896
f 3191//1929 3194//1825 3195//2000
f 3191//1929 3195//2000 3192//1930
f 3333//1885 3336//1887 3337//1940
f 3333//1885 3337//1940 3334//2001
f 3171//1998 3172//1557 3195//2000
f 3171//1998 3195//2000 3198//1999
f 3268//1933 3274//2002 3276//2003
f 3268//1933 3276//2003 3270//1934
f 3329//1881 3333//1885 3334//2001
f 3329//1881 3334//2001 3330//1920
f 3172//1557 3173//1556 3192//1930
f 3172//1557 3192//1930 3195//2000
f 3334//2001 3337//1940 3338//1897
f 3334//2001 3338//1897 3335//1922
f 3273//1855 3279//1859 3280//1916
f 3273//1855 3280//1916 3274//2002
f 3173//1556 3174//1707 3189//1910
f 3173//1556 3189//1910 3192//1930
f 3254//1974 3256//1973 3250//1924
f 3254//1974 3250//1924 3248//1923
f 3291//1863 3298//1585 3299//1588
f 3291//1863 3299//1588 3293//1957
f 3317//1937 3322//1936 3323//2004
f 3317//1937 3323//2004 3319//2005
f 3202//1814 3205//1816 3206//1906
f 3202//1814 3206//1906 3203//1894
f 3310//1706 3316//1873 3317//1937
f 3310//1706 3317//1937 3311//1658
f 3184//1790 3187//1798 3188//1928
f 3184//1790 3188//1928 3185//1606
f 3342//1904 3345//1677 3346//1827
f 3342//1904 3346//1827 3343//1961
f 3253//1847 3254//1974 3248//1923
f 3253//1847 3248//1923 3247//1843
f 3187//1798 3190//1802 3191//1929
f 3187//1798 3191//1929 3188//1928
f 3259//1849 3267//1853 3268//1933
f 3259//1849 3268//1933 3260//1932
f 3349//1623 3346//1827 3345//1677
f 3349//1623 3345//1677 3348//1624
f 3267//1853 3273//1855 3274//2002
f 3267//1853 3274//2002 3268//1933
f 3209//1907 3212//1945 3213//1828
f 3209//1907 3213//1828 3210//1908
f 3274//2002 3280//1916 3282//1919
f 3274//2002 3282//1919 3276//2003
f 3242//1926 3244//1925 3238//1960
f 3242//1926 3238//1960 3236//1946
f 3322//1936 3326//1921 3328//1965
f 3322//1936 3328//1965 3323//2004
f 3194//1825 3197//1824 3198//1999
f 3194//1825 3198//1999 3195//2000
f 3218//1891 3220//1997 3216//1829
f 3218//1891 3216//1829 3215//1892
f 3311//1658 3317//1937 3319//2005
f 3311//1658 3319//2005 3314//1659
f 3197//1824 3200//1893 3201//1896
f 3197//1824 3201//1896 3198//1999
f 3160//2006 3156//1552 3552//1555
f 3160//2006 3552//1555 3554//2007
f 2968//6 3182//6 3351//1589
f 3351//1589 3182//6 3180//6
f 3351//1589 3180//6 3176//6
s 0
f 3176//6 3180//6 3179//6
s 1
f 3383//1610 2989//1609 2992//1785
f 3383//1610 2992//1785 3392//2008
f 3363//1525 2980//1527 2984//1731
f 3363//1525 2984//1731 3372//2009
f 3392//2008 2992//1785 2991//1513
f 3392//2008 2991//1513 3389//2010
f 3587//1649 3586//2011 2718//1423
f 3587//1649 2718//1423 2717//1414
f 3382//1777 3383//1610 3392//2008
f 3382//1777 3392//2008 3391//1778
f 3391//1778 3392//2008 3389//2010
f 3391//1778 3389//2010 3388//2012
f 3388//2012 3389//2010 3386//2013
f 3388//2012 3386//2013 3385//2014
f 3361//1523 3362//1522 3371//2015
f 3361//1523 3371//2015 3370//2016
f 3390//1568 3391//1778 3388//2012
f 3390//1568 3388//2012 3387//2017
f 3370//2016 3371//2015 3368//1780
f 3370//2016 3368//1780 3367//1779
f 3359//2018 3370//2016 3367//1779
f 3359//2018 3367//1779 3358//2019
f 3377//2020 3384//2021 3374//1520
f 3377//2020 3374//1520 3373//1951
f 3378//2022 3387//2017 3384//2021
f 3378//2022 3384//2021 3377//2020
f 2896//1529 2895//1786 3081//1786
f 2896//1529 3081//1786 3083//1529
f 3372//2009 2984//1731 2983//1730
f 3372//2009 2983//1730 3369//2023
f 3369//2023 2983//1730 2982//1639
f 3369//2023 2982//1639 3366//1638
f 3389//2010 2991//1513 2990//1512
f 3389//2010 2990//1512 3386//2013
f 3386//2013 2990//1512 2988//1526
f 3386//2013 2988//1526 3376//1524
f 3371//2015 3372//2009 3369//2023
f 3371//2015 3369//2023 3368//1780
f 3368//1780 3369//2023 3366//1638
f 3368//1780 3366//1638 3365//1781
f 3385//2014 3386//2013 3376//1524
f 3385//2014 3376//1524 3375//1521
f 3364//1782 3365//1781 3354//1600
f 3364//1782 3354//1600 3355//1599
f 3515//1753 3645//1752 3647//2024
f 3515//1753 3647//2024 3517//2025
f 3387//2017 3388//2012 3385//2014
f 3387//2017 3385//2014 3384//2021
f 3384//2021 3385//2014 3375//1521
f 3384//2021 3375//1521 3374//1520
f 3379//1569 3390//1568 3387//2017
f 3379//1569 3387//2017 3378//2022
f 3491//1563 3493//2026 3030//2027
f 3491//1563 3030//2027 3028//1564
f 3358//2019 3367//1779 3364//1782
f 3358//2019 3364//1782 3357//2028
f 3360//1952 3361//1523 3370//2016
f 3360//1952 3370//2016 3359//2018
f 3527//1912 3657//1911 3659//1631
f 3527//1912 3659//1631 3529//1630
f 3493//2026 3495//1548 3032//1551
f 3493//2026 3032//1551 3030//2027
f 3382//1777 3399//2029 3401//2030
f 3599//2031 3598//2032 2706//1494
f 3599//2031 2706//1494 2705//1317
f 3519//2033 3649//2034 3651//2035
f 3519//2033 3651//2035 3521//2036
f 3098//1900 3097//1899 3510//2037
f 3098//1900 3510//2037 3512//2038
f 3410//1710 3412//2039 3356//1711
f 3461//1669 3463//1675 3000//1676
f 3461//1669 3000//1676 2998//1670
f 3467//1535 3469//2040 3006//2041
f 3467//1535 3006//2041 3004//1536
f 3469//2040 3471//2042 3008//2043
f 3469//2040 3008//2043 3006//2041
f 3471//2042 3473//1759 3010//1760
f 3471//2042 3010//1760 3008//2043
f 3477//1539 3479//1542 3016//1545
f 3477//1539 3016//1545 3014//1540
f 3482//1543 3483//1712 3020//1713
f 3482//1543 3020//1713 3019//1544
f 3357//2028 3364//1782 3355//1599
f 3357//2028 3355//1599 3356//1711
f 3521//2036 3651//2035 3653//1666
f 3521//2036 3653//1666 3523//1665
f 3497//1549 3499//2044 3036//2045
f 3497//1549 3036//2045 3034//1550
f 3501//2046 3415//1688 3040//1691
f 3501//2046 3040//1691 3038//2047
f 3417//1689 3419//1654 3044//1657
f 3417//1689 3044//1657 3042//1690
f 3421//1655 3423//2048 3048//2049
f 3421//1655 3048//2049 3046//1656
f 3423//2048 3425//2050 3050//2051
f 3423//2048 3050//2051 3048//2049
f 3425//2050 3427//2052 3052//2053
f 3425//2050 3052//2053 3050//2051
f 3427//2052 3429//2054 3054//2055
f 3427//2052 3054//2055 3052//2053
f 3429//2054 3431//2056 3056//2057
f 3429//2054 3056//2057 3054//2055
f 3431//2056 3433//2058 3058//2059
f 3431//2056 3058//2059 3056//2057
f 3433//2058 3435//1755 3060//1758
f 3433//2058 3060//1758 3058//2059
f 3093//1625 3348//1624 2899//1679
f 3093//1625 2899//1679 2898//2060
f 3438//1756 3439//1766 3064//1769
f 3438//1756 3064//1769 3063//1757
f 3441//1767 3443//2061 3068//2062
f 3441//1767 3068//2062 3066//1768
f 3443//2061 3445//1680 3070//1683
f 3443//2061 3070//1683 3068//2062
f 3694//1270 2664//1470 2663//1465
f 3694//1270 2663//1465 3696//1270
f 3451//1734 3453//2063 3078//2064
f 3451//1734 3078//2064 3076//1735
f 3453//2063 3455//1671 3080//1674
f 3453//2063 3080//1674 3078//2064
f 3457//1672 3459//1530 2996//1533
f 3457//1672 2996//1533 3082//1673
f 3395//2065 3504//2066 3397//2067
f 3397//2067 3504//2066 3398//2068
f 3398//2068 3504//2066 3400//2069
f 3400//2069 3504//2066 3403//2070
f 3403//2070 3504//2066 3085//2071
f 3172//1557 3171//1998 3570//2072
f 3172//1557 3570//2072 3572//1558
f 3170//1996 3169//1995 3566//2073
f 3170//1996 3566//2073 3568//2074
f 3169//1995 3168//1994 3564//2075
f 3169//1995 3564//2075 3566//2073
f 3167//1993 3166//1661 3560//1664
f 3167//1993 3560//1664 3562//2076
f 3103//1703 3102//1938 3520//2077
f 3103//1703 3520//2077 3522//1704
f 3585//2078 3584//2079 2720//1444
f 3585//2078 2720//1444 2719//1431
f 3162//1991 3160//2006 3554//2007
f 3162//1991 3554//2007 3556//2080
f 3152//1553 3148//2081 3548//2082
f 3152//1553 3548//2082 3550//1554
f 3583//1531 3627//2083 2678//1331
f 3583//1531 2678//1331 2677//1330
f 3145//2084 3141//2085 3544//2086
f 3145//2084 3544//2086 3546//2087
f 3141//2085 3137//1634 3542//1637
f 3141//2085 3542//1637 3544//2086
f 3135//1635 3133//1572 3538//1575
f 3135//1635 3538//1575 3540//1636
f 3148//2081 3145//2084 3546//2087
f 3148//2081 3546//2087 3548//2082
f 3129//1573 3124//2088 3534//2089
f 3129//1573 3534//2089 3536//1574
f 3120//2090 3116//2091 3530//2092
f 3120//2090 3530//2092 3532//2093
f 3116//2091 3112//1642 3528//1645
f 3116//2091 3528//1645 3530//2092
f 3165//1662 3162//1991 3556//2080
f 3165//1662 3556//2080 3558//1663
f 3107//1643 3105//1702 3524//1705
f 3107//1643 3524//1705 3526//1644
f 3168//1994 3167//1993 3562//2076
f 3168//1994 3562//2076 3564//2075
f 3102//1938 3101//1433 3518//1436
f 3102//1938 3518//1436 3520//2077
f 3171//1998 3170//1996 3568//2074
f 3171//1998 3568//2074 3570//2072
f 3099//1640 3098//1900 3512//2038
f 3099//1640 3512//2038 3514//1641
f 3097//1899 3096//1914 3508//2094
f 3097//1899 3508//2094 3510//2037
f 3096//1914 3095//1913 3506//2095
f 3096//1914 3506//2095 3508//2094
f 3095//1913 3094//1795 3504//2066
f 3095//1913 3504//2066 3506//2095
f 3414//2096 3411//2097 3578//1714
f 3578//1714 3411//2097 3409//2098
f 3578//1714 3409//2098 3407//2099
f 3407//2099 3405//2100 3578//1714
f 3578//1714 3405//2100 3352//2101
f 3094//1795 3087//1794 3085//2071
f 3094//1795 3085//2071 3504//2066
f 3356//1711 3412//2039 3579//1270
f 3356//1711 3579//1270 3360//1952
f 3373//1951 3581//1270 3393//1570
f 3373//1951 3393//1570 3380//1566
f 3380//1566 3379//1569 3373//1951
f 3373//1951 3379//1569 3378//2022
f 3373//1951 3378//2022 3377//2020
f 3359//2018 3358//2019 3360//1952
f 3360//1952 3358//2019 3357//2028
f 3360//1952 3357//2028 3356//1711
f 3470//2102 3468//2103 3587//1649
f 3470//2102 3587//1649 3588//1648
f 3502//2104 3500//2105 3603//2106
f 3502//2104 3603//2106 3604//2107
f 3500//2105 3498//2108 3602//2109
f 3500//2105 3602//2109 3603//2106
f 3626//1619 3456//2110 3454//2111
f 3626//1619 3454//2111 3625//1620
f 3416//2112 3502//2104 3604//2107
f 3416//2112 3604//2107 3605//2113
f 3615//1596 3434//2114 3432//2115
f 3615//1596 3432//2115 3614//2116
f 3492//2117 3490//2118 3598//2032
f 3492//2117 3598//2032 3599//2031
f 3490//2118 3488//2119 3597//1692
f 3490//2118 3597//1692 3598//2032
f 3488//2119 3486//2120 3596//1693
f 3488//2119 3596//1693 3597//1692
f 3618//1748 3440//2121 3437//2122
f 3618//1748 3437//2122 3617//1749
f 3481//2123 3480//2124 3593//1621
f 3481//2123 3593//1621 3594//1594
f 3480//2124 3478//1764 3592//1560
f 3480//2124 3592//1560 3593//1621
f 3484//2125 3481//2123 3594//1594
f 3484//2125 3594//1594 3595//1593
f 3612//1546 3428//2126 3426//2127
f 3612//1546 3426//2127 3611//1547
f 3464//2128 3462//2129 3584//2079
f 3464//2128 3584//2079 3585//2078
f 3472//2130 3470//2102 3588//1648
f 3472//2130 3588//1648 3589//1602
f 3609//1684 3422//2131 3420//2132
f 3609//1684 3420//2132 3608//1685
f 3468//2103 3466//2133 3586//2011
f 3468//2103 3586//2011 3587//1649
f 3624//2134 3452//2135 3450//2136
f 3624//2134 3450//2136 3623//1335
f 3608//1685 3420//2132 3418//2137
f 3608//1685 3418//2137 3607//1754
f 3496//2138 3494//2139 3600//2140
f 3496//2138 3600//2140 3601//2141
f 3605//2113 3606//1776 3416//2112
f 3627//2083 3583//1531 3459//1530
f 3627//2083 3459//1530 3458//2142
f 3627//2083 3458//2142 3456//2110
f 3627//2083 3456//2110 3626//1619
f 3466//2133 3464//2128 3585//2078
f 3466//2133 3585//2078 3586//2011
f 3625//1620 3454//2111 3452//2135
f 3625//1620 3452//2135 3624//2134
f 3621//1613 3446//2143 3444//2144
f 3621//1613 3444//2144 3620//1614
f 3623//1335 3450//2136 3448//2145
f 3623//1335 3448//2145 3622//1336
f 3622//1336 3448//2145 3446//2143
f 3622//1336 3446//2143 3621//1613
f 3474//2146 3472//2130 3589//1602
f 3474//2146 3589//1602 3590//1601
f 3620//1614 3444//2144 3442//2147
f 3620//1614 3442//2147 3619//2148
f 3619//2148 3442//2147 3440//2121
f 3619//2148 3440//2121 3618//1748
f 3476//1765 3474//2146 3590//1601
f 3476//1765 3590//1601 3591//1561
f 3617//1749 3437//2122 3436//2149
f 3617//1749 3436//2149 3616//1595
f 3613//2150 3430//2151 3428//2126
f 3613//2150 3428//2126 3612//1546
f 3486//2120 3484//2125 3595//1593
f 3486//2120 3595//1593 3596//1693
f 3614//2116 3432//2115 3430//2151
f 3614//2116 3430//2151 3613//2150
f 3610//1761 3424//2152 3422//2131
f 3610//1761 3422//2131 3609//1684
f 3607//1754 3418//2137 3416//2112
f 3607//1754 3416//2112 3606//1776
f 3611//1547 3426//2127 3424//2152
f 3611//1547 3424//2152 3610//1761
f 3494//2139 3492//2117 3599//2031
f 3494//2139 3599//2031 3600//2140
f 3462//2129 3460//1532 3583//1531
f 3462//2129 3583//1531 3584//2079
f 3616//1595 3436//2149 3434//2114
f 3616//1595 3434//2114 3615//1596
f 3498//2108 3496//2138 3601//2141
f 3498//2108 3601//2141 3602//2109
f 3394//1770 3582//2153 3629//2154
f 3394//1770 3629//2154 3631//1771
f 3582//2153 3580//2155 3629//2154
f 3629//2154 3580//2155 3413//2156
f 3629//2154 3413//2156 3709//2157
f 3505//2158 3635//2159 3637//2160
f 3505//2158 3637//2160 3507//2161
f 3507//2161 3637//2160 3639//2162
f 3507//2161 3639//2162 3509//2163
f 3509//2163 3639//2162 3641//2164
f 3509//2163 3641//2164 3511//2165
f 3598//2032 3597//1692 2707//1305
f 3598//2032 2707//1305 2706//1494
f 3517//2025 3647//2024 3649//2034
f 3517//2025 3649//2034 3519//2033
f 3381//1567 3396//1571 3399//2029
f 3381//1567 3399//2029 3382//1777
f 3531//1633 3661//1632 3663//2166
f 3531//1633 3663//2166 3533//2167
f 3533//2167 3663//2166 3665//2168
f 3533//2167 3665//2168 3535//2169
f 3537//2170 3667//2171 3669//1420
f 3537//2170 3669//1420 3539//1419
f 3541//1422 3671//1421 3673//2172
f 3541//1422 3673//2172 3543//2173
f 3535//2169 3665//2168 3667//2171
f 3535//2169 3667//2171 3537//2170
f 3543//2173 3673//2172 3675//1627
f 3543//2173 3675//1627 3545//1626
f 3549//1647 3679//1646 3681//2174
f 3549//1647 3681//2174 3551//2175
f 3551//2175 3681//2174 3683//2176
f 3551//2175 3683//2176 3553//2177
f 3553//2177 3683//2176 3685//1651
f 3553//2177 3685//1651 3555//1650
f 3557//1653 3687//1652 3689//2178
f 3557//1653 3689//2178 3559//2179
f 3559//2179 3689//2178 3691//1737
f 3559//2179 3691//1737 3561//1736
f 3177//1612 3175//1611 3578//1714
f 3177//1612 3578//1714 3352//2101
f 3563//1739 3693//1738 3695//1745
f 3563//1739 3695//1745 3565//1744
f 3567//1747 3697//1746 3699//1775
f 3567//1747 3699//1775 3569//1774
f 3575//1743 3705//1742 3707//2180
f 3575//1743 3707//2180 3577//2181
f 3577//2181 3707//2180 3709//2157
f 3577//2181 3709//2157 3413//2156
f 3124//2088 3120//2090 3532//2093
f 3124//2088 3532//2093 3534//2089
f 3627//2083 3626//1619 2679//1450
f 3627//2083 2679//1450 2678//1331
f 3625//1620 3624//2134 2681//1361
f 3625//1620 2681//1361 2680//1360
f 3624//2134 3623//1335 2682//1338
f 3624//2134 2682//1338 2681//1361
f 3622//1336 3621//1613 2684//1469
f 3622//1336 2684//1469 2683//1337
f 3404//1590 3406//1597 3354//1600
f 3404//1590 3354//1600 3353//1591
f 3620//1614 3619//2148 2686//1386
f 3620//1614 2686//1386 2685//1473
f 3619//2148 3618//1748 2687//1387
f 3619//2148 2687//1387 2686//1386
f 3617//1749 3616//1595 2689//1447
f 3617//1749 2689//1447 2688//1446
f 3615//1596 3614//2116 2691//1352
f 3615//1596 2691//1352 2690//1371
f 3614//2116 3613//2150 2692//1353
f 3614//2116 2692//1353 2691//1352
f 3613//2150 3612//1546 2693//1479
f 3613//2150 2693//1479 2692//1353
f 3511//2165 3641//2164 3643//1751
f 3511//2165 3643//1751 3513//1750
f 3610//1761 3609//1684 2696//1490
f 3610//1761 2696//1490 2695//1487
f 3503//1773 3633//1772 3635//2159
f 3503//1773 3635//2159 3505//2158
f 3605//2113 3604//2107 2700//1292
f 3605//2113 2700//1292 2699//1498
f 3604//2107 3603//2106 2701//1293
f 3604//2107 2701//1293 2700//1292
f 3603//2106 3602//2109 2702//1277
f 3603//2106 2702//1277 2701//1293
f 3601//2141 3600//2140 2704//1316
f 3601//2141 2704//1316 2703//1278
f 3600//2140 3599//2031 2705//1317
f 3600//2140 2705//1317 2704//1316
f 3401//2030 3402//1607 3383//1610
f 3401//2030 3383//1610 3382//1777
f 3596//1693 3595//1593 2709//1378
f 3596//1693 2709//1378 2708//1306
f 3594//1594 3593//1621 2711//1341
f 3594//1594 2711//1341 2710//1382
f 3362//1522 3363//1525 3372//2009
f 3362//1522 3372//2009 3371//2015
f 3591//1561 3590//1601 2714//1398
f 3591//1561 2714//1398 2713//1394
f 3589//1602 3588//1648 2716//1410
f 3589//1602 2716//1410 2715//1404
f 3499//2044 3501//2046 3038//2047
f 3499//2044 3038//2047 3036//2045
f 3586//2011 3585//2078 2719//1431
f 3586//2011 2719//1431 2718//1423
f 3584//2079 3583//1531 2677//1330
f 3584//2079 2677//1330 2720//1444
f 3606//1776 3605//2113 2699//1498
f 2676//1445 3670//1270 2635//1438
f 2635//1438 3670//1270 3668//1270
f 2635//1438 3668//1270 2636//1439
f 2636//1439 3668//1270 3666//1270
f 2636//1439 3666//1270 2637//1448
f 2637//1448 3666//1270 3664//1270
f 2637//1448 3664//1270 2638//1309
f 2638//1309 3664//1270 3662//1270
f 2638//1309 3662//1270 2639//1310
f 2639//1310 3662//1270 3660//1270
f 2639//1310 3660//1270 2640//1320
f 2640//1320 3660//1270 3658//1270
f 2640//1320 3658//1270 2641//1333
f 2641//1333 3658//1270 3656//1270
f 2641//1333 3656//1270 2642//1344
f 2642//1344 3656//1270 3654//1270
f 2642//1344 3654//1270 2643//1355
f 2643//1355 3654//1270 3652//1270
f 2643//1355 3652//1270 2644//1364
f 2644//1364 3652//1270 3650//1270
f 2644//1364 3650//1270 2645//1373
f 2645//1373 3650//1270 3648//1270
f 2645//1373 3648//1270 2646//1379
f 2646//1379 3648//1270 3646//1270
f 2646//1379 3646//1270 2647//1383
f 3698//1270 2662//1463 2661//1458
f 3698//1270 2661//1458 3700//1270
f 3700//1270 2661//1458 2660//1452
f 3700//1270 2660//1452 3702//1270
f 3702//1270 2660//1452 2659//1298
f 3702//1270 2659//1298 3704//1270
f 3602//2109 3601//2141 2703//1278
f 3602//2109 2703//1278 2702//1277
f 3706//1270 2658//1297 2657//1496
f 3706//1270 2657//1496 3708//1270
f 3708//1270 2657//1496 2656//1497
f 3708//1270 2656//1497 3628//1270
f 3330//1920 3334//2001 3335//1922
f 3330//1920 3335//1922 3332//1964
f 3632//1270 2654//1282 2653//1415
f 3632//1270 2653//1415 3634//1270
f 3094//1795 3095//1913 3347//1826
f 3094//1795 3347//1826 3350//1793
f 3640//1270 2650//1400 2649//1395
f 3640//1270 2649//1395 3642//1270
f 3642//1270 2649//1395 2648//1390
f 3642//1270 2648//1390 3644//1270
f 3644//1270 2648//1390 2647//1383
f 3644//1270 2647//1383 3646//1270
f 2665//1475 3692//1270 3690//1270
f 2665//1475 3690//1270 2666//1477
f 2666//1477 3690//1270 3688//1270
f 2666//1477 3688//1270 2667//1482
f 2667//1482 3688//1270 3686//1270
f 2667//1482 3686//1270 2668//1485
f 2668//1485 3686//1270 3684//1270
f 2668//1485 3684//1270 2669//1486
f 2669//1486 3684//1270 3682//1270
f 2669//1486 3682//1270 2670//1489
f 2670//1489 3682//1270 3680//1270
f 2670//1489 3680//1270 2671//1491
f 2671//1491 3680//1270 2672//1492
f 2672//1492 3680//1270 3678//1270
f 2672//1492 3678//1270 2673//1495
f 2673//1495 3678//1270 3676//1270
f 2673//1495 3676//1270 2674//1425
f 2674//1425 3676//1270 3674//1270
f 2674//1425 3674//1270 2675//1426
f 2675//1426 3674//1270 3672//1270
f 2675//1426 3672//1270 2676//1445
f 2676//1445 3672//1270 3670//1270
f 3373//1951 3374//1520 3361//1523
f 3373//1951 3361//1523 3360//1952
s 0
f 3828//1270 3789//1270 3788//1270
f 3828//1270 3788//1270 3827//1270
f 3812//1270 3813//1270 3746//1270
f 3812//1270 3746//1270 3745//1270
f 3842//1270 3716//1270 3797//1270
f 3842//1270 3797//1270 3841//1270
f 3738//1270 3774//1270 3748//1270
f 3738//1270 3748//1270 3739//1270
f 3831//1270 3790//1270 3789//1270
f 3831//1270 3789//1270 3830//1270
f 3752//1270 3875//1270 3876//1270
f 3752//1270 3876//1270 3753//1270
f 3806//1270 3742//1270 3741//1270
f 3806//1270 3741//1270 3805//1270
f 3846//1270 3847//1270 3720//1270
f 3846//1270 3720//1270 3719//1270
f 3795//1270 3794//1270 3836//1270
f 3795//1270 3836//1270 3837//1270
f 3818//1270 3728//1270 3727//1270
f 3818//1270 3727//1270 3817//1270
f 3758//1270 3872//1270 3873//1270
f 3758//1270 3873//1270 3759//1270
f 3833//1270 3792//1270 3791//1270
f 3833//1270 3791//1270 3832//1270
f 3713//1270 3712//1270 3781//1270
f 3713//1270 3781//1270 3780//1270
f 3776//1270 3736//1270 3787//1270
f 3776//1270 3787//1270 3786//1270
f 3844//1270 3718//1270 3717//1270
f 3844//1270 3717//1270 3843//1270
f 3857//1270 3766//1270 3765//1270
f 3857//1270 3765//1270 3856//1270
f 3811//1270 3745//1270 3744//1270
f 3811//1270 3744//1270 3810//1270
f 3864//1270 3865//1270 3756//1270
f 3864//1270 3756//1270 3755//1270
f 3832//1270 3791//1270 3790//1270
f 3832//1270 3790//1270 3831//1270
f 3824//1270 3732//1270 3731//1270
f 3824//1270 3731//1270 3823//1270
f 3849//1270 3721//1270 3720//1270
f 3849//1270 3720//1270 3848//1270
f 3793//1270 3792//1270 3834//1270
f 3793//1270 3834//1270 3835//1270
f 3845//1270 3719//1270 3718//1270
f 3845//1270 3718//1270 3844//1270
f 3863//1270 3755//1270 3769//1270
f 3863//1270 3769//1270 3862//1270
f 3775//1270 3737//1270 3736//1270
f 3775//1270 3736//1270 3776//1270
f 3825//1270 3826//1270 3733//1270
f 3825//1270 3733//1270 3732//1270
f 3804//1270 3740//1270 3754//1270
f 3804//1270 3754//1270 3803//1270
f 3796//1270 3795//1270 3837//1270
f 3796//1270 3837//1270 3838//1270
f 3817//1270 3727//1270 3726//1270
f 3817//1270 3726//1270 3816//1270
f 3768//1270 3767//1270 3859//1270
f 3768//1270 3859//1270 3860//1270
f 3710//1270 3763//1270 3762//1270
f 3710//1270 3762//1270 3711//1270
f 3851//1270 3852//1270 3723//1270
f 3851//1270 3723//1270 3722//1270
f 3751//1270 3750//1270 3771//1270
f 3751//1270 3771//1270 3770//1270
f 3800//1270 3801//1270 3878//1270
f 3878//1270 3801//1270 3754//1270
f 3878//1270 3754//1270 3877//1270
f 3756//1270 3870//1270 3871//1270
f 3756//1270 3871//1270 3757//1270
f 3757//1270 3871//1270 3872//1270
f 3757//1270 3872//1270 3758//1270
f 3875//1270 3752//1270 3751//1270
f 3875//1270 3751//1270 3770//1270
f 3875//1270 3770//1270 3874//1270
f 3874//1270 3770//1270 3759//1270
f 3874//1270 3759//1270 3873//1270
f 3870//1270 3756//1270 3865//1270
f 3870//1270 3865//1270 3866//1270
f 3801//1270 3802//1270 3754//1270
f 3754//1270 3802//1270 3803//1270
f 3819//1270 3820//1270 3729//1270
f 3819//1270 3729//1270 3728//1270
f 3743//1270 3807//1270 3808//1270
f 3809//1270 3810//1270 3744//1270
f 3745//1270 3811//1270 3812//1270
f 3813//1270 3814//1270 3726//1270
f 3746//1270 3725//1270 3747//1270
f 3748//1270 3774//1270 3773//1270
f 3814//1270 3815//1270 3726//1270
f 3726//1270 3815//1270 3816//1270
f 3728//1270 3818//1270 3819//1270
f 3820//1270 3821//1270 3729//1270
f 3732//1270 3824//1270 3825//1270
f 3733//1270 3826//1270 3734//1270
f 3789//1270 3828//1270 3829//1270
f 3829//2182 3830//2182 3789//2182
f 3792//1270 3833//1270 3834//1270
f 3838//2182 3839//2182 3796//2182
f 3796//1270 3839//1270 3840//1270
f 3716//1270 3842//1270 3843//1270
f 3716//1270 3843//1270 3717//1270
f 3719//1270 3845//1270 3846//1270
f 3847//1270 3848//1270 3720//1270
f 3823//1270 3731//1270 3730//1270
f 3823//1270 3730//1270 3822//1270
f 3722//1270 3850//1270 3851//1270
f 3852//1270 3853//1270 3724//1270
f 3852//1270 3724//1270 3723//1270
f 3853//1270 3854//1270 3764//1270
f 3853//1270 3710//1270 3724//1270
f 3854//1270 3855//1270 3764//1270
f 3764//1270 3855//1270 3856//1270
f 3764//1270 3856//1270 3765//1270
f 3767//1270 3858//1270 3859//1270
f 3861//1270 3862//1270 3769//1270
f 3755//1270 3863//1270 3864//1270
f 3866//1270 3867//1270 3869//1270
f 3866//1270 3869//1270 3870//1270
f 3867//1270 3868//1270 3869//1270
f 3799//1270 3714//1270 3779//1270
f 3799//1270 3779//1270 3778//1270
f 3774//1270 3738//1270 3737//1270
f 3774//1270 3737//1270 3775//1270
f 3711//1270 3762//1270 3782//1270
f 3711//1270 3782//1270 3712//1270
f 3714//2182 3713//2182 3780//2182
f 3714//1270 3780//1270 3779//1270
f 3749//1270 3748//1270 3773//1270
f 3749//1270 3773//1270 3772//1270
f 3750//1270 3749//1270 3772//1270
f 3750//1270 3772//1270 3771//1270
f 3798//1270 3715//1270 3714//1270
f 3798//1270 3714//1270 3799//1270
f 3782//1270 3781//1270 3712//1270
f 3763//1270 3710//1270 3853//1270
f 3763//1270 3853//1270 3764//1270
f 3739//1270 3748//1270 3747//1270
f 3739//1270 3747//1270 3725//1270
f 3716//2183 3715//2183 3798//2183
f 3716//1270 3798//1270 3797//1270
f 3777//1270 3776//1270 3786//1270
f 3777//1270 3786//1270 3785//1270
f 3762//1270 3761//1270 3783//1270
f 3762//1270 3783//1270 3782//1270
f 3760//1270 3759//1270 3770//1270
f 3760//1270 3770//1270 3784//1270
f 3735//1270 3734//1270 3788//1270
f 3841//1270 3797//1270 3796//1270
f 3841//1270 3796//1270 3840//1270
f 3778//1270 3777//1270 3785//1270
f 3778//1270 3785//1270 3799//1270
f 3761//1270 3760//1270 3784//1270
f 3761//1270 3784//1270 3783//1270
f 3769//1270 3768//1270 3860//1270
f 3769//1270 3860//1270 3861//1270
f 3858//1270 3767//1270 3766//1270
f 3858//1270 3766//1270 3857//1270
f 3827//1270 3788//1270 3734//1270
f 3827//1270 3734//1270 3826//1270
f 3736//1270 3735//1270 3788//1270
f 3736//1270 3788//1270 3787//1270
f 3807//1270 3743//1270 3742//1270
f 3807//1270 3742//1270 3806//1270
f 3794//1270 3793//1270 3835//1270
f 3794//1270 3835//1270 3836//1270
f 3808//1270 3809//1270 3744//1270
f 3808//1270 3744//1270 3743//1270
f 3805//1270 3741//1270 3740//1270
f 3805//1270 3740//1270 3804//1270
f 3822//1270 3730//1270 3729//1270
f 3822//1270 3729//1270 3821//1270
f 3850//1270 3722//1270 3721//1270
f 3850//1270 3721//1270 3849//1270
f 3753//1270 3876//1270 3877//1270
f 3753//1270 3877//1270 3754//1270
f 3725//1270 3746//1270 3813//1270
f 3725//1270 3813//1270 3726//1270
s 1
usemtl Material.002
f 4133//2184 4132//2185 4389//2186
f 4133//2184 4389//2186 4390//2187
f 4062//2188 4076//2189 4364//2190
f 4062//2188 4364//2190 4352//1502
f 4007//2191 4006//2192 4326//2193
f 4007//2191 4326//2193 4327//2194
f 4357//2194 4356//2193 4340//2193
f 4357//2194 4340//2193 4341//2194
f 4009//2195 4008//2196 4328//2197
f 4009//2195 4328//2197 4320//2198
f 4332//2199 4331//2200 4316//2200
f 4332//2199 4316//2200 4317//2199
f 4329//2186 4320//2198 4313//2198
f 4329//2186 4313//2198 4314//2186
f 4070//2195 4069//2196 4358//2197
f 4070//2195 4358//2197 4350//2198
f 4195//2201 4194//2184 4420//2187
f 4195//2201 4420//2187 4421//2200
f 4325//2202 4324//2203 4308//2203
f 4325//2202 4308//2203 4309//2202
f 4385//2202 4384//2203 4368//2203
f 4385//2202 4368//2203 4369//2202
f 4418//2204 4417//2194 4401//2194
f 4418//2204 4401//2194 4402//2204
f 3953//2205 3952//2206 4302//2207
f 3953//2205 4302//2207 4303//2208
f 4296//2193 4295//2202 4279//2202
f 4296//2193 4279//2202 4280//2193
f 4300//2187 4299//2186 4284//2186
f 4300//2187 4284//2186 4285//2187
f 4125//2209 4124//2210 4381//2211
f 4125//2209 4381//2211 4383//2212
f 4360//2187 4359//2186 4344//2186
f 4360//2187 4344//2186 4345//2187
f 4411//2211 4412//1502 4395//1502
f 4411//2211 4395//1502 4396//2211
f 4069//2196 4068//2191 4357//2194
f 4069//2196 4357//2194 4358//2197
f 4380//2213 4388//2204 4372//2204
f 4380//2213 4372//2204 4373//2213
f 4189//2192 4188//2214 4415//2202
f 4189//2192 4415//2202 4416//2193
f 4273//2208 4272//2207 4257//2207
f 4273//2208 4257//2207 4258//2208
f 4198//2189 4197//2205 4423//2208
f 4198//2189 4423//2208 4424//2190
f 4328//2197 4327//2194 4311//2194
f 4328//2197 4311//2194 4312//2197
f 4415//2202 4414//2203 4398//2203
f 4415//2202 4398//2203 4399//2202
f 4417//2194 4416//2193 4400//2193
f 4417//2194 4400//2193 4401//2194
f 4298//2204 4297//2194 4281//2194
f 4298//2204 4281//2194 4282//2197
f 3880//2210 3879//2188 4262//1502
f 3880//2210 4262//1502 4261//2215
f 4393//2208 4392//2207 4377//2207
f 4393//2208 4377//2207 4378//2208
f 4387//2194 4386//2193 4370//2193
f 4387//2194 4370//2193 4371//2194
f 4006//2192 4005//2214 4325//2202
f 4006//2192 4325//2202 4326//2193
f 4355//2202 4354//2203 4338//2203
f 4355//2202 4338//2203 4339//2202
f 4410//2213 4418//2204 4402//2204
f 4410//2213 4402//2204 4403//2213
f 3975//2216 3974//2217 3977//2218
f 3975//2216 3977//2218 3978//2219
f 4241//2220 4240//2221 4243//2222
f 4241//2220 4243//2222 4244//2223
f 3890//2201 3889//2184 4270//2187
f 3890//2201 4270//2187 4271//2200
f 4292//1502 4304//2190 4289//2190
f 4292//1502 4289//2190 4275//1502
f 4299//2186 4290//2213 4283//2213
f 4299//2186 4283//2213 4284//2186
f 3954//2189 3953//2205 4303//2208
f 3954//2189 4303//2208 4304//2190
f 4321//2215 4322//1502 4305//1502
f 4321//2215 4305//1502 4306//2215
f 4262//1502 4274//2190 4259//2190
f 4262//1502 4259//2190 4245//1502
f 4389//2186 4380//2213 4373//2213
f 4389//2186 4373//2213 4374//2186
f 3944//2214 3943//2224 4294//2203
f 3944//2214 4294//2203 4295//2202
f 4297//2194 4296//2193 4280//2193
f 4297//2194 4280//2193 4281//2194
f 4064//2209 4063//2210 4351//2215
f 4064//2209 4351//2215 4353//2225
f 3941//2210 3940//2188 4292//1502
f 3941//2210 4292//1502 4291//2211
f 4290//2213 4298//2204 4282//2197
f 4290//2213 4282//2197 4283//2213
f 4356//2193 4355//2202 4339//2202
f 4356//2193 4339//2202 4340//2193
f 4190//2191 4189//2192 4416//2193
f 4190//2191 4416//2193 4417//2194
f 4002//2210 4001//2188 4322//1502
f 4002//2210 4322//1502 4321//2215
f 4274//2190 4273//2208 4258//2208
f 4274//2190 4258//2208 4259//2190
f 3948//2195 3947//2196 4298//2204
f 3948//2195 4298//2204 4290//2213
f 4293//2212 4291//2211 4276//2211
f 4293//2212 4276//2211 4277//2212
f 3887//2195 3886//2196 4268//2204
f 3887//2195 4268//2204 4260//2213
f 4362//2199 4361//2200 4346//2200
f 4362//2199 4346//2200 4347//2199
f 4331//2200 4330//2187 4315//2187
f 4331//2200 4315//2187 4316//2200
f 4320//2198 4328//2197 4312//2197
f 4320//2198 4312//2197 4313//2198
f 4271//2200 4270//2187 4255//2187
f 4271//2200 4255//2187 4256//2200
f 4067//2192 4066//2214 4355//2202
f 4067//2192 4355//2202 4356//2193
f 3945//2192 3944//2214 4295//2202
f 3945//2192 4295//2202 4296//2193
f 4303//2208 4302//2207 4287//2207
f 4303//2208 4287//2207 4288//2208
f 4419//2186 4410//2213 4403//2213
f 4419//2186 4403//2213 4404//2186
f 4197//2205 4196//2206 4422//2199
f 4197//2205 4422//2199 4423//2208
f 3885//2191 3884//2192 4266//2193
f 3885//2191 4266//2193 4267//2194
f 4131//2195 4130//2196 4388//2204
f 4131//2195 4388//2204 4380//2213
f 3884//2192 3883//2214 4265//2202
f 3884//2192 4265//2202 4266//2193
f 4263//2225 4261//2215 4246//2215
f 4263//2225 4246//2215 4247//2225
f 4191//2196 4190//2191 4417//2194
f 4191//2196 4417//2194 4418//2204
f 4011//2226 4010//2185 4329//2186
f 4011//2226 4329//2186 4330//2187
f 4381//2211 4382//1502 4365//1502
f 4381//2211 4365//1502 4366//2211
f 4181//2227 4137//2189 4123//2188
f 4181//2227 4123//2188 4139//2228
f 4081//2229 4078//2228 4062//2188
f 4081//2229 4062//2188 4063//2210
f 3898//2229 3880//2210 3881//2209
f 3898//2229 3881//2209 3901//2230
f 3977//2218 3947//2196 3948//2195
f 3977//2218 3948//2195 3980//2231
f 4172//2232 4134//2201 4135//2206
f 4172//2232 4135//2206 4175//2233
f 4087//2234 4065//2224 4066//2214
f 4087//2234 4066//2214 4090//2235
f 4032//2236 4006//2192 4007//2191
f 4032//2236 4007//2191 4035//2237
f 4102//2231 4070//2195 4071//2185
f 4102//2231 4071//2185 4105//2238
f 3992//2233 3952//2206 3953//2205
f 3992//2233 3953//2205 3995//2239
f 4041//2231 4009//2195 4010//2185
f 4041//2231 4010//2185 4044//2238
f 4044//2238 4010//2185 4011//2226
f 4044//2238 4011//2226 4047//2240
f 3898//2229 3895//2228 3879//2188
f 3898//2229 3879//2188 3880//2210
f 4050//2241 4012//2201 4013//2206
f 4050//2241 4013//2206 4053//2233
f 4206//2230 4186//2209 4187//2224
f 4206//2230 4187//2224 4209//2242
f 4175//2233 4135//2206 4136//2205
f 4175//2233 4136//2205 4178//2243
f 3894//1270 3897//2244 3900//2245
f 3894//1270 3939//2223 3897//2244
f 3894//1270 3924//2246 3927//2247
f 3894//1270 3909//2248 3912//2249
f 3894//1270 3936//2220 3939//2223
f 3894//1270 3933//2250 3936//2220
f 3894//1270 3930//2251 3933//2250
f 3894//1270 3927//2247 3930//2251
f 3894//1270 3921//2252 3924//2246
f 3894//1270 3918//2253 3921//2252
f 3894//1270 3915//2254 3918//2253
f 3894//1270 3912//2249 3915//2254
f 3894//1270 3906//2255 3909//2248
f 3894//1270 3903//2256 3906//2255
f 3894//1270 3900//2245 3903//2256
f 3896//2257 3895//2228 3898//2229
f 3896//2257 3898//2229 3899//2258
f 4143//2258 4142//2229 4145//2230
f 4143//2258 4145//2230 4146//2259
f 4176//2260 4175//2233 4178//2243
f 4176//2260 4178//2243 4179//2221
f 3981//2261 3980//2231 3983//2238
f 3981//2261 3983//2238 3984//2262
f 4231//2263 4230//2240 4233//2232
f 4231//2263 4233//2232 4234//2264
f 3984//2262 3983//2238 3986//2265
f 3984//2262 3986//2265 3987//2263
f 3932//2260 3931//2233 3934//2243
f 3932//2260 3934//2243 3935//2221
f 4094//2266 4093//2267 4096//2237
f 4094//2266 4096//2237 4097//2216
f 4042//2261 4041//2231 4044//2238
f 4042//2261 4044//2238 4045//2262
f 3917//2219 3916//2218 3919//2231
f 3917//2219 3919//2231 3920//2261
f 4213//2268 4212//2269 4215//2267
f 4213//2268 4215//2267 4216//2266
f 4210//2270 4209//2242 4212//2269
f 4210//2270 4212//2269 4213//2268
f 4207//2259 4206//2230 4209//2242
f 4207//2259 4209//2242 4210//2270
f 3935//2221 3934//2243 3937//2227
f 3935//2221 3937//2227 3938//2222
f 4033//2266 4032//2236 4035//2237
f 4033//2266 4035//2237 4036//2216
f 3897//2244 3896//2257 3899//2258
f 3897//2244 3899//2258 3900//2245
f 4046//2246 4045//2262 4048//2263
f 4046//2246 4048//2263 4049//2247
f 3979//2271 3978//2219 3981//2261
f 3979//2271 3981//2261 3982//2252
f 4235//2251 4234//2264 4237//2260
f 4235//2251 4237//2260 4238//2250
f 4122//2223 4121//2222 4079//2257
f 4122//2223 4079//2257 4080//2244
f 3958//2244 3957//2257 3960//2258
f 3958//2244 3960//2258 3961//2245
f 4226//2272 4225//2261 4228//2262
f 4226//2272 4228//2262 4229//2246
f 4110//2247 4109//2263 4112//2264
f 4110//2247 4112//2264 4113//2273
f 4104//2272 4103//2261 4106//2262
f 4104//2272 4106//2262 4107//2246
f 3900//2245 3899//2258 3902//2259
f 3900//2245 3902//2259 3903//2256
f 4214//2248 4213//2268 4216//2266
f 4214//2248 4216//2266 4217//2249
f 4211//2255 4210//2270 4213//2268
f 4211//2255 4213//2268 4214//2248
f 4156//2249 4155//2266 4158//2216
f 4156//2249 4158//2216 4159//2274
f 4031//2248 4030//2275 4033//2266
f 4031//2248 4033//2266 4034//2249
f 4142//2229 4139//2228 4123//2188
f 4142//2229 4123//2188 4124//2210
f 4215//2267 4189//2192 4190//2191
f 4215//2267 4190//2191 4218//2217
f 4020//2229 4002//2210 4003//2209
f 4020//2229 4003//2209 4023//2276
f 3919//2231 3887//2195 3888//2185
f 3919//2231 3888//2185 3922//2238
f 3925//2240 3889//2184 3890//2201
f 3925//2240 3890//2201 3928//2232
f 3922//2238 3888//2185 3889//2184
f 3922//2238 3889//2184 3925//2240
f 3965//2242 3943//2224 3944//2214
f 3965//2242 3944//2214 3968//2269
f 4145//2230 4125//2209 4126//2224
f 4145//2230 4126//2224 4148//2242
f 3998//2227 3954//2189 3940//2188
f 3998//2227 3940//2188 3956//2228
f 4111//2241 4073//2201 4074//2206
f 4111//2241 4074//2206 4114//2277
f 4029//2235 4005//2214 4006//2192
f 4029//2235 4006//2192 4032//2236
f 3968//2269 3944//2214 3945//2192
f 3968//2269 3945//2192 3971//2267
f 3916//2218 3886//2196 3887//2195
f 3916//2218 3887//2195 3919//2231
f 4169//2240 4133//2184 4134//2201
f 4169//2240 4134//2201 4172//2232
f 3955//1270 3958//2244 3961//2245
f 3955//1270 4000//2223 3958//2244
f 3955//1270 3985//2246 3988//2247
f 3955//1270 3970//2248 3973//2249
f 3955//1270 3997//2220 4000//2223
f 3955//1270 3994//2250 3997//2220
f 3955//1270 3991//2251 3994//2250
f 3955//1270 3988//2247 3991//2251
f 3955//1270 3982//2252 3985//2246
f 3955//1270 3979//2271 3982//2252
f 3955//1270 3976//2274 3979//2271
f 3955//1270 3973//2249 3976//2274
f 3955//1270 3967//2255 3970//2248
f 3955//1270 3964//2278 3967//2255
f 3955//1270 3961//2245 3964//2278
f 4243//2222 4242//2227 4200//2228
f 4243//2222 4200//2228 4201//2257
f 4237//2260 4236//2233 4239//2243
f 4237//2260 4239//2243 4240//2221
f 3905//2270 3904//2242 3907//2269
f 3905//2270 3907//2269 3908//2268
f 4109//2263 4108//2240 4111//2241
f 4109//2263 4111//2241 4112//2264
f 4228//2262 4227//2279 4230//2240
f 4228//2262 4230//2240 4231//2263
f 4179//2221 4178//2243 4181//2227
f 4179//2221 4181//2227 4182//2222
f 4170//2263 4169//2240 4172//2232
f 4170//2263 4172//2232 4173//2264
f 4219//2216 4218//2217 4221//2218
f 4219//2216 4221//2218 4222//2219
f 3978//2219 3977//2218 3980//2231
f 3978//2219 3980//2231 3981//2261
f 3902//2259 3901//2230 3904//2242
f 3902//2259 3904//2242 3905//2270
f 3990//2264 3989//2241 3992//2233
f 3990//2264 3992//2233 3993//2260
f 3993//2260 3992//2233 3995//2239
f 3993//2260 3995//2239 3996//2221
f 4054//2260 4053//2233 4056//2243
f 4054//2260 4056//2243 4057//2221
f 3972//2266 3971//2267 3974//2217
f 3972//2266 3974//2217 3975//2216
f 4043//2272 4042//2261 4045//2262
f 4043//2272 4045//2262 4046//2246
f 4180//2220 4179//2221 4182//2222
f 4180//2220 4182//2222 4183//2223
f 4025//2278 4024//2259 4027//2280
f 4025//2278 4027//2280 4028//2255
f 3967//2255 3966//2280 3969//2268
f 3967//2255 3969//2268 3970//2248
f 4034//2249 4033//2266 4036//2216
f 4034//2249 4036//2216 4037//2274
f 4095//2249 4094//2266 4097//2216
f 4095//2249 4097//2216 4098//2274
f 4019//2244 4018//2257 4021//2258
f 4019//2244 4021//2258 4022//2245
f 4238//2250 4237//2260 4240//2221
f 4238//2250 4240//2221 4241//2220
f 4159//2274 4158//2216 4161//2219
f 4159//2274 4161//2219 4162//2271
f 4086//2278 4085//2259 4088//2280
f 4086//2278 4088//2280 4089//2281
f 3918//2253 3917//2219 3920//2261
f 3918//2253 3920//2261 3921//2252
f 4000//2223 3999//2222 3957//2257
f 4000//2223 3957//2257 3958//2244
f 3985//2246 3984//2262 3987//2263
f 3985//2246 3987//2263 3988//2247
f 4101//2271 4100//2219 4103//2261
f 4101//2271 4103//2261 4104//2272
f 3988//2247 3987//2263 3990//2264
f 3988//2247 3990//2264 3991//2251
f 3974//2217 3946//2191 3947//2196
f 3974//2217 3947//2196 3977//2218
f 3995//2239 3953//2205 3954//2189
f 3995//2239 3954//2189 3998//2227
f 3959//2229 3941//2210 3942//2209
f 3959//2229 3942//2209 3962//2282
f 4038//2218 4008//2196 4009//2195
f 4038//2218 4009//2195 4041//2231
f 4148//2242 4126//2224 4127//2214
f 4148//2242 4127//2214 4151//2269
f 3907//2269 3883//2214 3884//2192
f 3907//2269 3884//2192 3910//2267
f 4154//2267 4128//2192 4129//2191
f 4154//2267 4129//2191 4157//2217
f 4218//2217 4190//2191 4191//2196
f 4218//2217 4191//2196 4221//2218
f 3962//2282 3942//2209 3943//2224
f 3962//2282 3943//2224 3965//2242
f 4023//2276 4003//2209 4004//2224
f 4023//2276 4004//2224 4026//2234
f 4166//2283 4132//2185 4133//2184
f 4166//2283 4133//2184 4169//2240
f 4090//2235 4066//2214 4067//2192
f 4090//2235 4067//2192 4093//2267
f 4233//2232 4195//2201 4196//2206
f 4233//2232 4196//2206 4236//2233
f 4053//2233 4013//2206 4014//2284
f 4053//2233 4014//2284 4056//2243
f 4081//2229 4063//2210 4064//2209
f 4081//2229 4064//2209 4084//2230
f 4016//1270 4019//2244 4022//2245
f 4016//1270 4061//2223 4019//2244
f 4016//1270 4046//2246 4049//2247
f 4016//1270 4031//2248 4034//2249
f 4016//1270 4058//2220 4061//2223
f 4016//1270 4055//2250 4058//2220
f 4016//1270 4052//2251 4055//2250
f 4016//1270 4049//2247 4052//2251
f 4016//1270 4043//2272 4046//2246
f 4016//1270 4040//2271 4043//2272
f 4016//1270 4037//2274 4040//2271
f 4016//1270 4034//2249 4037//2274
f 4016//1270 4028//2255 4031//2248
f 4016//1270 4025//2278 4028//2255
f 4016//1270 4022//2245 4025//2278
f 4140//2257 4139//2228 4142//2229
f 4140//2257 4142//2229 4143//2258
f 4204//2258 4203//2229 4206//2230
f 4204//2258 4206//2230 4207//2259
f 4173//2264 4172//2232 4175//2233
f 4173//2264 4175//2233 4176//2260
f 3966//2280 3965//2242 3968//2269
f 3966//2280 3968//2269 3969//2268
f 4152//2268 4151//2269 4154//2267
f 4152//2268 4154//2267 4155//2266
f 4106//2262 4105//2238 4108//2240
f 4106//2262 4108//2240 4109//2263
f 3999//2222 3998//2227 3956//2228
f 3999//2222 3956//2228 3957//2257
f 4149//2270 4148//2242 4151//2269
f 4149//2270 4151//2269 4152//2268
f 4097//2216 4096//2237 4099//2218
f 4097//2216 4099//2218 4100//2219
f 4039//2219 4038//2218 4041//2231
f 4039//2219 4041//2231 4042//2261
f 4091//2275 4090//2235 4093//2267
f 4091//2275 4093//2267 4094//2266
f 3929//2264 3928//2232 3931//2233
f 3929//2264 3931//2233 3932//2260
f 3920//2261 3919//2231 3922//2238
f 3920//2261 3922//2238 3923//2262
f 4036//2216 4035//2237 4038//2218
f 4036//2216 4038//2218 4039//2219
f 4112//2264 4111//2241 4114//2277
f 4112//2264 4114//2277 4115//2260
f 4028//2255 4027//2280 4030//2275
f 4028//2255 4030//2275 4031//2248
f 3903//2256 3902//2259 3905//2270
f 3903//2256 3905//2270 3906//2255
f 4119//2285 4118//2221 4121//2222
f 4119//2285 4121//2222 4122//2223
f 4098//2274 4097//2216 4100//2219
f 4098//2274 4100//2219 4101//2271
f 4153//2248 4152//2268 4155//2266
f 4153//2248 4155//2266 4156//2249
f 3964//2278 3963//2259 3966//2280
f 3964//2278 3966//2280 3967//2255
f 3976//2274 3975//2216 3978//2219
f 3976//2274 3978//2219 3979//2271
f 4058//2220 4057//2221 4060//2222
f 4058//2220 4060//2222 4061//2223
f 3982//2252 3981//2261 3984//2262
f 3982//2252 3984//2262 3985//2246
f 4052//2251 4051//2264 4054//2260
f 4052//2251 4054//2260 4055//2250
f 4144//2245 4143//2258 4146//2259
f 4144//2245 4146//2259 4147//2278
f 4089//2281 4088//2280 4091//2275
f 4089//2281 4091//2275 4092//2248
f 3973//2249 3972//2266 3975//2216
f 3973//2249 3975//2216 3976//2274
f 3961//2245 3960//2258 3963//2259
f 3961//2245 3963//2259 3964//2278
f 3906//2255 3905//2270 3908//2268
f 3906//2255 3908//2268 3909//2248
f 4020//2229 4017//2228 4001//2188
f 4020//2229 4001//2188 4002//2210
f 3937//2227 3893//2189 3879//2188
f 3937//2227 3879//2188 3895//2228
f 4239//2243 4197//2205 4198//2189
f 4239//2243 4198//2189 4242//2227
f 4236//2233 4196//2206 4197//2205
f 4236//2233 4197//2205 4239//2243
f 4056//2243 4014//2284 4015//2189
f 4056//2243 4015//2189 4059//2227
f 3989//2241 3951//2201 3952//2206
f 3989//2241 3952//2206 3992//2233
f 3986//2265 3950//2184 3951//2201
f 3986//2265 3951//2201 3989//2241
f 4096//2237 4068//2191 4069//2196
f 4096//2237 4069//2196 4099//2218
f 4221//2218 4191//2196 4192//2195
f 4221//2218 4192//2195 4224//2231
f 4163//2231 4131//2195 4132//2185
f 4163//2231 4132//2185 4166//2283
f 4203//2229 4185//2210 4186//2209
f 4203//2229 4186//2209 4206//2230
f 4151//2269 4127//2214 4128//2192
f 4151//2269 4128//2192 4154//2267
f 3983//2238 3949//2185 3950//2184
f 3983//2238 3950//2184 3986//2265
f 3901//2230 3881//2209 3882//2224
f 3901//2230 3882//2224 3904//2242
f 4117//2286 4075//2205 4076//2189
f 4117//2286 4076//2189 4120//2227
f 4077//1270 4080//2244 4083//2245
f 4077//1270 4122//2223 4080//2244
f 4077//1270 4107//2246 4110//2247
f 4077//1270 4092//2248 4095//2249
f 4077//1270 4119//2285 4122//2223
f 4077//1270 4116//2250 4119//2285
f 4077//1270 4113//2273 4116//2250
f 4077//1270 4110//2247 4113//2273
f 4077//1270 4104//2272 4107//2246
f 4077//1270 4101//2271 4104//2272
f 4077//1270 4098//2274 4101//2271
f 4077//1270 4095//2249 4098//2274
f 4077//1270 4089//2281 4092//2248
f 4077//1270 4086//2278 4089//2281
f 4077//1270 4083//2245 4086//2278
f 4079//2257 4078//2228 4081//2229
f 4079//2257 4081//2229 4082//2258
f 4167//2262 4166//2283 4169//2240
f 4167//2262 4169//2240 4170//2263
f 3960//2258 3959//2229 3962//2282
f 3960//2258 3962//2282 3963//2259
f 4057//2221 4056//2243 4059//2227
f 4057//2221 4059//2227 4060//2222
f 3996//2221 3995//2239 3998//2227
f 3996//2221 3998//2227 3999//2222
f 3911//2266 3910//2267 3913//2217
f 3911//2266 3913//2217 3914//2216
f 3914//2216 3913//2217 3916//2218
f 3914//2216 3916//2218 3917//2219
f 4161//2219 4160//2218 4163//2231
f 4161//2219 4163//2231 4164//2261
f 4164//2261 4163//2231 4166//2283
f 4164//2261 4166//2283 4167//2262
f 4121//2222 4120//2227 4078//2228
f 4121//2222 4078//2228 4079//2257
f 4048//2263 4047//2240 4050//2241
f 4048//2263 4050//2241 4051//2264
f 4027//2280 4026//2234 4029//2235
f 4027//2280 4029//2235 4030//2275
f 3987//2263 3986//2265 3989//2241
f 3987//2263 3989//2241 3990//2264
f 4118//2221 4117//2286 4120//2227
f 4118//2221 4120//2227 4121//2222
f 4060//2222 4059//2227 4017//2228
f 4060//2222 4017//2228 4018//2257
f 4080//2244 4079//2257 4082//2258
f 4080//2244 4082//2258 4083//2245
f 4208//2278 4207//2259 4210//2270
f 4208//2278 4210//2270 4211//2255
f 4037//2274 4036//2216 4039//2219
f 4037//2274 4039//2219 4040//2271
f 4150//2255 4149//2270 4152//2268
f 4150//2255 4152//2268 4153//2248
f 4049//2247 4048//2263 4051//2264
f 4049//2247 4051//2264 4052//2251
f 3912//2249 3911//2266 3914//2216
f 3912//2249 3914//2216 3915//2254
f 4107//2246 4106//2262 4109//2263
f 4107//2246 4109//2263 4110//2247
f 3970//2248 3969//2268 3972//2266
f 3970//2248 3972//2266 3973//2249
f 4061//2223 4060//2222 4018//2257
f 4061//2223 4018//2257 4019//2244
f 4168//2246 4167//2262 4170//2263
f 4168//2246 4170//2263 4171//2247
f 4232//2247 4231//2263 4234//2264
f 4232//2247 4234//2264 4235//2251
f 4165//2272 4164//2261 4167//2262
f 4165//2272 4167//2262 4168//2246
f 4223//2271 4222//2219 4225//2261
f 4223//2271 4225//2261 4226//2272
f 4217//2249 4216//2266 4219//2216
f 4217//2249 4219//2216 4220//2274
f 3939//2223 3938//2222 3896//2257
f 3939//2223 3896//2257 3897//2244
f 4203//2229 4200//2228 4184//2188
f 4203//2229 4184//2188 4185//2210
f 4242//2227 4198//2189 4184//2188
f 4242//2227 4184//2188 4200//2228
f 3934//2243 3892//2205 3893//2189
f 3934//2243 3893//2189 3937//2227
f 4114//2277 4074//2206 4075//2205
f 4114//2277 4075//2205 4117//2286
f 4230//2240 4194//2184 4195//2201
f 4230//2240 4195//2201 4233//2232
f 4105//2238 4071//2185 4072//2226
f 4105//2238 4072//2226 4108//2240
f 4227//2279 4193//2185 4194//2184
f 4227//2279 4194//2184 4230//2240
f 4224//2231 4192//2195 4193//2185
f 4224//2231 4193//2185 4227//2279
f 4035//2237 4007//2191 4008//2196
f 4035//2237 4008//2196 4038//2218
f 3928//2232 3890//2201 3891//2206
f 3928//2232 3891//2206 3931//2233
f 3971//2267 3945//2192 3946//2191
f 3971//2267 3946//2191 3974//2217
f 4047//2240 4011//2226 4012//2201
f 4047//2240 4012//2201 4050//2241
f 3913//2217 3885//2191 3886//2196
f 3913//2217 3886//2196 3916//2218
f 4084//2230 4064//2209 4065//2224
f 4084//2230 4065//2224 4087//2234
f 4209//2242 4187//2224 4188//2214
f 4209//2242 4188//2214 4212//2269
f 4138//1270 4141//2244 4144//2245
f 4138//1270 4183//2223 4141//2244
f 4138//1270 4168//2246 4171//2247
f 4138//1270 4153//2248 4156//2249
f 4138//1270 4180//2220 4183//2223
f 4138//1270 4177//2250 4180//2220
f 4138//1270 4174//2251 4177//2250
f 4138//1270 4171//2247 4174//2251
f 4138//1270 4165//2272 4168//2246
f 4138//1270 4162//2271 4165//2272
f 4138//1270 4159//2274 4162//2271
f 4138//1270 4156//2249 4159//2274
f 4138//1270 4150//2255 4153//2248
f 4138//1270 4147//2278 4150//2255
f 4138//1270 4144//2245 4147//2278
f 4018//2257 4017//2228 4020//2229
f 4018//2257 4020//2229 4021//2258
f 4240//2221 4239//2243 4242//2227
f 4240//2221 4242//2227 4243//2222
f 4085//2259 4084//2230 4087//2234
f 4085//2259 4087//2234 4088//2280
f 4234//2264 4233//2232 4236//2233
f 4234//2264 4236//2233 4237//2260
f 3926//2263 3925//2240 3928//2232
f 3926//2263 3928//2232 3929//2264
f 3923//2262 3922//2238 3925//2240
f 3923//2262 3925//2240 3926//2263
f 4225//2261 4224//2231 4227//2279
f 4225//2261 4227//2279 4228//2262
f 4222//2219 4221//2218 4224//2231
f 4222//2219 4224//2231 4225//2261
f 4103//2261 4102//2231 4105//2238
f 4103//2261 4105//2238 4106//2262
f 4216//2266 4215//2267 4218//2217
f 4216//2266 4218//2217 4219//2216
f 3908//2268 3907//2269 3910//2267
f 3908//2268 3910//2267 3911//2266
f 4051//2264 4050//2241 4053//2233
f 4051//2264 4053//2233 4054//2260
f 4115//2260 4114//2277 4117//2286
f 4115//2260 4117//2286 4118//2221
f 4082//2258 4081//2229 4084//2230
f 4082//2258 4084//2230 4085//2259
f 4201//2257 4200//2228 4203//2229
f 4201//2257 4203//2229 4204//2258
f 4244//2223 4243//2222 4201//2257
f 4244//2223 4201//2257 4202//2244
f 4022//2245 4021//2258 4024//2259
f 4022//2245 4024//2259 4025//2278
f 3933//2250 3932//2260 3935//2221
f 3933//2250 3935//2221 3936//2220
f 3991//2251 3990//2264 3993//2260
f 3991//2251 3993//2260 3994//2250
f 3927//2247 3926//2263 3929//2264
f 3927//2247 3929//2264 3930//2251
f 4229//2246 4228//2262 4231//2263
f 4229//2246 4231//2263 4232//2247
f 4141//2244 4140//2257 4143//2258
f 4141//2244 4143//2258 4144//2245
f 4147//2278 4146//2259 4149//2270
f 4147//2278 4149//2270 4150//2255
f 4220//2274 4219//2216 4222//2219
f 4220//2274 4222//2219 4223//2271
f 4083//2245 4082//2258 4085//2259
f 4083//2245 4085//2259 4086//2278
f 3909//2248 3908//2268 3911//2266
f 3909//2248 3911//2266 3912//2249
f 4183//2223 4182//2222 4140//2257
f 4183//2223 4140//2257 4141//2244
f 4040//2271 4039//2219 4042//2261
f 4040//2271 4042//2261 4043//2272
f 4205//2245 4204//2258 4207//2259
f 4205//2245 4207//2259 4208//2278
f 4202//2244 4201//2257 4204//2258
f 4202//2244 4204//2258 4205//2245
f 4059//2227 4015//2189 4001//2188
f 4059//2227 4001//2188 4017//2228
f 4120//2227 4076//2189 4062//2188
f 4120//2227 4062//2188 4078//2228
f 4178//2243 4136//2205 4137//2189
f 4178//2243 4137//2189 4181//2227
f 3931//2233 3891//2206 3892//2205
f 3931//2233 3892//2205 3934//2243
f 4108//2240 4072//2226 4073//2201
f 4108//2240 4073//2201 4111//2241
f 3980//2231 3948//2195 3949//2185
f 3980//2231 3949//2185 3983//2238
f 4093//2267 4067//2192 4068//2191
f 4093//2267 4068//2191 4096//2237
f 3904//2242 3882//2224 3883//2214
f 3904//2242 3883//2214 3907//2269
f 4160//2218 4130//2196 4131//2195
f 4160//2218 4131//2195 4163//2231
f 4157//2217 4129//2191 4130//2196
f 4157//2217 4130//2196 4160//2218
f 3910//2267 3884//2192 3885//2191
f 3910//2267 3885//2191 3913//2217
f 3959//2229 3956//2228 3940//2188
f 3959//2229 3940//2188 3941//2210
f 4026//2234 4004//2224 4005//2214
f 4026//2234 4005//2214 4029//2235
f 4099//2218 4069//2196 4070//2195
f 4099//2218 4070//2195 4102//2231
f 4142//2229 4124//2210 4125//2209
f 4142//2229 4125//2209 4145//2230
f 4199//1270 4202//2244 4205//2245
f 4199//1270 4244//2223 4202//2244
f 4199//1270 4229//2246 4232//2247
f 4199//1270 4214//2248 4217//2249
f 4199//1270 4241//2220 4244//2223
f 4199//1270 4238//2250 4241//2220
f 4199//1270 4235//2251 4238//2250
f 4199//1270 4232//2247 4235//2251
f 4199//1270 4226//2272 4229//2246
f 4199//1270 4223//2271 4226//2272
f 4199//1270 4220//2274 4223//2271
f 4199//1270 4217//2249 4220//2274
f 4199//1270 4211//2255 4214//2248
f 4199//1270 4208//2278 4211//2255
f 4199//1270 4205//2245 4208//2278
f 4182//2222 4181//2227 4139//2228
f 4182//2222 4139//2228 4140//2257
f 4021//2258 4020//2229 4023//2276
f 4021//2258 4023//2276 4024//2259
f 4024//2259 4023//2276 4026//2234
f 4024//2259 4026//2234 4027//2280
f 4088//2280 4087//2234 4090//2235
f 4088//2280 4090//2235 4091//2275
f 4030//2275 4029//2235 4032//2236
f 4030//2275 4032//2236 4033//2266
f 4155//2266 4154//2267 4157//2217
f 4155//2266 4157//2217 4158//2216
f 3963//2259 3962//2282 3965//2242
f 3963//2259 3965//2242 3966//2280
f 3957//2257 3956//2228 3959//2229
f 3957//2257 3959//2229 3960//2258
f 4158//2216 4157//2217 4160//2218
f 4158//2216 4160//2218 4161//2219
f 4045//2262 4044//2238 4047//2240
f 4045//2262 4047//2240 4048//2263
f 3969//2268 3968//2269 3971//2267
f 3969//2268 3971//2267 3972//2266
f 4100//2219 4099//2218 4102//2231
f 4100//2219 4102//2231 4103//2261
f 4146//2259 4145//2230 4148//2242
f 4146//2259 4148//2242 4149//2270
f 3899//2258 3898//2229 3901//2230
f 3899//2258 3901//2230 3902//2259
f 3938//2222 3937//2227 3895//2228
f 3938//2222 3895//2228 3896//2257
f 3930//2251 3929//2264 3932//2260
f 3930//2251 3932//2260 3933//2250
f 3997//2220 3996//2221 3999//2222
f 3997//2220 3999//2222 4000//2223
f 3994//2250 3993//2260 3996//2221
f 3994//2250 3996//2221 3997//2220
f 4174//2251 4173//2264 4176//2260
f 4174//2251 4176//2260 4177//2250
f 4171//2247 4170//2263 4173//2264
f 4171//2247 4173//2264 4174//2251
f 3924//2246 3923//2262 3926//2263
f 3924//2246 3926//2263 3927//2247
f 4116//2250 4115//2260 4118//2221
f 4116//2250 4118//2221 4119//2285
f 4162//2271 4161//2219 4164//2261
f 4162//2271 4164//2261 4165//2272
f 3915//2254 3914//2216 3917//2219
f 3915//2254 3917//2219 3918//2253
f 4055//2250 4054//2260 4057//2221
f 4055//2250 4057//2221 4058//2220
f 4092//2248 4091//2275 4094//2266
f 4092//2248 4094//2266 4095//2249
f 4113//2273 4112//2264 4115//2260
f 4113//2273 4115//2260 4116//2250
f 3936//2220 3935//2221 3938//2222
f 3936//2220 3938//2222 3939//2223
f 4177//2250 4176//2260 4179//2221
f 4177//2250 4179//2221 4180//2220
f 3921//2252 3920//2261 3923//2262
f 3921//2252 3923//2262 3924//2246
f 4326//2193 4325//2202 4309//2202
f 4326//2193 4309//2202 4310//2193
f 4075//2205 4074//2206 4362//2199
f 4075//2205 4362//2199 4363//2208
f 4264//2203 4263//2225 4247//2225
f 4264//2203 4247//2225 4248//2203
f 4267//2194 4266//2193 4250//2193
f 4267//2194 4250//2193 4251//2194
f 4128//2192 4127//2214 4385//2202
f 4128//2192 4385//2202 4386//2193
f 4260//2213 4268//2204 4252//2204
f 4260//2213 4252//2204 4253//2213
f 4414//2203 4413//2212 4397//2212
f 4414//2203 4397//2212 4398//2203
f 4327//2194 4326//2193 4310//2193
f 4327//2194 4310//2193 4311//2194
f 3951//2201 3950//2184 4300//2187
f 3951//2201 4300//2187 4301//2200
f 3893//2189 3892//2205 4273//2208
f 3893//2189 4273//2208 4274//2190
f 3889//2184 3888//2185 4269//2186
f 3889//2184 4269//2186 4270//2187
f 4135//2206 4134//2201 4391//2200
f 4135//2206 4391//2200 4392//2207
f 4127//2214 4126//2224 4384//2203
f 4127//2214 4384//2203 4385//2202
f 3891//2206 3890//2201 4271//2200
f 3891//2206 4271//2200 4272//2207
f 4291//2211 4292//1502 4275//1502
f 4291//2211 4275//1502 4276//2211
f 3881//2209 3880//2210 4261//2215
f 3881//2209 4261//2215 4263//2225
f 4272//2207 4271//2200 4256//2200
f 4272//2207 4256//2200 4257//2207
f 3943//2224 3942//2209 4293//2212
f 3943//2224 4293//2212 4294//2203
f 4388//2204 4387//2194 4371//2194
f 4388//2204 4371//2194 4372//2204
f 3882//2224 3881//2209 4263//2225
f 3882//2224 4263//2225 4264//2203
f 4187//2224 4186//2209 4413//2212
f 4187//2224 4413//2212 4414//2203
f 4352//1502 4364//2190 4349//2190
f 4352//1502 4349//2190 4335//1502
f 4301//2200 4300//2187 4285//2187
f 4301//2200 4285//2187 4286//2200
f 4071//2185 4070//2195 4350//2198
f 4071//2185 4350//2198 4359//2186
f 4302//2207 4301//2200 4286//2200
f 4302//2207 4286//2200 4287//2207
f 4124//2210 4123//2188 4382//1502
f 4124//2210 4382//1502 4381//2211
f 3946//2191 3945//2192 4296//2193
f 3946//2191 4296//2193 4297//2194
f 3950//2184 3949//2185 4299//2186
f 3950//2184 4299//2186 4300//2187
f 4424//2190 4423//2208 4408//2208
f 4424//2190 4408//2208 4409//2190
f 4323//2225 4321//2215 4306//2215
f 4323//2225 4306//2215 4307//2225
f 4004//2224 4003//2209 4323//2225
f 4004//2224 4323//2225 4324//2203
f 4324//2203 4323//2225 4307//2225
f 4324//2203 4307//2225 4308//2203
f 3942//2209 3941//2210 4291//2211
f 3942//2209 4291//2211 4293//2212
f 4294//2203 4293//2212 4277//2212
f 4294//2203 4277//2212 4278//2203
f 4304//2190 4303//2208 4288//2208
f 4304//2190 4288//2208 4289//2190
f 3947//2196 3946//2191 4297//2194
f 3947//2196 4297//2194 4298//2204
f 4008//2196 4007//2191 4327//2194
f 4008//2196 4327//2194 4328//2197
f 4270//2187 4269//2186 4254//2186
f 4270//2187 4254//2186 4255//2187
f 4012//2201 4011//2226 4330//2187
f 4012//2201 4330//2187 4331//2200
f 4076//2189 4075//2205 4363//2208
f 4076//2189 4363//2208 4364//2190
f 4363//2208 4362//2199 4347//2199
f 4363//2208 4347//2199 4348//2208
f 4014//2284 4013//2206 4332//2199
f 4014//2284 4332//2199 4333//2287
f 4394//2190 4393//2208 4378//2208
f 4394//2190 4378//2208 4379//2190
f 4266//2193 4265//2202 4249//2202
f 4266//2193 4249//2202 4250//2193
f 4420//2187 4419//2186 4404//2186
f 4420//2187 4404//2186 4405//2187
f 4351//2215 4352//1502 4335//1502
f 4351//2215 4335//1502 4336//2215
f 4354//2203 4353//2225 4337//2225
f 4354//2203 4337//2225 4338//2203
f 4015//2189 4014//2284 4333//2287
f 4015//2189 4333//2287 4334//2288
f 4330//2187 4329//2186 4314//2186
f 4330//2187 4314//2186 4315//2187
f 4358//2197 4357//2194 4341//2194
f 4358//2197 4341//2194 4342//2197
f 4072//2226 4071//2185 4359//2186
f 4072//2226 4359//2186 4360//2187
f 4123//2188 4137//2189 4394//2190
f 4123//2188 4394//2190 4382//1502
f 4073//2201 4072//2226 4360//2187
f 4073//2201 4360//2187 4361//2200
f 4359//2186 4350//2198 4343//2198
f 4359//2186 4343//2198 4344//2186
f 4066//2214 4065//2224 4354//2203
f 4066//2214 4354//2203 4355//2202
f 4010//2185 4009//2195 4320//2198
f 4010//2185 4320//2198 4329//2186
f 4068//2191 4067//2192 4356//2193
f 4068//2191 4356//2193 4357//2194
f 4350//2198 4358//2197 4342//2197
f 4350//2198 4342//2197 4343//2198
f 4353//2225 4351//2215 4336//2215
f 4353//2225 4336//2215 4337//2225
f 4322//1502 4334//2288 4319//2288
f 4322//1502 4319//2288 4305//1502
f 3879//2188 3893//2189 4274//2190
f 3879//2188 4274//2190 4262//1502
f 4134//2201 4133//2184 4390//2187
f 4134//2201 4390//2187 4391//2200
f 3952//2206 3951//2201 4301//2200
f 3952//2206 4301//2200 4302//2207
f 4065//2224 4064//2209 4353//2225
f 4065//2224 4353//2225 4354//2203
f 4192//2195 4191//2196 4418//2204
f 4192//2195 4418//2204 4410//2213
f 4193//2185 4192//2195 4410//2213
f 4193//2185 4410//2213 4419//2186
f 4132//2185 4131//2195 4380//2213
f 4132//2185 4380//2213 4389//2186
f 3892//2205 3891//2206 4272//2207
f 3892//2205 4272//2207 4273//2208
f 4333//2287 4332//2199 4317//2199
f 4333//2287 4317//2199 4318//2287
f 4390//2187 4389//2186 4374//2186
f 4390//2187 4374//2186 4375//2187
f 4063//2210 4062//2188 4352//1502
f 4063//2210 4352//1502 4351//2215
f 4137//2189 4136//2205 4393//2208
f 4137//2189 4393//2208 4394//2190
f 4186//2209 4185//2210 4411//2211
f 4186//2209 4411//2211 4413//2212
f 4383//2212 4381//2211 4366//2211
f 4383//2212 4366//2211 4367//2212
f 4334//2288 4333//2287 4318//2287
f 4334//2288 4318//2287 4319//2288
f 4423//2208 4422//2199 4407//2207
f 4423//2208 4407//2207 4408//2208
f 4188//2214 4187//2224 4414//2203
f 4188//2214 4414//2203 4415//2202
f 4421//2200 4420//2187 4405//2187
f 4421//2200 4405//2187 4406//2200
f 4074//2206 4073//2201 4361//2200
f 4074//2206 4361//2200 4362//2199
f 4269//2186 4260//2213 4253//2213
f 4269//2186 4253//2213 4254//2186
f 4382//1502 4394//2190 4379//2190
f 4382//1502 4379//2190 4365//1502
f 4413//2212 4411//2211 4396//2211
f 4413//2212 4396//2211 4397//2212
f 4185//2210 4184//2188 4412//1502
f 4185//2210 4412//1502 4411//2211
f 4194//2184 4193//2185 4419//2186
f 4194//2184 4419//2186 4420//2187
f 4416//2193 4415//2202 4399//2202
f 4416//2193 4399//2202 4400//2193
f 3886//2196 3885//2191 4267//2194
f 3886//2196 4267//2194 4268//2204
f 4003//2209 4002//2210 4321//2215
f 4003//2209 4321//2215 4323//2225
f 4136//2205 4135//2206 4392//2207
f 4136//2205 4392//2207 4393//2208
f 4212//2269 4188//2214 4189//2192
f 4212//2269 4189//2192 4215//2267
f 4130//2196 4129//2191 4387//2194
f 4130//2196 4387//2194 4388//2204
f 4196//2206 4195//2201 4421//2200
f 4196//2206 4421//2200 4422//2199
f 4129//2191 4128//2192 4386//2193
f 4129//2191 4386//2193 4387//2194
f 4422//2199 4421//2200 4406//2200
f 4422//2199 4406//2200 4407//2207
f 4391//2200 4390//2187 4375//2187
f 4391//2200 4375//2187 4376//2200
f 4265//2202 4264//2203 4248//2203
f 4265//2202 4248//2203 4249//2202
f 4384//2203 4383//2212 4367//2212
f 4384//2203 4367//2212 4368//2203
f 3949//2185 3948//2195 4290//2213
f 3949//2185 4290//2213 4299//2186
f 4184//2188 4198//2189 4424//2190
f 4184//2188 4424//2190 4412//1502
f 4386//2193 4385//2202 4369//2202
f 4386//2193 4369//2202 4370//2193
f 4295//2202 4294//2203 4278//2203
f 4295//2202 4278//2203 4279//2202
f 4412//1502 4424//2190 4409//2190
f 4412//1502 4409//2190 4395//1502
f 4261//2215 4262//1502 4245//1502
f 4261//2215 4245//1502 4246//2215
f 3888//2185 3887//2195 4260//2213
f 3888//2185 4260//2213 4269//2186
f 4361//2200 4360//2187 4345//2187
f 4361//2200 4345//2187 4346//2200
f 3883//2214 3882//2224 4264//2203
f 3883//2214 4264//2203 4265//2202
f 4268//2204 4267//2194 4251//2194
f 4268//2204 4251//2194 4252//2204
f 4013//2206 4012//2201 4331//2200
f 4013//2206 4331//2200 4332//2199
f 4364//2190 4363//2208 4348//2208
f 4364//2190 4348//2208 4349//2190
f 3940//2188 3954//2189 4304//2190
f 3940//2188 4304//2190 4292//1502
f 4005//2214 4004//2224 4324//2203
f 4005//2214 4324//2203 4325//2202
f 4392//2207 4391//2200 4376//2200
f 4392//2207 4376//2200 4377//2207
f 4126//2224 4125//2209 4383//2212
f 4126//2224 4383//2212 4384//2203
f 4001//2188 4015//2189 4334//2288
f 4001//2188 4334//2288 4322//1502
usemtl Material.005
f 5021//2289 5023//2290 4927//2290
f 5021//2289 4927//2290 4925//2289
f 5015//2291 5017//2292 4921//2292
f 5015//2291 4921//2292 4919//2291
f 5035//2293 4941//1502 4845//1502
f 5035//2293 4845//1502 4939//2293
f 5033//2294 5035//2293 4939//2293
f 5033//2294 4939//2293 4937//2294
f 5074//2295 4972//2296 4970//2297
f 5074//2295 4970//2297 5073//2298
f 4451//2299 4450//2300 4554//2301
f 4451//2299 4554//2301 4556//2302
f 4837//2303 4728//2304 4726//2305
f 4837//2303 4726//2305 4835//2306
s 0
f 4603//2307 4741//2307 4743//2307
f 4603//2307 4743//2307 4605//2307
f 4798//1270 4856//1270 4858//1270
f 4798//1270 4858//1270 4800//1270
s 1
f 4462//2308 4587//2309 4589//2310
f 4462//2308 4589//2310 4428//2311
s 0
f 4864//1270 4866//1270 4810//1270
f 4864//1270 4810//1270 4808//1270
s 1
f 4999//2312 5001//1514 4905//1514
f 4999//2312 4905//1514 4903//2312
f 5011//2313 5012//5 4916//5
f 5011//2313 4916//5 4915//2313
f 5017//2292 5019//2314 4923//2314
f 5017//2292 4923//2314 4921//2292
f 5027//2315 5029//2316 4933//2316
f 5027//2315 4933//2316 4931//2315
f 4985//2317 4987//2318 4891//2318
f 4985//2317 4891//2318 4889//2317
f 5025//2319 5027//2315 4931//2315
f 5025//2319 4931//2315 4929//2319
f 4943//2320 4945//2321 4849//2321
f 4943//2320 4849//2321 4847//2320
s 0
f 4518//2316 4654//2316 4656//2316
f 4518//2316 4656//2316 4520//2316
f 4591//5 4613//5 4616//5
f 4591//5 4616//5 4594//5
s 1
f 5079//2322 4984//2323 4982//2324
f 5079//2322 4982//2324 5078//2325
s 0
f 4508//2316 4640//2316 4642//2316
f 4508//2316 4642//2316 4510//2316
f 4794//1270 4850//1270 4852//1270
f 4794//1270 4852//1270 4670//1270
s 1
f 4990//2326 4988//2327 5036//2328
f 4990//2326 5036//2328 5037//2329
f 4987//2318 4989//1528 4893//1528
f 4987//2318 4893//1528 4891//2318
f 4955//2330 4957//2331 4861//2331
f 4955//2330 4861//2331 4859//2330
f 5003//2332 5005//2193 4909//2193
f 5003//2332 4909//2193 4907//2332
s 0
f 4461//1270 4427//1270 4425//1270
s 1
f 4489//2333 4488//2334 4513//2335
f 4513//2335 4488//2334 4487//2336
f 4513//2335 4487//2336 4511//2337
f 4511//2337 4487//2336 4486//2338
f 4511//2337 4486//2338 4509//2339
f 4509//2339 4486//2338 4485//2340
f 4509//2339 4485//2340 4507//2341
f 4507//2341 4503//2342 4505//2343
f 4503//2342 4484//2344 4501//2345
f 4501//2345 4484//2344 4483//2346
f 4501//2345 4483//2346 4499//2347
f 4499//2347 4483//2346 4482//2348
f 4499//2347 4482//2348 4497//2349
f 4497//2349 4482//2348 4481//2350
f 4497//2349 4481//2350 4480//2351
f 4434//2352 4432//2353 4532//2354
f 4532//2354 4432//2353 4431//2355
f 4532//2354 4431//2355 4530//2356
f 4530//2356 4431//2355 4430//2357
f 4530//2356 4430//2357 4429//2358
f 4530//2356 4429//2358 4528//2359
f 4519//2360 4521//2361 4426//2362
f 4519//2360 4426//2362 4495//2363
f 4463//2364 4428//2311 4575//2365
f 4463//2364 4575//2365 4577//2366
f 4495//2363 4494//2367 4517//2368
f 4495//2363 4517//2368 4519//2360
f 4494//2367 4493//2369 4517//2368
f 4517//2368 4493//2369 4515//2370
f 4515//2370 4493//2369 4492//2371
f 4515//2370 4492//2371 4490//2372
f 4446//2373 4443//2374 4552//2375
f 4552//2375 4443//2374 4442//2376
f 4552//2375 4442//2376 4550//2377
f 4550//2377 4442//2376 4441//2378
f 4550//2377 4441//2378 4548//2379
f 4548//2379 4441//2378 4440//2380
f 4548//2379 4440//2380 4546//2381
f 4757//2382 4617//2383 4746//2384
f 4757//2382 4746//2384 4755//2385
f 4546//2381 4540//2386 4543//2387
f 4540//2386 4439//2388 4538//2389
f 4538//2389 4439//2388 4438//2390
f 4538//2389 4438//2390 4536//2391
f 4536//2391 4438//2390 4437//2392
f 4536//2391 4437//2392 4534//2393
f 4534//2393 4437//2392 4436//2394
f 4534//2393 4436//2394 4433//2395
f 4821//2396 4708//2397 4683//2398
f 4821//2396 4683//2398 4819//2399
f 4554//2301 4450//2300 4571//2400
f 4571//2400 4450//2300 4569//2401
f 4569//2401 4450//2300 4449//2402
f 4569//2401 4449//2402 4567//2403
f 4567//2403 4449//2402 4448//2404
f 4567//2403 4448//2404 4565//2405
f 4565//2405 4448//2404 4447//2406
f 4565//2405 4447//2406 4445//2407
f 4556//2302 4558//2408 4451//2299
f 4451//2299 4558//2408 4452//2409
f 4452//2409 4558//2408 4560//2410
f 4452//2409 4560//2410 4453//2411
f 4453//2411 4560//2410 4562//2412
f 4453//2411 4562//2412 4454//2413
f 4454//2413 4562//2412 4455//2414
f 4521//2361 4523//2415 4526//2416
f 4521//2361 4526//2416 4426//2362
f 4426//2362 4526//2416 4528//2359
f 4426//2362 4528//2359 4429//2358
f 4587//2309 4462//2308 4460//2417
f 4587//2309 4460//2417 4585//2418
f 4585//2418 4460//2417 4459//2419
f 4577//2366 4579//2420 4464//2421
f 4577//2366 4464//2421 4463//2364
f 4464//2421 4579//2420 4465//2422
f 4465//2422 4579//2420 4581//2423
f 4465//2422 4581//2423 4466//2424
f 4466//2424 4581//2423 4468//2425
f 4585//2418 4459//2419 4583//2426
f 4583//2426 4459//2419 4458//2427
f 4583//2426 4458//2427 4456//2428
f 4592//2429 4595//2430 4474//2431
f 4657//2432 4787//2433 4789//2434
f 4657//2432 4789//2434 4636//2435
f 4608//2436 4473//2437 4606//2438
f 4606//2438 4473//2437 4472//2439
f 4606//2438 4472//2439 4604//2440
f 4604//2440 4472//2439 4471//2441
f 4604//2440 4471//2441 4602//2442
f 4602//2442 4471//2441 4470//2443
f 4602//2442 4470//2443 4467//2444
f 4595//2430 4597//2445 4474//2431
f 4474//2431 4597//2445 4475//2446
f 4475//2446 4597//2445 4599//2447
f 4475//2446 4599//2447 4476//2448
f 4476//2448 4599//2447 4601//2449
f 4476//2448 4601//2449 4477//2450
f 4477//2450 4601//2449 4479//2451
s 0
f 4570//6 4703//6 4682//6
f 4570//6 4682//6 4553//6
f 4568//6 4701//6 4703//6
f 4568//6 4703//6 4570//6
f 4566//6 4699//6 4701//6
f 4566//6 4701//6 4568//6
f 4598//5 4620//5 4622//5
f 4598//5 4622//5 4600//5
f 4551//6 4691//6 4693//6
f 4551//6 4693//6 4444//6
f 4469//2307 4739//2307 4741//2307
f 4469//2307 4741//2307 4603//2307
f 4564//6 4697//6 4699//6
f 4564//6 4699//6 4566//6
f 4547//6 4687//6 4689//6
f 4547//6 4689//6 4549//6
f 4545//6 4685//6 4687//6
f 4545//6 4687//6 4547//6
f 4541//2452 4681//2452 4661//2452
f 4541//2452 4661//2452 4544//2452
f 4506//2316 4612//2316 4640//2316
f 4506//2316 4640//2316 4508//2316
f 4539//2452 4679//2452 4681//2452
f 4539//2452 4681//2452 4541//2452
f 4578//2307 4731//2307 4733//2307
f 4578//2307 4733//2307 4580//2307
f 4584//2453 4721//2453 4723//2453
f 4584//2453 4723//2453 4586//2453
f 4582//2307 4735//2307 4739//2307
f 4582//2307 4739//2307 4469//2307
f 4533//2452 4669//2452 4673//2452
f 4533//2452 4673//2452 4435//2452
f 4516//2316 4652//2316 4654//2316
f 4516//2316 4654//2316 4518//2316
f 4605//2307 4743//2307 4745//2307
f 4605//2307 4745//2307 4607//2307
f 4607//2307 4745//2307 4747//2307
f 4607//2307 4747//2307 4609//2307
f 4590//2453 4727//2453 4706//2453
f 4590//2453 4706//2453 4573//2453
f 4524//2452 4637//2452 4663//2452
f 4524//2452 4663//2452 4527//2452
f 4557//2453 4709//2453 4711//2453
f 4557//2453 4711//2453 4559//2453
f 4498//5 4630//5 4632//5
f 4498//5 4632//5 4500//5
f 4561//2453 4713//2453 4715//2453
f 4561//2453 4715//2453 4563//2453
f 4563//2453 4715//2453 4719//2453
f 4563//2453 4719//2453 4457//2453
f 4491//2316 4650//2316 4652//2316
f 4491//2316 4652//2316 4516//2316
f 4549//6 4689//6 4691//6
f 4549//6 4691//6 4551//6
f 4510//2316 4642//2316 4644//2316
f 4510//2316 4644//2316 4512//2316
f 4588//2453 4725//2453 4727//2453
f 4588//2453 4727//2453 4590//2453
f 4609//2307 4747//2307 4615//2307
f 4609//2307 4615//2307 4593//2307
f 4555//2453 4684//2453 4709//2453
f 4555//2453 4709//2453 4557//2453
f 4594//5 4616//5 4618//5
f 4594//5 4618//5 4596//5
f 4596//5 4618//5 4620//5
f 4596//5 4620//5 4598//5
f 4535//2452 4675//2452 4677//2452
f 4535//2452 4677//2452 4537//2452
f 4514//2316 4646//2316 4650//2316
f 4514//2316 4650//2316 4491//2316
f 4600//5 4622//5 4624//5
f 4600//5 4624//5 4478//5
f 4496//5 4628//5 4630//5
f 4496//5 4630//5 4498//5
f 4586//2453 4723//2453 4725//2453
f 4586//2453 4725//2453 4588//2453
f 4576//2307 4729//2307 4731//2307
f 4576//2307 4731//2307 4578//2307
f 4502//5 4634//5 4610//5
f 4502//5 4610//5 4504//5
f 4574//2307 4707//2307 4729//2307
f 4574//2307 4729//2307 4576//2307
f 4500//5 4632//5 4634//5
f 4500//5 4634//5 4502//5
f 4529//2452 4665//2452 4667//2452
f 4529//2452 4667//2452 4531//2452
f 4580//2307 4733//2307 4735//2307
f 4580//2307 4735//2307 4582//2307
f 4478//5 4624//5 4628//5
f 4478//5 4628//5 4496//5
f 4537//2452 4677//2452 4679//2452
f 4537//2452 4679//2452 4539//2452
f 4522//2316 4658//2316 4638//2316
f 4522//2316 4638//2316 4525//2316
f 4542//6 4659//6 4685//6
f 4542//6 4685//6 4545//6
f 4527//2452 4663//2452 4665//2452
f 4527//2452 4665//2452 4529//2452
f 4512//2316 4644//2316 4646//2316
f 4512//2316 4646//2316 4514//2316
f 4444//6 4693//6 4697//6
f 4444//6 4697//6 4564//6
f 4457//2453 4719//2453 4721//2453
f 4457//2453 4721//2453 4584//2453
f 4531//2452 4667//2452 4669//2452
f 4531//2452 4669//2452 4533//2452
f 4559//2453 4711//2453 4713//2453
f 4559//2453 4713//2453 4561//2453
f 4520//2316 4656//2316 4658//2316
f 4520//2316 4658//2316 4522//2316
s 1
f 4737//2454 4749//2455 4740//2456
f 4740//2456 4749//2455 4751//2457
f 4740//2456 4751//2457 4742//2458
f 4742//2458 4751//2457 4753//2459
f 4742//2458 4753//2459 4744//2460
f 4744//2460 4753//2459 4755//2385
f 4744//2460 4755//2385 4746//2384
f 4484//2344 4503//2342 4507//2341
f 4484//2344 4507//2341 4485//2340
f 4746//2384 4617//2383 4614//2461
f 4617//2383 4757//2382 4619//2462
f 4619//2462 4757//2382 4759//2463
f 4619//2462 4759//2463 4621//2464
f 4621//2464 4759//2463 4761//2465
f 4621//2464 4761//2465 4623//2466
f 4623//2466 4761//2465 4763//2467
f 4623//2466 4763//2467 4626//2468
f 4611//2469 4773//2470 4639//2471
f 4639//2471 4773//2470 4641//2472
f 4641//2472 4773//2470 4775//2473
f 4641//2472 4775//2473 4643//2474
f 4643//2474 4775//2473 4777//2475
f 4643//2474 4777//2475 4645//2476
f 4645//2476 4777//2475 4779//2477
f 4645//2476 4779//2477 4648//2478
f 4635//2479 4633//2480 4771//2481
f 4771//2481 4633//2480 4769//2482
f 4769//2482 4633//2480 4631//2483
f 4769//2482 4631//2483 4767//2484
f 4767//2484 4631//2483 4629//2485
f 4767//2484 4629//2485 4765//2486
f 4765//2486 4629//2485 4627//2487
f 4635//2479 4771//2481 4773//2470
f 4635//2479 4773//2470 4611//2469
f 4636//2435 4789//2434 4662//2488
f 4662//2488 4789//2434 4664//2489
f 4664//2489 4789//2434 4791//2490
f 4664//2489 4791//2490 4666//2491
f 4666//2491 4791//2490 4793//2492
f 4666//2491 4793//2492 4668//2493
f 4668//2493 4793//2492 4795//2494
f 4668//2493 4795//2494 4672//2495
f 4657//2432 4655//2496 4787//2433
f 4787//2433 4655//2496 4785//2497
f 4785//2497 4655//2496 4653//2498
f 4785//2497 4653//2498 4783//2499
f 4783//2499 4653//2498 4651//2500
f 4783//2499 4651//2500 4781//2501
f 4781//2501 4651//2500 4649//2502
f 4473//2437 4608//2436 4592//2429
f 4473//2437 4592//2429 4474//2431
f 4660//2503 4805//2504 4686//2505
f 4686//2505 4805//2504 4688//2506
f 4688//2506 4805//2504 4807//2507
f 4688//2506 4807//2507 4690//2508
f 4690//2508 4807//2507 4809//2509
f 4690//2508 4809//2509 4692//2510
f 4692//2510 4809//2509 4811//2511
f 4692//2510 4811//2511 4696//2512
f 4680//2513 4678//2514 4803//2515
f 4803//2515 4678//2514 4801//2516
f 4801//2516 4678//2514 4676//2517
f 4801//2516 4676//2517 4799//2518
f 4799//2518 4676//2517 4674//2519
f 4799//2518 4674//2519 4797//2520
f 4797//2520 4674//2519 4671//2521
f 4683//2398 4704//2522 4819//2399
f 4803//2515 4805//2504 4660//2503
f 4803//2515 4660//2503 4680//2513
f 4708//2397 4821//2396 4710//2523
f 4710//2523 4821//2396 4823//2524
f 4710//2523 4823//2524 4712//2525
f 4712//2525 4823//2524 4825//2526
f 4712//2525 4825//2526 4714//2527
f 4714//2527 4825//2526 4827//2528
f 4714//2527 4827//2528 4717//2529
f 4704//2522 4702//2530 4819//2399
f 4819//2399 4702//2530 4817//2531
f 4817//2531 4702//2530 4700//2532
f 4817//2531 4700//2532 4815//2533
f 4815//2533 4700//2532 4698//2534
f 4815//2533 4698//2534 4813//2535
f 4813//2535 4698//2534 4695//2536
f 4718//2537 4829//2538 4720//2539
f 4720//2539 4829//2538 4831//2540
f 4720//2539 4831//2540 4722//2541
f 4722//2541 4831//2540 4833//2542
f 4722//2541 4833//2542 4724//2543
f 4724//2543 4833//2542 4835//2306
f 4724//2543 4835//2306 4726//2305
f 4439//2388 4540//2386 4546//2381
f 4439//2388 4546//2381 4440//2380
f 4726//2305 4728//2304 4705//2544
f 4728//2304 4837//2303 4730//2545
f 4730//2545 4837//2303 4839//2546
f 4730//2545 4839//2546 4732//2547
f 4732//2547 4839//2546 4841//2548
f 4732//2547 4841//2548 4734//2549
f 4734//2549 4841//2548 4843//2550
f 4734//2549 4843//2550 4738//2551
s 0
f 4762//1270 4914//1270 4917//1270
f 4762//1270 4917//1270 4625//1270
f 4934//1270 4936//1270 4782//1270
f 4934//1270 4782//1270 4780//1270
f 4936//1270 4938//1270 4784//1270
f 4936//1270 4784//1270 4782//1270
f 4820//1270 4876//1270 4878//1270
f 4820//1270 4878//1270 4822//1270
f 4836//1270 4834//1270 4892//1270
f 4938//1270 4844//1270 4786//1270
f 4938//1270 4786//1270 4784//1270
f 4766//1270 4920//1270 4922//1270
f 4766//1270 4922//1270 4768//1270
f 4792//1270 4848//1270 4850//1270
f 4792//1270 4850//1270 4794//1270
f 4932//1270 4934//1270 4780//1270
f 4932//1270 4780//1270 4647//1270
f 4670//1270 4852//1270 4854//1270
f 4670//1270 4854//1270 4796//1270
f 4764//1270 4918//1270 4920//1270
f 4764//1270 4920//1270 4766//1270
f 4790//1270 4846//1270 4848//1270
f 4790//1270 4848//1270 4792//1270
f 4800//1270 4858//1270 4860//1270
f 4800//1270 4860//1270 4802//1270
f 4876//1270 4820//1270 4818//1270
f 4860//1270 4862//1270 4806//1270
f 4860//1270 4806//1270 4804//1270
f 4862//1270 4864//1270 4808//1270
f 4862//1270 4808//1270 4806//1270
f 4828//1270 4886//1270 4888//1270
f 4828//1270 4888//1270 4830//1270
f 4866//1270 4869//1270 4694//1270
f 4866//1270 4694//1270 4810//1270
f 4826//1270 4882//1270 4884//1270
f 4826//1270 4884//1270 4716//1270
f 4870//1270 4872//1270 4814//1270
f 4870//1270 4814//1270 4812//1270
f 4756//1270 4908//1270 4910//1270
f 4756//1270 4910//1270 4758//1270
f 4804//1270 4802//1270 4860//1270
f 4822//1270 4878//1270 4880//1270
f 4822//1270 4880//1270 4824//1270
f 4824//1270 4880//1270 4882//1270
f 4824//1270 4882//1270 4826//1270
f 4900//1270 4902//1270 4748//1270
f 4900//1270 4748//1270 4736//1270
f 4716//1270 4884//1270 4886//1270
f 4716//1270 4886//1270 4828//1270
f 4928//1270 4930//1270 4778//1270
f 4928//1270 4778//1270 4776//1270
f 4830//1270 4888//1270 4890//1270
f 4830//1270 4890//1270 4832//1270
f 4832//1270 4890//1270 4892//1270
f 4832//1270 4892//1270 4834//1270
f 4844//1270 4788//1270 4786//1270
f 4892//1270 4894//1270 4838//1270
f 4892//1270 4838//1270 4836//1270
f 4926//1270 4928//1270 4776//1270
f 4926//1270 4776//1270 4774//1270
f 4898//1270 4900//1270 4736//1270
f 4898//1270 4736//1270 4842//1270
f 4902//1270 4904//1270 4750//1270
f 4902//1270 4750//1270 4748//1270
f 4904//1270 4906//1270 4752//1270
f 4904//1270 4752//1270 4750//1270
f 4906//1270 4908//1270 4754//1270
f 4906//1270 4754//1270 4752//1270
f 4772//1270 4770//1270 4924//1270
f 4924//1270 4926//1270 4774//1270
f 4924//1270 4774//1270 4772//1270
f 4758//1270 4910//1270 4912//1270
f 4758//1270 4912//1270 4760//1270
f 4760//1270 4912//1270 4914//1270
f 4760//1270 4914//1270 4762//1270
f 4869//1270 4870//1270 4812//1270
f 4869//1270 4812//1270 4694//1270
f 4625//1270 4917//1270 4918//1270
f 4625//1270 4918//1270 4764//1270
f 4896//1270 4898//1270 4842//1270
f 4896//1270 4842//1270 4840//1270
f 4894//1270 4896//1270 4840//1270
f 4894//1270 4840//1270 4838//1270
f 4768//1270 4922//1270 4924//1270
f 4768//1270 4924//1270 4770//1270
f 4908//1270 4756//1270 4754//1270
f 4788//1270 4844//1270 4846//1270
f 4788//1270 4846//1270 4790//1270
f 4872//1270 4874//1270 4816//1270
f 4872//1270 4816//1270 4814//1270
f 4796//1270 4854//1270 4856//1270
f 4796//1270 4856//1270 4798//1270
f 4930//1270 4932//1270 4647//1270
f 4930//1270 4647//1270 4778//1270
s 1
f 4975//2552 4977//1723 4881//1723
f 4975//2552 4881//1723 4879//2552
f 4957//2331 4959//2553 4863//2553
f 4957//2331 4863//2553 4861//2331
f 5012//5 5015//2291 4919//2291
f 5012//5 4919//2291 4916//5
f 4991//2554 4993//2555 4897//2555
f 4991//2554 4897//2555 4895//2554
f 5005//2193 5007//1719 4911//1719
f 5005//2193 4911//1719 4909//2193
f 4945//2321 4947//2556 4851//2556
f 4945//2321 4851//2556 4849//2321
f 5031//2557 5033//2294 4937//2294
f 5031//2557 4937//2294 4935//2557
f 4989//1528 4991//2554 4895//2554
f 4989//1528 4895//2554 4893//1528
f 4964//6 4967//2558 4871//2558
f 4964//6 4871//2558 4868//6
f 4973//2187 4975//2552 4879//2552
f 4973//2187 4879//2552 4877//2187
f 5036//2328 4988//2327 4986//2559
f 5036//2328 4986//2559 5080//2560
f 5078//2325 4982//2324 4980//2561
f 5078//2325 4980//2561 5077//2562
f 5030//2563 5028//2564 5055//2565
f 5030//2563 5055//2565 5056//2566
f 5010//2567 5008//2568 5045//2569
f 5010//2567 5045//2569 5046//2570
f 5073//2298 4970//2297 4968//2571
f 5073//2298 4968//2571 5072//2572
f 5002//2573 5000//2574 5042//2575
f 5002//2573 5042//2575 5043//2576
f 5076//2577 4978//2578 4976//2579
f 5076//2577 4976//2579 5075//2580
f 5062//2581 4948//2582 4946//2583
f 5062//2581 4946//2583 5061//2584
f 5070//2585 4965//2586 4962//2587
f 5070//2585 4962//2587 5069//2588
f 5026//2589 5024//2590 5053//2591
f 5026//2589 5053//2591 5054//2592
f 5068//2593 4960//2594 4958//2595
f 5068//2593 4958//2595 5067//2596
f 5066//2597 4956//2598 4954//2599
f 5066//2597 4954//2599 5065//2600
f 5020//2601 5018//2602 5050//2603
f 5020//2601 5050//2603 5051//2604
f 4992//2605 4990//2326 5037//2329
f 4992//2605 5037//2329 5038//2606
f 5069//2588 4962//2587 4960//2594
f 5069//2588 4960//2594 5068//2593
f 5014//2607 5013//2608 5047//2609
f 5014//2607 5047//2609 5048//2610
f 5077//2562 4980//2561 4978//2578
f 5077//2562 4978//2578 5076//2577
f 5061//2584 4946//2583 4944//2611
f 5061//2584 4944//2611 5060//2612
f 5034//2613 5058//2614 4940//2615
f 5004//2616 5002//2573 5043//2576
f 5004//2616 5043//2576 5044//2617
f 5034//2613 5032//2618 5057//2619
f 5034//2613 5057//2619 5058//2614
f 5072//2572 4968//2571 4966//2620
f 5072//2572 4966//2620 5071//2621
f 5071//2621 4966//2620 4965//2586
f 5071//2621 4965//2586 5070//2585
f 4996//2622 4994//2623 5039//2624
f 4996//2622 5039//2624 5040//2625
f 5016//2626 5014//2607 5048//2610
f 5016//2626 5048//2610 5049//2627
f 5018//2602 5016//2626 5049//2627
f 5018//2602 5049//2627 5050//2603
f 5022//2628 5020//2601 5051//2604
f 5022//2628 5051//2604 5052//2629
f 5080//2560 4986//2559 4984//2323
f 5080//2560 4984//2323 5079//2322
f 4994//2623 4992//2605 5038//2606
f 4994//2623 5038//2606 5039//2624
f 5063//2630 4950//2631 4948//2582
f 5063//2630 4948//2582 5062//2581
f 5060//2612 4944//2611 4942//2632
f 5060//2612 4942//2632 5059//2633
f 5059//2633 4942//2632 4940//2615
f 5059//2633 4940//2615 5058//2614
f 4972//2296 5074//2295 4974//2634
f 5008//2568 5006//2635 5044//2617
f 5008//2568 5044//2617 5045//2569
f 5032//2618 5030//2563 5056//2566
f 5032//2618 5056//2566 5057//2619
f 5013//2608 5010//2567 5046//2570
f 5013//2608 5046//2570 5047//2609
f 5064//2636 4952//2637 4950//2631
f 5064//2636 4950//2631 5063//2630
f 5024//2590 5022//2628 5052//2629
f 5024//2590 5052//2629 5053//2591
f 5067//2596 4958//2595 4956//2598
f 5067//2596 4956//2598 5066//2597
f 5006//2635 5004//2616 5044//2617
f 4961//2638 4963//2639 4867//2639
f 4961//2638 4867//2639 4865//2638
f 4947//2556 4949//2452 4853//2452
f 4947//2556 4853//2452 4851//2556
f 4977//1723 4979//2640 4883//2640
f 4977//1723 4883//2640 4881//1723
f 4963//2639 4964//6 4868//6
f 4963//2639 4868//6 4867//2639
f 4993//2555 4995//1515 4899//1515
f 4993//2555 4899//1515 4897//2555
f 4979//2640 4981//2453 4885//2453
f 4979//2640 4885//2453 4883//2640
f 4949//2452 4951//2641 4855//2641
f 4949//2452 4855//2641 4853//2452
f 4981//2453 4983//1724 4887//1724
f 4981//2453 4887//1724 4885//2453
f 4959//2553 4961//2638 4865//2638
f 4959//2553 4865//2638 4863//2553
f 5029//2316 5031//2557 4935//2557
f 5029//2316 4935//2557 4933//2316
f 5007//1719 5009//2642 4913//2642
f 5007//1719 4913//2642 4911//1719
f 5023//2290 5025//2319 4929//2319
f 5023//2290 4929//2319 4927//2290
f 4951//2641 4953//2643 4857//2643
f 4951//2641 4857//2643 4855//2641
f 5001//1514 5003//2332 4907//2332
f 5001//1514 4907//2332 4905//1514
f 4971//1783 4973//2187 4877//2187
f 4971//1783 4877//2187 4875//1783
f 4953//2643 4955//2330 4859//2330
f 4953//2643 4859//2330 4857//2643
f 4969//2644 4971//1783 4875//1783
f 4969//2644 4875//1783 4873//2644
f 4997//2307 4999//2312 4903//2312
f 4997//2307 4903//2312 4901//2307
f 4995//1515 4997//2307 4901//2307
f 4995//1515 4901//2307 4899//1515
f 4941//1502 4943//2320 4847//2320
f 4941//1502 4847//2320 4845//1502
s 0
f 4874//1270 4876//1270 4818//1270
f 4874//1270 4818//1270 4816//1270
s 1
f 5028//2564 5026//2589 5054//2592
f 5028//2564 5054//2592 5055//2565
f 5075//2580 4976//2579 4974//2634
f 5075//2580 4974//2634 5074//2295
f 4998//2645 4996//2622 5040//2625
f 4998//2645 5040//2625 5041//2646
f 5000//2574 4998//2645 5041//2646
f 5000//2574 5041//2646 5042//2575
f 4967//2558 4969//2644 4873//2644
f 4967//2558 4873//2644 4871//2558
f 5009//2642 5011//2313 4915//2313
f 5009//2642 4915//2313 4913//2642
f 5019//2314 5021//2289 4925//2289
f 5019//2314 4925//2289 4923//2314
f 4983//1724 4985//2317 4889//2317
f 4983//1724 4889//2317 4887//1724
f 5065//2600 4954//2599 4952//2637
f 5065//2600 4952//2637 5064//2636
s 0
f 4435//2452 4673//2452 4675//2452
f 4435//2452 4675//2452 4535//2452
s 1
f 4428//2311 4589//2310 4572//2647
f 4428//2311 4572//2647 4575//2365
s 0
f 5167//1270 5168//1270 5124//1270
f 5167//1270 5124//1270 5123//1270
f 5158//1270 5159//1270 5115//1270
f 5158//1270 5115//1270 5114//1270
f 5088//1270 5133//1270 5134//1270
f 5088//1270 5134//1270 5089//1270
f 5166//1270 5167//1270 5123//1270
f 5166//1270 5123//1270 5122//1270
f 5082//1270 5127//1270 5128//1270
f 5082//1270 5128//1270 5083//1270
f 5087//1270 5132//1270 5133//1270
f 5087//1270 5133//1270 5088//1270
f 5086//1270 5131//1270 5132//1270
f 5086//1270 5132//1270 5087//1270
f 5090//1270 5135//1270 5136//1270
f 5090//1270 5136//1270 5091//1270
f 5081//1270 5126//1270 5127//1270
f 5081//1270 5127//1270 5082//1270
f 5083//1270 5128//1270 5129//1270
f 5083//1270 5129//1270 5084//1270
f 5084//1270 5129//1270 5130//1270
f 5084//1270 5130//1270 5085//1270
f 5091//1270 5136//1270 5137//1270
f 5091//1270 5137//1270 5092//1270
f 5092//1270 5137//1270 5138//1270
f 5092//1270 5138//1270 5093//1270
f 5114//1270 5113//1270 5157//1270
f 5114//1270 5157//1270 5158//1270
f 5113//1270 5112//1270 5156//1270
f 5113//1270 5156//1270 5157//1270
f 5112//1270 5111//1270 5155//1270
f 5112//1270 5155//1270 5156//1270
f 5111//1270 5110//1270 5154//1270
f 5111//1270 5154//1270 5155//1270
f 5110//1270 5109//1270 5153//1270
f 5110//1270 5153//1270 5154//1270
f 5109//1270 5108//1270 5152//1270
f 5109//1270 5152//1270 5153//1270
f 5108//1270 5107//1270 5151//1270
f 5108//1270 5151//1270 5152//1270
f 5107//1270 5106//1270 5150//1270
f 5107//1270 5150//1270 5151//1270
f 5106//1270 5105//1270 5150//1270
f 5150//1270 5105//1270 5149//1270
f 5149//1270 5105//1270 5104//1270
f 5149//1270 5104//1270 5148//1270
f 5148//1270 5104//1270 5103//1270
f 5148//1270 5103//1270 5147//1270
f 5147//1270 5103//1270 5102//1270
f 5147//1270 5102//1270 5146//1270
f 5146//1270 5102//1270 5101//1270
f 5146//2182 5101//2182 5100//2182
f 5146//1270 5100//1270 5145//1270
f 5145//1270 5100//1270 5099//1270
f 5145//1270 5099//1270 5144//1270
f 5144//1270 5099//1270 5098//1270
f 5144//1270 5098//1270 5143//1270
f 5143//1270 5098//1270 5097//1270
f 5143//1270 5097//1270 5142//1270
f 5142//1270 5097//1270 5096//1270
f 5142//1270 5096//1270 5141//1270
f 5141//1270 5096//1270 5095//1270
f 5141//1270 5095//1270 5140//1270
f 5140//1270 5095//1270 5094//1270
f 5140//1270 5094//1270 5139//1270
f 5139//1270 5094//1270 5093//1270
f 5139//1270 5093//1270 5138//1270
f 5160//1270 5161//1270 5117//1270
f 5160//1270 5117//1270 5116//1270
f 5161//1270 5162//1270 5118//1270
f 5161//1270 5118//1270 5117//1270
f 5162//1270 5163//1270 5119//1270
f 5162//1270 5119//1270 5118//1270
f 5163//1270 5164//1270 5120//1270
f 5163//1270 5120//1270 5119//1270
f 5164//1270 5165//1270 5121//1270
f 5164//1270 5121//1270 5120//1270
f 5165//1270 5166//1270 5122//1270
f 5165//1270 5122//1270 5121//1270
f 5168//1270 5169//1270 5125//1270
f 5168//1270 5125//1270 5124//1270
f 5159//1270 5160//1270 5116//1270
f 5159//1270 5116//1270 5115//1270
f 5089//1270 5134//1270 5135//1270
f 5089//1270 5135//1270 5090//1270
f 5085//1270 5130//1270 5131//1270
f 5085//1270 5131//1270 5086//1270
f 5169//1270 5126//1270 5081//1270
f 5169//1270 5081//1270 5125//1270
s 1
usemtl Material.006
f 5260//2648 5259//2649 5411//2649
f 5260//2648 5411//2649 5412//2648
f 5296//2650 5295//2651 5447//2651
f 5296//2650 5447//2651 5448//2650
f 5294//2652 5293//2653 5445//2653
f 5294//2652 5445//2653 5446//2652
f 5192//2654 5191//2655 5343//2655
f 5192//2654 5343//2655 5344//2654
f 5200//2656 5199//2657 5351//2657
f 5200//2656 5351//2657 5352//2656
f 5255//2658 5254//2659 5406//2659
f 5255//2658 5406//2659 5407//2658
f 5320//2660 5319//2661 5471//2661
f 5320//2660 5471//2661 5472//2662
f 5198//2663 5197//2664 5349//2664
f 5198//2663 5349//2664 5350//2663
f 5248//2665 5247//2666 5399//2666
f 5248//2665 5399//2666 5400//2665
f 5208//2667 5207//2668 5359//2668
f 5208//2667 5359//2668 5360//2667
f 5278//2669 5277//2670 5429//2670
f 5278//2669 5429//2670 5430//2669
f 5256//2671 5255//2658 5407//2658
f 5256//2671 5407//2658 5408//2671
f 5230//2672 5229//2673 5381//2673
f 5230//2672 5381//2673 5382//2672
f 5216//2674 5215//2675 5367//2675
f 5216//2674 5367//2675 5368//2674
f 5257//2676 5256//2671 5408//2671
f 5257//2676 5408//2671 5409//2676
f 5186//2677 5185//2678 5337//2678
f 5186//2677 5337//2678 5338//2677
f 5244//2679 5243//2680 5395//2680
f 5244//2679 5395//2680 5396//2681
f 5270//2682 5269//2683 5421//2683
f 5270//2682 5421//2683 5422//2682
f 5304//2684 5303//2685 5455//2685
f 5304//2684 5455//2685 5456//2684
f 5222//2686 5221//2687 5373//2687
f 5222//2686 5373//2687 5374//2686
f 5206//2688 5205//2689 5357//2689
f 5206//2688 5357//2689 5358//2688
f 5195//2690 5194//2691 5346//2691
f 5195//2690 5346//2691 5347//2690
f 5235//2692 5234//2693 5386//2693
f 5235//2692 5386//2693 5387//2692
f 5306//2694 5305//2695 5457//2695
f 5306//2694 5457//2695 5458//2694
f 5314//2696 5313//2697 5465//2697
f 5314//2696 5465//2697 5466//2696
f 5226//2698 5225//2699 5377//2699
f 5226//2698 5377//2699 5378//2698
f 5183//2700 5182//2701 5334//2701
f 5183//2700 5334//2701 5335//2700
f 5300//2702 5299//2703 5451//2703
f 5300//2702 5451//2703 5452//2702
f 5219//2704 5218//2705 5370//2705
f 5219//2704 5370//2705 5371//2704
f 5295//2651 5294//2652 5446//2652
f 5295//2651 5446//2652 5447//2651
f 5212//2706 5211//2707 5363//2707
f 5212//2706 5363//2707 5364//2706
f 5179//2708 5178//2709 5330//2709
f 5179//2708 5330//2709 5331//2708
f 5213//2710 5212//2706 5364//2706
f 5213//2710 5364//2706 5365//2710
f 5199//2657 5198//2663 5350//2663
f 5199//2657 5350//2663 5351//2657
f 5264//2711 5263//2712 5415//2712
f 5264//2711 5415//2712 5416//2711
f 5217//2713 5216//2674 5368//2674
f 5217//2713 5368//2674 5369//2713
f 5227//2714 5226//2698 5378//2698
f 5227//2714 5378//2698 5379//2714
f 5231//2715 5230//2672 5382//2672
f 5231//2715 5382//2672 5383//2715
f 5241//2716 5240//2717 5392//2717
f 5241//2716 5392//2717 5393//2716
f 5291//2718 5290//2719 5442//2719
f 5291//2718 5442//2719 5443//2718
f 5197//2664 5196//2720 5348//2720
f 5197//2664 5348//2720 5349//2664
f 5271//2721 5270//2682 5422//2682
f 5271//2721 5422//2682 5423//2721
f 5280//2722 5279//2723 5431//2723
f 5280//2722 5431//2723 5432//2722
f 5201//2724 5200//2656 5352//2656
f 5201//2724 5352//2656 5353//2724
f 5250//2725 5249//2726 5401//2726
f 5250//2725 5401//2726 5402//2725
f 5203//2727 5202//2728 5354//2728
f 5203//2727 5354//2728 5355//2727
f 5174//2729 5173//2730 5325//2730
f 5174//2729 5325//2730 5326//2729
f 5191//2655 5190//2731 5342//2731
f 5191//2655 5342//2731 5343//2655
f 5184//2732 5183//2700 5335//2700
f 5184//2732 5335//2700 5336//2732
f 5209//2733 5208//2667 5360//2667
f 5209//2733 5360//2667 5361//2733
f 5211//2707 5210//2734 5362//2734
f 5211//2707 5362//2734 5363//2707
f 5253//2735 5252//2736 5404//2736
f 5253//2735 5404//2736 5405//2735
f 5176//2737 5175//2738 5327//2738
f 5176//2737 5327//2738 5328//2737
f 5193//2739 5192//2654 5344//2654
f 5193//2739 5344//2654 5345//2739
f 5251//2740 5250//2725 5402//2725
f 5251//2740 5402//2725 5403//2740
f 5265//2741 5264//2711 5416//2711
f 5265//2741 5416//2711 5417//2741
f 5187//2742 5186//2677 5338//2677
f 5187//2742 5338//2677 5339//2742
f 5196//2720 5195//2690 5347//2690
f 5196//2720 5347//2690 5348//2720
f 5266//2743 5265//2741 5417//2741
f 5266//2743 5417//2741 5418//2743
f 5171//2744 5170//2745 5322//2745
f 5171//2744 5322//2745 5323//2744
f 5318//2746 5317//2747 5469//2747
f 5318//2746 5469//2747 5470//2746
f 5225//2699 5224//2748 5376//2748
f 5225//2699 5376//2748 5377//2699
f 5283//2749 5282//2750 5434//2750
f 5283//2749 5434//2750 5435//2749
f 5310//2751 5309//2752 5461//2752
f 5310//2751 5461//2752 5462//2751
f 5247//2666 5246//2753 5398//2753
f 5247//2666 5398//2753 5399//2666
f 5240//2717 5239//2754 5391//2754
f 5240//2717 5391//2754 5392//2717
f 5185//2678 5184//2732 5336//2732
f 5185//2678 5336//2732 5337//2678
f 5234//2693 5233//2755 5385//2755
f 5234//2693 5385//2755 5386//2693
f 5252//2736 5251//2740 5403//2740
f 5252//2736 5403//2740 5404//2736
f 5205//2689 5204//2756 5356//2756
f 5205//2689 5356//2756 5357//2689
f 5254//2659 5253//2735 5405//2735
f 5254//2659 5405//2735 5406//2659
f 5232//2757 5231//2715 5383//2715
f 5232//2757 5383//2715 5384//2757
f 5289//2758 5288//2759 5440//2759
f 5289//2758 5440//2759 5441//2758
f 5267//2760 5266//2743 5418//2743
f 5267//2760 5418//2743 5419//2760
f 5261//2761 5260//2648 5412//2648
f 5261//2761 5412//2648 5413//2761
f 5303//2685 5302//2762 5454//2762
f 5303//2685 5454//2762 5455//2685
f 5224//2748 5223//2763 5375//2763
f 5224//2748 5375//2763 5376//2748
f 5258//2764 5257//2676 5409//2676
f 5258//2764 5409//2676 5410//2764
f 5221//2687 5220//2765 5372//2765
f 5221//2687 5372//2765 5373//2687
f 5214//2766 5213//2710 5365//2710
f 5214//2766 5365//2710 5366//2766
f 5321//2767 5320//2660 5472//2662
f 5321//2767 5472//2662 5473//2767
f 5292//2768 5291//2718 5443//2718
f 5292//2768 5443//2718 5444//2768
f 5259//2649 5258//2764 5410//2764
f 5259//2649 5410//2764 5411//2649
f 5243//2680 5242//2769 5394//2769
f 5243//2680 5394//2769 5395//2680
f 5204//2756 5203//2727 5355//2727
f 5204//2756 5355//2727 5356//2756
f 5298//2770 5297//2771 5449//2771
f 5298//2770 5449//2771 5450//2770
f 5275//2772 5274//2773 5426//2773
f 5275//2772 5426//2773 5427//2772
f 5237//2774 5236//2775 5388//2775
f 5237//2774 5388//2775 5389//2774
f 5290//2719 5289//2758 5441//2758
f 5290//2719 5441//2758 5442//2719
f 5288//2759 5287//2776 5439//2776
f 5288//2759 5439//2776 5440//2759
f 5285//2777 5284//2778 5436//2778
f 5285//2777 5436//2778 5437//2777
f 5286//2779 5285//2777 5437//2777
f 5286//2779 5437//2777 5438//2779
f 5301//2780 5300//2702 5452//2702
f 5301//2780 5452//2702 5453//2780
f 5311//2781 5310//2751 5462//2751
f 5311//2781 5462//2751 5463//2781
f 5313//2697 5312//2782 5464//2782
f 5313//2697 5464//2782 5465//2697
f 5269//2683 5268//2783 5420//2783
f 5269//2683 5420//2783 5421//2683
f 5180//2784 5179//2708 5331//2708
f 5180//2784 5331//2708 5332//2784
f 5190//2731 5189//2785 5341//2785
f 5190//2731 5341//2785 5342//2731
f 5305//2695 5304//2684 5456//2684
f 5305//2695 5456//2684 5457//2695
f 5282//2750 5281//2786 5433//2786
f 5282//2750 5433//2786 5434//2750
f 5315//2787 5314//2696 5466//2696
f 5315//2787 5466//2696 5467//2787
f 5228//2788 5227//2714 5379//2714
f 5228//2788 5379//2714 5380//2788
f 5202//2728 5201//2724 5353//2724
f 5202//2728 5353//2724 5354//2728
f 5220//2765 5219//2704 5371//2704
f 5220//2765 5371//2704 5372//2765
f 5245//2789 5244//2679 5396//2681
f 5245//2789 5396//2681 5397//2789
f 5262//2790 5261//2761 5413//2761
f 5262//2790 5413//2761 5414//2790
f 5308//119 5307//2791 5459//2791
f 5308//119 5459//2791 5460//119
f 5181//2792 5180//2784 5332//2784
f 5181//2792 5332//2784 5333//2792
f 5287//2776 5286//2779 5438//2779
f 5287//2776 5438//2779 5439//2776
f 5175//2738 5174//2729 5326//2729
f 5175//2738 5326//2729 5327//2738
f 5249//2726 5248//2665 5400//2665
f 5249//2726 5400//2665 5401//2726
f 5223//2763 5222//2686 5374//2686
f 5223//2763 5374//2686 5375//2763
f 5309//2752 5308//119 5460//119
f 5309//2752 5460//119 5461//2752
f 5273//2793 5272//2794 5424//2794
f 5273//2793 5424//2794 5425//2793
f 5172//2795 5171//2744 5323//2744
f 5172//2795 5323//2744 5324//2795
f 5215//2675 5214//2766 5366//2766
f 5215//2675 5366//2766 5367//2675
f 5277//2670 5276//2796 5428//2796
f 5277//2670 5428//2796 5429//2670
f 5242//2769 5241//2716 5393//2716
f 5242//2769 5393//2716 5394//2769
f 5177//2797 5176//2737 5328//2737
f 5177//2797 5328//2737 5329//2797
f 5238//2798 5237//2774 5389//2774
f 5238//2798 5389//2774 5390//2798
f 5284//2778 5283//2749 5435//2749
f 5284//2778 5435//2749 5436//2778
f 5210//2734 5209//2733 5361//2733
f 5210//2734 5361//2733 5362//2734
f 5233//2755 5232//2757 5384//2757
f 5233//2755 5384//2757 5385//2755
f 5246//2753 5245//2789 5397//2789
f 5246//2753 5397//2789 5398//2753
f 5207//2668 5206//2688 5358//2688
f 5207//2668 5358//2688 5359//2668
f 5218//2705 5217//2713 5369//2713
f 5218//2705 5369//2713 5370//2705
f 5239//2754 5238//2798 5390//2798
f 5239//2754 5390//2798 5391//2754
f 5182//2701 5181//2792 5333//2792
f 5182//2701 5333//2792 5334//2701
f 5170//2745 5321//2767 5473//2767
f 5170//2745 5473//2767 5322//2745
f 5312//2782 5311//2781 5463//2781
f 5312//2782 5463//2781 5464//2782
f 5297//2771 5296//2650 5448//2650
f 5297//2771 5448//2650 5449//2771
f 5268//2783 5267//2760 5419//2760
f 5268//2783 5419//2760 5420//2783
f 5293//2653 5292//2768 5444//2768
f 5293//2653 5444//2768 5445//2653
f 5189//2785 5188//2799 5340//2799
f 5189//2785 5340//2799 5341//2785
f 5279//2723 5278//2669 5430//2669
f 5279//2723 5430//2669 5431//2723
f 5188//2799 5187//2742 5339//2742
f 5188//2799 5339//2742 5340//2799
f 5307//2791 5306//2694 5458//2694
f 5307//2791 5458//2694 5459//2791
f 5319//2661 5318//2746 5470//2746
f 5319//2661 5470//2746 5471//2661
f 5299//2703 5298//2770 5450//2770
f 5299//2703 5450//2770 5451//2703
f 5194//2691 5193//2739 5345//2739
f 5194//2691 5345//2739 5346//2691
f 5317//2747 5316//2800 5468//2800
f 5317//2747 5468//2800 5469//2747
f 5316//2800 5315//2787 5467//2787
f 5316//2800 5467//2787 5468//2800
f 5302//2762 5301//2780 5453//2780
f 5302//2762 5453//2780 5454//2762
f 5173//2730 5172//2795 5324//2795
f 5173//2730 5324//2795 5325//2730
f 5178//2709 5177//2797 5329//2797
f 5178//2709 5329//2797 5330//2709
f 5263//2712 5262//2790 5414//2790
f 5263//2712 5414//2790 5415//2712
f 5229//2673 5228//2788 5380//2788
f 5229//2673 5380//2788 5381//2673
f 5281//2786 5280//2722 5432//2722
f 5281//2786 5432//2722 5433//2786
f 5236//2775 5235//2692 5387//2692
f 5236//2775 5387//2692 5388//2775
f 5274//2773 5273//2793 5425//2793
f 5274//2773 5425//2793 5426//2773
f 5272//2794 5271//2721 5423//2721
f 5272//2794 5423//2721 5424//2794
f 5276//2796 5275//2772 5427//2772
f 5276//2796 5427//2772 5428//2796
